,train,dev,ratio
fra,1443.0,153.0,0.10602910602910603
spa,5122.0,506.0,0.0987895353377587
eng,4012.0,339.0,0.08449651046859422
por,2405.0,166.0,0.06902286902286903
tha,418.0,47.0,0.11244019138755981
deu,606.0,61.0,0.10066006600660066
msa,964.0,98.0,0.1016597510373444
ara,611.0,65.0,0.10638297872340426
crosslingual,4587.0,385.0,0.08393285371702638
