,eng,fra,deu,por,spa,tha,msa,ara,avg
1,0.528023598820059,0.8104575163398693,0.4098360655737705,0.5481927710843374,0.6699604743083004,0.7659574468085106,0.7040816326530612,0.6,0.6295636881984885
3,0.7669616519174042,0.8888888888888888,0.6721311475409836,0.8253012048192772,0.849802371541502,0.9574468085106383,0.8877551020408163,0.8153846153846154,0.8329589738305156
5,0.8377581120943953,0.9019607843137255,0.7540983606557377,0.8795180722891566,0.883399209486166,0.9787234042553191,0.9489795918367347,0.8769230769230769,0.882670076481789
10,0.8938053097345132,0.9215686274509803,0.8032786885245902,0.9036144578313253,0.9189723320158103,1.0,0.9693877551020408,0.8923076923076924,0.9128668578708691
