language,1,3,,5,10
fra,0.288000,0.51000,0.58200,0.706000
spa,0.202000,0.34800,0.42300,0.591000
eng,0.147000,0.30400,0.39200,0.566000
por,0.120000,0.24100,0.32500,0.458000
tha,0.213000,0.40400,0.51100,0.638000
deu,0.197000,0.36100,0.45900,0.574000
msa,0.061000,0.15300,0.21400,0.316000
ara,0.277000,0.56900,0.69200,0.738000
average,0.188125,0.36125,0.44975,0.573375