language,1,3,5,10
fra,0.412,0.529,0.569,0.654
spa,0.419,0.617,0.668,0.719
eng,0.195,0.369,0.454,0.578
por,0.313,0.47,0.524,0.572
tha,0.383,0.511,0.511,0.617
deu,0.082,0.262,0.328,0.393
msa,0.194,0.367,0.439,0.592
ara,0.4,0.631,0.677,0.723
average,0.29975,0.46950000000000003,0.52125,0.606
