,eng,avg
1,0.38441558441558443,0.38441558441558443
3,0.5636363636363636,0.5636363636363636
5,0.6571428571428571,0.6571428571428571
10,0.7402597402597403,0.7402597402597403
