epoch,steps,Accuracy
0,-1,0.9769696969696969
1,-1,0.9842424242424243
2,-1,0.983030303030303
3,-1,0.9842424242424243
4,-1,0.9854545454545455
5,-1,0.9854545454545455
6,-1,0.9854545454545455
7,-1,0.9854545454545455
8,-1,0.9854545454545455
9,-1,0.9854545454545455
