ft_cosine_claim_reviewed,ft_cosine_claim_summary,ft_cosine_claim_meta_desc,ft_token_overlap,ft_shared_named_entities,ft_has_negation,ft_has_negation_reviewed,ft_keyword_overlap_kb,ft_keyword_overlap_meta,ft_domain_match,ft_lang_match,ft_has_image,ft_has_video,ft_text_len_summary,ft_text_len_meta,ft_title_match_ratio,ft_contr_nli_claim_reviewed,ft_contr_nli_claim_summary,ft_contr_nli_claim_meta_desc,similarity
0.961126983165741,0.8664976358413696,0.8574053049087524,0.3749997656251465,0,0,0,0,0,1,1,1,0,139,46,0.8928571428571429,4.306336e-05,0.007725428,0.99968886,1
0.9193500876426697,0.8402476906776428,0.8083896636962891,0.30769207100609924,0,0,0,0,0,1,1,1,0,108,16,0.4657534246575342,3.0286748e-05,5.4277592e-05,0.047550227,1
0.9283206462860107,0.8532201051712036,0.8608142137527466,0.1818180991735913,0,0,1,0,0,1,0,1,0,118,56,0.4936708860759494,1.5388237e-05,0.0030004634,0.017027484,1
0.8700112700462341,0.8490334749221802,0.8691524267196655,0.04545452479339782,0,0,0,0,0,1,0,1,0,96,20,0.3857142857142857,9.4309675e-05,9.292953e-05,2.331127e-05,1
0.8993855714797974,0.8330953121185303,0.8534068465232849,0.04166664930556279,0,0,0,0,0,1,0,1,0,95,50,0.5411764705882354,6.2222557e-06,0.00055312103,0.003367023,1
0.9344326257705688,0.8744950294494629,0.8817114233970642,0.36842085872586383,0,0,0,0,0,1,1,1,0,80,51,0.5454545454545454,1.1882008e-05,0.00047030812,0.00047762468,1
0.9090848565101624,0.8803248405456543,0.8950682282447815,0.32142845663269404,0,0,0,0,0,1,1,1,0,114,51,0.55,0.0003944465,0.00030383494,0.000138477,1
0.8793405890464783,0.8294868469238281,0.8367851376533508,0.0799999680000128,2,0,0,0,0,1,0,1,0,62,55,0.5378151260504201,0.001223432,0.00039877085,0.00019922318,0
0.8653229475021362,0.807046115398407,0.8396757245063782,0.043478241965981754,1,0,0,0,0,1,0,1,0,95,52,0.4651162790697675,0.9285486,0.0014198199,0.00013122856,0
0.8916563987731934,0.8115630149841309,0.8789576888084412,0.14285707482996438,2,0,0,0,0,1,0,1,1,68,24,0.496124031007752,0.00101001,0.0013723349,0.99102694,0
0.8878603577613831,0.8085347414016724,0.7948331832885742,0.11764702422146345,2,0,0,0,0,1,0,1,0,85,16,0.496124031007752,2.4231958e-05,0.99321836,0.9991891,1
0.9762820601463318,0.8912641406059265,0.9378352761268616,0.42857112244919826,1,0,0,0,0,1,1,1,0,89,24,0.6376811594202898,0.6175028,0.98442644,0.00060719455,1
0.8167772889137268,0.7528759241104126,0.7545745372772217,0.19999986666675557,1,0,0,0,0,1,0,1,0,98,24,0.6019417475728155,5.2462703e-05,0.000336276,0.0023193387,0
0.8672217130661011,0.8355188369750977,0.849133312702179,0.0,0,1,0,0,0,1,0,1,0,98,25,0.475,1.1337232e-05,0.030378098,0.0073967525,1
0.8917338252067566,0.8544353246688843,0.8657710552215576,0.24999989583337673,0,1,0,0,0,1,1,1,0,84,37,0.5899280575539568,0.00012436789,0.039193116,0.9996506,0
0.8487780690193176,0.8094829320907593,0.8424493670463562,0.0,0,1,0,0,0,1,0,1,0,109,16,0.40944881889763785,0.0002597569,0.000630308,0.023003222,1
0.8735333681106567,0.7995421886444092,0.847976803779602,0.0270270197224271,0,1,1,0,0,1,0,1,0,121,33,0.39473684210526316,0.00013301986,1.4541648e-05,0.000757559,1
0.9146919846534729,0.8902559280395508,0.8775147795677185,0.30769207100609924,0,0,0,0,0,1,1,1,0,63,40,0.6881720430107527,6.4259846e-05,0.99660444,0.027698787,0
0.9348787069320679,0.8952826857566833,0.9052561521530151,0.18749988281257324,0,0,0,1,0,1,1,1,0,102,53,0.6590909090909092,9.794598e-05,0.0038656679,0.01177835,1
0.9027959704399109,0.8932068347930908,0.905316174030304,0.11111108024692215,0,0,1,0,0,1,1,1,0,118,52,0.6597938144329896,0.999977,0.006241438,0.015503733,1
0.902949869632721,0.8669768571853638,0.0,0.38461508875762407,0,0,0,1,0,1,1,1,0,79,1,0.62,0.00014681532,0.5482173,0.879836,0
0.9315141439437866,0.8993675708770752,0.9083707928657532,0.2222220987655007,0,0,0,0,0,1,1,1,1,96,26,0.6,0.00054072257,0.004658483,0.47008374,1
0.8002583384513855,0.7787498831748962,0.0,0.0,0,0,0,0,0,1,0,1,0,70,1,0.18000000000000005,0.098828636,0.17301187,0.879836,0
0.9321843385696411,0.8955419659614563,0.9186661243438721,0.23529397923883574,0,0,0,0,0,1,1,0,0,119,22,0.6666666666666667,0.0009992347,0.0012534691,0.9999647,0
0.7994409203529358,0.7560984492301941,0.0,0.0,0,0,0,0,0,1,0,1,0,84,1,0.16000000000000003,0.9901293,0.012102857,0.879836,0
0.8971610069274902,0.8312497735023499,0.8289092779159546,0.07692301775152481,0,0,0,0,0,1,1,0,0,109,19,0.46464646464646464,0.5034901,0.0022011658,0.012008838,0
0.8618835210800171,0.8394357562065125,0.7824777364730835,0.08333326388894677,0,0,0,0,0,1,0,1,0,78,29,0.38095238095238093,0.9919458,0.001986324,0.024135705,0
0.8666912317276001,0.8372862935066223,0.8399113416671753,0.11764698961941787,0,0,0,0,0,1,1,1,0,84,48,0.5777777777777777,0.9732859,0.0008686898,0.07307113,0
0.8863662481307983,0.8739258646965027,0.8820254802703857,0.23529397923883574,0,0,0,1,0,1,1,0,0,81,23,0.5507246376811594,0.00025302093,0.0014063062,0.88547635,0
0.8334046006202698,0.7806366086006165,0.0,0.0,0,0,0,0,0,1,0,1,0,74,1,0.18181818181818177,0.003015351,0.0030257632,0.879836,0
0.9532222151756287,0.8776583075523376,0.9061881303787231,0.35714260204099857,0,0,0,0,0,1,1,1,0,97,49,0.64,2.4864736e-05,0.0005222402,0.00076441246,1
0.9233937859535217,0.859797477722168,0.8800439834594727,0.4166663194447338,0,0,0,1,0,1,1,1,0,88,22,0.5507246376811594,0.00014489792,0.00025967645,0.00019124062,0
0.9076534509658813,0.8694466948509216,0.8766998648643494,0.3333331111112593,0,0,0,0,0,1,1,1,0,106,53,0.5507246376811594,0.0009625922,0.013258755,4.3496657e-05,0
0.9155047535896301,0.8663334846496582,0.0,0.21052620498620792,0,0,1,0,0,1,1,1,0,133,1,0.627906976744186,0.9944977,0.030298198,0.879836,0
0.9155047535896301,0.8669971823692322,0.0,0.21052620498620792,0,0,1,0,0,1,1,1,0,124,1,0.627906976744186,0.9944977,9.796577e-05,0.879836,0
0.8856995701789856,0.859470546245575,0.8835469484329224,0.24999979166684028,0,0,1,0,0,1,1,1,0,115,18,0.6785714285714286,0.9999124,5.3256714e-05,0.00092047185,0
0.9010120630264282,0.8676021099090576,0.8696261048316956,0.19999990000005,0,0,0,1,0,1,1,1,0,101,57,0.6582278481012658,0.99545753,0.00037562722,0.98671305,0
0.9045460224151611,0.8448985815048218,0.0,0.2380951247166073,0,0,0,0,0,1,1,1,0,120,1,0.6097560975609756,0.0024680793,0.99246323,0.879836,0
0.8718330264091492,0.8471536636352539,0.8936580419540405,0.1599999360000256,0,0,1,0,0,1,1,0,0,79,26,0.5263157894736843,0.0006286792,0.0017278516,0.048221257,0
0.8957659602165222,0.838017463684082,0.8620659708976746,0.03571427295918823,0,1,1,0,0,1,0,1,0,97,20,0.46875,0.00016872103,0.9857757,0.0002265574,1
0.8993351459503174,0.8735422492027283,0.8772501349449158,0.30434769376187226,1,1,0,0,0,1,1,1,0,125,53,0.453125,0.030751212,0.00047849715,5.139344e-05,1
0.9117132425308228,0.9005940556526184,0.0,0.3888886728396262,1,1,0,0,0,1,1,1,0,98,1,0.6875,0.021279695,0.00014984873,0.2700112,1
0.8822199702262878,0.8897979259490967,0.8839401006698608,0.3461537130178027,1,1,0,0,0,1,1,0,0,105,25,0.5833333333333333,0.99984753,0.00041775405,6.144189e-05,1
0.7776657938957214,0.825652539730072,0.8310278654098511,0.0,0,1,0,0,0,1,1,1,0,88,44,0.584070796460177,0.00011352448,9.591362e-05,0.96073747,0
0.8589091897010803,0.8320561051368713,0.7680508494377136,0.0799999680000128,1,1,0,0,0,1,0,1,0,86,1,0.6902654867256637,0.0002989401,0.0027113066,0.13473354,1
0.8531359434127808,0.8470395803451538,0.849097490310669,0.07407404663924198,1,1,0,0,0,1,0,1,0,96,53,0.4552845528455285,0.9843705,0.0005550844,0.00014682706,1
0.8060904145240784,0.7781157493591309,0.7953301072120667,0.07692304733728948,1,1,0,0,0,1,0,1,0,92,21,0.453125,0.004699663,4.961468e-05,0.00011132918,0
0.800877034664154,0.7676769495010376,0.8074584007263184,0.033333322222225924,1,1,1,0,0,1,0,1,0,105,27,0.4132231404958677,0.00093047455,0.99387723,0.00017268102,0
0.791169285774231,0.7411599159240723,0.7597113847732544,0.09090904958679565,1,1,0,0,0,1,0,1,0,98,15,0.4,0.9969162,0.99576545,0.9999205,0
0.9047013521194458,0.859837532043457,0.817207932472229,0.49999964285739795,0,1,0,1,0,1,1,1,0,86,27,0.8367346938775511,0.9991177,9.991862e-05,2.2215652e-05,1
0.7897258996963501,0.8152620792388916,0.8302571177482605,0.17241373365043666,0,1,0,0,0,1,1,1,0,77,25,0.6097560975609756,0.4101485,0.005129266,0.13492557,0
0.8734220862388611,0.8684157133102417,0.0,0.2222220987655007,0,1,0,0,0,1,1,1,0,91,1,0.5869565217391304,0.9967127,0.00045781326,0.27282572,1
0.8785775899887085,0.8264594674110413,0.8297796249389648,0.46153810650914884,0,1,0,0,0,1,1,1,0,86,57,0.6326530612244898,0.00016146616,0.9729815,0.99958795,0
0.8773611187934875,0.8413610458374023,0.8566863536834717,0.31818167355378474,0,1,0,0,0,1,1,0,0,99,25,0.5510204081632653,0.9994849,0.0013482284,0.00032555914,1
0.7723524570465088,0.763287365436554,0.7796434164047241,0.055555540123461075,0,1,0,0,0,1,0,0,0,114,1,0.5052631578947369,0.9850523,0.005086995,0.06074369,0
0.7575137615203857,0.7727999091148376,0.7542489767074585,0.0,0,1,0,0,0,1,0,1,1,122,22,0.39583333333333337,0.43264198,5.40815e-05,0.017851278,0
0.8316168189048767,0.811944842338562,0.8499025106430054,0.30769207100609924,0,1,0,0,0,1,1,1,0,98,58,0.673913043478261,0.98841685,0.005926326,0.012598776,0
0.9373337626457214,0.8667428493499756,0.8635891079902649,0.8181810743808415,1,1,0,1,0,1,1,1,0,86,57,1.0,0.9624615,0.0012878714,0.00019890422,1
0.9068953394889832,0.8951601982116699,0.9129845499992371,0.36842085872586383,1,1,0,1,0,1,1,0,0,86,25,0.68,0.998216,0.00013630197,3.284973e-05,1
0.9193663001060486,0.8718070387840271,0.0,0.5384611242606736,1,1,0,0,0,1,1,1,0,86,1,0.9,0.93767744,0.0002938135,0.057740863,1
0.7996943593025208,0.8353371024131775,0.8487940430641174,0.16666661111112963,1,1,0,0,0,1,1,1,0,77,25,0.6216216216216216,0.020872803,0.00091727945,0.0009196319,0
0.8764610290527344,0.8501620292663574,0.8446282148361206,0.46666635555576297,1,1,0,0,0,1,1,1,0,86,27,0.6190476190476191,0.00812926,0.0005319375,1.534574e-05,0
0.8371342420578003,0.8079735040664673,0.8066900968551636,0.09523804988664292,0,1,0,0,0,1,0,1,1,107,36,0.5833333333333333,0.053380787,3.4690354e-05,0.99896455,0
0.8252435326576233,0.8384169936180115,0.8301190733909607,0.2272726239669891,1,1,0,0,0,1,1,1,0,78,35,0.5,0.0016751045,0.0616285,0.00025672076,0
0.8216237425804138,0.8369366526603699,0.8367273807525635,0.2916665451389395,1,1,0,0,0,1,1,0,0,89,24,0.5952380952380952,0.019356959,8.663938e-05,0.53120464,0
0.8479777574539185,0.8224537968635559,0.8456733226776123,0.38461508875762407,0,1,0,0,0,1,1,1,0,98,58,0.72,0.98871636,0.00026372971,0.00018994306,0
0.909984827041626,0.8561266660690308,0.8482053875923157,0.35714260204099857,0,0,0,0,0,1,1,1,0,86,57,0.5416666666666667,4.6109963e-05,0.08643015,0.9999424,1
0.8196366429328918,0.8130582571029663,0.8303881287574768,0.21428563775512938,0,0,0,0,0,1,1,1,0,77,25,0.5625,0.9790567,0.0011296668,0.89401186,0
0.8864367604255676,0.8559930920600891,0.8627969622612,0.31578930747931183,0,0,0,0,0,1,1,0,0,86,25,0.5416666666666667,2.683178e-05,0.0009339231,0.9998783,1
0.8254236578941345,0.8090410828590393,0.8044434785842896,0.11111104938275035,0,0,0,0,0,1,1,1,1,90,35,0.5,0.6723732,0.5517429,0.032410514,0
0.8235226273536682,0.7807090282440186,0.8098153471946716,0.04761902494332146,0,0,0,0,0,1,0,1,1,107,36,0.47916666666666663,0.9966355,3.427727e-05,0.9994641,0
0.8928744196891785,0.8203023672103882,0.0,0.35714260204099857,0,0,0,0,0,1,1,1,0,86,1,0.5416666666666667,0.00014517554,0.00033960465,0.14449234,1
0.8414601683616638,0.8118400573730469,0.810856819152832,0.0,0,0,0,0,0,1,0,1,0,104,20,0.375,0.0037668278,0.0006479554,0.0031039554,0
0.9491301774978638,0.9028441905975342,0.915710985660553,0.523809274376536,1,1,0,0,0,1,1,1,0,78,35,1.0,0.99826705,0.0032153134,0.00019887314,1
0.879240095615387,0.8967032432556152,0.9147331118583679,0.2121211478420764,1,1,0,0,0,1,1,1,0,77,25,0.5714285714285714,0.9997093,0.00035981493,0.9127096,1
0.8340359926223755,0.8405400514602661,0.8644923567771912,0.08333329861112558,0,1,0,0,0,1,0,1,1,96,55,0.4864864864864865,0.9996799,0.003788109,0.0009455165,1
0.8407992720603943,0.818932056427002,0.8297481536865234,0.08695648393196351,0,1,0,0,0,1,0,1,0,89,24,0.3875968992248062,0.9999387,0.00022144291,0.0010052028,1
0.8750828504562378,0.8756185173988342,0.8836326599121094,0.20833324652781396,1,1,0,0,0,1,1,1,1,104,51,0.5954198473282443,0.9999565,0.0014317723,0.0002661255,1
0.8393282294273376,0.8140704035758972,0.8436904549598694,0.21052620498620792,0,1,0,0,0,1,1,1,0,98,58,0.5045045045045045,0.9962554,0.0004231719,0.0006847732,0
0.8331548571586609,0.8345256447792053,0.0,0.16666659722225116,1,1,0,0,0,1,1,1,0,91,1,0.48,0.0004269733,0.0001650422,0.14670967,0
0.8377198576927185,0.8229642510414124,0.8219963908195496,0.24999987500006252,1,1,0,0,0,1,1,1,0,86,57,0.5774647887323944,0.0007144329,0.0030150262,0.00048151275,0
0.8361550569534302,0.8268138766288757,0.7743821144104004,0.08695648393196351,0,1,0,0,0,1,0,1,0,74,18,0.39682539682539686,0.9999788,0.0002279976,0.0022274428,1
0.8655456900596619,0.8531011939048767,0.8562209010124207,0.0399999840000064,0,1,0,0,0,1,0,1,1,90,46,0.45390070921985815,0.99986935,0.0003560536,0.00063569046,1
0.8661568760871887,0.8719438910484314,0.7744759917259216,0.03225805411030513,0,1,0,0,0,1,0,1,0,82,18,0.07594936708860756,0.9667468,1.610795e-05,0.1513856,1
0.857884407043457,0.7825759649276733,0.0,0.08333329861112558,0,1,0,0,0,1,0,1,1,5,1,0.4,0.9999745,0.1731999,0.14670967,1
0.9181637763977051,0.8148704767227173,0.8391616344451904,0.11764698961941787,0,0,0,0,0,1,0,1,1,90,46,0.62,0.00014787623,0.00028844803,0.00021982097,1
0.9105518460273743,0.8295111656188965,0.0,0.06249996093752441,0,0,0,0,0,1,0,1,1,64,1,0.5,8.808306e-05,7.080519e-05,0.18110806,1
0.9069281220436096,0.8458440899848938,0.8800520896911621,0.3199998720000512,1,0,0,0,0,1,1,1,0,77,25,0.82,7.51073e-05,0.006947143,0.9988242,1
0.8773581981658936,0.813122570514679,0.0,0.06249996093752441,0,0,0,0,0,1,0,1,1,82,1,0.4,0.00027729914,0.00016872205,0.18110806,1
0.9045512676239014,0.8458327054977417,0.8615248799324036,0.2222220987655007,1,0,0,0,0,1,1,1,1,104,51,0.7835051546391754,0.00018221299,0.015889764,0.00017234104,1
0.8917547464370728,0.8113240599632263,0.8423526883125305,0.11764698961941787,0,0,0,0,0,1,0,1,1,96,55,0.52,0.9915149,0.115749896,0.010866122,1
0.9445881247520447,0.8359336853027344,0.820416271686554,0.46153810650914884,0,0,0,0,0,1,1,1,1,90,35,0.625,2.6057352e-05,0.9954112,0.011332531,1
0.8831747770309448,0.8244887590408325,0.7660303711891174,0.05263155124655198,0,0,0,0,0,1,0,1,0,101,27,0.5052631578947369,0.00035509455,0.0022659497,0.9960258,1
0.8773233294487,0.8120089173316956,0.8592986464500427,0.0499999750000125,0,0,0,0,0,1,0,1,0,85,18,0.35,0.009691554,0.00033226155,3.444815e-05,1
0.8773233294487,0.816425621509552,0.7359094619750977,0.0499999750000125,0,0,0,0,0,1,0,1,0,85,30,0.4200000000000001,0.009691554,0.0015227038,0.00066090026,1
0.8811595439910889,0.7707757353782654,0.8010520339012146,0.11111104938275035,0,0,0,0,0,1,0,1,0,103,25,0.43999999999999995,0.0010019429,0.0074770073,0.9998714,1
0.8922328948974609,0.7630125880241394,0.8213850855827332,0.05263155124655198,0,0,0,0,0,1,0,1,0,101,28,0.40816326530612246,0.060857818,8.894734e-05,0.99839467,1
0.8613172173500061,0.7912500500679016,0.7912307977676392,0.2857140816327988,1,0,0,0,0,1,1,1,0,86,57,0.6,0.0018793949,0.8969402,0.9963826,0
0.9018997550010681,0.7380103468894958,0.0,0.055555524691375174,0,0,0,0,0,1,0,1,1,5,1,0.52,0.000107681764,0.1419677,0.18110806,1
0.8900957703590393,0.7937183976173401,0.8162339329719543,0.055555524691375174,0,0,0,0,0,1,0,1,0,92,58,0.4329896907216495,9.8780736e-05,0.0039203856,0.98540306,1
0.869878351688385,0.8020104169845581,0.8096156120300293,0.30769207100609924,0,0,0,0,0,1,1,1,0,78,54,0.4948453608247423,0.9993529,0.003949691,0.0007560995,0
0.8577206134796143,0.7964432239532471,0.7649677395820618,0.058823494809708936,0,0,0,0,0,1,0,1,0,74,18,0.4772727272727273,0.9985519,0.022360103,0.0009866866,1
0.8892570734024048,0.8090559244155884,0.0,0.05263155124655198,0,0,0,0,0,1,0,1,0,96,1,0.525,0.9967643,0.00018059732,0.18110806,1
0.8268032670021057,0.7599883079528809,0.7825201153755188,0.058823494809708936,0,0,0,0,0,1,0,1,0,102,49,0.4,0.99996305,0.9963223,0.0013173171,1
0.8846733570098877,0.796556830406189,0.0,0.0999999000001,0,0,0,0,0,1,0,1,0,108,1,0.4666666666666666,0.9493573,0.93255144,0.024569128,1
0.8911929130554199,0.8382579684257507,0.8325139284133911,0.3636360330581518,1,0,0,0,0,1,1,1,0,86,57,0.7,0.00014480407,0.9920087,0.99918824,0
0.8383498191833496,0.7928420901298523,0.0,0.0,0,0,0,0,0,1,0,0,0,61,1,0.36363636363636365,0.016807389,0.0146008935,0.024569128,0
0.8705576658248901,0.8480185866355896,0.8357154726982117,0.08333326388894677,0,0,0,0,0,1,1,1,0,88,44,0.7234042553191489,0.9775938,0.00031572196,0.42321548,1
0.8929762840270996,0.8289801478385925,0.8495581150054932,0.44444395061783265,0,0,0,0,0,1,1,1,0,98,58,0.7,0.983082,0.0042465976,0.00040767383,0
0.888713002204895,0.8497568964958191,0.8525426387786865,0.2666664888890074,0,0,0,1,0,1,1,1,0,90,23,0.7924528301886792,0.0010094091,0.00015683674,0.047712356,0
0.93574059009552,0.9210392236709595,0.9381117224693298,0.31249980468762206,2,0,0,1,0,1,1,0,0,105,25,1.0,0.8881162,0.00013331974,0.0018482006,1
0.9520407915115356,0.9184616804122925,0.8589890599250793,0.42857112244919826,1,0,0,0,0,1,1,1,0,90,21,0.7241379310344827,0.00027289614,0.00014058308,0.00070431764,1
0.8598238229751587,0.9108678102493286,0.9159235954284668,0.058823494809708936,1,0,0,0,0,1,1,1,1,99,44,0.9272727272727272,0.99798065,0.00042382538,0.9995846,1
0.824557363986969,0.8559760451316833,0.8595972657203674,0.1818180991735913,1,0,0,0,0,1,1,0,0,89,21,0.5111111111111111,0.9998287,6.248927e-05,0.0066395234,0
0.9918966889381409,0.8876238465309143,0.8297191262245178,0.8181810743808415,1,0,0,0,0,1,1,1,0,90,21,0.5918367346938775,0.0014560166,0.00029590816,0.0037959218,1
0.9322054386138916,0.8920178413391113,0.9060966372489929,0.39999973333351113,2,0,0,2,0,1,1,0,0,105,25,0.7021276595744681,0.9998578,0.0002543489,0.99726534,1
0.8732643127441406,0.8893188834190369,0.8944731950759888,0.12499992187504883,1,0,0,0,0,1,1,1,1,99,44,0.6486486486486487,0.8033594,0.0031696942,0.9997389,1
0.8374231457710266,0.8261556029319763,0.8455547094345093,0.17857136479594116,1,0,0,1,0,1,1,1,0,92,21,0.5614035087719298,0.9997168,0.008566084,0.98941994,0
0.8696904182434082,0.8226863741874695,0.7878110408782959,0.21428556122459913,0,0,0,0,0,1,1,1,0,101,20,0.49122807017543857,0.59046394,0.6028123,0.000107288484,0
0.8360067009925842,0.8278211355209351,0.8410969376564026,0.1818180991735913,1,0,0,1,0,1,1,0,0,89,21,0.5217391304347826,0.9998491,0.00020139966,0.010232561,0
0.8684074878692627,0.8060988187789917,0.0,0.35714260204099857,1,0,0,1,0,1,1,1,0,72,1,0.6226415094339622,0.0058933543,0.0015320119,0.0820997,0
0.8622106909751892,0.8146453499794006,0.7837490439414978,0.31249980468762206,1,0,0,0,0,1,1,0,0,72,21,0.5945945945945945,0.9948323,0.011107436,0.094601706,0
0.8374994993209839,0.8272150158882141,0.0,0.19999990000005,0,0,0,0,0,1,1,1,0,84,1,0.4835164835164834,0.9961326,0.00047940205,0.0820997,0
0.9345218539237976,0.8557474613189697,0.7852140069007874,0.5833328472226273,1,0,0,0,0,1,1,1,0,101,20,0.6666666666666667,0.00018081487,0.014442061,0.00026161966,1
0.8812769055366516,0.8633784055709839,0.8790119290351868,0.29629618655696793,2,0,0,1,0,1,1,1,0,92,21,0.7244094488188977,0.94806445,0.015272307,0.05355097,1
0.9105861783027649,0.8315348029136658,0.8219685554504395,0.5714281632655976,1,0,0,0,0,1,1,1,0,90,21,0.5454545454545454,0.0027403936,0.0001910136,0.0011065279,0
0.8871572017669678,0.8682326078414917,0.8957348465919495,0.27272714876038695,2,0,0,1,0,1,1,0,0,89,21,0.7209302325581395,0.97153544,0.00047264455,0.0064524137,1
0.8737432956695557,0.8290026187896729,0.8494400382041931,0.27777762345687584,1,0,0,2,0,1,1,0,0,105,25,0.5681818181818181,0.9989465,0.00019365981,0.9962584,0
0.8663284778594971,0.8355839252471924,0.8408296704292297,0.1764704844291268,1,0,0,0,0,1,1,1,1,99,44,0.5950413223140496,0.5378691,0.002656896,0.99989486,0
0.7627512216567993,0.7329897284507751,0.7622474431991577,0.03703702331962099,0,0,0,0,0,1,0,1,1,83,20,0.44859813084112155,0.00045899136,0.002115493,0.22367738,0
0.8599384427070618,0.8025296926498413,0.0,0.31249980468762206,1,0,0,1,0,1,1,1,0,72,1,0.5964912280701755,0.00047405943,0.0016241594,0.15659435,0
0.9431764483451843,0.855128824710846,0.820703387260437,0.5999994000006,1,0,0,0,0,1,1,1,0,101,20,0.7766990291262136,7.6909026e-05,0.0066672144,0.0005317561,1
0.8974583745002747,0.8751142024993896,0.9134616851806641,0.23076914201186846,2,0,0,1,0,1,1,1,0,92,21,0.6599999999999998,0.00010236259,0.0056740525,0.040692035,1
0.9187090396881104,0.8717831969261169,0.8952512145042419,0.31578930747931183,2,0,0,1,0,1,1,0,0,89,21,0.7391304347826086,4.284515e-05,0.00019803835,0.0042453595,1
0.8682510256767273,0.8236051797866821,0.8365231156349182,0.19047609977328583,1,0,0,1,0,1,1,1,1,106,25,0.5048543689320388,0.9999075,0.99309206,0.9910193,0
0.8437261581420898,0.8083956837654114,0.812332808971405,0.1333332444445037,1,0,0,0,0,1,1,1,1,99,44,0.5471698113207547,0.9982698,0.00090042775,0.99983835,0
0.8072794675827026,0.7510677576065063,0.7821006774902344,0.04545452479339782,0,0,0,0,0,1,0,1,0,93,24,0.4716981132075472,0.0020462319,0.00029738597,0.02549908,0
0.8553935885429382,0.8036280870437622,0.807393491268158,0.2666664888890074,1,0,0,0,0,1,1,1,0,90,21,0.6041666666666667,0.01402349,0.00016295281,0.0011165478,0
0.9670603275299072,0.929853618144989,0.0,0.7499993750005208,1,1,0,1,0,1,1,1,0,72,1,1.0,0.98965377,5.2394054e-05,0.0067153024,1
0.9505479335784912,0.9130730628967285,0.8245519399642944,0.4374997265626709,1,1,0,0,0,1,1,0,0,72,21,0.6666666666666667,0.99203473,0.00051480444,5.2337487e-05,1
0.8228101134300232,0.8203012943267822,0.8442312479019165,0.1290322164412205,1,1,0,1,0,1,1,1,0,92,21,0.5555555555555556,0.054827284,0.00035708077,0.050190397,0
0.8501340746879578,0.8152620196342468,0.8047134280204773,0.18749988281257324,0,1,0,0,0,1,1,1,0,101,20,0.47787610619469023,0.003827396,0.00080248393,1.8690405e-05,0
0.8122431635856628,0.8260610699653625,0.0,0.1499999250000375,1,1,0,1,0,1,1,1,0,66,1,0.5714285714285714,0.9168566,0.0001136049,0.0067153024,0
0.856989860534668,0.826958417892456,0.8147327899932861,0.29411747404854466,1,1,0,0,0,1,1,1,0,90,21,0.5714285714285714,0.026410963,8.5283e-05,0.00010715898,0
0.7243169546127319,0.6967245936393738,0.7257617712020874,0.0,0,1,0,0,0,1,0,1,0,87,46,0.4,0.033578902,3.868135e-05,0.00024132791,0
0.7517737746238708,0.7460411190986633,0.7969907522201538,0.0,0,1,0,0,0,1,0,1,1,87,19,0.47916666666666663,0.9999583,0.0014457055,0.97477865,0
0.7909310460090637,0.7832885980606079,0.7926000356674194,0.04761902494332146,0,1,0,0,0,1,0,1,0,70,53,0.42201834862385323,0.005789302,0.01819113,0.0011172506,0
0.7749173045158386,0.7411541938781738,0.7563802003860474,0.0799999680000128,0,1,0,0,0,1,0,1,0,90,30,0.4403669724770643,0.9981869,2.3429322e-05,0.0004535454,0
0.734014093875885,0.7533421516418457,0.746062695980072,0.0,0,1,0,0,0,1,0,0,0,105,42,0.4074074074074075,0.9978235,0.00012332996,0.00012368389,0
0.9780455231666565,0.8975324630737305,0.0,0.6999993000007,0,0,0,1,0,1,1,1,0,72,1,0.6304347826086957,6.886536e-05,0.98896897,0.24197417,1
0.9601912498474121,0.8888049125671387,0.8343620896339417,0.46153810650914884,0,0,0,0,0,1,1,0,0,72,21,0.5714285714285714,3.38711e-05,0.9974776,0.00012798261,1
0.7789901494979858,0.726297914981842,0.7966883778572083,0.0,0,0,0,0,0,1,0,0,0,104,5,0.25,0.9880265,0.012084326,0.9484849,0
0.7900328040122986,0.7491617202758789,0.7966883778572083,0.0,0,0,0,0,0,1,0,0,0,43,5,0.25,0.99964297,0.48029342,0.9484849,0
0.7776041030883789,0.730387806892395,0.7966883778572083,0.0,0,0,0,0,0,1,0,0,0,59,5,0.25,0.9990096,0.0012635572,0.9484849,0
0.8275774121284485,0.7728865146636963,0.7849741578102112,0.12499992187504883,0,0,0,0,0,1,1,1,0,91,21,0.5714285714285714,0.026293805,0.0020587712,0.0065142196,0
0.8375697135925293,0.7934982776641846,0.8012287616729736,0.06249996093752441,0,0,0,0,0,1,0,1,0,121,18,0.4057971014492754,0.9999584,0.0046024052,0.029988172,0
0.9281359314918518,0.8431342244148254,0.8601188063621521,0.49999972222237654,0,0,0,0,0,1,1,1,1,137,55,0.7432432432432432,0.0022657933,0.0009472101,0.00010636105,1
0.9064176678657532,0.8551018834114075,0.8812317252159119,0.3999998000001,0,0,0,0,0,1,1,1,1,106,25,0.6621621621621621,8.2551385e-05,0.9964999,0.99921715,1
0.9081606268882751,0.8317798972129822,0.8428942561149597,0.33333314814825105,0,0,0,0,0,1,1,1,0,74,54,0.5655172413793104,0.0059553324,0.98457587,0.05359324,0
0.917016863822937,0.8437876105308533,0.0,0.299999850000075,0,0,0,0,0,1,1,1,0,86,1,0.6351351351351351,0.9678437,0.0810754,0.10678614,0
0.9168224334716797,0.8404473066329956,0.0,0.36842085872586383,0,0,0,0,0,1,1,1,0,79,1,0.7702702702702703,0.99179804,0.0003713392,0.10678614,0
0.8873192071914673,0.8066989779472351,0.8214244246482849,0.3888886728396262,0,0,0,0,0,1,1,0,0,68,19,0.5540540540540541,0.9994843,0.9948049,0.9999442,0
0.8873192071914673,0.8022044897079468,0.8214244246482849,0.3888886728396262,0,0,0,0,0,1,1,0,0,73,19,0.5540540540540541,0.9994843,0.86599314,0.9999442,0
0.9110474586486816,0.8178260922431946,0.0,0.3999998000001,0,0,0,0,0,1,1,1,1,104,1,0.7432432432432432,0.9996604,0.0050734594,0.10678614,0
0.8112801909446716,0.7726072669029236,0.8020861744880676,0.0,0,0,0,0,0,1,0,1,0,93,55,0.4444444444444444,0.36700994,0.0020915824,0.025357801,0
0.8926627039909363,0.8224216103553772,0.0,0.27777762345687584,0,0,0,0,0,1,1,1,0,66,1,0.6351351351351351,0.0065749576,0.0004057552,0.10678614,0
0.804878830909729,0.7591099143028259,0.7622373700141907,0.0,0,0,0,0,0,1,0,1,0,108,49,0.4324324324324324,0.8593491,3.786351e-05,7.101873e-05,0
0.7755110859870911,0.7382906079292297,0.7627565264701843,0.0,0,0,0,0,0,1,0,1,0,99,26,0.3931623931623932,0.99872416,0.00015559478,0.99740714,0
0.8531983494758606,0.77447509765625,0.7984074950218201,0.18749988281257324,0,0,0,0,0,1,1,1,0,101,20,0.4603174603174603,0.33968082,0.006696487,0.00025027015,0
0.8912215232849121,0.8438843488693237,0.8537200093269348,0.21052620498620792,0,0,0,0,0,1,1,1,1,137,55,0.7083333333333333,0.0008274999,0.0013500536,0.00091173017,1
0.7969684600830078,0.7488751411437988,0.0,0.0,0,0,1,0,0,1,0,1,0,97,1,0.42500000000000004,0.99993575,0.000191707,0.16857292,0
0.876688539981842,0.8506538271903992,0.0,0.2222220987655007,0,0,0,0,0,1,1,1,0,86,1,0.5833333333333333,0.9731093,0.013573107,0.16857292,0
0.8429815769195557,0.8077893853187561,0.8265345692634583,0.11111104938275035,0,0,0,0,0,1,1,0,0,63,23,0.5625,0.99996054,0.00072058226,0.9996804,0
0.8806789517402649,0.8344699740409851,0.847303032875061,0.24999984375009765,0,0,0,0,0,1,1,1,0,74,54,0.5376344086021505,0.95137435,0.9979505,0.009673721,0
0.8447347283363342,0.793967068195343,0.825380265712738,0.1499999250000375,0,0,0,0,0,1,1,0,0,76,50,0.45833333333333337,0.0010577244,7.7959085e-05,0.005741186,0
0.8990920782089233,0.8485768437385559,0.0,0.2222220987655007,0,0,0,0,0,1,1,1,0,79,1,0.6666666666666667,0.010881347,0.017906498,0.16857292,0
0.7968811988830566,0.7849425673484802,0.7978384494781494,0.0,0,0,0,0,0,1,0,1,0,97,27,0.4318181818181818,0.003512857,6.932878e-05,0.00042136048,0
0.9052300453186035,0.9082499742507935,0.8726723790168762,0.5714281632655976,0,1,0,0,0,1,1,1,0,91,21,1.0,0.9856593,0.00020932946,0.000717331,1
0.9164966344833374,0.8666916489601135,0.8556421995162964,0.19047609977328583,0,1,0,0,0,1,1,1,0,131,52,0.6896551724137931,0.00013386415,0.0010397003,0.00016253792,1
0.8521684408187866,0.8482590913772583,0.8527883887290955,0.07142854591837645,0,1,0,0,0,1,1,0,0,114,28,0.5818181818181818,0.79751927,0.0023539907,0.0010748294,0
0.9227859377861023,0.8321241736412048,0.849117636680603,0.19047609977328583,0,1,1,0,0,1,1,0,0,100,49,0.584070796460177,0.9981324,0.00019601875,0.9995921,0
0.830109715461731,0.8388124704360962,0.830109715461731,0.039999992000001594,0,1,0,0,0,1,0,1,0,108,45,0.5205479452054795,0.0005180982,0.0009820965,0.0005180982,1
0.8885561227798462,0.8393449187278748,0.8337835669517517,0.2222220987655007,0,1,0,0,0,1,1,1,0,149,30,0.5352112676056338,0.9999602,0.00599726,0.028784705,1
0.8932567834854126,0.876983642578125,0.0,0.09677416233091538,0,1,1,0,0,1,1,1,1,146,1,0.5068493150684932,0.99969816,0.00039100225,0.00076396985,1
0.8932567834854126,0.8757913708686829,0.0,0.09677416233091538,0,1,1,0,0,1,1,1,1,133,1,0.5068493150684932,0.99969816,0.016365195,0.00076396985,1
0.8944191336631775,0.8803471922874451,0.8682631254196167,0.20833324652781396,0,1,1,0,0,1,1,0,0,104,26,0.734375,0.7146323,0.001333372,5.9250193e-05,1
0.907995343208313,0.7732579112052917,0.8490305542945862,0.1764704844291268,0,0,1,0,0,1,1,0,0,100,49,0.5142857142857142,8.234595e-05,0.00044648713,0.0008646384,1
0.9137524962425232,0.8306645154953003,0.8317981958389282,0.4166663194447338,0,0,0,0,0,1,1,1,0,91,21,0.7428571428571429,0.00022468498,0.04307669,0.9371692,1
0.8241673707962036,0.7711427211761475,0.7850037813186646,0.0,0,0,0,0,0,1,0,1,0,126,21,0.4285714285714286,0.9997491,0.00025942625,0.00044001194,0
0.7890393733978271,0.7219657897949219,0.7243691086769104,0.0,0,0,0,0,0,1,0,1,0,120,24,0.4,0.22119121,0.0036946826,0.0029134743,0
0.8284740447998047,0.7554647326469421,0.8133676052093506,0.0,0,0,0,0,0,1,0,1,0,94,1,0.4285714285714286,0.9977018,0.8976397,0.04394912,0
0.8223822116851807,0.7767088413238525,0.7994833588600159,0.0,0,0,0,0,0,1,0,1,0,73,20,0.37142857142857144,0.614247,5.508585e-05,0.0275807,0
0.803852379322052,0.7946037650108337,0.7993297576904297,0.0,0,0,0,0,0,1,0,1,0,86,13,0.44067796610169496,0.0023173965,0.010663594,0.017205225,0
0.8066513538360596,0.7992414236068726,0.7749156355857849,0.0,0,0,0,0,0,1,0,1,0,95,8,0.4,0.9837511,0.00022040556,3.6071604e-05,0
0.8085085153579712,0.7993859648704529,0.0,0.0,0,0,0,0,0,1,0,1,0,72,1,0.2222222222222222,0.91355926,2.8908424e-05,0.016098209,0
0.8877496719360352,0.807965874671936,0.7962020039558411,0.09090904958679565,0,0,1,0,0,1,1,1,0,92,18,0.575,0.9924252,0.00078533654,0.9569065,1
0.9392712116241455,0.8499146103858948,0.7979075312614441,0.30769207100609924,0,0,0,0,0,1,1,1,0,105,19,0.725,1.7518898e-05,0.0004446323,0.0012938938,1
0.864714503288269,0.8377171158790588,0.8473568558692932,0.11111104938275035,0,0,0,0,0,1,1,1,0,78,23,0.5714285714285714,0.0031519104,0.0018166199,0.99847096,1
0.8733850121498108,0.7902905344963074,0.7727561593055725,0.0,0,0,0,0,0,1,0,1,0,89,45,0.44999999999999996,0.00014971489,9.5514064e-05,0.00015652826,1
0.8754134178161621,0.8078900575637817,0.7995586395263672,0.13636357438019348,0,0,0,0,0,1,1,1,0,153,21,0.4,0.0024757574,0.0049239974,0.9930894,0
0.8754134178161621,0.8056131601333618,0.8221878409385681,0.13636357438019348,0,0,0,0,0,1,1,0,0,97,21,0.475,0.0024757574,0.00016147367,0.99401927,0
0.8535019159317017,0.8290883302688599,0.8393576145172119,0.1818180991735913,0,0,0,1,0,1,1,1,0,115,22,0.65,0.0024219109,0.012708629,0.0015486664,0
0.866625189781189,0.8250116109848022,0.8425341844558716,0.2631577562327599,0,0,1,0,0,1,1,1,0,105,52,0.6764705882352942,0.0053190673,0.0003552537,0.0009777367,1
0.8211824297904968,0.7646198868751526,0.7957476377487183,0.0714285204081997,0,0,0,0,0,1,0,1,0,88,22,0.44999999999999996,0.003011608,2.5723593e-05,0.0004527993,0
0.8505709767341614,0.7876067757606506,0.8017811179161072,0.15789465373965592,0,0,1,0,0,1,1,1,1,100,27,0.625,0.9996314,0.0067111542,0.0015198984,0
0.8668667674064636,0.7974138259887695,0.8229609131813049,0.18749988281257324,0,0,0,1,0,1,1,1,0,117,18,0.7058823529411764,0.9969187,0.24772844,0.00041284275,0
0.8577301502227783,0.7683990001678467,0.7844491600990295,0.0,0,0,0,0,0,1,0,1,0,83,28,0.3768115942028986,0.0129321115,0.0014244127,0.00027722475,1
0.8550412654876709,0.8088993430137634,0.8165265321731567,0.18749988281257324,0,0,0,1,0,1,1,1,0,156,53,0.625,0.99989724,0.0031547938,0.0014432602,0
0.8416936993598938,0.7616194486618042,0.806171178817749,0.0,0,0,1,0,0,1,0,1,0,98,49,0.4444444444444444,0.9991159,0.00038741552,0.000826422,1
0.8099267482757568,0.7712270021438599,0.0,0.0,0,0,1,0,0,1,0,1,0,91,1,0.4307692307692308,0.0005228598,0.017376494,0.027812326,0
0.8099267482757568,0.7728576064109802,0.8120465278625488,0.0,0,0,1,0,0,1,0,1,0,102,50,0.4307692307692308,0.0005228598,0.0019454639,0.9995166,0
0.9148857593536377,0.8228040933609009,0.8669171333312988,0.3999996000004,0,1,1,0,0,1,1,1,0,106,27,0.8813559322033897,3.0529565e-05,0.8959818,0.003266138,1
0.8992480635643005,0.7798300385475159,0.8119005560874939,0.0,0,1,0,0,0,1,0,1,0,100,46,0.5423728813559322,4.698942e-05,7.895172e-05,0.0013225388,1
0.8444783687591553,0.7838823795318604,0.7849230170249939,0.1499999250000375,0,1,1,0,0,1,1,1,0,92,18,0.6333333333333333,0.9986388,0.00020166268,0.04872357,0
0.8333398103713989,0.8164271712303162,0.8553807735443115,0.18749988281257324,0,1,0,0,0,1,1,1,0,78,23,0.7755102040816326,0.9932996,6.65305e-05,0.00084971933,0
0.8895612359046936,0.7989019155502319,0.8097970485687256,0.23529397923883574,0,1,1,1,0,1,1,1,1,100,27,0.7666666666666666,0.000164193,0.0017832523,0.000506045,1
0.8753102421760559,0.8326547741889954,0.8147664070129395,0.23076905325457442,0,1,0,1,0,1,1,1,0,105,19,0.7666666666666666,0.008410771,0.0005047217,0.0003158153,0
0.8523277044296265,0.8084861636161804,0.8440697193145752,0.2727270247936138,0,1,0,0,0,1,1,0,0,151,14,0.7755102040816326,0.000111247784,0.0214002,0.0010260774,0
0.8523277044296265,0.8157290816307068,0.8141688108444214,0.2727270247936138,0,1,0,0,0,1,1,1,0,126,13,0.5957446808510638,0.000111247784,0.07182073,0.14484683,0
0.8605518937110901,0.765887439250946,0.7776893377304077,0.0,0,1,0,0,0,1,0,1,0,101,5,0.4897959183673469,7.92377e-06,0.00023397923,0.002182471,0
0.8997896909713745,0.8130499124526978,0.8006697297096252,0.33333305555578707,0,1,1,1,0,1,1,1,0,86,19,0.7755102040816326,0.11132975,0.0065847877,0.030238379,0
0.8768070340156555,0.8012551069259644,0.814304530620575,0.30769207100609924,0,1,1,1,0,1,1,1,0,116,16,0.7755102040816326,0.963342,0.00018710303,1.3119841e-05,0
0.8342956900596619,0.772010862827301,0.7939527630805969,0.0,0,1,0,0,0,1,0,1,0,119,60,0.5,0.98104227,0.00044795475,0.00049753056,0
0.8975010514259338,0.8145107626914978,0.825201690196991,0.30769207100609924,0,1,1,0,0,1,1,1,0,132,17,0.7755102040816326,0.004344073,0.0027675028,0.98925287,0
0.8975010514259338,0.8088374733924866,0.825201690196991,0.30769207100609924,0,1,1,0,0,1,1,1,0,116,17,0.7755102040816326,0.004344073,0.0020845719,0.98925287,0
0.8467108011245728,0.8056871294975281,0.8366920351982117,0.13636357438019348,0,1,0,1,0,1,1,1,0,110,40,0.7755102040816326,0.0003285314,0.8480343,0.0049355095,0
0.876056969165802,0.7996516823768616,0.8372237086296082,0.2857140816327988,0,1,0,1,0,1,1,1,0,117,18,0.8333333333333335,4.412721e-05,0.965412,0.000622313,0
0.7805181741714478,0.7514203786849976,0.0,0.0,0,1,0,0,0,1,0,1,0,117,1,0.4666666666666666,0.9976042,4.096581e-05,0.9851016,0
0.8167814016342163,0.7855578660964966,0.8121232390403748,0.07692304733728948,0,0,0,0,0,1,0,1,0,85,56,0.5714285714285714,0.00016368795,0.00045301876,0.0027826298,0
0.8274883031845093,0.7814422845840454,0.0,0.15384603550304962,0,0,0,0,0,1,0,1,0,91,1,0.5666666666666667,0.9950647,0.00014067502,0.26652488,0
0.8141018152236938,0.7864981889724731,0.8183188438415527,0.09523804988664292,0,0,0,0,0,1,0,1,0,90,51,0.5,0.00015613767,0.0028023983,0.018877711,0
0.8141358494758606,0.7725047469139099,0.7923424243927002,0.0,0,0,0,0,0,1,0,1,0,104,32,0.4,0.99669504,5.0007475e-05,0.9987876,0
0.8672533631324768,0.7911568284034729,0.0,0.21428556122459913,0,0,0,0,0,1,0,1,0,100,1,0.6071428571428572,0.0014122671,0.0004886838,0.26652488,1
0.8369817733764648,0.7804155945777893,0.7855015993118286,0.15384603550304962,0,0,0,0,0,1,0,1,0,86,23,0.5,0.8501499,4.183225e-05,0.87228286,0
0.8134077787399292,0.7849787473678589,0.7914676666259766,0.08333326388894677,0,0,0,0,0,1,0,1,1,86,55,0.47272727272727283,0.7793252,0.005076999,0.7303883,0
0.8070894479751587,0.7639701962471008,0.7766387462615967,0.07692301775152481,0,0,0,0,0,1,0,1,0,90,24,0.4,0.9998392,4.8809492e-05,0.010140756,0
0.8079350590705872,0.76634281873703,0.7803537249565125,0.07692301775152481,0,0,0,0,0,1,0,1,0,95,51,0.40909090909090906,0.6533666,0.010904678,0.0004135558,0
0.8079350590705872,0.7655177712440491,0.7803537249565125,0.07692301775152481,0,0,0,0,0,1,0,1,0,103,51,0.40909090909090906,0.6533666,0.035760503,0.0004135558,0
0.8064523339271545,0.7657944560050964,0.7530293464660645,0.0714285204081997,0,0,0,0,0,1,0,1,0,117,19,0.4489795918367348,0.99496114,0.00023844035,0.014155642,0
0.7593485713005066,0.726997435092926,0.0,0.0,0,0,0,0,0,1,0,1,0,6,1,0.033333333333333326,0.1897636,0.15463033,0.26652488,0
0.8154171705245972,0.778819739818573,0.7936912178993225,0.05263155124655198,0,0,0,0,0,1,0,1,0,115,19,0.4,0.10183307,0.000111473084,0.07276821,0
0.7894238829612732,0.7600200176239014,0.795701801776886,0.06249996093752441,0,0,0,0,0,1,0,1,0,102,20,0.4482758620689655,0.97694355,0.48786888,0.11525366,0
0.7848060727119446,0.7360395193099976,0.7692477703094482,0.0714285204081997,0,0,0,0,0,1,0,1,0,77,48,0.43333333333333335,0.000630044,5.2411997e-05,0.00019885373,0
0.8015885949134827,0.7608746290206909,0.776070237159729,0.06249996093752441,0,0,0,0,0,1,0,1,0,98,27,0.5,0.9597978,5.1082476e-05,8.555206e-05,0
0.8658244609832764,0.8073478937149048,0.7939545512199402,0.058823494809708936,0,0,0,0,0,1,0,1,0,108,46,0.5666666666666667,0.0002062332,0.0001519575,0.0035336372,1
0.8652247786521912,0.8228761553764343,0.8487188220024109,0.1764704844291268,0,0,0,0,0,1,0,0,0,141,27,0.6,0.0027708646,0.0028120577,0.9998399,1
0.8383427858352661,0.8084703087806702,0.0,0.1499999250000375,0,0,0,0,0,1,0,1,1,110,1,0.43333333333333335,0.00010377286,0.00015668591,0.26652488,1
0.8690166473388672,0.8372789025306702,0.8609880208969116,0.1764704844291268,0,0,0,0,0,1,1,1,0,99,55,0.6333333333333333,0.019223116,0.0017616143,0.07919315,1
0.8238085508346558,0.7836079597473145,0.7997828125953674,0.1333332444445037,0,0,0,0,0,1,0,1,0,122,63,0.4444444444444444,0.004100838,0.0051346184,0.00046406392,1
0.8238085508346558,0.7812854051589966,0.7997828125953674,0.1333332444445037,0,0,0,0,0,1,0,1,0,95,63,0.4444444444444444,0.004100838,0.9915964,0.00046406392,1
0.8558869361877441,0.8399317860603333,0.8560273051261902,0.10526310249310396,0,0,0,0,0,1,1,1,0,109,59,0.6037735849056604,0.0015942227,0.0006907774,0.0030718122,1
0.839183509349823,0.8227931261062622,0.8484504222869873,0.13636357438019348,0,0,0,0,0,1,0,1,0,102,26,0.5106382978723405,0.013565887,0.0015747005,0.9998965,1
0.827026903629303,0.7905215620994568,0.7953530550003052,0.08695648393196351,0,0,0,0,0,1,0,1,0,108,78,0.5925925925925926,0.99997675,0.0010155906,0.00025880846,1
0.827026903629303,0.7909501194953918,0.7953530550003052,0.08695648393196351,0,0,0,0,0,1,0,1,0,107,78,0.5925925925925926,0.99997675,0.9827727,0.00025880846,1
0.8516507744789124,0.8199794292449951,0.8480010628700256,0.1428570408163994,0,0,0,0,0,1,0,1,0,108,55,0.5666666666666667,0.039201584,0.070811845,0.0786268,1
0.8096049427986145,0.800762951374054,0.8004776835441589,0.15384603550304962,0,0,0,0,0,1,0,1,0,90,70,0.5333333333333333,0.99918324,0.0020201884,0.00019848335,0
0.8184491395950317,0.7973617911338806,0.8298676013946533,0.11538457100593423,0,0,0,0,0,1,0,1,0,88,24,0.5,0.009551777,0.999332,0.96566063,1
0.8536744713783264,0.799956202507019,0.8228917121887207,0.06666662222225185,0,0,0,0,0,1,0,1,0,102,57,0.45614035087719296,0.9995621,0.03796374,0.00969274,0
0.8536744713783264,0.8007087707519531,0.8228917121887207,0.06666662222225185,0,0,0,0,0,1,0,1,0,97,57,0.45614035087719296,0.9995621,0.03682788,0.00969274,0
0.8522927165031433,0.7910078167915344,0.7873098850250244,0.1428570408163994,0,0,0,0,0,1,0,1,0,84,23,0.5862068965517242,0.0013565187,0.0015194806,0.009250135,0
0.9355147480964661,0.8529473543167114,0.8163577914237976,0.33333305555578707,1,0,0,0,0,1,0,1,0,84,23,0.6,2.609508e-05,0.0018427196,0.99829596,1
0.9017513394355774,0.8464646935462952,0.0,0.2727270247936138,0,0,0,0,0,1,0,1,0,82,1,0.6,0.026667967,0.00083922164,0.2270083,1
0.8972522616386414,0.8393890261650085,0.0,0.24999979166684028,1,0,0,0,0,1,0,1,0,91,1,0.4666666666666666,0.99987745,0.00014074365,0.2270083,0
0.892577588558197,0.8539906144142151,0.8524213433265686,0.15384603550304962,1,0,0,0,0,1,0,1,0,90,70,0.5333333333333333,0.9999355,0.0017404995,0.00020580222,0
0.9118589758872986,0.8366957306861877,0.8409903645515442,0.24999979166684028,1,0,0,0,0,1,0,1,0,86,23,0.5333333333333333,0.9998653,4.1427786e-05,0.9986902,0
0.8773206472396851,0.8369875550270081,0.8646426796913147,0.19047609977328583,0,0,0,0,0,1,0,1,0,97,58,0.6779661016949151,0.9988476,7.783389e-05,0.00017610904,0
0.8617900013923645,0.827802300453186,0.8518989086151123,0.12499992187504883,0,0,0,0,0,1,0,1,0,109,22,0.5,0.07761215,0.0012244191,0.99997234,0
0.8789281249046326,0.8301255702972412,0.8046314716339111,0.1499999250000375,1,0,0,0,0,1,0,0,1,74,20,0.6333333333333333,0.9997259,0.0009542677,0.00041320454,0
0.8722535371780396,0.8450096249580383,0.8638583421707153,0.1199999520000192,0,0,0,0,0,1,0,1,0,85,56,0.6333333333333333,0.5933574,0.00054345,0.0031694002,0
0.8724201321601868,0.8366466760635376,0.8573360443115234,0.14285707482996438,0,0,0,0,0,1,0,1,0,91,54,0.5,0.9994978,0.00071954285,0.0008357501,0
0.8618655800819397,0.8351214528083801,0.8569830060005188,0.1499999250000375,0,0,0,0,0,1,0,1,0,90,51,0.4666666666666666,0.069612145,0.002758221,0.0038361796,0
0.8976719975471497,0.8231139183044434,0.0,0.21428556122459913,0,0,0,0,0,1,0,1,0,85,1,0.5666666666666667,0.0014356246,0.0002796533,0.2270083,0
0.8818851113319397,0.8218437433242798,0.8459532260894775,0.06249996093752441,0,0,0,0,0,1,0,1,0,104,32,0.5333333333333333,0.0012199534,4.8787744e-05,0.8179399,1
0.8892958760261536,0.8377339243888855,0.9242309927940369,0.33333277777870374,0,0,0,0,0,1,0,0,0,82,9,0.6101694915254237,0.99761474,0.00010565085,0.9993218,0
0.8892958760261536,0.8314146399497986,0.92606520652771,0.33333277777870374,0,0,0,0,0,1,0,0,0,99,9,0.6101694915254237,0.99761474,0.00013796259,0.99977475,0
0.9027876257896423,0.8073514103889465,0.8118354082107544,0.1818180165290759,1,0,0,0,0,1,0,1,0,93,1,0.5,0.99941003,5.2233416e-05,0.027424121,0
0.8800381422042847,0.7871885895729065,0.0,0.1818180165290759,0,0,0,0,0,1,0,1,1,104,1,0.5,0.9975795,0.001376858,0.2270083,0
0.8824432492256165,0.834495484828949,0.8467212319374084,0.1818180165290759,1,0,0,0,0,1,0,1,1,86,55,0.43333333333333335,0.99906856,0.016157944,0.71202433,0
0.8864622116088867,0.829694926738739,0.7934801578521729,0.1818180165290759,1,0,0,0,0,1,0,1,0,98,19,0.5,0.9999435,9.559737e-05,0.9982845,0
0.8612619042396545,0.852355420589447,0.8707952499389648,0.1818180165290759,0,0,0,0,0,1,0,0,0,95,58,0.5333333333333333,0.00012340747,0.00038896842,0.84667623,1
0.921199381351471,0.8478070497512817,0.8358383774757385,0.19999986666675557,0,0,0,0,0,1,1,1,0,139,46,0.6341463414634146,2.2786906e-05,0.00014325569,0.9997514,1
0.8930708169937134,0.8382148742675781,0.8577653765678406,0.3333329629633745,0,0,0,0,0,1,1,1,0,97,25,0.6666666666666667,0.99963164,0.003714055,0.07378206,0
0.8761516809463501,0.8044118881225586,0.8061439394950867,0.06666662222225185,0,0,0,0,0,1,0,1,0,80,32,0.6341463414634146,1.9021509e-05,9.685772e-05,0.9999379,0
0.8960484862327576,0.81915283203125,0.8509132862091064,0.3333329629633745,0,0,0,0,0,1,1,1,0,110,58,0.64,0.99899083,0.00018109757,0.9917361,0
0.8960484862327576,0.8186342120170593,0.8315542340278625,0.3333329629633745,0,0,0,0,0,1,1,0,1,119,35,0.5753424657534247,0.99899083,0.0036864667,0.9856754,0
0.8878718018531799,0.8265162110328674,0.8328483700752258,0.3333329629633745,0,0,0,0,0,1,1,1,0,97,50,0.5714285714285714,0.9998492,0.0050491244,9.0494934e-05,0
0.8958870768547058,0.8107022643089294,0.8478755950927734,0.24999979166684028,0,0,0,0,0,1,1,1,0,95,50,0.6341463414634146,0.03736163,0.00036531538,0.9768048,0
0.896649956703186,0.8172614574432373,0.8380619883537292,0.3333329629633745,0,0,0,0,0,1,1,1,0,107,44,0.6341463414634146,0.99470264,0.0022512642,0.0154141225,0
0.8632604479789734,0.8012901544570923,0.8160420656204224,0.24999979166684028,0,0,0,0,0,1,1,1,0,97,24,0.6666666666666667,0.97537804,0.0006499684,0.9959979,0
0.8950666189193726,0.7950836420059204,0.8335027694702148,0.2727270247936138,0,0,0,0,0,1,1,1,0,103,47,0.5263157894736843,0.0029122566,3.1295363e-05,0.009603073,0
0.873027503490448,0.7978249192237854,0.8175589442253113,0.16666652777789354,0,0,0,0,0,1,1,0,0,94,15,0.5853658536585367,0.95735276,0.00042125903,0.00054645975,0
0.8719247579574585,0.8256857991218567,0.8507362604141235,0.1428570408163994,0,0,0,0,0,1,1,1,0,101,51,0.6341463414634146,0.99796414,8.7910026e-05,0.0008317284,0
0.9017888307571411,0.8147578239440918,0.8037294745445251,0.1818180165290759,0,0,0,0,0,1,1,1,0,108,16,0.5263157894736843,2.8533008e-05,3.8230202e-05,0.0005694532,0
0.8153951168060303,0.8129041790962219,0.8044388294219971,0.0,0,0,0,0,0,1,0,1,0,104,33,0.41463414634146345,0.98127544,0.0016036899,0.000106367166,0
0.8605402708053589,0.8188656568527222,0.8497781157493591,0.1428570408163994,0,0,0,0,0,1,1,1,0,95,50,0.6829268292682926,0.9967794,7.219329e-05,0.003497344,0
0.7751365303993225,0.7450868487358093,0.763450026512146,0.0,0,0,0,0,0,1,0,0,0,101,48,0.41463414634146345,0.9892391,0.0014430212,0.00070721295,0
0.8593605160713196,0.7736450433731079,0.8231738805770874,0.0,0,0,0,0,0,1,0,1,0,92,47,0.4057971014492754,0.99832743,6.651479e-05,0.00014529466,0
0.8587464094161987,0.8130523562431335,0.83767169713974,0.1333332444445037,0,0,0,0,0,1,1,1,0,114,51,0.6341463414634146,0.99047905,0.0016911944,0.00029365954,0
0.8053881525993347,0.8078369498252869,0.7812924385070801,0.0,0,0,0,0,0,1,0,1,0,70,16,0.4390243902439024,0.011018357,0.0005156663,0.074019045,0
0.8177276849746704,0.8050677180290222,0.8331096768379211,0.0799999680000128,0,0,0,0,0,1,1,0,0,121,17,0.696969696969697,0.00039817786,0.00027458378,0.6460774,0
0.8698140978813171,0.8236044645309448,0.8302953839302063,0.15384603550304962,0,0,0,0,0,1,1,1,0,93,41,0.6829268292682926,0.9994578,0.0033685116,0.04600425,0
0.8791950345039368,0.8260775804519653,0.8466749787330627,0.23076905325457442,0,0,0,0,0,1,1,1,0,80,51,0.5797101449275363,0.9993912,0.00023112712,0.99796534,0
0.8713393211364746,0.8116896152496338,0.8157652020454407,0.1999998000002,0,0,1,0,0,1,1,1,0,102,31,0.6153846153846154,0.88841236,0.00034499535,0.00087708654,0
0.852502703666687,0.8263064026832581,0.8543097376823425,0.11111104938275035,0,0,0,0,0,1,1,1,0,101,54,0.6341463414634146,0.98727673,0.00022567395,0.0024270064,0
0.965654194355011,0.8634876608848572,0.8842174410820007,0.4999993750007813,0,0,0,0,0,1,1,1,0,110,58,0.6785714285714286,6.751065e-05,0.001423325,0.99931073,1
0.965654194355011,0.859359085559845,0.8726223111152649,0.4999993750007813,0,0,0,0,0,1,1,0,1,119,35,0.7096774193548387,6.751065e-05,0.05089968,0.95809954,1
0.896165668964386,0.8116477131843567,0.8284955620765686,0.3636360330581518,0,0,0,0,0,1,1,1,0,97,24,0.7796610169491526,0.97724026,0.0014261937,0.99940956,0
0.9151329398155212,0.8470724821090698,0.8464163541793823,0.4999993750007813,0,0,0,0,0,1,1,1,0,97,50,0.6538461538461539,0.9995472,0.030750727,9.254842e-05,0
0.9278187155723572,0.830453097820282,0.8508944511413574,0.4999993750007813,0,0,0,0,0,1,1,1,0,97,25,0.8064516129032258,0.9992173,0.0035626478,0.9976604,0
0.8900206685066223,0.7933797836303711,0.8150669932365417,0.2727270247936138,0,0,0,0,0,1,1,0,0,94,15,0.7096774193548387,0.5333821,0.00037242123,0.00061458343,0
0.9087041020393372,0.826981246471405,0.8522023558616638,0.3636360330581518,0,0,0,0,0,1,1,1,0,95,50,0.6779661016949151,4.137454e-05,0.0011046024,0.41803065,0
0.8838658332824707,0.8283106684684753,0.850960373878479,0.23076905325457442,0,0,0,0,0,1,1,1,0,101,51,0.7096774193548387,0.99745005,0.00025349017,0.09456124,0
0.9172977805137634,0.8348151445388794,0.8473337888717651,0.3333329629633745,0,0,0,0,0,1,1,1,0,107,44,0.7419354838709676,0.9990471,0.009500257,0.98004913,0
0.9282867312431335,0.8288412690162659,0.7999953627586365,0.2999997000003,0,0,0,0,0,1,1,1,0,108,16,0.6382978723404256,2.3263132e-05,4.9137343e-05,0.0001697615,0
0.9048753976821899,0.8371594548225403,0.8465826511383057,0.33333305555578707,0,0,0,0,0,1,1,1,0,80,51,0.6538461538461539,0.99869174,0.000495049,0.99696666,0
0.8854036331176758,0.8232184648513794,0.8408203721046448,0.24999979166684028,0,0,0,0,0,1,1,1,0,93,41,0.8387096774193549,0.99635005,0.0023999407,0.10375892,0
0.873044490814209,0.8231467604637146,0.8398971557617188,0.23076905325457442,0,0,0,0,0,1,1,1,0,95,50,0.8064516129032258,0.9948131,0.00011475634,0.018478276,0
0.8921160697937012,0.8110852837562561,0.8397389650344849,0.2727270247936138,0,0,0,0,0,1,1,1,0,103,47,0.6382978723404256,0.004829019,4.2299263e-05,0.009289354,0
0.8714087605476379,0.8140323758125305,0.8347172737121582,0.21428556122459913,0,0,0,0,0,1,1,1,0,114,51,0.7096774193548387,0.98050267,0.0016473024,0.00057284214,0
0.8811787366867065,0.8252403736114502,0.8296249508857727,0.1999998000002,0,0,1,0,0,1,1,1,0,102,31,0.6666666666666667,0.0043608495,0.0005139609,0.0041386494,0
0.8852181434631348,0.8344771862030029,0.0,0.2222220987655007,0,0,0,0,0,1,1,1,0,88,1,0.7096774193548387,0.9513083,0.8456677,0.097695746,0
0.864942193031311,0.8310258388519287,0.8542721271514893,0.1764704844291268,0,0,0,0,0,1,1,1,0,101,54,0.8064516129032258,0.9931763,0.00050032244,0.03036723,0
0.8714468479156494,0.7876184582710266,0.8156245350837708,0.1818180165290759,0,0,0,0,0,1,1,1,0,117,52,0.4516129032258065,4.3524124e-05,0.041268747,0.65494543,0
0.8275433778762817,0.792404055595398,0.7836691737174988,0.12499984375019532,0,0,0,0,0,1,0,1,0,114,29,0.5416666666666667,0.9983759,0.0014194404,0.023118993,0
0.78133624792099,0.7804341316223145,0.7728819251060486,0.0,0,0,0,0,0,1,0,1,0,26,9,0.16216216216216217,0.12056862,0.08205882,0.21271409,0
0.8634481430053711,0.7604678869247437,0.7692443132400513,0.12499984375019532,0,0,0,0,0,1,0,1,0,91,25,0.3870967741935484,0.9854455,6.198013e-05,1.42289055e-05,0
0.8634481430053711,0.7636891007423401,0.7692443132400513,0.12499984375019532,0,0,0,0,0,1,0,1,0,103,25,0.3870967741935484,0.9854455,8.847064e-05,1.42289055e-05,0
0.8053399324417114,0.7699118852615356,0.7918439507484436,0.0,0,0,0,0,0,1,0,1,0,72,48,0.16666666666666663,0.00013629196,0.0062872292,0.05626301,0
0.8053399324417114,0.7578100562095642,0.7918439507484436,0.0,0,0,0,0,0,1,0,1,0,56,48,0.16666666666666663,0.00013629196,0.0032192324,0.05626301,0
0.831844687461853,0.778922975063324,0.7924363017082214,0.09090900826453795,0,0,0,0,0,1,0,1,0,114,20,0.4838709677419355,0.9999485,0.000105103114,0.00031044657,0
0.84612637758255,0.807232677936554,0.8155598640441895,0.0999999000001,0,0,0,0,0,1,0,0,0,97,47,0.5483870967741935,0.9984598,0.017982248,8.404701e-05,0
0.8805500864982605,0.8052822351455688,0.8160043358802795,0.11111098765445816,0,0,0,0,0,1,0,0,0,81,14,0.5161290322580645,0.9998282,0.0005512369,0.9993349,0
0.8145483136177063,0.7358120679855347,0.7732260823249817,0.0,0,0,0,0,0,1,0,1,0,91,29,0.32258064516129037,0.0019679447,0.00010940468,0.00015304245,0
0.7556028366088867,0.7539373636245728,0.7749761343002319,0.0,0,0,0,0,0,1,0,0,0,82,26,0.16393442622950816,0.113845505,0.010462219,0.14510591,0
0.8625503778457642,0.7721250653266907,0.8065823912620544,0.0,0,0,0,0,0,1,0,1,0,107,45,0.4074074074074075,0.073250465,0.0038287523,0.006226437,0
0.8865803480148315,0.800296425819397,0.8311890363693237,0.22222197530891633,0,0,0,0,0,1,0,1,0,122,29,0.5862068965517242,0.9908043,0.0003919464,0.00014918423,0
0.8611732125282288,0.7824302315711975,0.824615478515625,0.0,0,0,0,0,0,1,0,1,0,105,24,0.4193548387096774,0.99935764,0.00038618591,0.9997571,0
0.9368564486503601,0.8603470325469971,0.8777564764022827,0.46153810650914884,0,0,0,1,0,1,1,1,0,102,50,1.0,7.2843e-06,0.0029790306,0.7234207,1
0.8644270896911621,0.7751248478889465,0.7516970038414001,0.08333326388894677,0,0,0,0,0,1,0,1,0,101,16,0.3870967741935484,0.0009293748,0.00023098578,0.97354543,1
0.917273223400116,0.803913414478302,0.0,0.24999979166684028,0,0,0,0,0,1,1,1,1,121,1,0.6285714285714286,0.00021930526,0.003816118,0.1921056,1
0.8408571481704712,0.7941096425056458,0.8312830328941345,0.09090900826453795,0,0,0,0,0,1,0,1,1,85,20,0.4285714285714286,1.7388125e-05,0.018425595,2.7253434e-05,0
0.8086978793144226,0.8202066421508789,0.8107672929763794,0.07692301775152481,0,0,0,0,0,1,0,1,0,110,19,0.45714285714285713,0.0030798176,0.00074213766,0.00016183814,0
0.8355711698532104,0.7591027617454529,0.0,0.0714285204081997,0,0,0,0,0,1,0,0,1,57,1,0.48571428571428577,0.015287166,0.5722466,0.1921056,0
0.8279474377632141,0.7894197106361389,0.0,0.0,0,0,0,0,0,1,0,1,1,58,1,0.18181818181818177,0.011498454,0.03423847,0.1921056,0
0.7993176579475403,0.7491908669471741,0.7651957869529724,0.0714285204081997,0,0,0,0,0,1,0,0,0,105,11,0.4,0.0007997917,0.0001884856,8.082101e-05,0
0.8240039348602295,0.770200788974762,0.0,0.0999999000001,0,0,0,0,0,1,0,1,1,78,1,0.48484848484848486,0.0004597938,3.0706244e-05,0.1921056,0
0.8050048351287842,0.7350450754165649,0.7496932148933411,0.0,0,0,0,0,0,1,0,1,0,91,59,0.45714285714285713,0.99907184,0.00014666504,0.18136851,0
0.8212425112724304,0.7930871248245239,0.8036828637123108,0.0499999750000125,0,0,0,0,0,1,0,1,1,96,23,0.48571428571428577,0.03159749,6.082913e-05,0.15413131,0
0.8151819705963135,0.774559497833252,0.8055979609489441,0.0,0,0,0,0,0,1,0,1,0,77,14,0.4285714285714286,0.02443076,0.0026240349,0.0006051917,0
0.8125675916671753,0.7716906666755676,0.0,0.0,0,0,0,0,0,1,0,1,1,98,1,0.3492063492063492,0.0008817365,6.0707625e-05,0.1921056,0
0.7891778945922852,0.7626848220825195,0.7743917107582092,0.0714285204081997,0,0,0,0,0,1,0,1,0,87,44,0.4067796610169492,0.99968183,0.024671761,0.68104243,0
0.7557598948478699,0.7060084939002991,0.7370691299438477,0.0,0,0,0,0,0,1,0,1,0,109,33,0.47457627118644063,0.00069670286,2.1826347e-05,0.00015225635,0
0.8135839104652405,0.7462026476860046,0.0,0.06666662222225185,0,0,0,0,0,1,0,0,1,61,1,0.46875,0.20873778,0.0007223464,0.1921056,0
0.8330975770950317,0.7601327300071716,0.8162456154823303,0.0,0,0,0,0,0,1,0,0,0,80,15,0.4285714285714286,0.23606841,0.037494898,0.2744096,0
0.8243058919906616,0.7730110287666321,0.7848241925239563,0.15384603550304962,0,0,1,0,0,1,0,1,0,89,19,0.5084745762711864,0.97190285,0.00023325201,0.9976307,0
0.801398754119873,0.7526885271072388,0.7760105729103088,0.11111104938275035,0,0,0,0,0,1,0,1,1,102,50,0.5714285714285714,0.9988078,0.0053747008,0.22585636,0
0.8402572274208069,0.7740471363067627,0.7708221673965454,0.08333326388894677,0,0,0,0,0,1,0,1,0,66,18,0.5151515151515151,0.4209797,0.0005572501,0.05727725,0
0.813026487827301,0.7646024823188782,0.7781447768211365,0.11764698961941787,0,0,0,0,0,1,0,1,0,101,49,0.5862068965517242,0.99776435,0.00025833823,0.0002687782,0
0.8132249116897583,0.7694080471992493,0.7838746309280396,0.1333332444445037,0,0,0,0,0,1,1,1,0,121,57,0.5714285714285714,0.02371129,0.00013353374,0.06512168,0
0.8029692769050598,0.7679042220115662,0.7793101072311401,0.11111104938275035,0,0,0,0,0,1,0,1,1,114,50,0.49275362318840576,0.9976394,0.00021114839,7.790289e-05,0
0.803549587726593,0.7747818231582642,0.7959722876548767,0.11764698961941787,0,0,0,0,0,1,1,1,0,84,24,0.5142857142857142,0.99963176,0.007296843,0.9998425,0
0.8163930773735046,0.771110475063324,0.7768891453742981,0.055555524691375174,0,0,0,0,0,1,0,1,0,62,42,0.6285714285714286,0.9759489,3.6059097e-05,0.001832997,0
0.8083035945892334,0.7804471254348755,0.7973341941833496,0.1333332444445037,0,0,0,0,0,1,1,1,1,110,36,0.6031746031746033,0.66820145,0.0003995366,0.0015678473,0
0.8215599656105042,0.7983437776565552,0.8126766681671143,0.1499999250000375,0,0,0,0,0,1,1,0,0,83,55,0.6285714285714286,0.9987692,0.00046651406,9.877432e-05,0
0.8099981546401978,0.7806282639503479,0.7950944900512695,0.10526310249310396,0,0,0,0,0,1,1,1,1,129,59,0.5714285714285714,0.99739516,0.009216461,0.42715487,0
0.8214600682258606,0.7671892642974854,0.7764108777046204,0.04761902494332146,0,0,0,0,0,1,0,1,0,67,70,0.59375,0.9997608,0.0009590821,0.00022889268,0
0.8067835569381714,0.7580119967460632,0.7919231653213501,0.09523804988664292,0,0,0,0,0,1,1,1,0,97,19,0.5142857142857142,0.99981934,0.0005707673,0.9938658,0
0.8234810829162598,0.7763043642044067,0.0,0.0,0,0,0,0,0,1,0,1,0,35,1,0.3846153846153846,0.0005958523,0.060722113,0.1921056,1
0.8389211893081665,0.7725478410720825,0.0,0.16666652777789354,0,0,0,0,0,1,1,1,1,104,1,0.5428571428571429,0.11279859,0.0020785397,0.1921056,0
0.7996713519096375,0.7159743905067444,0.7468529939651489,0.0,0,0,0,0,0,1,0,1,0,49,27,0.1333333333333333,0.22006834,0.583374,0.043760553,0
0.7888909578323364,0.741929829120636,0.7746461629867554,0.0,0,0,0,0,0,1,0,0,0,51,27,0.125,0.19468766,0.14597131,0.23557414,0
0.7947257161140442,0.7810749411582947,0.774564802646637,0.0,0,0,0,0,0,1,0,1,0,26,9,0.125,0.18345855,0.07382863,0.14122745,0
0.8045392036437988,0.7759577631950378,0.7878839373588562,0.0,0,0,0,0,0,1,0,1,0,122,20,0.45714285714285713,0.99963343,0.0012847377,0.28586257,0
0.8124603629112244,0.7406719326972961,0.745768129825592,0.0,0,0,0,0,0,1,0,1,0,103,25,0.38095238095238093,0.31978977,3.4190398e-05,9.171887e-06,0
0.8124603629112244,0.7403117418289185,0.745768129825592,0.0,0,0,0,0,0,1,0,1,0,91,25,0.38095238095238093,0.31978977,3.4808272e-05,9.171887e-06,0
0.8138228058815002,0.747663676738739,0.7507668733596802,0.0,0,0,0,0,0,1,0,1,0,86,20,0.4242424242424242,0.99645656,3.1570446e-05,5.1407296e-05,0
0.7808266282081604,0.7468926310539246,0.7847746014595032,0.0,0,0,0,0,0,1,0,0,0,61,25,0.125,0.14799954,0.1582069,0.08148584,0
0.8504668474197388,0.7805354595184326,0.7861493825912476,0.14285693877580175,0,0,0,0,0,1,0,1,0,86,22,0.6857142857142857,0.9895951,0.0002204445,0.03474062,0
0.8008340001106262,0.7283340096473694,0.7877952456474304,0.0,0,0,0,0,0,1,0,1,1,69,29,0.125,0.25610077,0.0074322037,0.00826897,0
0.8109591603279114,0.7619248628616333,0.7738181948661804,0.0,0,0,0,0,0,1,0,1,0,114,29,0.4864864864864865,0.18538111,0.0013910747,0.026860883,0
0.8210233449935913,0.7745236754417419,0.8137736320495605,0.0,0,0,0,0,0,1,0,1,0,115,29,0.4285714285714286,0.83960366,5.1180545e-05,0.00043538387,0
0.8004032373428345,0.7644508481025696,0.7659122347831726,0.0,0,0,0,0,0,1,0,0,0,91,42,0.4285714285714286,0.0013165346,0.05094937,0.0002928058,0
0.8300251364707947,0.7900699973106384,0.7905887961387634,0.12499984375019532,0,0,0,0,0,1,0,0,1,119,35,0.6060606060606061,0.35114095,0.0008375437,0.68142474,0
0.7979904413223267,0.7464408874511719,0.7863438725471497,0.0,0,0,0,0,0,1,0,1,0,95,19,0.4705882352941176,0.99981326,2.2177948e-05,1.2520668e-05,0
0.8320726752281189,0.7799957990646362,0.7999662756919861,0.0,0,0,0,0,0,1,0,1,0,122,29,0.4878048780487805,0.20068228,0.0007316994,0.0031477513,0
0.858412504196167,0.7833421230316162,0.8157194256782532,0.0,0,0,0,0,0,1,0,1,0,81,34,0.5238095238095238,0.0027744432,0.001541299,0.009663073,0
0.7850905060768127,0.7447112798690796,0.7749041318893433,0.0,0,0,0,0,0,1,0,1,0,93,15,0.4242424242424242,0.9639364,2.8749399e-05,0.99860805,0
0.793716549873352,0.7576554417610168,0.767295777797699,0.0,0,0,0,0,0,1,0,1,0,76,34,0.4285714285714286,0.00027920873,2.3365306e-05,0.00017166208,0
0.8679162859916687,0.8245741724967957,0.864262044429779,0.0799999680000128,0,0,0,0,0,1,0,1,1,81,27,0.717948717948718,2.9612227e-05,0.00012028334,0.00041028447,1
0.8708945512771606,0.8297252058982849,0.8555247187614441,0.06896549346017466,1,0,0,0,0,1,0,0,0,87,24,0.6666666666666667,3.0974294e-05,0.00036522304,0.00032911892,1
0.7597216367721558,0.7321930527687073,0.7516807317733765,0.0,0,0,0,0,0,1,0,1,0,114,15,0.33333333333333337,0.02280039,0.00046458485,0.9939865,0
0.7856183648109436,0.7168185114860535,0.7352268099784851,0.0,0,0,0,0,0,1,0,1,1,118,47,0.38095238095238093,0.99574846,1.3470013e-05,0.00012442541,0
0.7539017200469971,0.6916847229003906,0.7308589816093445,0.0,0,0,0,0,0,1,0,0,0,82,23,0.5,0.38871855,0.020318901,0.0024609778,0
0.8029278516769409,0.7425323128700256,0.7638058066368103,0.0,0,0,0,0,0,1,0,0,0,72,35,0.38095238095238093,0.6813519,0.00023444464,4.960006e-05,0
0.7525137066841125,0.7232321500778198,0.0,0.0,0,0,0,0,0,1,0,1,1,96,1,0.4285714285714286,0.9985261,0.0001828489,0.20535962,0
0.7675018906593323,0.7637789845466614,0.7874679565429688,0.0,0,0,0,0,0,1,0,1,0,65,51,0.3529411764705882,0.23594876,0.14053537,0.0005042717,0
0.7495436668395996,0.7198171019554138,0.0,0.0,0,0,0,0,0,1,0,1,1,98,1,0.4285714285714286,0.42714903,2.5554764e-05,0.20535962,0
0.7260777354240417,0.7308984398841858,0.0,0.0,0,0,0,0,0,1,0,1,1,103,1,0.4285714285714286,0.99883705,4.1829197e-05,0.20535962,0
0.7593505382537842,0.7359976172447205,0.7677580118179321,0.0,0,0,0,0,0,1,0,0,0,96,5,0.3076923076923077,0.99879503,0.00044934044,0.84856355,0
0.7719823718070984,0.7302632331848145,0.747664749622345,0.0,0,0,0,0,0,1,0,1,0,110,28,0.38095238095238093,0.17158894,0.00061139144,0.16588213,0
0.7658392190933228,0.7272511720657349,0.7743179202079773,0.0,0,0,0,0,0,1,0,1,1,108,16,0.4285714285714286,0.99666035,0.1844705,0.111731164,0
0.7619181275367737,0.7261245846748352,0.714324414730072,0.0,0,0,0,0,0,1,0,0,1,84,21,0.4285714285714286,0.08044618,5.0965213e-05,0.01157856,0
0.7618130445480347,0.7349495887756348,0.0,0.0,0,0,0,0,0,1,0,1,1,75,1,0.4285714285714286,0.85064566,0.00030705234,0.20535962,0
0.7799502015113831,0.7511293292045593,0.7367466688156128,0.0,0,0,0,0,0,1,0,1,0,106,23,0.33333333333333337,0.0787112,4.439258e-05,0.014182677,0
0.7465845346450806,0.0,0.0,0.0,0,0,0,0,0,1,0,1,0,1,1,0.09090909090909094,0.99967635,0.20535962,0.20535962,0
0.7466393113136292,0.7415177822113037,0.7702471613883972,0.0,0,0,0,0,0,1,0,1,0,69,21,0.2857142857142857,0.99863666,7.23847e-05,0.0035291272,0
0.728157103061676,0.7369146347045898,0.7415285110473633,0.0,0,0,0,0,0,1,0,1,0,94,27,0.5142857142857142,0.999708,0.00019996263,0.996933,0
0.8032506108283997,0.7522068023681641,0.7883082628250122,0.0,0,0,0,0,0,1,0,1,0,89,55,0.33333333333333337,0.99992347,0.00015136912,0.114256024,0
0.8327875137329102,0.7978521585464478,0.8198716044425964,0.0,0,0,0,0,0,1,0,1,0,85,52,0.4705882352941176,0.99987495,0.0006859677,6.825807e-05,0
0.8153767585754395,0.7872626185417175,0.7984503507614136,0.0,0,0,0,0,0,1,0,1,0,84,57,0.4705882352941176,0.9992594,0.00036799264,0.011414625,0
0.8263648748397827,0.7842038869857788,0.8021513223648071,0.0,0,0,0,0,0,1,0,1,0,105,51,0.4615384615384615,0.9999331,0.000104002625,0.00018381391,0
0.873458743095398,0.8163524866104126,0.8535275459289551,0.12499992187504883,0,0,0,0,0,1,0,1,0,96,51,0.9,0.00027135774,0.0013184587,2.3376919e-05,1
0.7482895851135254,0.7191019058227539,0.7175171375274658,0.0,0,0,0,0,0,1,0,0,0,52,26,0.16216216216216217,0.9853495,0.034442402,0.033677194,0
0.8460357785224915,0.8164941072463989,0.8253549337387085,0.0,0,0,0,0,0,1,0,1,0,89,55,0.4375,0.9998098,0.042478736,0.002239905,0
0.7929731011390686,0.7582689523696899,0.7879678010940552,0.0,0,0,0,0,0,1,1,1,0,90,48,0.44999999999999996,0.43051577,0.023535445,0.00010402981,0
0.7947756052017212,0.7884597778320312,0.8120633363723755,0.0,0,0,0,0,0,1,0,0,1,97,42,0.4,0.9992906,0.00015915271,0.0012184515,0
0.773876428604126,0.743243932723999,0.7744002938270569,0.0,0,0,0,0,0,1,0,1,0,49,23,0.30000000000000004,0.84822017,0.14270903,0.112688184,0
0.8348748683929443,0.7813372015953064,0.8106818199157715,0.0,0,0,0,0,0,1,0,1,0,128,55,0.38888888888888884,0.76050466,0.00042423967,0.0007638681,0
0.761152446269989,0.7233337163925171,0.7054005265235901,0.0,0,0,0,0,0,1,0,1,0,79,17,0.15000000000000002,0.40608883,0.1241676,0.098373815,0
0.7731630206108093,0.7515126466751099,0.75040602684021,0.0,0,0,0,0,0,1,0,0,0,107,49,0.24242424242424243,0.34691522,0.13691874,0.10263898,0
0.8269805908203125,0.7634472250938416,0.0,0.0,0,0,0,0,0,1,0,1,0,86,1,0.44999999999999996,0.9725566,5.166891e-05,0.14913699,0
0.7609357833862305,0.7462243437767029,0.7163931131362915,0.0,0,0,0,0,0,1,0,0,0,29,14,0.27586206896551724,0.10787505,0.03067956,0.10560155,0
0.7720752358436584,0.7454708814620972,0.7496720552444458,0.0,0,0,0,0,0,1,0,1,0,67,19,0.26315789473684215,0.16805734,0.10133625,0.12799573,0
0.8028501868247986,0.7773743867874146,0.7434561252593994,0.0,0,0,0,0,0,1,0,0,0,82,8,0.4,0.999676,0.00016287567,0.99269027,0
0.7729616165161133,0.7369738221168518,0.7499386072158813,0.0,0,0,0,0,0,1,0,1,0,105,33,0.44999999999999996,0.9971219,0.0027671636,0.99971884,0
0.7628488540649414,0.7491217255592346,0.7597841024398804,0.0,0,0,0,0,0,1,0,0,0,99,47,0.5,0.001527123,0.0030073626,0.000118286975,0
0.7731218934059143,0.7364897727966309,0.0,0.0,0,0,0,0,0,1,0,0,0,110,1,0.6,0.0002900752,0.00031765117,0.14913699,0
0.784072756767273,0.7169098258018494,0.7644326686859131,0.0,0,0,0,0,0,1,0,1,1,126,54,0.4,4.854885e-05,6.2595216e-05,0.03721683,0
0.7790576815605164,0.7289961576461792,0.7798158526420593,0.0,0,0,1,0,0,1,0,1,0,116,48,0.4285714285714286,0.065303095,0.0004222715,0.000518949,0
0.7735782861709595,0.734657883644104,0.0,0.0,0,0,0,0,0,1,0,1,0,70,1,0.35,0.024387712,0.00043541897,0.14913699,0
0.7808965444564819,0.7290674448013306,0.775779664516449,0.0,0,0,0,0,0,1,0,1,1,86,51,0.35,0.0053107142,0.0015139607,0.025029594,0
0.7629562616348267,0.7184410691261292,0.7741391062736511,0.0,0,0,0,0,0,1,0,1,0,84,56,0.4,0.00039774008,0.012759477,0.05349848,0
0.7761730551719666,0.7451286315917969,0.0,0.0,0,0,0,0,0,1,0,1,0,128,1,0.5,0.012025698,0.00116614,0.14913699,0
0.7616699934005737,0.7433966398239136,0.0,0.0,0,0,0,0,0,1,0,1,0,116,1,0.44999999999999996,0.058280546,0.00014447905,0.14913699,0
0.7616699934005737,0.7434402704238892,0.0,0.0,0,0,0,0,0,1,0,1,0,93,1,0.44999999999999996,0.058280546,0.33035648,0.14913699,0
0.7690714597702026,0.7402413487434387,0.7666336894035339,0.0,0,0,0,0,0,1,0,0,0,100,21,0.44999999999999996,0.09635681,0.002439887,0.28004003,0
0.7888551354408264,0.755837082862854,0.7989321947097778,0.0,0,0,0,0,0,1,0,1,0,140,36,0.4,0.0010665252,0.00013965723,0.004520823,0
0.8871818780899048,0.8590563535690308,0.880179762840271,0.1764704844291268,1,0,0,0,0,1,1,1,0,115,18,0.49122807017543857,0.99982566,0.0014846975,0.96793705,1
0.8800551891326904,0.8522151112556458,0.860624372959137,0.16666659722225116,1,0,0,0,0,1,1,0,0,119,26,0.6363636363636364,0.997843,0.9907294,0.00020526233,1
0.8688784837722778,0.8174412846565247,0.838099479675293,0.21428556122459913,1,0,0,0,0,1,1,1,1,129,34,0.5454545454545454,0.34362003,0.0013102101,0.0005527102,0
0.8488674163818359,0.816892683506012,0.0,0.14285707482996438,1,0,0,0,0,1,1,1,0,112,1,0.5151515151515151,0.99876475,0.011584269,0.22015455,0
0.8696229457855225,0.8232932686805725,0.8355153203010559,0.23529397923883574,1,0,0,0,0,1,1,0,0,137,35,0.5757575757575757,0.99111676,0.031389415,0.010419379,0
0.8857624530792236,0.8196440935134888,0.8453241586685181,0.15384603550304962,1,0,0,0,0,1,1,1,0,93,53,0.4363636363636364,0.009023782,0.22864513,0.00017075372,0
0.8564478754997253,0.8219623565673828,0.8344491720199585,0.1428570408163994,1,0,0,0,0,1,1,0,1,112,53,0.5151515151515151,0.41279006,0.00010859795,0.011414475,0
0.8644667863845825,0.8393416404724121,0.8492032289505005,0.1333332444445037,1,0,1,0,0,1,1,1,0,60,26,0.5757575757575757,0.9986112,0.005870985,0.039308116,0
0.8308910727500916,0.8015534281730652,0.0,0.12499992187504883,1,0,0,0,0,1,1,1,0,114,1,0.5757575757575757,0.9986659,0.0009467759,0.22015455,0
0.8577345013618469,0.823250949382782,0.8425382375717163,0.099999950000025,0,0,0,0,0,1,1,1,0,122,25,0.5625,0.0012153415,0.0032469318,0.019005828,0
0.8903586864471436,0.828189492225647,0.8468360304832458,0.1999998000002,0,0,0,0,0,1,1,1,0,114,19,0.6060606060606061,0.9997744,8.7419234e-05,0.99930894,0
0.8663336038589478,0.8245605230331421,0.0,0.13043472589794528,1,0,1,0,0,1,1,1,1,127,1,0.5614035087719298,0.9751245,0.00013955576,0.22015455,0
0.8602577447891235,0.8045864701271057,0.8275935053825378,0.11764698961941787,1,0,0,0,0,1,1,0,0,94,18,0.5151515151515151,0.9996426,0.000107000094,0.9994791,0
0.8768114447593689,0.8123920559883118,0.8383921980857849,0.1818180165290759,0,0,0,0,0,1,1,1,0,124,22,0.6451612903225806,0.001564102,0.00045134145,0.0026608033,0
0.8214125633239746,0.8063158988952637,0.8219592571258545,0.09523804988664292,1,0,0,0,0,1,1,0,0,138,54,0.5925925925925926,0.006065146,0.0014299566,7.358745e-05,0
0.8514439463615417,0.8099845051765442,0.8324033617973328,0.09756095181440198,1,0,1,0,0,1,1,0,0,103,24,0.5454545454545454,0.00012273128,0.0011264344,5.4946235e-05,0
0.830970048904419,0.7762406468391418,0.8082666397094727,0.14285707482996438,1,0,0,0,0,1,1,0,0,105,57,0.48484848484848486,0.99592245,0.0013178159,0.0019059782,0
0.8838949203491211,0.7156552076339722,0.0,0.0,0,0,0,0,0,1,0,0,0,59,1,0.12903225806451613,0.010992292,0.0008296473,0.22015455,0
0.8663022518157959,0.7974991798400879,0.0,0.0,0,0,0,0,0,1,1,0,0,95,1,0.49230769230769234,0.97716933,0.00086538744,0.22015455,0
0.8647805452346802,0.7981694340705872,0.7974106669425964,0.0,0,0,0,0,0,1,0,1,0,120,23,0.5454545454545454,0.064077094,0.99992204,0.9196966,0
0.8851184844970703,0.7934626936912537,0.7970401048660278,0.0,0,0,0,0,0,1,1,1,0,102,21,0.5757575757575757,0.9805428,0.0001005366,0.00066540233,0
0.7812958359718323,0.7690239548683167,0.7910129427909851,0.0,0,0,0,0,0,1,0,1,0,92,27,0.45614035087719296,0.00024664935,0.0015544774,0.0009439046,0
0.844974160194397,0.8177556395530701,0.0,0.0,0,0,1,0,0,1,0,1,1,91,1,0.48484848484848486,0.99995756,8.079761e-05,0.22015455,0
0.8308203816413879,0.7656222581863403,0.0,0.0,0,0,0,0,0,1,0,1,0,88,1,0.4545454545454546,0.96857977,0.00019981277,0.22015455,0
0.7990409135818481,0.7923044562339783,0.8038806319236755,0.0,0,0,0,0,0,1,0,0,0,97,44,0.4545454545454546,0.005760629,0.0005433196,7.636811e-05,0
0.8652246594429016,0.8394056558609009,0.8460753560066223,0.0,0,0,1,0,0,1,0,1,0,80,37,0.3939393939393939,0.9950865,5.982026e-05,0.007995805,1
0.8379122614860535,0.8145352005958557,0.8259843587875366,0.0,0,0,1,0,0,1,0,1,0,88,25,0.4074074074074075,0.99994457,0.0006735556,0.3667386,0
0.8315703272819519,0.784240186214447,0.7902458906173706,0.0,0,0,0,0,0,1,0,1,0,142,44,0.4242424242424242,0.009373702,0.0067746737,0.00028622203,0
0.8118805885314941,0.8043041825294495,0.8137645125389099,0.0499999750000125,0,0,0,0,0,1,1,0,1,123,26,0.5423728813559322,7.086086e-05,0.014416676,2.5835709e-05,0
0.7888903021812439,0.7547905445098877,0.0,0.0,0,0,0,0,0,1,0,1,0,90,1,0.16393442622950816,0.57418364,0.115811825,0.22015455,0
0.8564876914024353,0.8230957984924316,0.8491853475570679,0.0,0,0,0,0,0,1,0,1,0,109,53,0.48484848484848486,0.9990465,0.0027378977,0.002379949,1
0.844770610332489,0.8219760060310364,0.8360942006111145,0.0,0,0,1,0,0,1,0,1,0,110,29,0.4242424242424242,0.99995875,0.0015514325,0.97473776,0
0.8679660558700562,0.7804825901985168,0.7783108353614807,0.16666638888935187,0,0,0,0,0,1,0,1,0,79,53,0.4545454545454546,0.99361825,0.00034851066,0.0013266542,0
0.8433343172073364,0.7666748762130737,0.763943076133728,0.0,0,0,0,0,0,1,0,0,0,60,43,0.19512195121951215,0.7911355,0.0025949406,0.14630696,0
0.7601076364517212,0.7659366130828857,0.8186622858047485,0.03124999023437805,0,0,0,0,0,1,1,1,0,111,20,0.5925925925925926,0.0019465624,0.00062700576,0.00012269815,0
0.8017202615737915,0.7419312000274658,0.7703794240951538,0.0,0,0,0,0,0,1,0,1,0,60,17,0.5,0.13043079,0.019694908,0.07739037,0
0.8108568787574768,0.7508801221847534,0.7704437971115112,0.0,0,0,0,0,0,1,0,1,1,83,55,0.4545454545454546,5.899297e-05,2.2983082e-05,0.00014320659,0
0.7822956442832947,0.749387264251709,0.8160991072654724,0.0,0,0,0,0,0,1,1,1,1,93,22,0.5945945945945945,0.21425423,0.0010014523,0.0016691124,0
0.8403967618942261,0.7731629014015198,0.7912822961807251,0.0,0,0,0,0,0,1,0,1,0,102,48,0.45714285714285713,0.9997646,0.00025635096,0.9932122,0
0.803135097026825,0.7524215579032898,0.7688614130020142,0.0,0,0,0,0,0,1,0,1,0,65,21,0.48275862068965514,0.00013313771,2.674605e-05,0.99996245,0
0.8253985047340393,0.7422699332237244,0.769008994102478,0.0,0,0,0,0,0,1,0,1,1,88,29,0.4285714285714286,0.14664876,0.0001051472,3.059827e-05,0
0.8271082639694214,0.787670373916626,0.7966426014900208,0.0,0,0,0,0,0,1,0,1,0,110,20,0.4545454545454546,0.0037536854,0.00010710355,0.9935456,0
0.8271082639694214,0.781443178653717,0.7936996221542358,0.0,0,0,0,0,0,1,0,1,1,89,49,0.4545454545454546,0.0037536854,5.2555937e-05,0.0009721604,0
0.8138537406921387,0.7708248496055603,0.7849569916725159,0.0,0,0,0,0,0,1,0,0,1,66,55,0.36363636363636365,0.9999106,1.8838786e-05,0.043954354,0
0.8072381019592285,0.7465202212333679,0.7671593427658081,0.0,0,0,0,0,0,1,0,0,0,76,57,0.5,0.00044815737,5.0018774e-05,0.0017150426,0
0.7897343039512634,0.7543924450874329,0.0,0.0,0,0,0,0,0,1,0,1,0,14,1,0.4545454545454546,0.0008643332,0.0019299309,0.37627298,0
0.8155866861343384,0.7766894698143005,0.7941145896911621,0.0,0,0,0,0,0,1,0,1,1,67,46,0.5,9.107174e-05,0.00068995095,0.00027065026,0
0.7957718968391418,0.7559468746185303,0.7565562725067139,0.0,0,0,0,0,0,1,0,0,0,72,55,0.48275862068965514,5.8635826e-05,0.0014502931,0.0008392548,0
0.8389418721199036,0.7485040426254272,0.7801648378372192,0.0,0,0,0,0,0,1,0,0,0,88,55,0.4736842105263158,0.9982009,4.1292384e-05,0.0008519583,0
0.8819101452827454,0.8478910326957703,0.863581657409668,0.13043472589794528,1,0,0,0,0,1,0,0,0,71,26,0.5909090909090908,0.00038651,0.05237702,0.014565966,1
0.8148047924041748,0.7474645972251892,0.7748953104019165,0.0,0,0,0,0,0,1,0,1,0,111,51,0.5,0.0026968566,0.99994147,0.0021212325,0
0.8936824798583984,0.8482589721679688,0.8572295904159546,0.15384603550304962,1,0,0,0,0,1,0,1,0,95,54,0.5909090909090908,0.00010452536,0.023780018,0.025090044,1
0.8239551782608032,0.8115105032920837,0.8038941025733948,0.0,1,0,0,0,0,1,1,1,0,71,1,0.5909090909090908,0.05136151,0.0035116817,0.12626752,1
0.7994258999824524,0.8012989163398743,0.7953593730926514,0.0,0,0,0,0,0,1,0,0,0,79,20,0.5909090909090908,0.014313541,0.002387318,0.0048500733,0
0.8539825081825256,0.8312305808067322,0.825972855091095,0.0,0,0,0,0,0,1,0,1,1,107,50,0.5454545454545454,2.0126445e-05,0.98440635,0.00020579455,1
0.8389315605163574,0.829457700252533,0.7895753979682922,0.0,0,0,0,0,0,1,0,1,0,98,17,0.4615384615384615,0.0054075033,0.0003634667,0.03388556,0
0.8389315605163574,0.8220482468605042,0.7895753979682922,0.0,0,0,0,0,0,1,0,1,0,102,17,0.4615384615384615,0.0054075033,0.000115751056,0.03388556,0
0.8555465340614319,0.7846148014068604,0.794144868850708,0.12499984375019532,0,0,0,0,0,1,0,1,1,95,57,0.5909090909090908,0.9825218,0.0001924463,0.3492433,0
0.771083652973175,0.7578368186950684,0.0,0.0,0,0,0,0,0,1,0,1,1,91,1,0.5128205128205128,0.01889386,0.0037106911,0.37627298,0
0.8155081868171692,0.7608944773674011,0.7698761224746704,0.0,0,0,0,0,0,1,0,1,0,86,29,0.5909090909090908,0.20415407,0.00080472673,0.033178896,0
0.8075304627418518,0.7715249061584473,0.0,0.11111098765445816,0,0,0,0,0,1,0,1,0,71,1,0.4,0.019985352,2.0609239e-05,0.37627298,0
0.8398134708404541,0.7573598027229309,0.7758063673973083,0.16666638888935187,0,0,0,0,0,1,0,1,1,101,52,0.40909090909090906,0.9997465,0.0005342186,3.8297097e-05,0
0.8422198295593262,0.7601847052574158,0.7869642376899719,0.16666638888935187,0,0,0,0,0,1,0,1,0,77,46,0.5,0.99965084,4.7762413e-05,0.0031315715,0
0.8569149374961853,0.7748830914497375,0.7985010147094727,0.0999999000001,0,0,0,0,0,1,0,1,0,69,57,0.4545454545454546,0.9835586,0.00023896458,0.000109224435,0
0.8016368746757507,0.7609813809394836,0.7877728939056396,0.0,0,0,0,0,0,1,0,1,0,133,47,0.6363636363636364,0.00037114508,0.0041657514,0.001389585,0
0.9762917160987854,0.8693822026252747,0.8117528557777405,0.6923071597637233,0,0,0,2,0,1,1,1,1,100,17,0.7151515151515152,0.0002584558,0.47169805,0.98675066,1
0.8254591226577759,0.780351996421814,0.7942943572998047,0.11764698961941787,0,0,0,0,0,1,1,0,1,147,24,0.5470085470085471,0.9997267,0.00084011926,0.00024228184,0
0.7927032113075256,0.7379230856895447,0.0,0.0,0,0,0,0,0,1,0,0,0,67,1,0.15094339622641506,0.88909274,0.05101119,0.0066794064,0
0.8529943823814392,0.7769210934638977,0.8223833441734314,0.09523804988664292,0,0,0,0,0,1,1,1,0,100,18,0.46,0.9998485,0.00015991805,0.4408762,0
0.8226327300071716,0.785445511341095,0.7980659008026123,0.055555524691375174,0,0,0,0,0,1,1,1,0,119,20,0.4242424242424242,0.9998944,0.0007047834,0.9996631,0
0.82501620054245,0.7840911746025085,0.0,0.055555524691375174,0,0,0,0,0,1,1,1,1,99,1,0.31999999999999995,0.99997115,5.6892848e-05,0.0066794064,0
0.8216725587844849,0.7853706479072571,0.0,0.058823512110731724,0,0,0,0,0,1,1,1,0,135,1,0.5576923076923077,0.9998833,0.000770797,0.0066794064,0
0.7957884669303894,0.7360583543777466,0.7536147832870483,0.0,0,0,0,0,0,1,0,1,0,92,45,0.4755244755244755,0.99060315,0.00034879448,0.00025086084,0
0.824138343334198,0.7974067330360413,0.7961467504501343,0.0,0,0,0,0,0,1,1,1,1,80,20,0.40944881889763785,0.010348645,8.758538e-05,0.99347645,0
0.811798632144928,0.7598657011985779,0.7834447026252747,0.05263155124655198,0,0,0,0,0,1,1,1,0,116,50,0.4276729559748428,0.99993455,4.133498e-05,0.9954542,0
0.8098150491714478,0.795646071434021,0.7821442484855652,0.055555524691375174,0,0,0,0,0,1,1,1,1,87,35,0.5081967213114754,0.98659736,3.6941146e-05,0.9976452,0
0.81303870677948,0.7465636730194092,0.7698919177055359,0.04761902494332146,0,0,0,0,0,1,1,1,0,86,20,0.46376811594202894,0.998566,5.154441e-05,4.8181464e-05,0
0.81303870677948,0.7658383250236511,0.7698919177055359,0.04761902494332146,0,0,0,0,0,1,1,1,0,110,20,0.46376811594202894,0.998566,4.058605e-05,4.8181464e-05,0
0.815241277217865,0.7825655341148376,0.75734943151474,0.05263155124655198,0,0,0,0,0,1,1,0,0,88,15,0.43373493975903604,0.014087698,9.003704e-05,0.001347844,0
0.7816956043243408,0.7443038821220398,0.7612380385398865,0.043478241965981754,0,0,0,0,0,1,0,1,1,84,32,0.46376811594202894,0.9940941,0.00012689123,0.004095615,0
0.9350982308387756,0.8732378482818604,0.9181617498397827,0.18518511659810497,0,1,1,0,0,1,1,0,0,88,26,0.8032786885245902,1.6518048e-05,7.683454e-05,0.0009853967,1
0.8791291117668152,0.8275421857833862,0.8502687215805054,0.05263155124655198,0,1,1,0,0,1,1,1,0,99,49,0.453781512605042,0.00059013045,0.00013336915,0.000924863,0
0.833976149559021,0.8190459609031677,0.8109429478645325,0.0,0,1,0,0,0,1,1,1,0,98,18,0.5081967213114754,0.019793695,0.0063517755,0.00053469033,0
0.8320471048355103,0.8008101582527161,0.8351296782493591,0.058823494809708936,0,1,0,0,0,1,1,0,0,86,24,0.47540983606557374,0.013471378,0.98818505,0.16828892,0
0.8389873504638672,0.7993513345718384,0.8301805257797241,0.030303021120296626,0,1,0,0,0,1,1,0,0,111,23,0.47933884297520657,0.02637285,0.9999223,0.00047152647,0
0.8525413870811462,0.8073680400848389,0.8312155604362488,0.0,0,1,0,0,0,1,1,1,0,121,53,0.4369747899159664,0.008904073,0.011509136,0.0037804763,0
0.7980744242668152,0.777479350566864,0.7642949223518372,0.0,0,1,0,0,0,1,0,0,0,77,5,0.375,0.98484784,0.02671511,0.06692998,0
0.8088096976280212,0.7702983021736145,0.7934150695800781,0.0,0,1,0,0,0,1,0,0,0,102,33,0.5,0.9986197,0.51555175,0.0947381,0
0.8233356475830078,0.784424364566803,0.8043798208236694,0.0,0,1,0,0,0,1,0,1,0,94,46,0.47540983606557374,0.96280026,0.0006997842,0.00034370524,0
0.8458555340766907,0.7723121643066406,0.7924610376358032,0.055555524691375174,0,1,0,0,0,1,1,1,0,105,48,0.39669421487603307,0.14653851,0.0045823897,8.965872e-05,0
0.8064244389533997,0.8045758008956909,0.7967868447303772,0.0,0,1,0,0,0,1,0,1,0,90,49,0.46464646464646464,0.9993944,0.0004177856,9.867964e-05,0
0.8245984315872192,0.7672902345657349,0.0,0.0,0,1,0,0,0,1,0,1,0,95,1,0.42622950819672134,0.012703819,0.0007570467,0.0011417287,0
0.7883220314979553,0.7173812389373779,0.0,0.11111098765445816,0,1,0,0,0,1,0,1,0,11,1,0.11111111111111116,0.0008714177,0.19682255,0.0011417287,0
0.8679998517036438,0.8251163959503174,0.8383510112762451,0.0,0,1,0,0,0,1,1,1,0,86,50,0.4590163934426229,0.00011695529,0.0046399403,8.947183e-05,0
0.7996156215667725,0.7795426845550537,0.0,0.1999998000002,0,1,0,0,0,1,1,1,0,90,1,0.5245901639344263,0.00066017074,0.006242752,0.0011417287,0
0.7996156215667725,0.7746317982673645,0.0,0.1999998000002,0,1,0,0,0,1,1,1,0,102,1,0.5245901639344263,0.00066017074,0.023985764,0.0011417287,0
0.7996156215667725,0.7732070088386536,0.0,0.1999998000002,0,1,0,0,0,1,1,1,0,104,1,0.5245901639344263,0.00066017074,0.06824482,0.0011417287,0
0.8293638229370117,0.7875982522964478,0.8271920084953308,0.09090904958679565,0,1,0,0,0,1,1,1,0,119,24,0.5081967213114754,0.08378542,0.00018732714,0.008940232,0
0.8552432060241699,0.8048572540283203,0.799321174621582,0.16666657407412552,0,1,1,0,0,1,1,1,0,76,40,0.6229508196721312,0.0037810137,0.00063600583,0.0032314807,0
0.8256928324699402,0.8001642227172852,0.0,0.099999950000025,0,1,0,0,0,1,1,1,0,89,1,0.5737704918032787,0.002016084,0.0013928642,0.0011417287,0
0.869694173336029,0.7758314609527588,0.808143138885498,0.0,0,1,0,0,0,1,1,0,0,147,57,0.4421052631578948,0.986561,0.0010420677,0.0011141514,0
0.8332723379135132,0.7987663149833679,0.0,0.07692304733728948,0,1,0,0,0,1,1,1,0,109,1,0.43103448275862066,0.0028827635,0.018039376,0.0011417287,0
0.8009912371635437,0.7849360108375549,0.8054545521736145,0.07407404663924198,0,1,0,0,0,1,1,1,0,100,26,0.4112149532710281,0.046812065,0.0031249104,0.33054748,0
0.8642817735671997,0.7986993193626404,0.8321382403373718,0.13636357438019348,0,1,1,0,0,1,1,1,0,95,27,0.5573770491803278,0.00019571678,0.00031699333,0.06317729,0
0.8118060827255249,0.7721042037010193,0.7967791557312012,0.11764698961941787,0,1,0,0,0,1,1,0,0,72,24,0.5245901639344263,0.0015797453,0.00047259717,0.00026151186,0
0.8288475871086121,0.7836447358131409,0.8108572959899902,0.07407404663924198,0,1,0,0,0,1,0,0,1,103,27,0.4086021505376344,0.0011531918,0.00020669505,9.330601e-05,0
0.7975831031799316,0.7655116319656372,0.0,0.03448274673008733,0,1,0,0,0,1,1,1,0,112,1,0.47540983606557374,0.99426854,0.0008860297,0.0011417287,0
0.7975831031799316,0.7750652432441711,0.0,0.03448274673008733,0,1,0,0,0,1,1,1,0,122,1,0.47540983606557374,0.99426854,0.00052174955,0.0011417287,0
0.7981240153312683,0.7760599851608276,0.0,0.03448274673008733,0,1,0,0,0,1,1,1,0,102,1,0.47540983606557374,0.99212235,0.0005063313,0.0011417287,0
0.9069269895553589,0.8482962846755981,0.8373281359672546,0.3749997656251465,0,0,0,2,0,1,0,1,0,119,24,1.0,7.4513686e-05,0.00034198572,0.006256202,1
0.9183547496795654,0.816886305809021,0.0,0.24999968750039064,0,0,0,1,0,1,1,1,0,90,1,0.6904761904761905,5.1379953e-05,0.0034849353,0.03727537,1
0.9183547496795654,0.8265469670295715,0.0,0.24999968750039064,0,0,0,1,0,1,0,1,0,102,1,0.6904761904761905,5.1379953e-05,0.034856785,0.03727537,1
0.9183547496795654,0.8283231258392334,0.0,0.24999968750039064,0,0,0,1,0,1,0,1,0,104,1,0.6904761904761905,5.1379953e-05,0.073810995,0.03727537,1
0.8731946349143982,0.8524047136306763,0.8602163791656494,0.17391296786392701,0,0,0,1,0,1,0,1,0,100,26,0.7272727272727273,3.902305e-05,0.001725075,0.0021223351,1
0.8293530344963074,0.8151670098304749,0.0,0.07692304733728948,0,0,0,0,0,1,0,1,0,112,1,0.5476190476190477,0.0020568992,0.000986775,0.03727537,0
0.8293530344963074,0.8240823149681091,0.0,0.07692304733728948,0,0,0,0,0,1,1,1,0,122,1,0.5476190476190477,0.0020568992,0.00047125664,0.03727537,0
0.8336008787155151,0.8175374865531921,0.0,0.07692304733728948,0,0,0,0,0,1,1,1,0,102,1,0.5476190476190477,0.004009605,0.00044964452,0.03727537,0
0.8293530344963074,0.822462797164917,0.0,0.07692304733728948,0,0,0,0,0,1,0,1,0,129,1,0.5476190476190477,0.0020568992,0.0005431509,0.03727537,0
0.8153427243232727,0.7933082580566406,0.789259672164917,0.11764698961941787,0,0,1,0,0,1,1,1,0,76,40,0.631578947368421,0.9999584,0.00018150444,0.0314977,0
0.8790819048881531,0.8045250177383423,0.7893301248550415,0.21428556122459913,0,0,0,0,0,1,0,0,0,72,24,0.8095238095238095,1.5631402e-05,0.0007649898,9.098075e-05,1
0.832990288734436,0.7427670359611511,0.0,0.11538457100593423,0,0,0,0,0,1,1,1,0,77,1,0.4761904761904761,0.010901096,9.060521e-05,0.03727537,0
0.8328924775123596,0.8000011444091797,0.0,0.1764704844291268,0,0,0,0,0,1,0,1,0,89,1,0.6428571428571428,0.9998437,0.0051875855,0.03727537,0
0.8144873380661011,0.7810057997703552,0.8029274940490723,0.09523804988664292,0,0,1,0,0,1,0,1,0,95,27,0.5714285714285714,0.999946,0.00023463649,0.9994098,0
0.8564271926879883,0.8443760871887207,0.8732255101203918,0.07499998125000468,0,0,1,0,0,1,1,0,0,103,23,0.7619047619047619,0.002560267,0.00022753859,0.98184973,1
0.8096250295639038,0.7769502401351929,0.7948498129844666,0.07692304733728948,0,0,0,0,0,1,0,1,0,100,27,0.5,0.9900913,0.001954864,0.0022373348,0
0.8070005774497986,0.7818449139595032,0.0,0.08333329861112558,0,0,0,0,0,1,0,1,0,109,1,0.40476190476190477,0.027919844,0.009024571,0.03727537,0
0.9397655725479126,0.8141381740570068,0.8026846647262573,0.14285693877580175,0,0,0,0,0,1,1,1,0,73,18,0.6829268292682926,3.5678488e-05,9.169188e-05,0.9983084,1
0.8476499915122986,0.7675923705101013,0.7999716401100159,0.0,0,0,0,0,0,1,0,0,0,21,19,0.12121212121212122,0.10526968,0.0012450081,0.114417695,0
0.8548772931098938,0.7609431743621826,0.8082400560379028,0.19999960000080003,0,0,0,0,0,1,1,1,0,96,28,0.6666666666666667,0.9987704,0.11182703,0.088791505,0
0.8247837424278259,0.7441414594650269,0.7896673083305359,0.0,0,0,0,0,0,1,0,0,0,59,23,0.125,0.23658736,0.102350764,0.07890926,0
0.8655704259872437,0.7720199227333069,0.8241406083106995,0.19999960000080003,0,0,0,0,0,1,1,1,0,113,32,0.5714285714285714,0.9992556,0.00035482348,0.12280829,0
0.8450977206230164,0.7501303553581238,0.0,0.16666638888935187,0,0,0,0,0,1,1,1,1,87,1,0.4285714285714286,0.97064275,0.0006917243,0.750732,0
0.8641330599784851,0.7902581691741943,0.8072181344032288,0.12499984375019532,0,0,0,0,0,1,1,1,0,83,20,0.5714285714285714,0.99986315,0.00019192898,0.999928,0
0.8722681403160095,0.758895218372345,0.783833920955658,0.16666638888935187,0,0,0,0,0,1,1,1,0,92,55,0.6666666666666667,0.9999521,0.00012952363,0.011195191,0
0.8780962824821472,0.7875674366950989,0.807069718837738,0.14285693877580175,0,0,0,0,0,1,1,1,0,85,34,0.6666666666666667,0.99965143,0.0011754916,0.0003689765,0
0.8227728009223938,0.7284993529319763,0.7570300698280334,0.0,0,0,0,0,0,1,0,1,0,71,20,0.125,0.9916368,0.0023929826,0.0027344385,0
0.7957128286361694,0.7384001016616821,0.760148286819458,0.0,0,0,0,0,0,1,0,0,0,57,22,0.12121212121212122,0.2672069,0.11284006,0.105353154,0
0.8372576236724854,0.7573304772377014,0.0,0.12499984375019532,0,0,0,0,0,1,0,1,1,41,1,0.4705882352941176,0.87565285,0.0047075236,0.750732,0
0.854376494884491,0.7959399819374084,0.8044527769088745,0.19999960000080003,0,0,0,0,0,1,1,1,0,82,32,0.6190476190476191,0.46970835,0.00027598086,0.00034763748,0
0.8544224500656128,0.790630042552948,0.7881982922554016,0.16666638888935187,0,0,0,0,0,1,0,0,0,96,45,0.4285714285714286,0.88210857,0.09056272,0.0001180706,0
0.8399946093559265,0.7625750303268433,0.7945202589035034,0.12499984375019532,0,0,0,0,0,1,1,1,0,97,20,0.5238095238095238,0.9999627,0.00013646847,0.9999473,0
0.7683200240135193,0.7579551935195923,0.7667035460472107,0.0,0,0,0,0,0,1,0,0,0,11,12,0.12121212121212122,0.13837665,0.38995558,0.23106831,0
0.7725757956504822,0.755609929561615,0.7583667039871216,0.0,0,0,0,0,0,1,0,0,0,23,5,0.12903225806451613,0.08886714,0.051517792,0.80812615,0
0.9322317242622375,0.8561260104179382,0.8788770437240601,0.38461508875762407,0,0,0,0,0,1,1,1,0,88,22,0.48837209302325574,0.00043094708,0.0002876087,9.161701e-05,0
0.908783495426178,0.8757878541946411,0.8770418167114258,0.39999973333351113,0,0,0,0,0,1,1,1,0,106,53,0.48837209302325574,4.271066e-05,0.16075055,3.404268e-05,0
0.9039252400398254,0.8686211705207825,0.0,0.35714260204099857,0,0,0,0,0,1,1,1,0,79,1,0.5652173913043479,6.221678e-05,0.98108405,0.99741757,0
0.887932300567627,0.8776496648788452,0.8790677785873413,0.29411747404854466,0,0,0,0,0,1,1,0,0,81,23,0.4838709677419355,0.0005762616,0.9919934,0.9995271,0
0.9133842587471008,0.87012779712677,0.8868419528007507,0.1764704844291268,0,0,0,1,0,1,1,1,0,102,53,0.5977011494252873,0.00016999624,0.0016794644,0.0063847397,1
0.9081494808197021,0.8965557813644409,0.8924972414970398,0.24999989583337673,0,0,0,1,0,1,1,1,0,109,52,0.826086956521739,0.00032447913,0.0006090614,0.0019315011,1
0.9038206338882446,0.8787581920623779,0.8922389149665833,0.15789465373965592,0,0,0,0,0,1,1,0,0,119,22,0.6086956521739131,0.0016018327,0.00061708107,0.99995387,1
0.9341206550598145,0.8611405491828918,0.888109564781189,0.3333331111112593,0,0,0,0,0,1,1,1,0,97,49,0.5842696629213483,0.9997782,0.00040535128,0.00042661725,1
0.8886474370956421,0.8367074728012085,0.8620258569717407,0.16666657407412552,0,0,0,0,0,1,1,1,0,103,29,0.4838709677419355,0.00014981402,0.0014707677,0.014649933,0
0.9492374062538147,0.881259560585022,0.8681265115737915,0.30769207100609924,0,0,0,0,0,1,1,1,0,131,36,0.5714285714285714,6.61481e-05,9.528829e-05,0.99994254,1
0.8803703188896179,0.8746448755264282,0.8809964060783386,0.1081080788897084,0,0,1,1,0,1,1,1,0,118,52,0.5747126436781609,0.99997723,0.0028921722,0.00684566,1
0.9132933616638184,0.887816309928894,0.885612428188324,0.21052620498620792,0,0,0,0,0,1,1,1,1,96,26,0.5652173913043479,0.0009875655,0.0011421643,0.02016689,0
0.8972235918045044,0.8569772839546204,0.0,0.14285707482996438,0,0,1,0,0,1,1,1,0,133,1,0.5882352941176471,0.99719405,0.018892478,0.99741757,0
0.8972235918045044,0.8570475578308105,0.0,0.14285707482996438,0,0,1,0,0,1,1,1,0,124,1,0.5882352941176471,0.99719405,8.746643e-05,0.99741757,0
0.8690094351768494,0.799085259437561,0.8113303184509277,0.1333332444445037,0,0,0,0,0,1,0,0,0,109,1,0.5121951219512195,0.023637136,4.7107522e-05,0.5310988,0
0.852623462677002,0.8391581773757935,0.8436099290847778,0.13043472589794528,0,0,0,0,0,1,1,1,0,87,29,0.5434782608695652,0.014496692,0.002024001,0.9987061,0
0.8799301981925964,0.8536686897277832,0.8494943380355835,0.13636357438019348,0,0,0,0,0,1,1,1,0,101,57,0.5555555555555556,0.9981718,0.00042388274,0.9962387,0
0.9460170269012451,0.9115095734596252,0.9227951765060425,0.4374997265626709,0,0,0,1,0,1,1,1,0,102,53,0.7833333333333333,2.3287887e-05,0.008775356,0.019795047,1
0.9251066446304321,0.9013168215751648,0.9112629294395447,0.3749998437500651,0,0,0,1,0,1,1,1,0,109,52,0.7,0.00017944281,0.055334214,0.0011911766,1
0.914871335029602,0.8989138603210449,0.9306885004043579,0.1891891380569897,0,0,1,1,0,1,1,1,0,118,52,0.7333333333333334,0.9999765,0.875783,0.012715683,1
0.9213321805000305,0.9037545919418335,0.9303292036056519,0.19047609977328583,0,0,0,0,0,1,1,0,0,119,22,0.6666666666666667,0.00041529603,0.49283665,0.99996245,1
0.9387285709381104,0.8819833993911743,0.9087788462638855,0.5333329777780148,0,0,0,0,0,1,1,1,0,97,49,0.6964285714285714,1.7005885e-05,0.0094222175,0.0011919991,1
0.9152810573577881,0.8619963526725769,0.8716843128204346,0.31249980468762206,0,0,0,0,0,1,1,1,0,88,22,0.6206896551724138,0.0001231355,0.00024929846,0.0010155769,0
0.9049052000045776,0.8698538541793823,0.8827081322669983,0.33333314814825105,0,0,0,0,0,1,1,1,0,106,53,0.6206896551724138,0.00034379735,0.0048618317,0.00020173151,0
0.8827171325683594,0.8805081248283386,0.8761913180351257,0.24999987500006252,1,0,0,0,0,1,1,0,0,81,23,0.5666666666666667,0.0013793024,0.0042063496,0.9991972,0
0.9023262858390808,0.8630379438400269,0.0,0.29411747404854466,0,0,0,0,0,1,1,1,0,79,1,0.6833333333333332,0.06436414,0.9625673,0.9994548,0
0.8971794843673706,0.8484331369400024,0.8830347657203674,0.19999990000005,0,0,0,0,0,1,1,1,0,103,29,0.5333333333333333,4.7520894e-05,0.0019226181,0.3034833,0
0.9682291746139526,0.9224830865859985,0.8951014876365662,0.3333331111112593,0,0,0,0,0,1,1,1,0,131,36,0.7666666666666666,1.6053935e-05,0.9339154,0.9999603,1
0.8862799406051636,0.8236643671989441,0.8430500626564026,0.31818167355378474,0,0,0,0,0,1,1,0,0,104,20,0.5333333333333333,0.0007564246,0.00042958558,0.21792845,0
0.9319056868553162,0.9020241498947144,0.9111636877059937,0.2380951247166073,0,0,0,0,0,1,1,1,1,96,26,0.5666666666666667,2.607278e-05,0.7015486,0.8650251,0
0.8580754399299622,0.7929789423942566,0.8178092241287231,0.1818180991735913,0,0,0,0,0,1,1,0,0,94,9,0.5391304347826087,5.3585412e-05,0.18725707,0.00460436,0
0.8580754399299622,0.8233088850975037,0.8235939145088196,0.1818180991735913,0,0,0,0,0,1,1,0,0,103,7,0.6050420168067228,5.3585412e-05,0.00036025746,0.00014581744,0
0.885158360004425,0.8618096113204956,0.8674458265304565,0.21739120982990878,0,0,0,0,0,1,1,1,0,101,57,0.5617977528089888,0.9357683,0.0008437164,0.2225983,0
0.8596108555793762,0.8152831196784973,0.8290426135063171,0.3888886728396262,0,0,0,0,0,1,1,1,0,87,18,0.5894736842105264,0.0059528346,0.9825577,0.99967074,0
0.9334180355072021,0.8834023475646973,0.9256104826927185,0.2666665777778074,0,0,0,0,0,1,1,1,0,137,22,0.7719298245614035,0.00047867838,0.008488512,0.99993145,1
0.868793785572052,0.825943648815155,0.8537492156028748,0.1818180991735913,0,0,0,0,0,1,1,0,1,119,23,0.5333333333333333,4.3318727e-05,0.003553025,0.99925715,0
0.9918276071548462,0.8167687654495239,0.843941867351532,0.9999987500015626,1,0,0,1,0,1,1,1,0,92,49,0.9444444444444444,9.010466e-05,0.0018308122,0.9977397,1
0.9521065950393677,0.8357345461845398,0.829246461391449,0.666665925926749,1,0,0,1,0,1,1,0,1,117,28,0.7714285714285716,4.1364583e-05,0.00017275212,8.4103944e-05,1
0.9403649568557739,0.8382951617240906,0.8647873401641846,0.5833328472226273,1,0,0,1,0,1,1,1,0,123,24,0.8055555555555556,5.5976157e-06,0.0009049699,0.015751624,1
0.7828945517539978,0.7907589673995972,0.8019771575927734,0.0,0,0,0,0,0,1,0,1,0,97,14,0.4482758620689655,0.993836,0.0018560818,0.0021331424,1
0.8934280276298523,0.8251757621765137,0.8056277632713318,0.12499992187504883,1,0,0,0,0,1,0,1,0,96,1,0.5901639344262295,4.841491e-06,0.00081668765,0.0974134,1
0.8857863545417786,0.7975356578826904,0.7980941534042358,0.16666652777789354,1,0,0,0,0,1,0,1,0,87,51,0.5901639344262295,3.3469885e-05,0.0023964816,0.05750324,1
0.802396297454834,0.754088282585144,0.7932687401771545,0.0,0,0,0,0,0,1,0,1,0,112,72,0.48,0.061257277,0.0005052542,0.78107834,0
0.7945533990859985,0.7696558833122253,0.7766736745834351,0.0714285204081997,0,0,0,0,0,1,0,0,0,82,41,0.47272727272727283,0.03450055,0.060305502,0.001060879,0
0.8949401378631592,0.8071202635765076,0.843444287776947,0.11111104938275035,1,0,0,0,0,1,0,1,0,100,46,0.5,1.2083533e-05,0.00028241254,0.0008882564,1
0.8711463212966919,0.7819420099258423,0.7995828986167908,0.24999979166684028,1,0,0,0,0,1,1,1,0,73,20,0.4722222222222222,0.9967128,0.0009619055,0.9920952,0
0.8258065581321716,0.7887547612190247,0.8305795192718506,0.099999950000025,1,0,0,0,0,1,0,0,0,94,17,0.4814814814814815,0.0036097846,0.0026906703,0.98684734,0
0.8400522470474243,0.7578915357589722,0.7705326080322266,0.1428570408163994,1,0,0,0,0,1,0,1,0,122,45,0.5277777777777778,0.17645854,0.001516527,0.06613338,0
0.8587490916252136,0.7435246706008911,0.7879695296287537,0.1428570408163994,1,0,0,0,0,1,0,1,0,100,44,0.4193548387096774,0.9588407,0.004574008,0.99985504,0
0.8615655303001404,0.7454050779342651,0.0,0.0,0,0,0,0,0,1,0,0,1,84,1,0.13888888888888884,0.86926347,0.0012716586,0.1110474,0
0.851236879825592,0.7906591892242432,0.7937213182449341,0.16666652777789354,1,0,0,0,0,1,0,1,0,73,41,0.4,0.0005403184,0.0003099958,0.9981071,0
0.8815082907676697,0.8268478512763977,0.0,0.35714260204099857,1,0,0,0,0,1,1,0,0,90,1,0.6194690265486726,0.00031508418,0.0006895995,0.001824813,0
0.8136299848556519,0.8195385336875916,0.8356329798698425,0.09677416233091538,0,0,0,0,0,1,1,0,0,100,51,0.6610169491525424,0.98151016,0.0013166929,0.00018389654,0
0.9341968297958374,0.8894238471984863,0.8887698650360107,0.36842085872586383,1,0,0,0,0,1,1,1,0,74,24,0.7741935483870968,7.101754e-06,0.996267,0.0011789884,1
0.8499100208282471,0.8148354887962341,0.781362771987915,0.23529397923883574,1,0,0,0,0,1,1,0,1,96,26,0.5913043478260869,0.99947745,0.0001011725,0.98989934,0
0.7704293131828308,0.802048921585083,0.827980637550354,0.04166664930556279,0,0,0,0,0,1,1,0,1,95,23,0.4705882352941176,0.000113072165,0.0003090057,0.0011915104,0
0.8285694122314453,0.7824957370758057,0.0,0.16666657407412552,0,0,0,0,0,1,1,1,0,100,1,0.46875,0.00058622996,4.5515793e-05,0.001824813,0
0.8053392767906189,0.7982432246208191,0.802101194858551,0.1249999609375122,0,0,0,0,0,1,1,1,0,104,39,0.6071428571428572,0.02485477,0.0006280704,0.053385384,0
0.7931676506996155,0.7990210056304932,0.8116670846939087,0.03571427295918823,0,0,0,0,0,1,1,0,0,70,23,0.4814814814814815,0.0046335435,0.00034481246,0.00011089067,0
0.8091806769371033,0.7742574214935303,0.0,0.21052620498620792,0,0,0,0,0,1,1,1,0,117,1,0.4642857142857143,0.00033241688,0.03201073,0.001824813,0
0.820070743560791,0.8200228810310364,0.8275532722473145,0.14814809327848397,1,0,0,0,0,1,1,0,1,95,28,0.484375,0.00029310313,9.909916e-05,0.9511573,0
0.8331664204597473,0.8009559512138367,0.0,0.17391296786392701,0,0,0,0,0,1,1,0,0,91,1,0.44705882352941173,0.0001790511,0.00011926754,0.001824813,0
0.8339289426803589,0.7948077917098999,0.0,0.04545452479339782,1,0,0,0,0,1,1,1,0,116,1,0.515625,0.0002854449,5.7554047e-05,0.001824813,0
0.8449308276176453,0.7919673919677734,0.0,0.1764704844291268,0,0,0,0,0,1,1,0,0,92,1,0.4631578947368421,0.100486375,0.00031422862,0.001824813,0
0.8127673864364624,0.7770747542381287,0.8005726337432861,0.10714281887756469,0,0,1,0,0,1,1,0,0,81,22,0.49090909090909096,0.999941,0.00048455465,5.8046575e-05,0
0.8388733863830566,0.7965735197067261,0.7904971837997437,0.0499999750000125,1,0,0,0,0,1,1,0,0,102,36,0.453125,0.9855253,0.0007478695,0.0006567584,0
0.8122289776802063,0.7749139070510864,0.0,0.099999950000025,1,0,0,0,0,1,1,1,0,85,1,0.46399999999999997,0.00013395223,0.026760038,0.001824813,0
0.919987678527832,0.8914544582366943,0.8851096630096436,0.3749997656251465,1,0,0,0,0,1,1,1,0,74,24,0.7142857142857143,6.902693e-06,0.0072351866,0.00076128653,1
0.8411504030227661,0.815999448299408,0.805547833442688,0.06249996093752441,1,0,0,0,0,1,1,0,0,102,36,0.5714285714285714,0.0010966008,0.00016547868,0.00041822088,0
0.809695839881897,0.7876257300376892,0.803709089756012,0.06666662222225185,1,0,1,0,0,1,1,1,0,71,53,0.4367816091954023,0.9659099,0.0013976137,0.0006392922,0
0.8717018961906433,0.8166649341583252,0.0,0.15384603550304962,1,0,0,0,0,1,1,0,0,90,1,0.46938775510204084,9.059823e-05,0.00016425316,0.09819592,0
0.8126578330993652,0.7929773926734924,0.0,0.04545452479339782,0,0,0,0,0,1,1,0,0,91,1,0.3896103896103897,0.00022156231,0.00012455077,0.09819592,0
0.8163743019104004,0.8008076548576355,0.8313068151473999,0.0,1,0,0,0,0,1,1,0,0,102,25,0.5060240963855422,0.002715605,6.4402295e-05,0.00030472965,0
0.8031054139137268,0.7786811590194702,0.8092333674430847,0.03846152366864474,0,0,1,0,0,1,1,0,0,81,22,0.5319148936170213,0.99994075,0.00040063844,0.00019369189,0
0.8268480896949768,0.8217380046844482,0.8273928165435791,0.0799999680000128,1,0,0,0,0,1,1,0,1,95,28,0.42105263157894735,0.0019384053,7.973458e-05,0.8676262,0
0.7842779159545898,0.781513512134552,0.7945801615715027,0.0,0,0,0,0,0,1,1,0,0,83,25,0.46808510638297873,0.0076014604,0.00019925182,0.0036013492,0
0.8020353317260742,0.7806253433227539,0.7946034669876099,0.0,1,0,0,0,0,1,1,1,0,104,49,0.3877551020408163,0.9762831,0.0009285237,0.0076282076,0
0.8500204086303711,0.8282274007797241,0.8192408680915833,0.043478241965981754,1,0,0,0,0,1,1,1,1,123,22,0.5531914893617021,5.3692762e-05,0.00013556285,0.06895176,0
0.8224995136260986,0.7950212359428406,0.7729735374450684,0.06249996093752441,1,0,0,0,0,1,1,0,1,96,26,0.45070422535211263,0.054829516,3.3295604e-05,0.0031440943,0
0.792678952217102,0.7946884632110596,0.8154544830322266,0.03448274673008733,0,0,0,0,0,1,1,0,0,100,51,0.4666666666666666,0.059360035,0.00049081526,0.00011089267,0
0.8421798348426819,0.8073016405105591,0.8138310313224792,0.055555524691375174,1,0,1,0,0,1,1,0,0,100,49,0.5306122448979591,0.0010507467,0.000121815865,7.51244e-05,0
0.838833749294281,0.7910509705543518,0.0,0.06666662222225185,0,0,0,0,0,1,1,0,0,92,1,0.36734693877551017,0.11971526,0.0002587303,0.09819592,0
0.7995835542678833,0.8166584372520447,0.8052420616149902,0.03571427295918823,0,0,0,0,0,1,1,0,0,116,43,0.5319148936170213,0.97564155,0.00029572472,0.00040229817,0
0.8043606877326965,0.796749472618103,0.8185255527496338,0.0499999750000125,0,0,0,0,0,1,1,0,1,93,25,0.46938775510204084,0.0007577313,0.0001596441,0.0024589596,0
0.9197011590003967,0.8353222012519836,0.8227812051773071,0.24999979166684028,1,0,0,0,0,1,1,0,0,102,36,0.5333333333333333,4.7385847e-06,0.00144471,0.00038526038,1
0.8442044854164124,0.7442257404327393,0.0,0.11111098765445816,0,0,0,0,0,1,1,1,0,79,1,0.43333333333333335,0.02170159,5.2642576e-05,0.20270088,0
0.8442044854164124,0.7417165637016296,0.0,0.11111098765445816,0,0,0,0,0,1,1,1,0,87,1,0.43333333333333335,0.02170159,8.6086635e-05,0.20270088,0
0.8000803589820862,0.7706339955329895,0.0,0.04761902494332146,1,0,0,0,0,1,0,1,1,91,1,0.5666666666666667,0.17884754,0.0010570276,0.20270088,0
0.8465687036514282,0.8222224712371826,0.8340940475463867,0.0,1,0,0,0,0,1,1,0,0,102,25,0.5652173913043479,0.031736407,7.951753e-05,0.00047399165,0
0.8423170447349548,0.8020186424255371,0.8255991339683533,0.0,1,0,0,0,0,1,1,0,1,121,25,0.5,0.00027411536,0.0005848324,0.0035405806,0
0.7998830080032349,0.777868390083313,0.0,0.0499999750000125,1,0,0,0,0,1,0,1,0,86,1,0.43333333333333335,0.999713,0.009215868,0.20270088,0
0.8209805488586426,0.753524661064148,0.7883321046829224,0.11111098765445816,1,0,0,0,0,1,0,1,0,101,20,0.43333333333333335,0.99962735,8.3931205e-05,0.00022123307,0
0.7903205156326294,0.7574986219406128,0.7835249900817871,0.11111098765445816,0,0,0,0,0,1,0,0,0,68,5,0.2857142857142857,0.99914753,0.0022981053,0.99584806,0
0.8317983746528625,0.7723348736763,0.7811065912246704,0.12499984375019532,1,0,0,0,0,1,0,0,0,80,27,0.46808510638297873,0.17484128,0.0005652286,0.003154511,0
0.8468495607376099,0.8381377458572388,0.8302391171455383,0.0799999680000128,0,0,0,0,0,1,1,0,0,116,43,0.4666666666666666,2.65193e-05,0.00018602012,0.0008687975,1
0.7742152214050293,0.7259716391563416,0.0,0.0,0,0,0,0,0,1,0,1,1,50,1,0.13043478260869568,0.3372893,0.47188792,0.20270088,0
0.7742152214050293,0.738451361656189,0.0,0.0,0,0,0,0,0,1,0,1,1,47,1,0.13043478260869568,0.3372893,0.0613586,0.20270088,0
0.7742152214050293,0.7330456376075745,0.0,0.0,0,0,0,0,0,1,0,1,1,42,1,0.13043478260869568,0.3372893,0.44477153,0.20270088,0
0.7742152214050293,0.7330456376075745,0.0,0.0,0,0,0,0,0,1,0,1,1,42,1,0.13043478260869568,0.3372893,0.44477153,0.20270088,0
0.8202164173126221,0.7989763021469116,0.825752317905426,0.0,0,0,0,0,0,1,1,0,0,83,25,0.6274509803921569,0.00044319025,0.0003759665,0.0022435812,0
0.7281566262245178,0.720546305179596,0.7564895153045654,0.0,0,0,0,0,0,1,0,1,0,47,7,0.13636363636363635,0.94370884,0.00052497815,0.56800026,0
0.8238791823387146,0.7950224280357361,0.8198127150535583,0.0999999000001,1,0,0,0,0,1,1,0,0,73,32,0.5333333333333333,0.0003480318,0.00077349844,0.15350527,0
0.778213620185852,0.7373337149620056,0.7387943863868713,0.0999999000001,1,0,0,0,0,1,0,0,0,62,41,0.47272727272727283,0.97305894,0.0038603698,0.05361136,0
0.8628143072128296,0.8291231393814087,0.8414840698242188,0.13636357438019348,1,0,0,0,0,1,1,0,1,99,24,0.6593406593406592,0.99680746,0.0015246627,0.00028684046,0
0.8559355735778809,0.770839273929596,0.8368561863899231,0.29411747404854466,0,0,0,0,0,1,1,1,0,107,34,0.5882352941176471,1.3897899e-05,0.014573398,0.0005233631,0
0.873796284198761,0.819282054901123,0.0,0.16666652777789354,0,0,0,0,0,1,1,1,0,71,1,0.4705882352941176,0.9998621,0.34383476,0.0023325428,0
0.884152352809906,0.7752419710159302,0.8337396383285522,0.30769207100609924,0,0,0,0,0,1,1,1,0,131,30,0.7058823529411764,0.00024298266,0.00035640516,0.0035384765,0
0.8615170121192932,0.8457583785057068,0.8575210571289062,0.1764704844291268,0,0,0,0,0,1,1,0,1,128,26,0.4871794871794872,2.5586825e-05,0.00058786955,0.00016342601,0
0.8087578415870667,0.7787814140319824,0.8126234412193298,0.06249996093752441,1,0,0,0,0,1,1,1,0,86,20,0.5294117647058824,9.604392e-05,0.00020661126,0.00014923255,0
0.8729591965675354,0.7743471264839172,0.7944790124893188,0.24999984375009765,0,0,0,0,0,1,1,1,0,80,34,0.6862745098039216,0.0014037002,0.0061517195,7.5915166e-05,0
0.8002098202705383,0.7471157312393188,0.0,0.19999990000005,1,0,0,0,0,1,1,0,0,84,1,0.5294117647058824,0.00713536,0.015867777,0.0023325428,0
0.8429250717163086,0.7764659523963928,0.0,0.2222220987655007,1,0,0,0,0,1,1,0,0,89,1,0.5227272727272727,0.9675235,0.0007396717,0.0023325428,0
0.8321065306663513,0.8254687190055847,0.8382946252822876,0.1499999250000375,1,0,0,0,0,1,1,1,1,93,26,0.5,0.99988127,0.002977548,8.456918e-05,1
0.8577556610107422,0.7622857689857483,0.8235848546028137,0.09677416233091538,0,0,0,0,0,1,1,0,1,110,22,0.4901960784313726,0.00011152904,0.00035401658,7.310617e-05,0
0.7543607950210571,0.7343286871910095,0.7498418688774109,0.0,0,0,0,0,0,1,0,1,0,118,20,0.37254901960784315,0.99994326,0.0003005262,0.06762726,0
0.8143690824508667,0.7436971664428711,0.7724166512489319,0.11538457100593423,1,0,1,0,0,1,1,0,0,83,29,0.4691358024691358,0.003181534,0.040463597,7.105203e-05,0
0.8538638353347778,0.8246767520904541,0.8597052097320557,0.1249999609375122,0,0,0,0,0,1,1,0,1,97,21,0.6976744186046511,2.1149595e-05,4.939106e-05,0.00076128735,1
0.8510262966156006,0.8045226335525513,0.0,0.2857140816327988,1,0,0,0,0,1,1,0,0,105,1,0.5714285714285714,0.0019447443,0.0011527062,0.0023325428,0
0.7745295763015747,0.7241848111152649,0.0,0.0,0,0,1,0,0,1,0,1,0,69,1,0.25,0.9880441,0.041405506,0.0023325428,0
0.7896971702575684,0.7512336373329163,0.779721200466156,0.03846152366864474,0,0,0,0,0,1,0,0,1,87,20,0.4117647058823529,0.005402589,0.001805972,0.014006223,0
0.9591431021690369,0.8723037242889404,0.8885498046875,0.46153810650914884,1,0,0,0,0,1,0,1,0,88,22,0.7912087912087913,2.3726268e-05,0.5903964,5.9442722e-05,1
0.919929563999176,0.8597989082336426,0.0,0.3333331111112593,1,0,0,1,0,1,0,1,0,79,1,0.7551020408163265,8.355682e-05,0.99960715,0.0031033496,1
0.9526619911193848,0.9001336097717285,0.8943072557449341,0.46666635555576297,1,0,0,0,0,1,0,1,0,106,53,0.7912087912087913,0.0008447611,0.9977769,1.6232692e-05,1
0.9071077704429626,0.9002075791358948,0.8901008367538452,0.3529409688582536,1,0,0,0,0,1,0,0,0,81,23,0.7692307692307692,1.5448875e-05,0.9998704,0.99995446,1
0.8930308818817139,0.831818163394928,0.8681656718254089,0.2222220987655007,0,0,0,0,0,1,1,1,0,103,29,0.6938775510204082,0.09552201,0.001379271,0.0169763,0
0.9076656699180603,0.8637045621871948,0.8852308392524719,0.2916665451389395,1,0,0,1,0,1,1,1,0,109,52,0.5102040816326531,0.9976185,0.00069749507,0.9785727,0
0.804557740688324,0.7563465237617493,0.7848764657974243,0.058823494809708936,1,0,0,0,0,1,0,1,0,84,1,0.4285714285714286,0.028985776,0.00022812796,0.04302616,1
0.8457896709442139,0.7657216191291809,0.7857751250267029,0.058823494809708936,1,0,0,0,0,1,0,1,1,83,47,0.37362637362637363,0.99271226,9.479646e-05,4.6990495e-05,0
0.8618459701538086,0.8264346718788147,0.8222838640213013,0.2857140816327988,1,0,0,0,0,1,1,1,1,103,50,0.4489795918367348,0.3273591,0.00057406275,0.00034477835,0
0.8739784955978394,0.8388290405273438,0.844005823135376,0.06666662222225185,1,0,0,0,0,1,0,1,0,88,31,0.41463414634146345,0.11670455,0.0013690888,0.041088395,1
0.8261940479278564,0.789298415184021,0.8162713050842285,0.058823494809708936,1,0,0,0,0,1,0,1,0,139,49,0.37362637362637363,0.8329345,0.0011072821,0.000104827326,0
0.8631090521812439,0.7841384410858154,0.767569899559021,0.10526310249310396,1,0,0,0,0,1,0,1,1,94,15,0.4489795918367348,0.8841268,0.99869496,0.97620857,1
0.8547090888023376,0.8089504837989807,0.0,0.29411747404854466,1,0,0,0,0,1,0,1,1,130,1,0.46938775510204084,0.0072569465,0.001993847,0.0031033496,0
0.8768002986907959,0.844988226890564,0.8563045263290405,0.06249996093752441,0,0,0,0,0,1,1,1,0,105,52,0.75,0.0006407827,0.0014953618,0.0008190493,1
0.8700109720230103,0.8185355067253113,0.8107537031173706,0.1333332444445037,0,0,0,0,0,1,1,0,0,120,12,0.5471698113207547,0.000256562,0.0018452965,0.9168776,1
0.8372089862823486,0.8081477284431458,0.8309722542762756,0.11764698961941787,0,0,0,0,0,1,1,1,0,104,51,0.5686274509803921,0.0010349832,0.0021500133,0.01289613,0
0.853209376335144,0.7973231673240662,0.0,0.0,0,0,0,0,0,1,1,0,0,89,1,0.5283018867924528,0.0015952383,0.00029915193,0.9999676,1
0.8184214234352112,0.7803822755813599,0.7912155389785767,0.0,0,0,1,0,0,1,1,0,1,58,20,0.4380952380952381,2.2752505e-05,0.00038151853,0.000102241655,0
0.8204858899116516,0.7968791723251343,0.814778745174408,0.11764698961941787,0,0,0,0,0,1,1,0,0,94,25,0.5849056603773585,0.034037728,0.97080684,0.7509919,0
0.8654599189758301,0.808018147945404,0.8212700486183167,0.06249996093752441,0,0,0,0,0,1,1,1,0,115,11,0.5283018867924528,0.00045662862,0.0021695842,0.0024706805,1
0.834742546081543,0.7851243615150452,0.8185977935791016,0.1333332444445037,0,0,0,0,0,1,1,1,0,87,59,0.4,0.0008103892,0.0021253605,0.23045444,0
0.8187350034713745,0.7958316802978516,0.0,0.055555524691375174,0,0,1,0,0,1,0,1,0,113,1,0.49523809523809526,0.012057871,0.563582,0.9999676,0
0.8192899823188782,0.7953938841819763,0.7931913733482361,0.058823494809708936,0,0,0,0,0,1,0,1,0,106,21,0.4651162790697675,0.017314972,0.0002699783,0.032202568,0
0.8221161365509033,0.7818947434425354,0.8108544945716858,0.04545452479339782,0,0,0,0,0,1,1,1,0,84,51,0.4285714285714286,0.00020067269,0.0012411142,0.007103103,0
0.801986575126648,0.7787150144577026,0.8120276927947998,0.08333326388894677,0,0,0,0,0,1,0,1,0,94,14,0.5283018867924528,0.62121934,0.00025175678,0.0005062483,0
0.8303112983703613,0.7714360952377319,0.8055513501167297,0.06666662222225185,0,0,0,0,0,1,0,1,0,101,53,0.39583333333333337,0.00026357663,0.001725086,0.16489466,0
0.805055558681488,0.7825925946235657,0.8077877163887024,0.04761902494332146,0,0,0,0,0,1,1,1,0,101,50,0.5094339622641509,0.0016667864,0.00010501062,8.7005625e-05,0
0.8245692849159241,0.8031961917877197,0.8135333061218262,0.07692304733728948,0,0,0,0,0,1,1,1,0,104,53,0.4864864864864865,0.04191168,0.00032209774,0.082403004,0
0.8149102926254272,0.7824621200561523,0.8028828501701355,0.06666662222225185,0,0,0,0,0,1,1,1,0,87,25,0.4716981132075472,0.9857632,0.0010314772,0.002186963,0
0.8203302621841431,0.7851522564888,0.8205980062484741,0.058823494809708936,0,0,0,0,0,1,1,0,1,89,23,0.5052631578947369,0.0001568754,3.3949807e-05,0.00058890675,0
0.839445173740387,0.7938981652259827,0.7997934818267822,0.0,0,0,0,0,0,1,0,1,0,82,23,0.45783132530120485,0.006678083,0.0003254967,0.98901623,0
0.8217637538909912,0.7569612860679626,0.7881712317466736,0.08333329861112558,0,0,0,0,0,1,1,1,0,115,48,0.4,0.0030553627,0.0013132698,0.02043767,0
0.8987256288528442,0.8637962341308594,0.8613919019699097,0.36842085872586383,0,0,0,1,0,1,1,1,0,109,22,0.6304347826086957,1.9868197e-05,0.0014988423,0.9999635,1
0.8883664011955261,0.8387482762336731,0.8565402626991272,0.3333331746032502,0,0,0,0,0,1,1,1,0,97,47,0.64,7.515822e-05,0.0013439315,4.7049452e-05,1
0.8762488961219788,0.8341614007949829,0.8515248894691467,0.16666661111112963,0,0,0,0,0,1,1,1,0,98,21,0.6352941176470588,1.9245255e-05,0.00026284446,0.9999579,1
0.8748882412910461,0.7889108657836914,0.8196874856948853,0.1282050953320268,0,0,0,0,0,1,1,1,0,106,41,0.5217391304347826,0.00048378072,0.0106703825,0.9997043,1
0.8748882412910461,0.7980837225914001,0.8247676491737366,0.1282050953320268,0,0,0,0,0,1,1,1,0,88,40,0.5,0.00048378072,0.0017903113,0.99996614,1
0.8548870086669922,0.7958648204803467,0.8196874856948853,0.04761903628118183,0,0,0,0,0,1,1,1,0,104,41,0.5217391304347826,0.00050599815,0.9922409,0.9997043,1
0.8615954518318176,0.8143577575683594,0.0,0.24999979166684028,0,0,0,0,0,1,1,1,0,102,1,0.6521739130434783,0.99997294,0.017388279,0.13722941,0
0.810282289981842,0.7360559701919556,0.7744365930557251,0.055555524691375174,0,0,0,0,0,1,0,1,0,75,17,0.45333333333333337,0.00089255866,0.00021072732,0.038331263,0
0.8166024088859558,0.7806887626647949,0.0,0.099999950000025,0,0,0,0,0,1,1,0,0,94,1,0.45783132530120485,0.023377903,0.00045576366,0.13722941,0
0.8256760239601135,0.7580122351646423,0.7860352993011475,0.12499992187504883,0,0,0,0,0,1,1,1,1,117,50,0.43478260869565216,0.99948406,0.0013350975,0.028550582,0
0.8101037740707397,0.7342004776000977,0.7871483564376831,0.05263155124655198,0,0,0,0,0,1,0,1,0,108,50,0.4444444444444444,0.00146844,8.869212e-05,0.00019435036,0
0.8202525973320007,0.7902794480323792,0.8132308721542358,0.0,0,0,1,0,0,1,1,1,0,107,32,0.5316455696202531,0.9999783,0.00026938695,0.041533154,0
0.8198302984237671,0.7654511332511902,0.7868000268936157,0.04761902494332146,0,0,0,0,0,1,1,1,0,98,47,0.41558441558441556,0.0011215471,0.0008686035,0.00029709763,0
0.8378955125808716,0.787119448184967,0.0,0.07692301775152481,0,0,0,0,0,1,1,0,0,58,1,0.4810126582278481,0.0019362436,0.0003057022,0.13722941,0
0.8144251704216003,0.7620265483856201,0.7943248748779297,0.16666657407412552,0,0,0,0,0,1,1,0,1,97,20,0.4565217391304348,0.010776131,0.0521294,0.0053458526,0
0.8716170191764832,0.798064649105072,0.8020040392875671,0.24999979166684028,0,0,0,0,0,1,1,1,0,105,25,0.5434782608695652,0.0050762203,0.0008483331,0.05716903,0
0.7989592552185059,0.7708020806312561,0.7810855507850647,0.09523804988664292,0,0,0,0,0,1,1,0,0,83,34,0.4565217391304348,0.9997104,0.0037816307,0.0024899489,0
0.8150420784950256,0.7612639665603638,0.0,0.07692301775152481,0,0,0,0,0,1,1,1,0,67,1,0.4782608695652174,0.3133129,0.00742202,0.13722941,0
0.8150420784950256,0.7633256316184998,0.0,0.07692301775152481,0,0,0,0,0,1,1,1,0,80,1,0.4782608695652174,0.3133129,0.0007289211,0.13722941,0
0.796895444393158,0.7472549080848694,0.7675046920776367,0.06666662222225185,0,0,0,0,0,1,1,1,0,107,52,0.5,0.89904755,0.0010000841,0.00021591716,0
0.865576982498169,0.8197363615036011,0.8383857011795044,0.18749988281257324,0,0,0,0,0,1,1,1,0,94,23,0.41509433962264153,4.424739e-05,0.00016312746,0.9482021,0
0.862921416759491,0.8258796334266663,0.7382882833480835,0.15384603550304962,0,0,0,0,0,1,0,0,0,68,5,0.375,0.08215625,0.00030106696,0.9717157,1
0.7822118997573853,0.7938498258590698,0.7714128494262695,0.07692301775152481,0,0,0,0,0,1,0,1,0,96,35,0.475,0.99031407,6.1276485e-05,0.037305903,0
0.801739513874054,0.7826318144798279,0.7799090147018433,0.0499999750000125,0,0,0,0,0,1,0,1,0,102,32,0.4107142857142857,0.00013399142,0.0048176358,0.0035319654,0
0.801739513874054,0.7796640992164612,0.7799090147018433,0.0499999750000125,0,0,0,0,0,1,0,1,0,91,32,0.4107142857142857,0.00013399142,0.0014230463,0.0035319654,0
0.8156376481056213,0.8037473559379578,0.8004308342933655,0.06666662222225185,0,0,0,0,0,1,0,1,0,123,49,0.5,4.6080575e-05,0.00015519594,0.998792,0
0.8000555038452148,0.7892398238182068,0.0,0.028571420408165595,0,0,1,0,0,1,0,1,0,119,1,0.44776119402985076,0.99531156,0.000109044704,0.20749792,0
0.8803698420524597,0.8425114154815674,0.8614829778671265,0.09090904958679565,0,0,0,0,0,1,1,1,0,132,55,0.4299065420560748,0.0024429525,0.005036515,0.00046083544,0
0.805672824382782,0.8012221455574036,0.8111904859542847,0.06249996093752441,0,0,0,0,0,1,0,1,0,115,18,0.4403669724770643,4.8700153e-05,2.6196414e-05,0.9997203,0
0.9179248809814453,0.8867828249931335,0.8947828412055969,0.23529397923883574,1,1,0,0,0,1,1,1,1,117,27,0.8297872340425532,0.0012951341,9.958621e-05,8.7919514e-05,1
0.9145184755325317,0.8878343105316162,0.9174935817718506,0.10256407626562146,1,1,0,0,0,1,1,1,0,93,23,0.5789473684210527,2.151961e-05,0.0016735309,0.99839467,1
0.9479318857192993,0.8888770341873169,0.0,0.1333332444445037,1,1,0,0,0,1,0,1,1,84,1,0.6046511627906976,0.000105366234,0.9997422,0.5172546,1
0.8902950286865234,0.8440802097320557,0.8580494523048401,0.07692304733728948,1,1,1,0,0,1,1,1,0,117,50,0.5581395348837209,0.09411396,0.0028753767,0.007714775,1
0.8290130496025085,0.7751765847206116,0.7993424534797668,0.07692301775152481,1,1,0,0,0,1,0,1,0,87,18,0.5783132530120482,0.000120705015,0.0011240154,0.011238957,0
0.8424283266067505,0.7999757528305054,0.807961106300354,0.05263155124655198,1,1,0,0,0,1,1,1,0,85,54,0.42352941176470593,0.16034229,0.00010487194,4.9494472e-05,0
0.8333582878112793,0.794508695602417,0.8045897483825684,0.07692304733728948,0,1,1,0,0,1,1,1,0,72,29,0.54,0.0015780553,0.0013678328,0.013886163,0
0.7970964908599854,0.7599040865898132,0.7664617896080017,0.0,1,1,0,0,0,1,0,1,1,83,48,0.40476190476190477,0.99882144,3.835411e-05,0.99909914,0
0.8737035393714905,0.836767315864563,0.8580494523048401,0.07692304733728948,1,1,1,0,0,1,1,1,0,156,50,0.5581395348837209,0.99743736,0.0036957602,0.007714775,1
0.8737035393714905,0.8420559167861938,0.839680552482605,0.07692304733728948,1,1,1,0,0,1,1,1,0,125,49,0.525,0.99743736,0.0017963434,0.0037096895,1
0.8063729405403137,0.7859333157539368,0.0,0.05263155124655198,0,1,0,0,0,1,1,1,1,74,1,0.48,0.00015218007,0.0021354484,0.5172546,0
0.8063729405403137,0.7859333157539368,0.0,0.05263155124655198,0,1,0,0,0,1,1,1,1,74,1,0.48,0.00015218007,0.0021354484,0.5172546,0
0.8404616117477417,0.7891451716423035,0.0,0.05263155124655198,0,1,0,0,0,1,1,1,1,96,1,0.54,0.09392325,0.0018827139,0.5172546,0
0.8404616117477417,0.7998653054237366,0.0,0.05263155124655198,0,1,0,0,0,1,1,1,1,94,1,0.54,0.09392325,0.0040151267,0.5172546,0
0.8324688673019409,0.799057126045227,0.8371860384941101,0.03703702331962099,1,1,0,0,0,1,1,1,0,116,21,0.5054945054945055,0.013766343,7.658087e-05,0.89157593,0
0.8413015604019165,0.7814480662345886,0.7989503145217896,0.04761902494332146,0,1,1,0,0,1,1,1,0,77,36,0.505050505050505,0.008283802,0.00048100384,0.0025334142,0
0.8537465333938599,0.8046331405639648,0.8081280589103699,0.04761902494332146,1,1,0,0,0,1,1,1,0,96,53,0.52,0.9995964,0.0032117676,0.114818215,0
0.8072635531425476,0.7778335213661194,0.7993599772453308,0.06451610822061025,1,1,1,0,0,1,0,0,1,112,34,0.54,0.006363314,0.00041669293,7.422914e-05,0
0.8376823663711548,0.7857374548912048,0.797267735004425,0.0499999750000125,0,1,0,0,0,1,1,1,1,91,24,0.5102040816326531,0.9908697,0.00013048147,0.9998667,0
0.9458281397819519,0.8734789490699768,0.0,0.1428570408163994,1,0,0,0,0,1,0,1,1,84,1,0.6341463414634146,4.2221767e-05,0.99974126,0.9997508,1
0.9075044393539429,0.8774805665016174,0.8894227147102356,0.1764704844291268,1,0,0,0,0,1,1,1,1,117,27,0.7228915662650602,0.0031676695,0.00014022861,3.9506183e-05,1
0.9105303287506104,0.8768327236175537,0.911552906036377,0.07692305719921609,1,0,0,0,0,1,1,1,0,93,23,0.5833333333333333,2.5203073e-05,0.00037519544,0.9993525,1
0.8840383291244507,0.8359053134918213,0.8525606393814087,0.03846152366864474,1,0,1,0,0,1,1,1,0,117,50,0.5121951219512195,0.99617875,0.006453384,0.028002197,1
0.871471107006073,0.829910159111023,0.8525606393814087,0.03846152366864474,1,0,1,0,0,1,1,1,0,156,50,0.5121951219512195,0.9992768,0.0037586654,0.028002197,1
0.871471107006073,0.8336284756660461,0.8369906544685364,0.03846152366864474,1,0,1,0,0,1,1,1,0,125,49,0.5263157894736843,0.9992768,0.0022675584,0.019266196,1
0.8632813692092896,0.7908827662467957,0.0,0.0,0,0,0,0,0,1,0,1,0,90,1,0.4130434782608695,0.9994814,1.2210442e-05,0.9997508,1
0.8559940457344055,0.7875019311904907,0.0,0.0,0,0,0,0,0,1,0,1,0,69,1,0.1558441558441559,5.021902e-05,0.0001550668,0.9997508,1
0.8047388792037964,0.7600412964820862,0.781069278717041,0.0,0,0,0,0,0,1,0,1,0,89,20,0.34883720930232553,0.99987626,0.00012825475,3.7315283e-05,0
0.8590311408042908,0.8304885029792786,0.8049454689025879,0.0,0,0,0,0,0,1,0,1,0,76,28,0.4390243902439024,0.010107367,5.2181873e-05,0.010318045,0
0.850426971912384,0.7937551140785217,0.7507755160331726,0.19047609977328583,1,0,0,0,0,1,0,1,0,87,71,0.3414634146341463,0.9709339,0.0013454609,0.00025291566,1
0.8580394983291626,0.8023284673690796,0.8223833441734314,0.30769207100609924,1,0,0,0,0,1,0,1,1,88,51,0.49122807017543857,0.9999645,0.0017336808,0.20407747,1
0.8245983719825745,0.7523353099822998,0.7884831428527832,0.21428556122459913,0,0,0,0,0,1,0,0,1,85,44,0.37735849056603776,0.0013134916,0.00070034934,0.0031649892,1
0.8058817386627197,0.7435970306396484,0.7876217365264893,0.0,0,0,0,0,0,1,0,1,1,103,24,0.5671641791044777,0.9998318,0.0059373514,0.9989845,0
0.8568719029426575,0.8390305638313293,0.8730171322822571,0.27777762345687584,1,0,0,1,0,1,1,1,0,85,25,0.5365853658536586,0.99198395,0.000278383,7.6779055e-05,1
0.832177996635437,0.761616587638855,0.832177996635437,0.33333305555578707,1,0,0,1,0,1,0,1,0,108,9,0.46376811594202894,5.295754e-05,0.00033386945,5.295754e-05,0
0.7950709462165833,0.7390509843826294,0.7804720997810364,0.19999986666675557,1,0,0,0,0,1,0,0,0,109,21,0.3513513513513513,4.9131337e-05,0.0036766154,0.0068946304,0
0.8144807815551758,0.7662783861160278,0.805004894733429,0.16666657407412552,1,0,0,0,0,1,0,1,1,94,54,0.4615384615384615,7.6645316e-05,0.00072031585,0.95702255,0
0.8090724945068359,0.7795657515525818,0.7692988514900208,0.14814809327848397,1,0,0,0,0,1,0,1,0,65,26,0.5365853658536586,0.010062048,0.00022221952,0.0043811034,0
0.8203060030937195,0.7666628956794739,0.7596734762191772,0.15384603550304962,0,0,0,0,0,1,0,1,0,110,24,0.4390243902439024,0.021137053,0.00077731913,0.0017691179,0
0.830039381980896,0.7693016529083252,0.776006281375885,0.13636357438019348,1,0,0,1,0,1,0,1,0,87,79,0.34285714285714286,0.9995622,0.00027701372,0.0011251803,1
0.830039381980896,0.7670170068740845,0.776006281375885,0.13636357438019348,1,0,0,1,0,1,0,1,0,109,79,0.34285714285714286,0.9995622,0.004356923,0.0011251803,1
0.8356984853744507,0.7881059050559998,0.0,0.15789465373965592,1,0,0,0,0,1,1,1,1,75,1,0.46341463414634143,5.8159996e-05,0.008643244,0.0033741624,1
0.802390456199646,0.7486711144447327,0.7664958834648132,0.0,0,0,0,0,0,1,0,1,0,95,12,0.5,0.9997708,0.00027374944,0.997059,0
0.8133355975151062,0.7620104551315308,0.809293806552887,0.14285707482996438,1,0,0,0,0,1,0,1,1,111,20,0.4390243902439024,3.5827696e-05,0.00010356908,0.00017831847,0
0.7847774028778076,0.7325838208198547,0.7836463451385498,0.0,0,0,0,0,0,1,0,1,1,83,20,0.39473684210526316,0.7761805,3.5899608e-05,0.39035243,0
0.7796568274497986,0.7309466600418091,0.7481571435928345,0.0,0,0,0,0,0,1,0,1,0,78,25,0.3414634146341463,0.70480084,0.0013910603,0.0007410678,0
0.7988438010215759,0.7568038702011108,0.0,0.0,0,0,0,0,0,1,0,1,0,91,1,0.40540540540540543,0.9978447,0.99883085,0.0033741624,0
0.9451377391815186,0.8840432167053223,0.0,0.37931021403096066,0,0,0,0,0,1,1,1,0,116,1,0.5652173913043479,0.00041060246,0.0022151042,0.11073597,1
0.9451377391815186,0.8917746543884277,0.0,0.37931021403096066,0,0,0,0,0,1,1,1,0,93,1,0.5652173913043479,0.00041060246,0.43927768,0.11073597,1
0.9287296533584595,0.904973566532135,0.0,0.17241373365043666,0,0,0,0,0,1,1,1,0,98,1,0.5512820512820513,1.1592673e-05,0.04118305,0.11073597,1
0.9155617952346802,0.8623307943344116,0.8734171390533447,0.028571420408165595,0,0,0,0,0,1,0,0,1,141,31,0.5764705882352941,0.00026498368,0.00045461,0.99997246,1
0.8303357362747192,0.7740557193756104,0.7950071692466736,0.22222213991772596,1,0,0,0,0,1,1,0,0,99,25,0.4615384615384615,0.0010770392,0.00065231,0.00035975775,0
0.7976081371307373,0.8113940358161926,0.8195637464523315,0.0,0,0,0,0,0,1,0,1,0,84,28,0.41509433962264153,0.0014458556,0.0002594011,0.000556349,0
0.828106701374054,0.7708262205123901,0.8059194684028625,0.0799999680000128,0,0,0,0,0,1,0,1,0,108,23,0.4885496183206107,0.9999441,4.639214e-05,0.00014008002,0
0.8130824565887451,0.7897332906723022,0.7906184792518616,0.03124999023437805,0,0,0,0,0,1,0,1,0,107,24,0.46,0.0007407261,0.013124152,0.031284567,0
0.8032166957855225,0.7829082608222961,0.0,0.0,0,0,0,0,0,1,0,1,0,76,1,0.189873417721519,0.0006022911,0.0018700634,0.11073597,0
0.7796244025230408,0.7368156313896179,0.0,0.0,0,0,0,0,0,1,0,1,0,65,1,0.1636363636363637,0.5893329,0.017557345,0.11073597,0
0.7883564233779907,0.7443028092384338,0.0,0.0,0,0,0,0,0,1,0,1,0,62,1,0.1724137931034483,0.9838974,0.0025944854,0.11073597,0
0.8020525574684143,0.7813252806663513,0.0,0.0,0,0,0,0,0,1,0,0,0,64,1,0.18181818181818177,0.0014381142,0.0062412787,0.11073597,0
0.8523673415184021,0.7950603365898132,0.7429088950157166,0.026315782548478276,0,0,0,0,0,1,0,1,1,106,17,0.46938775510204084,0.011471001,0.00061656744,0.026604919,0
0.8525476455688477,0.757030725479126,0.8064935803413391,0.026315782548478276,0,0,1,0,0,1,0,1,0,120,34,0.34285714285714286,0.00013130755,2.4703682e-05,4.0147363e-05,0
0.8920989036560059,0.8212082386016846,0.8546671271324158,0.19999990000005,0,0,0,0,0,1,1,0,0,82,24,0.7666666666666666,1.5360676e-05,0.0031984912,0.9991529,1
0.8083932399749756,0.7783464193344116,0.8010781407356262,0.11764698961941787,0,0,0,0,0,1,1,1,0,75,54,0.6785714285714286,0.999017,0.0001402907,0.0009356319,0
0.82430499792099,0.7694966793060303,0.7895376682281494,0.0,0,0,0,0,0,1,1,1,1,80,38,0.4576271186440678,0.00016814066,0.00018587164,1.7142886e-05,0
0.82430499792099,0.7601681351661682,0.7895376682281494,0.0,0,0,0,0,0,1,1,1,1,103,38,0.4576271186440678,0.00016814066,0.0080577275,1.7142886e-05,0
0.816043496131897,0.772890031337738,0.8034084439277649,0.0,0,0,0,0,0,1,1,1,0,86,53,0.5166666666666666,4.638739e-05,8.9391935e-05,4.4883505e-05,0
0.8259220719337463,0.7911081314086914,0.8176333904266357,0.06249996093752441,0,0,0,0,0,1,1,1,0,85,50,0.5666666666666667,0.00027171802,0.00045469432,0.0034083892,0
0.8503840565681458,0.7740652561187744,0.0,0.1333332444445037,0,0,0,0,0,1,1,1,1,104,1,0.5666666666666667,0.05331342,0.00049689127,0.013247149,0
0.8444852232933044,0.7664191126823425,0.8214980959892273,0.1333332444445037,0,0,0,0,0,1,1,0,0,83,15,0.55,0.99709415,0.0014227096,2.404506e-05,0
0.8514995574951172,0.781614363193512,0.0,0.12499992187504883,0,0,0,0,0,1,1,1,0,106,1,0.5166666666666666,0.0007685228,0.0006527732,0.013247149,0
0.815604567527771,0.7656800150871277,0.7956269979476929,0.08333329861112558,0,0,0,0,0,1,1,1,0,102,51,0.55,0.99993694,0.00023876506,0.052609384,0
0.8571357727050781,0.7911702990531921,0.7965336441993713,0.12499992187504883,0,0,0,0,0,1,1,1,0,94,58,0.509090909090909,0.012340011,0.0023007814,0.002478887,0
0.8343625664710999,0.7762514352798462,0.8128968477249146,0.11764698961941787,0,0,0,0,0,1,1,0,1,96,24,0.4489795918367348,0.97700924,0.0012299345,0.99981886,0
0.8155853748321533,0.774092972278595,0.8127514719963074,0.09090904958679565,0,0,0,0,0,1,1,1,0,92,24,0.5166666666666666,0.008041826,0.00038083876,0.9995745,0
0.833331823348999,0.7674260139465332,0.7980826497077942,0.058823494809708936,0,0,0,0,0,1,1,1,0,92,48,0.41025641025641024,0.00026292147,0.00089974067,0.0012809732,0
0.8042730093002319,0.7522755861282349,0.7918572425842285,0.0,0,0,0,0,0,1,1,1,1,109,26,0.43333333333333335,0.0035681466,0.021824894,0.00039264394,0
0.8042730093002319,0.7437248826026917,0.7918572425842285,0.0,0,0,0,0,0,1,1,1,1,92,26,0.43333333333333335,0.0035681466,0.4669131,0.00039264394,0
0.8314658999443054,0.7822228670120239,0.7761677503585815,0.099999950000025,0,0,0,0,0,1,1,0,0,73,22,0.5405405405405406,0.0015250472,0.0043885084,0.00031298847,0
0.8488856554031372,0.7747846245765686,0.784528911113739,0.10526310249310396,0,0,0,0,0,1,1,1,0,93,54,0.5666666666666667,0.9989374,0.00044463607,0.0010619741,0
0.863061785697937,0.7822416424751282,0.0,0.16666657407412552,0,0,0,0,0,1,1,1,1,87,1,0.5333333333333333,0.9773266,0.00332129,0.013247149,0
0.8556886911392212,0.8051233291625977,0.8304010629653931,0.1999998000002,0,0,0,0,0,1,0,1,0,100,20,0.4666666666666666,0.00014176713,0.0035902136,0.00036082894,1
0.9007247090339661,0.8322765827178955,0.8361932635307312,0.2727270247936138,2,0,0,0,0,1,0,1,0,92,48,0.43333333333333335,0.9393413,0.00021388974,0.00090230774,1
0.8560226559638977,0.8213387131690979,0.7751960158348083,0.22222197530891633,1,0,0,0,0,1,0,1,0,78,43,0.5,0.21262231,0.26837724,0.03478235,1
0.8599493503570557,0.8087217211723328,0.7968218326568604,0.15384603550304962,1,0,0,0,0,1,1,1,0,80,38,0.5,0.31552842,0.29765907,0.01584841,1
0.8953813910484314,0.810132622718811,0.829799473285675,0.1428570408163994,1,0,0,0,0,1,0,1,0,95,53,0.4666666666666666,6.430773e-06,4.8489117e-05,0.8713469,1
0.8628363609313965,0.8122842907905579,0.8228970170021057,0.15384603550304962,1,0,0,0,0,1,1,1,0,93,43,0.5172413793103448,0.96001554,0.19697641,0.008668323,1
0.8863853216171265,0.8343775272369385,0.7498415112495422,0.1999998000002,1,0,0,0,0,1,0,0,0,85,5,0.375,0.7106424,0.022007836,0.09327674,1
0.8719302415847778,0.8192868828773499,0.7938446402549744,0.10526310249310396,1,0,0,0,0,1,0,1,0,98,44,0.6666666666666667,2.3602803e-05,0.009540458,0.012170591,1
0.774806022644043,0.7018094658851624,0.0,0.0,0,0,0,0,0,1,0,1,1,74,1,0.1428571428571429,0.582198,0.06618517,0.13156067,0
0.747017502784729,0.6940400004386902,0.7424836158752441,0.0,0,0,0,0,0,1,0,0,0,104,21,0.41509433962264153,0.007682165,0.5257053,0.013134988,0
0.7669077515602112,0.7079250812530518,0.0,0.0,0,0,0,0,0,1,0,0,0,76,1,0.1568627450980392,0.083990514,0.023018368,0.13156067,0
0.7688479423522949,0.7294814586639404,0.7641419768333435,0.0,0,0,0,0,0,1,0,0,1,63,24,0.14814814814814814,0.5220275,0.051147208,0.120221846,0
0.7349463701248169,0.7033566832542419,0.7169411778450012,0.0,0,0,0,0,0,1,0,1,0,76,26,0.14035087719298245,0.12769248,0.0021316619,0.09727588,0
0.786727786064148,0.7193043231964111,0.7807595133781433,0.0,0,0,0,0,0,1,0,1,0,80,20,0.3846153846153846,0.9999652,5.654807e-05,0.99993,0
0.7510817646980286,0.7159905433654785,0.0,0.0,0,0,0,0,0,1,0,1,1,76,1,0.33333333333333337,0.9974776,0.012051489,0.13156067,0
0.7725215554237366,0.7177512049674988,0.7464450001716614,0.0,0,0,0,0,0,1,0,0,1,65,27,0.1454545454545455,0.7085965,0.041423198,0.09303631,0
0.732373058795929,0.7549669742584229,0.0,0.0,0,0,0,0,0,1,0,1,0,14,1,0.3666666666666667,0.00952059,0.0013280174,0.13156067,0
0.879806399345398,0.8182765245437622,0.8284029364585876,0.12499992187504883,1,0,0,0,0,1,0,1,0,95,53,0.4666666666666666,8.0942955e-06,0.000106569925,0.024279792,1
0.9198514223098755,0.8739166259765625,0.8855647444725037,0.15789465373965592,1,0,0,0,0,1,1,1,0,100,48,0.8222222222222222,1.3077277e-05,0.09374871,0.00045044912,1
0.843847393989563,0.7731250524520874,0.0,0.1764704844291268,0,0,0,0,0,1,1,1,0,124,1,0.4,0.9935488,0.02187508,0.15623537,0
0.8481223583221436,0.8273401260375977,0.8009189963340759,0.09523804988664292,1,0,0,0,0,1,0,1,0,98,44,0.56,6.925242e-05,0.28718314,0.012166238,1
0.8053022027015686,0.7838155031204224,0.798546552658081,0.0499999750000125,0,0,0,0,0,1,1,0,0,93,21,0.4666666666666666,0.0017364795,0.00079564046,0.00018219175,0
0.8718956112861633,0.8081984519958496,0.0,0.16666652777789354,0,0,0,0,0,1,1,1,0,94,1,0.40963855421686746,0.99133986,0.00078090385,0.15623537,0
0.8496318459510803,0.8107194900512695,0.8348029851913452,0.11764698961941787,0,0,0,0,0,1,1,1,1,91,51,0.5333333333333333,2.3571825e-05,0.670347,0.0004676697,0
0.8229938745498657,0.7758971452713013,0.787684977054596,0.0714285204081997,0,0,0,0,0,1,1,1,0,120,29,0.4444444444444444,0.04380078,0.0023381382,0.00094765297,0
0.8389258980751038,0.7910475730895996,0.8128923177719116,0.099999950000025,0,0,0,0,0,1,1,1,0,103,55,0.5777777777777777,0.99532336,0.0010959759,0.99737287,0
0.8805091977119446,0.8408031463623047,0.841949999332428,0.1428570408163994,1,0,0,0,0,1,0,1,0,92,48,0.4,0.31290364,0.00028770164,0.0015228861,1
0.8371024131774902,0.8064197897911072,0.8207944631576538,0.07407404663924198,0,0,0,0,0,1,1,1,1,92,25,0.6666666666666667,0.0004486604,0.011543821,0.9982603,0
0.8382628560066223,0.7909124493598938,0.8053233623504639,0.058823494809708936,0,0,0,0,0,1,1,1,0,86,52,0.48275862068965514,0.9955745,0.0012184163,0.004615612,0
0.8080117702484131,0.760665237903595,0.7895922660827637,0.0499999750000125,0,0,0,0,0,1,0,1,1,95,28,0.5393258426966292,0.9997824,0.0002728378,0.116542235,0
0.830403745174408,0.7846953868865967,0.8060333132743835,0.15789465373965592,0,0,0,0,0,1,1,1,0,103,56,0.4222222222222223,0.99704176,0.0016698361,0.00036311502,0
0.8178682923316956,0.8073647618293762,0.8097422122955322,0.06249996093752441,0,0,0,0,0,1,1,0,0,111,49,0.430379746835443,0.99946886,0.0017192267,0.00014437868,0
0.8420950174331665,0.819502055644989,0.7888520956039429,0.1818180165290759,1,0,0,0,0,1,0,1,0,78,43,0.4444444444444444,0.79973507,0.20572029,0.035264928,1
0.8380021452903748,0.8153004050254822,0.8168274164199829,0.16666652777789354,0,0,0,0,0,1,0,1,0,100,20,0.4444444444444444,0.0003564284,0.018694658,0.0005210564,1
0.8077617287635803,0.7889342904090881,0.8066177368164062,0.05263155124655198,0,0,0,0,0,1,0,1,0,77,66,0.5111111111111111,0.031927805,0.00863807,0.0010148205,0
0.876389741897583,0.8767452836036682,0.8467097282409668,0.30434769376187226,0,0,0,0,0,1,1,1,0,101,55,1.0,0.60953087,0.39754164,0.99044645,1
0.8425573706626892,0.7654907703399658,0.0,0.18518511659810497,0,0,0,0,0,1,1,1,0,89,1,0.5477707006369427,0.013464987,0.0022084524,0.005752863,0
0.8318648934364319,0.7748978734016418,0.0,0.09090904958679565,0,0,0,0,0,1,1,0,0,83,1,0.4881889763779527,0.000120503006,0.00012328845,0.005752863,0
0.813419759273529,0.7660007476806641,0.0,0.1470587802768293,0,0,0,0,0,1,1,0,0,101,1,0.4810126582278481,0.68988836,0.00016903898,0.005752863,0
0.7967187762260437,0.7602764964103699,0.7963496446609497,0.13636357438019348,0,0,0,0,0,1,1,1,1,99,27,0.49624060150375937,0.085289456,3.8508628e-05,0.05182229,0
0.8317657113075256,0.7961581945419312,0.0,0.14285707482996438,0,0,0,0,0,1,1,0,0,90,1,0.5063291139240507,0.99634737,0.00036835042,0.005752863,0
0.8309528827667236,0.7709798216819763,0.7895638346672058,0.05263155124655198,0,0,0,0,0,1,1,1,1,123,33,0.40909090909090906,6.036378e-05,0.0012150756,0.001254824,0
0.8269519805908203,0.7704384326934814,0.8043587803840637,0.05263155124655198,0,0,0,0,0,1,1,1,1,112,30,0.40909090909090906,0.00010683605,6.473376e-05,0.0010660574,0
0.8269519805908203,0.7535766363143921,0.8012460470199585,0.05263155124655198,0,0,0,0,0,1,1,1,1,130,31,0.40909090909090906,0.00010683605,0.0042454484,0.00041313452,0
0.7890354990959167,0.7360947132110596,0.7830474972724915,0.099999950000025,0,0,1,0,0,1,1,1,1,107,55,0.4615384615384615,0.99600154,0.0003901739,0.003173485,0
0.8504897952079773,0.7885205745697021,0.0,0.13043472589794528,0,0,0,0,0,1,1,1,0,111,1,0.4375,0.003426658,0.94031286,0.005752863,0
0.796158492565155,0.7816053628921509,0.7939751744270325,0.05263155124655198,0,0,0,0,0,1,1,0,1,94,29,0.5034965034965035,0.9999776,0.06260623,0.24364173,0
0.8509843349456787,0.7771682143211365,0.0,0.15789465373965592,0,0,0,0,0,1,1,1,0,99,1,0.5189873417721519,0.9998938,0.00063186337,0.005752863,0
0.797795832157135,0.7216925024986267,0.7812466025352478,0.1499999250000375,0,0,0,0,0,1,1,1,0,102,51,0.4285714285714286,0.08456888,0.0005007009,0.0029570234,0
0.8132153153419495,0.7660398483276367,0.7841172218322754,0.07407404663924198,0,0,0,0,0,1,1,0,0,113,67,0.45569620253164556,0.9978047,0.0049721883,0.011793613,0
0.790540337562561,0.7470818161964417,0.7611473202705383,0.11111104938275035,0,0,0,0,0,1,1,1,0,105,32,0.5,0.9997129,0.98019207,0.9992843,0
0.8020690083503723,0.7465706467628479,0.7921532988548279,0.15789465373965592,0,0,0,0,0,1,1,1,0,110,53,0.44628099173553715,0.000106529296,0.0037210018,0.077591956,0
0.8309468626976013,0.7928842902183533,0.8125751614570618,0.11538457100593423,0,0,0,0,0,1,1,1,0,126,27,0.45859872611464975,0.00018995214,0.00091533986,0.98621583,0
0.8382771015167236,0.7829474806785583,0.0,0.13043472589794528,0,0,0,0,0,1,1,1,0,69,1,0.39743589743589747,0.9981919,0.00031064864,0.005752863,0
0.826237678527832,0.7919312119483948,0.8119356632232666,0.21052620498620792,0,0,0,0,0,1,1,0,0,90,22,0.40506329113924056,0.99993694,2.0275082e-05,0.03575125,0
0.7964253425598145,0.7399624586105347,0.7777473330497742,0.18749988281257324,0,0,0,0,0,1,1,0,0,96,24,0.5098039215686274,6.5475935e-05,0.00043118236,0.056592148,0
0.8535388708114624,0.8317863345146179,0.8288457989692688,0.2380951247166073,0,0,0,0,0,1,1,1,0,101,55,1.0,0.0007839546,0.012058503,0.9733513,1
0.835209846496582,0.7768491506576538,0.0,0.12499992187504883,0,0,0,0,0,1,1,1,0,99,1,0.48936170212765956,0.9996358,0.00017770365,0.0033655353,0
0.8448778390884399,0.7787400484085083,0.0,0.05263155124655198,0,0,0,0,0,1,1,0,0,90,1,0.5,0.9992526,0.000111354275,0.0033655353,0
0.8167800307273865,0.75266033411026,0.7870575189590454,0.15384603550304962,0,0,0,0,0,1,1,0,0,96,24,0.48936170212765956,6.477963e-05,0.00039455233,0.008373262,0
0.8252918720245361,0.7629345655441284,0.8054946064949036,0.11764698961941787,0,0,0,0,0,1,1,1,0,101,30,0.36170212765957444,0.048335575,0.0034835956,0.030212527,0
0.8243867754936218,0.7909719944000244,0.784943163394928,0.06666662222225185,0,0,0,0,0,1,1,0,1,94,29,0.5319148936170213,0.9999795,0.29066578,0.17641431,0
0.8337070941925049,0.7601419687271118,0.8116416335105896,0.15384603550304962,0,0,0,0,0,1,1,1,0,141,19,0.5319148936170213,0.0008957897,0.00023235007,0.9973922,0
0.8337070941925049,0.7586902976036072,0.799061119556427,0.15384603550304962,0,0,0,0,0,1,1,1,0,127,18,0.48936170212765956,0.0008957897,0.0011218961,0.9984664,0
0.8285968899726868,0.7650744915008545,0.8055400252342224,0.0714285204081997,0,0,0,0,0,1,1,0,0,73,23,0.5217391304347826,0.99947983,0.0063973754,0.0617759,0
0.8082992434501648,0.7531007528305054,0.8048529624938965,0.06666662222225185,0,0,1,0,0,1,1,1,0,112,57,0.44680851063829785,0.013449392,0.0767737,0.04530427,0
0.811519980430603,0.7723315358161926,0.7936787009239197,0.058823494809708936,0,0,0,0,0,1,1,0,0,113,25,0.46808510638297873,0.99968565,0.00047912705,0.0026555825,0
0.8333698511123657,0.7782798409461975,0.8076598644256592,0.055555524691375174,0,0,0,0,0,1,1,0,0,83,21,0.48936170212765956,0.038097486,0.00041283137,0.3889415,0
0.8105742335319519,0.7655923366546631,0.0,0.12499992187504883,0,0,0,0,0,1,1,1,0,116,1,0.5106382978723405,0.9966305,0.0003780394,0.0033655353,0
0.8035120964050293,0.7658271193504333,0.8156918287277222,0.11764698961941787,0,0,0,0,0,1,1,1,1,104,51,0.48936170212765956,0.9992893,0.00016573355,0.00033997648,0
0.8171584010124207,0.7798054814338684,0.7828910946846008,0.11764698961941787,0,0,0,0,0,1,1,0,0,90,22,0.4,0.99964726,1.670486e-05,0.0013514282,0
0.8267301321029663,0.7636415362358093,0.0,0.16666652777789354,0,0,0,0,0,1,1,1,0,91,1,0.44680851063829785,0.99988604,0.00018138498,0.0033655353,0
0.8120561838150024,0.7525340914726257,0.0,0.04166664930556279,0,0,0,0,0,1,1,1,0,75,1,0.48936170212765956,0.006342532,0.00046477318,0.0033655353,0
0.9012382626533508,0.8524349927902222,0.8803572654724121,0.19999986666675557,0,0,1,0,0,1,1,1,0,120,54,0.6470588235294117,5.6880326e-05,0.6161638,0.0013102791,1
0.8611910939216614,0.8574329018592834,0.8531076312065125,0.16666657407412552,0,0,0,0,0,1,1,0,0,105,21,0.6388888888888888,0.00015366443,0.008517326,0.012692449,1
0.8138352036476135,0.7697811722755432,0.7661508917808533,0.0,0,0,0,0,0,1,0,1,0,185,28,0.43478260869565216,0.0007320419,0.0031172668,1.3518721e-05,0
0.8265829086303711,0.7629528045654297,0.789112389087677,0.06666662222225185,0,0,0,0,0,1,1,1,0,110,19,0.4444444444444444,0.0028565633,0.0003619222,2.2489301e-05,0
0.8365059494972229,0.7763691544532776,0.8180120587348938,0.0,0,0,0,0,0,1,0,1,0,79,50,0.4918032786885246,0.0003110571,0.0002102476,0.00086266774,0
0.8052352070808411,0.7887318134307861,0.8034469485282898,0.0,0,0,0,0,0,1,0,1,0,102,52,0.5,0.97368556,0.63628256,0.37935662,0
0.767926037311554,0.7496504783630371,0.0,0.03571427295918823,0,0,0,0,0,1,1,1,0,95,1,0.417910447761194,0.0025148168,0.0003983062,0.27807125,0
0.8189063668251038,0.7686530351638794,0.8101566433906555,0.0499999750000125,0,0,0,0,0,1,1,1,0,115,34,0.4722222222222222,0.04381777,0.8275465,7.7859135e-05,0
0.777474582195282,0.7865356802940369,0.8089239597320557,0.0,0,0,0,0,0,1,1,1,0,141,46,0.5277777777777778,0.9985851,9.495689e-05,7.395518e-05,0
0.8063939213752747,0.7717852592468262,0.7721185088157654,0.0,0,0,0,0,0,1,0,1,1,98,31,0.4722222222222222,0.10468814,0.00017973238,4.347258e-05,0
0.7984743714332581,0.7575681805610657,0.0,0.04545452479339782,0,0,0,0,0,1,1,1,0,104,1,0.41666666666666663,0.9426419,0.012184398,0.27807125,0
0.7980368137359619,0.7631391882896423,0.7649439573287964,0.0399999840000064,0,0,0,0,0,1,1,1,1,98,31,0.4444444444444444,0.9969789,0.010379281,0.00010971305,0
0.7959735989570618,0.7620172500610352,0.775346040725708,0.0,0,0,0,0,0,1,1,0,0,101,22,0.4444444444444444,0.0077539305,0.9999057,0.990849,0
0.7801257371902466,0.7571139335632324,0.8054052591323853,0.03846152366864474,0,0,0,0,0,1,1,1,0,99,49,0.4193548387096774,0.00026174096,0.010753999,0.00016355806,0
0.7684853672981262,0.7532594203948975,0.7576345205307007,0.0,0,0,0,0,0,1,1,1,0,115,43,0.4722222222222222,0.31923223,0.0023737054,0.00011535859,0
0.7817609310150146,0.757202684879303,0.0,0.0,0,0,1,0,0,1,1,1,1,104,1,0.5079365079365079,0.010347361,0.00106564,0.27807125,0
0.7923167943954468,0.7750083208084106,0.7861376404762268,0.03846152366864474,0,0,0,0,0,1,1,0,0,104,20,0.4722222222222222,0.005727514,0.0017993046,6.017459e-05,0
0.8268495202064514,0.7595400214195251,0.8232261538505554,0.15384603550304962,0,0,0,0,0,1,0,1,0,107,45,0.5555555555555556,0.5618553,0.005076637,0.0013812914,0
0.7722605466842651,0.7303605079650879,0.7550210356712341,0.0,0,0,0,0,0,1,1,1,0,89,41,0.4126984126984127,0.0006404935,0.004554308,0.1311512,0
0.7891149520874023,0.7727580070495605,0.7849419116973877,0.058823494809708936,0,0,0,0,0,1,1,1,0,82,54,0.4615384615384615,0.9999764,0.0018021486,0.0013219482,0
0.8037793040275574,0.7370494604110718,0.7882845997810364,0.0,0,0,1,0,0,1,0,1,0,79,67,0.5,0.4763887,0.0051803277,0.0013604711,0
0.8128300309181213,0.7506515979766846,0.7821910977363586,0.0,0,0,0,0,0,1,0,1,0,101,65,0.4722222222222222,7.072337e-05,0.0017136419,0.04956796,0
0.9691286683082581,0.8420925140380859,0.892126739025116,0.7499993750005208,1,0,0,0,0,1,1,1,0,102,51,0.8503937007874016,5.530562e-05,0.99982697,0.002436108,1
0.9198920130729675,0.8508586883544922,0.8774939179420471,0.27272714876038695,1,0,0,0,0,1,1,0,0,137,20,0.5274725274725275,0.015207625,0.004137621,0.99993694,1
0.9142104387283325,0.8451151847839355,0.8729260563850403,0.2222220987655007,1,0,0,0,0,1,1,1,0,119,51,0.6126126126126126,0.00019122344,0.058033805,0.0032058796,1
0.904296875,0.8429240584373474,0.8637452721595764,0.19999990000005,1,0,0,0,0,1,1,1,0,121,51,0.6086956521739131,4.8555932e-05,0.0021010938,0.0006317322,1
0.9011151790618896,0.8418044447898865,0.8892669081687927,0.21428563775512938,1,0,0,0,0,1,1,1,0,99,23,0.48611111111111116,2.153864e-05,0.0023483904,0.012348595,1
0.911129355430603,0.830527663230896,0.8727831840515137,0.21052620498620792,0,0,0,0,0,1,0,1,0,106,58,0.6165413533834587,3.9798302e-05,0.00076289906,0.99994826,1
0.8663129806518555,0.8078290820121765,0.0,0.055555524691375174,1,0,0,0,0,1,1,1,0,112,1,0.48611111111111116,0.039802406,0.00063564454,0.09134377,0
0.8582417368888855,0.8023268580436707,0.8366007804870605,0.13636357438019348,0,0,0,0,0,1,1,0,0,99,27,0.4328358208955224,0.99987304,0.016462296,0.048131183,0
0.8465473651885986,0.7777280211448669,0.8116143941879272,0.1428570918367529,0,0,0,0,0,1,1,1,0,103,32,0.5277777777777778,0.9550781,0.006184097,0.014793739,0
0.8051588535308838,0.7531960606575012,0.0,0.099999950000025,0,0,0,0,0,1,1,1,0,103,1,0.4087591240875912,0.00057636946,0.999925,0.09134377,0
0.7917768359184265,0.7556813359260559,0.7880982160568237,0.099999950000025,0,0,0,0,0,1,1,1,0,91,51,0.5277777777777778,0.9787451,0.00010829986,0.00034508394,0
0.771150529384613,0.7282795906066895,0.7866893410682678,0.0,0,0,0,0,0,1,1,1,0,112,33,0.39097744360902253,0.99956936,0.00032964058,0.012773619,0
0.8351165652275085,0.782486617565155,0.0,0.09523804988664292,0,0,0,0,0,1,1,1,0,76,1,0.4628099173553719,0.98659015,0.00031608212,0.09134377,0
0.8395727872848511,0.7917155027389526,0.822597086429596,0.05263155124655198,0,0,0,0,0,1,0,1,0,122,71,0.46875,0.9999547,0.008810962,0.0022684552,0
0.8178425431251526,0.7667346596717834,0.7858304381370544,0.08333329861112558,0,0,0,0,0,1,1,1,0,88,56,0.47706422018348627,0.9366718,0.00035389687,0.039967775,0
0.7983412146568298,0.7531189322471619,0.7773222923278809,0.0,0,0,0,0,0,1,1,1,0,104,54,0.49523809523809526,0.0015461163,0.00043294847,0.0042251796,0
0.7992863059043884,0.7276384234428406,0.7718846201896667,0.15384609467457896,0,0,0,0,0,1,1,1,0,96,52,0.43478260869565216,0.9747604,5.749202e-05,0.0015050389,0
0.8218559622764587,0.740892767906189,0.7826639413833618,0.09090904958679565,0,0,0,0,0,1,1,1,0,104,51,0.453125,0.027133934,0.00583717,0.0013342367,0
0.7967720031738281,0.7411060333251953,0.7778076529502869,0.055555524691375174,0,0,0,0,0,1,1,1,1,90,57,0.4397163120567376,0.0019431377,0.0048859566,8.471383e-05,0
0.9007970690727234,0.8082070350646973,0.8623767495155334,0.2857140816327988,0,0,0,0,0,1,1,1,1,110,56,0.6060606060606061,2.1574195e-05,0.00040249096,0.00011860146,1
0.8500756025314331,0.7613496780395508,0.7720528244972229,0.09090900826453795,0,0,0,0,0,1,1,1,0,102,51,0.5454545454545454,0.5762724,0.00021005787,0.00014781658,0
0.8660951852798462,0.7822892069816589,0.8110297918319702,0.1818180165290759,1,0,0,0,0,1,1,0,0,120,27,0.4615384615384615,0.00542972,0.00034724778,0.99954164,0
0.8059424161911011,0.7790853977203369,0.0,0.0499999750000125,0,0,0,0,0,1,1,0,0,64,1,0.5757575757575757,1.4148598e-05,0.0014317456,0.040008605,0
0.8250855207443237,0.782228410243988,0.8186994791030884,0.08695648393196351,0,0,0,0,0,1,1,1,0,107,53,0.5151515151515151,0.00010099079,0.08332054,8.934183e-05,0
0.8535035252571106,0.76481693983078,0.8086521029472351,0.1999998000002,0,0,0,0,0,1,1,1,0,121,53,0.48484848484848486,0.9999007,0.012781657,0.041886482,0
0.8049530386924744,0.7311453223228455,0.7812467217445374,0.055555524691375174,0,0,0,0,0,1,1,1,1,108,35,0.5757575757575757,0.0001886068,0.001213668,0.0031552964,0
0.8817154169082642,0.8170367479324341,0.8559525012969971,0.05263155124655198,0,0,0,0,0,1,1,1,1,94,57,0.5151515151515151,0.00015656993,0.000520928,0.00016749663,1
0.8303462266921997,0.7875578999519348,0.8170491456985474,0.0714285204081997,0,0,0,0,0,1,1,1,0,86,50,0.4918032786885246,0.004406397,0.00012342993,0.00049919606,0
0.8226166367530823,0.7906290888786316,0.8025332689285278,0.09090900826453795,0,0,0,0,0,1,1,0,0,94,22,0.46875,0.99980956,0.0013618101,0.99886847,0
0.8156246542930603,0.766399085521698,0.0,0.15384603550304962,1,0,0,0,0,1,1,0,0,105,1,0.5757575757575757,3.8639108e-05,0.00029967434,0.040008605,0
0.8243466019630432,0.7706327438354492,0.797328531742096,0.1333332444445037,0,0,1,0,0,1,1,0,1,124,57,0.48484848484848486,0.99920243,0.00021534612,2.9620136e-05,0
0.8178766965866089,0.7623615860939026,0.7832005620002747,0.08333326388894677,0,0,0,0,0,1,1,1,0,117,52,0.48484848484848486,0.99878305,0.118634865,0.004612471,0
0.8165768980979919,0.7749379873275757,0.7890572547912598,0.0714285204081997,0,0,0,0,0,1,1,1,0,98,18,0.5151515151515151,0.99994206,0.0007484779,0.0012213095,0
0.7950442433357239,0.7625833749771118,0.0,0.06666662222225185,0,0,0,0,0,1,1,1,0,96,1,0.4242424242424242,0.99980253,0.0075863013,0.040008605,0
0.7950442433357239,0.7550093531608582,0.0,0.06666662222225185,0,0,0,0,0,1,1,1,0,113,1,0.4242424242424242,0.99980253,8.868237e-05,0.040008605,0
0.7950442433357239,0.7516818642616272,0.774815559387207,0.06666662222225185,0,0,0,0,0,1,1,0,0,83,20,0.4242424242424242,0.99980253,5.283444e-05,0.015507694,0
0.8157506585121155,0.7323233485221863,0.7927688956260681,0.06249996093752441,0,0,0,0,0,1,1,1,0,114,56,0.42105263157894735,0.07740053,0.002422607,9.438008e-05,0
0.9250377416610718,0.8433732986450195,0.8531075119972229,0.5833328472226273,0,0,0,0,0,1,1,1,0,150,20,0.7777777777777779,0.0009776829,0.0007313994,0.00016374514,1
0.8744008541107178,0.8242872357368469,0.8582937717437744,0.21739120982990878,0,0,1,0,0,1,1,0,0,114,22,0.7777777777777779,3.734578e-05,0.9186191,9.456632e-05,1
0.8427371978759766,0.8307108283042908,0.8454010486602783,0.1199999520000192,0,0,1,0,0,1,1,0,0,120,22,0.6666666666666667,0.00049344345,0.6424238,0.00015350268,1
0.8668057322502136,0.7607132196426392,0.7856848239898682,0.0,0,0,0,0,0,1,0,1,1,100,49,0.4318181818181818,0.00058470754,0.00021072691,0.031128258,1
0.8497535586357117,0.8171209692955017,0.7977851033210754,0.18749988281257324,1,0,0,0,0,1,1,1,0,136,19,0.6222222222222222,0.98907614,0.0060592517,0.0028905405,0
0.8459543585777283,0.770959198474884,0.8023474216461182,0.0,0,0,0,0,0,1,0,0,0,128,48,0.5555555555555556,0.99909556,1.6724242e-05,0.00011959666,0
0.798712432384491,0.7724899053573608,0.7670129537582397,0.0,0,0,0,0,0,1,0,1,0,78,50,0.4358974358974359,0.07433511,0.0007383112,0.0008262215,0
0.798712432384491,0.7617223262786865,0.7670129537582397,0.0,0,0,0,0,0,1,0,1,0,94,50,0.4358974358974359,0.07433511,0.0011187586,0.0008262215,0
0.8583714962005615,0.809227466583252,0.8416591286659241,0.1764704844291268,0,0,0,0,0,1,1,1,0,102,17,0.6,0.0006447375,0.00043453136,0.00022225475,0
0.8317095041275024,0.791500449180603,0.0,0.06249996093752441,0,0,0,0,0,1,1,1,1,140,1,0.5,0.99755484,0.00082381384,0.15723708,0
0.7940752506256104,0.7799199819564819,0.7645053267478943,0.0,0,0,0,0,0,1,0,1,0,83,29,0.40506329113924056,0.98265505,0.08839609,0.12741274,0
0.8293511867523193,0.8015457987785339,0.8201149106025696,0.0,0,0,1,0,0,1,0,0,0,150,48,0.5822784810126582,0.999961,0.0040945997,0.040711205,0
0.8740562200546265,0.8162444829940796,0.0,0.38461508875762407,0,0,0,0,0,1,1,1,0,95,1,0.5555555555555556,7.188895e-05,0.0009962403,0.15723708,0
0.8242224454879761,0.7703537344932556,0.8032774329185486,0.0,0,0,0,0,0,1,1,1,0,73,52,0.45945945945945943,0.001522771,0.00045029548,0.057890207,0
0.7719135284423828,0.7819421291351318,0.0,0.0,0,0,0,0,0,1,0,1,0,68,1,0.5185185185185186,0.0024071836,3.4783756e-05,0.15723708,0
0.8050451278686523,0.7874597311019897,0.0,0.0,0,0,0,0,0,1,0,1,0,86,1,0.4666666666666666,0.00016530884,2.9332894e-05,0.15723708,1
0.9391829967498779,0.8308865427970886,0.8106199502944946,0.0,0,0,0,0,0,1,0,1,0,67,36,0.5565217391304348,2.9059605e-05,0.99971086,0.031489298,1
0.9055852890014648,0.8045932054519653,0.8204479813575745,0.0,0,0,0,0,0,1,0,1,0,108,20,0.576271186440678,7.161886e-06,0.00061527523,0.011074506,1
0.9512594938278198,0.8713852763175964,0.8762559294700623,0.5714281632655976,0,0,0,1,0,1,0,1,0,104,51,0.8833333333333333,5.701578e-05,0.99859077,0.0057580625,1
0.8998327255249023,0.8050589561462402,0.842118501663208,0.0,0,0,0,0,0,1,0,1,0,126,54,0.5565217391304348,1.9672405e-05,0.00647965,0.9994672,1
0.9032515287399292,0.8133406639099121,0.8076940774917603,0.0,0,0,0,0,0,1,0,1,0,98,24,0.42553191489361697,4.7309994e-05,0.017775973,0.99416983,1
0.8822633624076843,0.0,0.0,0.0,0,0,0,0,0,1,0,1,0,1,1,0.11111111111111116,0.00036165115,0.020935727,0.020935727,1
0.8822265267372131,0.801164984703064,0.0,0.0,0,0,0,0,0,1,0,0,1,99,1,0.4271844660194175,0.00011222601,0.99165934,0.020935727,1
0.7943769693374634,0.7282959818840027,0.7794554233551025,0.0,0,0,0,0,0,1,0,1,0,93,14,0.40476190476190477,0.00039374316,0.00031003248,0.0039138733,0
0.8269871473312378,0.7790224552154541,0.8128358125686646,0.055555524691375174,0,0,0,0,0,1,1,1,0,93,57,0.5523809523809524,0.000412713,4.1536125e-05,6.66752e-05,0
0.7862043976783752,0.7224957942962646,0.7843426465988159,0.0,0,0,1,0,0,1,0,1,0,113,23,0.3917525773195877,0.0008008249,0.0010129842,0.09044607,0
0.8088119029998779,0.7550175786018372,0.7739019393920898,0.0,0,0,0,0,0,1,0,1,0,98,41,0.4367816091954023,6.0937557e-05,0.00021173684,0.0005252097,0
0.7736057639122009,0.7315042018890381,0.7595195174217224,0.0,0,0,0,0,0,1,0,1,0,75,32,0.14953271028037385,0.23514833,0.04315273,0.10192744,0
0.7647897005081177,0.7300905585289001,0.7461963891983032,0.0,0,0,0,0,0,1,0,1,0,65,23,0.35,0.44062203,0.0068093226,0.1484707,0
0.7868874073028564,0.7678388953208923,0.7953897714614868,0.0,0,0,0,0,0,1,0,1,1,75,13,0.41509433962264153,0.9994491,0.0005686904,0.00036062833,0
0.7887080311775208,0.7426813244819641,0.7718216180801392,0.0,0,0,0,0,0,1,0,1,0,111,29,0.4385964912280702,0.00019115962,0.0007119997,0.00043314093,0
0.7883560657501221,0.7739577293395996,0.7842802405357361,0.0,0,0,0,0,0,1,0,1,0,72,19,0.4035087719298246,0.76291215,0.00019890924,0.0011410714,0
0.7795796990394592,0.7346956133842468,0.0,0.0,0,0,0,0,0,1,0,1,0,112,1,0.3908045977011494,0.9976935,3.0812098e-05,0.020935727,0
0.9611278176307678,0.8296268582344055,0.8905746340751648,0.6249996093752441,1,0,0,0,0,1,1,1,0,93,51,0.589041095890411,0.00012317875,0.00024650837,0.0118996985,1
0.8268296718597412,0.7906233668327332,0.896742045879364,0.15624995117189025,1,0,1,0,0,1,1,1,1,86,23,0.84375,0.00032372362,0.2108399,0.9994103,1
0.9068725109100342,0.7903481125831604,0.8500936627388,0.1499999250000375,0,0,0,0,0,1,0,1,0,112,52,0.4794520547945206,6.535026e-05,0.00019021804,5.2814008e-05,1
0.8856276273727417,0.797298789024353,0.8564004302024841,0.0,0,0,0,0,0,1,0,1,0,108,15,0.41726618705035967,6.272214e-05,0.01219557,0.009300484,1
0.8750623464584351,0.8018741011619568,0.0,0.0,0,0,0,0,0,1,0,1,0,94,1,0.4117647058823529,3.2767373e-05,0.22083007,0.0004653688,1
0.8461742401123047,0.7935514450073242,0.8428785800933838,0.0,0,0,0,0,0,1,0,1,0,106,20,0.3898305084745763,4.578199e-05,0.0022800446,0.0015144992,0
0.845617949962616,0.7930430769920349,0.8091173768043518,0.0,0,0,0,0,0,1,0,1,0,112,23,0.38235294117647056,0.0003432025,6.407094e-05,0.0012995437,0
0.8711249828338623,0.784120500087738,0.829952597618103,0.0,0,0,0,0,0,1,0,1,0,130,49,0.39669421487603307,1.7213135e-05,0.00027084295,0.0001192218,1
0.8164516687393188,0.7582817077636719,0.0,0.0,0,0,0,0,0,1,0,1,0,113,1,0.3928571428571429,0.00056578434,9.771253e-05,0.0004653688,0
0.840057909488678,0.7919014096260071,0.7929701209068298,0.0,0,0,0,0,0,1,0,1,0,60,29,0.4195804195804196,0.00023986973,0.10833196,0.9997894,1
0.8272618055343628,0.7440140843391418,0.7408788800239563,0.0,0,0,0,0,0,1,0,0,0,86,16,0.41538461538461535,0.0031302455,3.466359e-05,0.022509705,0
0.7987734079360962,0.7594673037528992,0.7599798440933228,0.0,0,0,0,0,0,1,0,1,0,98,21,0.37878787878787873,0.99950683,0.00014462258,0.81488746,0
0.8349694609642029,0.7959287166595459,0.819441556930542,0.0499999750000125,0,0,0,0,0,1,0,1,0,123,52,0.4,0.00077271636,0.944891,0.022455683,1
0.8110600113868713,0.7695802450180054,0.7493565678596497,0.0,0,0,0,0,0,1,0,1,1,92,18,0.4086021505376344,0.99946755,0.00017147683,0.014041383,0
0.8279025554656982,0.7753103971481323,0.8147568702697754,0.0,0,0,0,0,0,1,0,1,0,125,20,0.3464566929133859,0.9998498,0.02028483,0.4151919,0
0.8455421924591064,0.7922444343566895,0.8041037917137146,0.0399999840000064,0,0,0,0,0,1,1,0,0,84,53,0.4369747899159664,0.00020633641,0.00022270555,7.573621e-05,0
0.7839764356613159,0.7513880729675293,0.7566041946411133,0.0,0,0,0,0,0,1,0,1,0,125,57,0.4385964912280702,0.9940089,8.1782884e-05,0.00019893143,0
0.8459387421607971,0.8211652636528015,0.7942529916763306,0.13636357438019348,0,0,0,0,0,1,1,1,0,102,54,0.4657534246575342,0.99935144,0.019358482,6.99499e-05,0
0.9424384832382202,0.8744862079620361,0.0,0.3749997656251465,1,0,0,0,0,1,1,1,1,120,1,0.826923076923077,4.2932393e-06,0.0024607142,0.0013189788,1
0.9424384832382202,0.8766620755195618,0.0,0.3749997656251465,1,0,0,0,0,1,1,1,1,110,1,0.826923076923077,4.2932393e-06,0.0011466827,0.0013189788,1
0.9424384832382202,0.8819342255592346,0.0,0.3749997656251465,1,0,0,0,0,1,1,1,1,114,1,0.826923076923077,4.2932393e-06,0.0076315613,0.0013189788,1
0.9144969582557678,0.8532866835594177,0.0,0.10526310249310396,1,0,0,0,0,1,0,1,1,96,1,0.5192307692307692,3.5525877e-06,0.00015169685,0.0013189788,1
0.9178109169006348,0.8435854911804199,0.8611627817153931,0.16666657407412552,1,0,0,0,0,1,0,1,0,118,65,0.7115384615384616,4.5744464e-06,0.00028427437,0.998871,1
0.9218244552612305,0.8307335376739502,0.8535439968109131,0.099999950000025,1,0,0,0,0,1,0,1,1,105,55,0.39583333333333337,1.2307067e-05,4.763032e-05,7.5765056e-05,1
0.9218164086341858,0.8564128875732422,0.837589681148529,0.14285707482996438,1,0,0,0,0,1,0,1,1,94,15,0.4200000000000001,5.171346e-06,0.018016081,3.7112524e-05,1
0.9069461822509766,0.8722972273826599,0.8861355185508728,0.09090904958679565,1,0,0,0,0,1,0,1,0,103,50,0.7254901960784313,4.3635964e-06,0.0027748472,4.0950395e-05,1
0.9124053716659546,0.8728053569793701,0.8881196975708008,0.23076914201186846,1,0,0,0,0,1,1,0,0,96,25,0.826923076923077,8.656184e-06,0.0019543208,0.0005853723,1
0.9032928347587585,0.8111689686775208,0.8666228652000427,0.0,1,0,0,0,0,1,0,1,1,95,29,0.4489795918367348,4.3600958e-06,0.0022070801,1.3914323e-05,1
0.8535240888595581,0.7839963436126709,0.8094624876976013,0.04545452479339782,1,0,0,0,0,1,0,1,0,84,15,0.40909090909090906,0.0011340416,0.0004736738,0.997145,0
0.8211532831192017,0.7680923938751221,0.7971230149269104,0.055555524691375174,1,0,0,0,0,1,0,1,0,112,38,0.4565217391304348,3.4822242e-05,0.0010110314,0.9837481,0
0.8313133716583252,0.7570474743843079,0.7573326826095581,0.0799999680000128,0,0,0,0,0,1,1,1,1,57,48,0.42307692307692313,0.0017649811,0.023283936,0.013071807,0
0.889589786529541,0.8147639036178589,0.0,0.1764704844291268,0,0,1,0,0,1,0,1,0,76,1,0.625,0.9990522,0.00026242953,0.2266219,1
0.8749290704727173,0.8252503871917725,0.855324923992157,0.07692304733728948,0,0,0,0,0,1,0,0,0,97,27,0.40625,0.0007325672,6.543083e-05,0.99930334,1
0.8859419822692871,0.7854244709014893,0.8466117978096008,0.0,0,0,0,0,0,1,0,1,0,93,48,0.34375,0.0036997902,0.0380374,0.09636608,1
0.8520084619522095,0.7905266284942627,0.8034230470657349,0.0,0,0,0,0,0,1,1,1,0,143,18,0.41379310344827597,0.005879253,0.00020365612,0.00047247118,0
0.8741598129272461,0.8243939876556396,0.8473097085952759,0.1199999520000192,0,0,0,0,0,1,0,0,0,128,22,0.6666666666666667,0.00025888387,0.003844583,0.19965415,1
0.8330740928649902,0.7914470434188843,0.7893515229225159,0.0,0,0,0,0,0,1,0,1,0,104,24,0.53125,0.0036898497,0.0002480275,0.99994206,0
0.8412979245185852,0.7926375865936279,0.8105875253677368,0.0,0,0,0,0,0,1,0,1,0,92,20,0.375,0.002159142,0.0001049356,0.00060009153,0
0.863971471786499,0.8226358890533447,0.8153365254402161,0.08695648393196351,0,0,0,0,0,1,0,0,0,105,22,0.6666666666666667,0.032005996,0.00011055735,0.0017552492,1
0.8719775676727295,0.8078713417053223,0.8411473631858826,0.0714285204081997,0,0,1,0,0,1,0,1,0,115,54,0.625,0.99723107,0.00066238566,0.041267134,0
0.8485008478164673,0.787468433380127,0.8382756114006042,0.05714284081633119,0,0,0,0,0,1,0,1,0,80,75,0.3111111111111111,0.004028258,0.0015793062,0.0002598901,1
0.8485008478164673,0.7953259944915771,0.8382756114006042,0.05714284081633119,0,0,0,0,0,1,0,1,0,101,75,0.3111111111111111,0.004028258,0.00048958627,0.0002598901,1
0.8139902949333191,0.799162745475769,0.8113172650337219,0.0,0,0,0,0,0,1,0,1,0,94,40,0.2702702702702703,0.010644158,0.0023079459,0.00012129227,1
0.8644171357154846,0.82674241065979,0.843468964099884,0.12499992187504883,0,0,0,0,0,1,0,1,0,100,49,0.42105263157894735,2.9256995e-05,0.0056576966,9.225761e-05,1
0.8207897543907166,0.8044530153274536,0.8158869743347168,0.0,0,0,0,0,0,1,0,1,0,90,32,0.375,0.006414773,0.00013620648,0.002032052,1
0.8704134821891785,0.8236371278762817,0.8564398884773254,0.11111104938275035,0,0,0,0,0,1,0,1,0,84,50,0.4375,0.6017224,0.00017981458,0.011296815,1
0.8194349408149719,0.7414689660072327,0.7919235825538635,0.03703702331962099,0,0,1,0,0,1,0,1,0,56,23,0.3728813559322034,0.007133549,0.00015815644,1.11447225e-05,0
0.8376702070236206,0.7860350012779236,0.8133028745651245,0.0,0,0,0,0,0,1,0,1,0,127,60,0.4590163934426229,8.548822e-05,0.07078923,0.9964909,0
0.901319146156311,0.8244935274124146,0.8095390796661377,0.5999998000000667,0,0,0,1,0,1,1,0,0,85,27,0.4454148471615721,0.0007966638,0.00014268748,0.00045840934,1
0.8571290373802185,0.8359289169311523,0.0,0.3199998720000512,0,0,0,1,0,1,1,1,0,84,1,0.5078125,2.8853494e-05,0.0005126523,0.010654451,1
0.8571290373802185,0.8297432065010071,0.0,0.3199998720000512,0,0,0,1,0,1,1,1,0,90,1,0.5078125,2.8853494e-05,0.00016637634,0.010654451,1
0.8571290373802185,0.8252773284912109,0.0,0.3199998720000512,0,0,0,1,0,1,1,1,0,92,1,0.5078125,2.8853494e-05,0.00012077146,0.010654451,1
0.8810442090034485,0.8236932158470154,0.8269202709197998,0.26086945179589055,0,0,0,2,0,1,1,1,0,110,51,0.5180722891566265,5.462985e-05,0.004009517,0.0017420859,1
0.8033127188682556,0.7985154986381531,0.0,0.24137922711061136,0,0,0,0,0,1,1,1,0,70,1,0.5288461538461539,0.0052154204,0.00040226275,0.010654451,0
0.8540336489677429,0.8199571371078491,0.0,0.19999993333335556,0,0,0,0,0,1,1,0,0,76,1,0.5520833333333333,0.0029273343,0.00016146895,0.010654451,0
0.8366076350212097,0.8094892501831055,0.0,0.17647053633219517,0,0,1,0,0,1,1,1,0,91,1,0.48908296943231444,0.014185286,0.069150165,0.010654451,0
0.8491668701171875,0.8035072684288025,0.831928014755249,0.16129027055152564,0,0,0,0,0,1,1,0,0,64,21,0.5343511450381679,0.00032504793,0.0025915883,0.92560256,0
0.8268632292747498,0.7622928619384766,0.7873271107673645,0.09999996666667778,0,0,0,0,0,1,1,0,0,96,18,0.518918918918919,0.00023995165,0.00039435917,0.00016931354,0
0.8410846590995789,0.8123668432235718,0.8272408246994019,0.16666659722225116,0,0,0,0,0,1,1,1,0,63,22,0.5413533834586466,5.5432833e-05,0.0012463944,0.000200104,0
0.8410846590995789,0.795201301574707,0.0,0.16666659722225116,0,0,0,0,0,1,1,0,0,81,1,0.5680473372781065,5.5432833e-05,0.004484327,0.010654451,0
0.8164627552032471,0.7811471819877625,0.778854489326477,0.2105262603878262,0,0,1,0,0,1,1,1,0,90,43,0.5789473684210527,0.00019665039,0.0013038606,0.12899175,0
0.817063570022583,0.7916761636734009,0.0,0.1923076183432237,0,0,0,0,0,1,1,1,0,105,1,0.5524861878453038,2.3192491e-05,0.00063691026,0.010654451,0
0.8280219435691833,0.7831522226333618,0.0,0.10714281887756469,0,0,0,0,0,1,1,1,1,78,1,0.5367965367965368,0.0003825819,0.0002497242,0.010654451,0
0.8310752511024475,0.7874870896339417,0.7832090854644775,0.1249999609375122,0,0,0,0,0,1,1,1,0,111,55,0.4666666666666666,0.002615266,0.005899885,0.11406631,0
0.7971235513687134,0.7576677203178406,0.7786577939987183,0.09374997070313415,0,0,0,0,0,1,1,0,0,89,21,0.4705882352941176,0.011956433,0.00028305114,0.00014727449,0
0.8357735276222229,0.8236775398254395,0.0,0.24999987500006252,0,0,0,0,0,1,1,1,0,70,1,0.5428571428571429,0.03248448,0.000322787,0.035997685,0
0.8502377271652222,0.8182860612869263,0.0,0.1599999360000256,0,0,1,0,0,1,1,1,0,91,1,0.6888888888888889,0.99148047,0.016823018,0.035997685,0
0.8390175104141235,0.8085364103317261,0.0,0.21428556122459913,0,0,0,0,0,1,1,1,0,81,1,0.6,0.00024156997,0.00019522583,0.035997685,0
0.8444792628288269,0.7760847210884094,0.813643217086792,0.24999979166684028,0,0,0,0,0,1,1,1,1,92,56,0.575,0.00032299483,0.010907479,0.0021122673,0
0.8679705858230591,0.8161272406578064,0.0,0.1764704844291268,0,0,0,0,0,1,1,1,1,78,1,0.6444444444444444,0.00029846252,0.00010603901,0.035997685,0
0.8430931568145752,0.7942070364952087,0.8301112651824951,0.23076905325457442,1,0,0,0,0,1,1,1,0,87,55,0.5432098765432098,0.0093538705,4.9515165e-05,0.001350538,0
0.8356143236160278,0.783149778842926,0.8028445839881897,0.1333332444445037,0,0,0,0,0,1,1,1,0,94,49,0.430379746835443,0.91221124,0.00019311327,0.0002783919,0
0.845704972743988,0.7865541577339172,0.8160296678543091,0.1212120844811865,0,0,0,0,0,1,1,0,0,85,27,0.5333333333333333,0.0022677456,5.1204755e-05,0.00186926,0
0.8215886950492859,0.7814686298370361,0.0,0.18749988281257324,0,0,0,0,0,1,1,1,0,103,1,0.5411764705882354,0.04696353,0.0020118803,0.035997685,0
0.8266900181770325,0.8066810369491577,0.8123423457145691,0.1499999250000375,0,0,0,0,0,1,1,0,0,111,27,0.5333333333333333,0.045897923,0.0071845045,0.1256862,0
0.8447825312614441,0.8148717284202576,0.8144989609718323,0.19999986666675557,1,0,1,0,0,1,1,0,0,96,31,0.5205479452054795,0.00014341788,0.007792398,0.017366419,0
0.8268030881881714,0.7897900938987732,0.0,0.16666657407412552,1,0,0,0,0,1,1,0,0,96,1,0.4444444444444444,0.99614775,0.00033876378,0.035997685,0
0.7743178009986877,0.754340648651123,0.7600045800209045,0.19999986666675557,0,0,0,0,0,1,1,1,1,124,21,0.38636363636363635,0.9603842,0.0011296052,2.7362545e-05,0
0.8240754008293152,0.7985805869102478,0.0,0.1333332444445037,0,0,0,0,0,1,1,1,0,87,1,0.5777777777777777,0.00087457657,7.792532e-05,0.035997685,0
0.8202424645423889,0.7880327105522156,0.7921268939971924,0.06249996093752441,0,0,0,0,0,1,1,0,0,97,22,0.5555555555555556,0.9897621,0.00025136973,0.0029337823,0
0.8212549686431885,0.7638991475105286,0.0,0.18749988281257324,0,0,0,0,0,1,1,1,1,95,1,0.4943820224719101,0.9904365,0.0003978096,0.035997685,0
0.811541736125946,0.8087565302848816,0.7882760763168335,0.14285707482996438,0,0,0,0,0,1,1,1,0,104,56,0.4666666666666666,0.9909366,0.00025706005,0.00096110074,0
0.9322206974029541,0.8436148762702942,0.8843319416046143,0.19999986666675557,2,0,0,0,0,1,1,1,0,80,53,0.8292682926829268,3.410022e-05,0.00035018634,0.00080070883,1
0.9302372932434082,0.8740760087966919,0.8776476383209229,0.1333332444445037,1,0,0,0,0,1,0,1,0,56,40,0.5853658536585367,2.5868736e-05,0.9975163,0.00024307263,1
0.8403029441833496,0.7892438173294067,0.7979710698127747,0.0,0,0,0,0,0,1,0,1,0,101,49,0.5822784810126582,0.0010215885,0.00030073177,0.009864854,0
0.8197378516197205,0.7628070712089539,0.7977265119552612,0.0,1,0,0,0,0,1,0,1,1,84,40,0.46376811594202894,0.023931975,0.0001971287,0.30414155,0
0.7919487953186035,0.7467406988143921,0.7863200306892395,0.0399999840000064,0,0,0,0,0,1,1,1,0,100,22,0.3902439024390244,1.0308398e-05,0.00020624658,0.0012146109,0
0.8429659008979797,0.7514944672584534,0.7734482288360596,0.0,0,0,0,0,0,1,1,1,0,104,50,0.46341463414634143,0.99994266,0.008826205,0.00023351412,0
0.8002892136573792,0.7474244236946106,0.0,0.0,0,0,0,0,0,1,1,1,0,63,1,0.5365853658536586,0.00010090095,0.019439027,0.9194613,0
0.8750969171524048,0.8244175314903259,0.8424440026283264,0.0,0,0,0,0,0,1,0,1,0,131,20,0.41463414634146345,0.014153847,0.0028156065,0.01532688,0
0.8100669980049133,0.7557050585746765,0.0,0.0,0,0,0,0,0,1,1,1,0,100,1,0.5609756097560976,0.055340562,0.0003015137,0.9194613,0
0.8275145888328552,0.7806514501571655,0.8037682175636292,0.0,0,0,0,0,0,1,0,1,0,78,16,0.4225352112676056,0.007157522,0.0013155217,0.002839347,0
0.8311653733253479,0.752427339553833,0.8064756989479065,0.0,0,0,0,0,0,1,0,0,0,104,11,0.4390243902439024,0.8672598,0.019949758,0.002567726,0
0.809958279132843,0.7782358527183533,0.7921368479728699,0.0,0,0,0,0,0,1,0,1,0,101,17,0.4375,0.99980277,0.00056038576,0.058757123,0
0.8188018798828125,0.7512653470039368,0.8187757134437561,0.0,0,0,0,0,0,1,1,1,0,115,19,0.5365853658536586,0.017523881,5.2077132e-05,0.00019591763,0
0.7933758497238159,0.7390204071998596,0.7766736149787903,0.04878047590720099,0,0,0,0,0,1,1,1,0,97,20,0.36585365853658536,0.009387506,0.0017211542,0.0012465195,0
0.8199644684791565,0.7500762939453125,0.7721047401428223,0.0,0,0,0,0,0,1,0,1,0,102,17,0.38888888888888884,0.9569717,0.001500428,0.10187395,0
0.8199644684791565,0.7539924383163452,0.7721047401428223,0.0,0,0,0,0,0,1,0,1,0,100,17,0.38888888888888884,0.9569717,0.0004935799,0.10187395,0
0.7764893174171448,0.7747815251350403,0.0,0.0,0,0,0,0,0,1,1,1,1,96,1,0.5121951219512195,0.902155,0.99342716,0.9194613,0
0.8058807849884033,0.7638810276985168,0.7874959111213684,0.0,0,0,0,0,0,1,0,0,0,87,48,0.48,0.9991111,0.0005301345,0.0004633957,0
0.9431467652320862,0.8356192708015442,0.0,0.5555549382722909,1,0,0,0,0,1,1,1,0,119,1,0.5714285714285714,7.524678e-06,0.0005406753,0.14094213,1
0.9392092227935791,0.8285266160964966,0.9011421203613281,0.30769207100609924,1,0,0,0,0,1,0,1,0,98,54,0.6666666666666667,2.7021597e-05,0.005667042,0.00073792477,1
0.921187162399292,0.8588434457778931,0.8944098353385925,0.38461508875762407,1,0,0,0,0,1,1,0,0,100,22,0.8571428571428572,8.452359e-06,0.0002552843,0.00016931383,1
0.8211392760276794,0.7661688923835754,0.7669557332992554,0.06666662222225185,0,0,0,0,0,1,0,1,1,115,36,0.4415584415584416,0.05442713,0.00066872634,2.7006163e-05,0
0.8966087102890015,0.8389670252799988,0.8677058219909668,0.23076905325457442,1,0,0,0,0,1,0,1,0,79,33,0.5641025641025641,5.010454e-05,4.668163e-05,0.9812135,1
0.8966087102890015,0.8130592107772827,0.8677058219909668,0.23076905325457442,1,0,0,0,0,1,0,1,0,88,33,0.5641025641025641,5.010454e-05,8.558947e-05,0.9812135,1
0.8420768976211548,0.809629499912262,0.8027717471122742,0.15384603550304962,1,0,0,0,0,1,0,0,0,97,18,0.775,0.9472949,0.00046465077,0.07309661,1
0.8240233063697815,0.758216142654419,0.7959291338920593,0.0714285204081997,0,0,0,0,0,1,0,1,1,97,48,0.4615384615384615,0.9447038,0.0005531339,0.009000931,0
0.8236448168754578,0.7518979907035828,0.7772095203399658,0.07692301775152481,0,0,0,0,0,1,0,1,0,123,49,0.4285714285714286,0.99946076,0.00031166812,0.0019246489,0
0.8236448168754578,0.7546066641807556,0.768835723400116,0.07692301775152481,0,0,0,0,0,1,0,1,0,128,10,0.4285714285714286,0.99946076,0.0027783064,0.9976053,0
0.8218876123428345,0.743511974811554,0.0,0.06249996093752441,0,0,0,0,0,1,0,1,0,83,1,0.33333333333333337,0.9952524,6.8582005e-05,0.14094213,0
0.8218876123428345,0.7628154158592224,0.7650966644287109,0.06249996093752441,0,0,0,0,0,1,0,1,0,125,14,0.523076923076923,0.9952524,0.00038027807,0.88521975,0
0.8449134230613708,0.7824558019638062,0.804877519607544,0.15384603550304962,1,0,0,0,0,1,0,1,1,103,31,0.5714285714285714,0.9743849,0.005001477,0.9761983,0
0.8245687484741211,0.7514274716377258,0.7755117416381836,0.08333326388894677,0,0,0,0,0,1,0,1,1,105,47,0.4473684210526315,0.99951994,0.00017407005,8.166129e-05,0
0.8189598917961121,0.7657819986343384,0.800317645072937,0.08333326388894677,0,0,0,0,0,1,0,1,1,129,23,0.40506329113924056,0.0062406096,0.0020680015,0.10760033,0
0.8681907653808594,0.8425039649009705,0.8542851805686951,0.055555524691375174,0,0,0,0,0,1,0,1,0,99,51,0.7413793103448276,0.4441809,0.0021398317,0.00014201742,1
0.855997622013092,0.8045246601104736,0.8468142747879028,0.06896549346017466,0,0,0,0,0,1,0,1,0,114,50,0.4444444444444444,0.0001696295,0.00023217329,0.0012658613,1
0.8109892010688782,0.7526560425758362,0.7706944942474365,0.03225805411030513,0,0,0,0,0,1,1,1,0,120,52,0.4297520661157025,0.06603033,0.002125911,6.465192e-05,0
0.8109892010688782,0.759297251701355,0.7654940485954285,0.03225805411030513,0,0,0,0,0,1,0,1,0,131,53,0.49122807017543857,0.06603033,0.0017194436,1.7194909e-05,0
0.8474728465080261,0.812192440032959,0.8228514194488525,0.03846152366864474,0,0,0,0,0,1,1,0,0,105,22,0.5046728971962617,0.00035593507,0.00010598931,0.0012174031,1
0.8236098885536194,0.7496963143348694,0.7917501330375671,0.03448274673008733,0,0,1,0,0,1,0,1,0,56,23,0.3870967741935484,0.0070239035,0.00022105296,4.059023e-05,1
0.7933349013328552,0.7720091938972473,0.7986917495727539,0.06249996093752441,0,0,0,0,0,1,0,1,0,97,51,0.4601769911504425,0.012334366,0.00024794298,0.0002082587,0
0.8643262982368469,0.8137745261192322,0.8476046323776245,0.0,0,0,0,0,0,1,0,1,0,120,54,0.4554455445544554,6.570647e-05,0.9970663,0.00062832434,1
0.8542495965957642,0.7932401895523071,0.7977133393287659,0.0,0,0,0,0,0,1,0,1,0,143,18,0.43333333333333335,0.0007168826,0.0002366803,0.02812192,0
0.8181616067886353,0.8314213752746582,0.8320245742797852,0.0,0,0,0,0,0,1,0,1,0,90,32,0.47706422018348627,0.0002666238,0.00014778218,0.00240803,1
0.8003737330436707,0.7791643142700195,0.7843199372291565,0.0,0,0,1,0,0,1,0,1,0,141,21,0.4067796610169492,0.9796723,4.8604674e-05,0.0026119598,0
0.798565149307251,0.8012540340423584,0.0,0.0,0,0,0,0,0,1,0,1,0,81,1,0.5789473684210527,0.00056308164,0.000948255,0.15080906,0
0.8038830757141113,0.7956319451332092,0.795621395111084,0.0,0,0,1,0,0,1,0,1,0,129,46,0.3709677419354838,0.99862397,7.345113e-05,2.289382e-05,0
0.8196009993553162,0.7775582671165466,0.8121234774589539,0.04761902494332146,0,0,0,0,0,1,0,1,0,97,66,0.4736842105263158,0.0005060815,8.882774e-05,0.010960226,0
0.7881765961647034,0.7715439796447754,0.0,0.0,0,0,0,0,0,1,0,1,0,117,1,0.4200000000000001,0.003843404,2.9466295e-05,0.15080906,0
0.8154224753379822,0.7947180867195129,0.8021595478057861,0.0,0,0,0,0,0,1,0,1,0,73,20,0.4297520661157025,8.116006e-05,3.2686683e-05,9.4123325e-06,0
0.8527609705924988,0.8113481402397156,0.8343946933746338,0.0399999840000064,0,0,0,0,0,1,1,1,0,111,57,0.5094339622641509,0.00015593912,0.0029227186,0.0006534456,1
0.8276618719100952,0.7917944192886353,0.8270247578620911,0.0,0,0,0,0,0,1,1,1,0,105,57,0.47863247863247854,0.75338954,0.021805441,0.0044582565,1
0.7791453003883362,0.7698632478713989,0.7810524106025696,0.0,0,0,0,0,0,1,0,1,0,95,38,0.4363636363636364,8.079535e-05,5.571234e-05,2.6307216e-05,1
0.8080399036407471,0.8066511750221252,0.809649646282196,0.0,0,0,0,0,0,1,0,1,0,93,19,0.4423076923076923,0.9996984,0.99665475,0.954181,0
0.8600097894668579,0.7606260180473328,0.7642650008201599,0.0,0,0,0,0,0,1,0,1,0,104,75,0.3661971830985915,0.00022605974,0.0002609411,0.00018909655,0
0.8600097894668579,0.7550696134567261,0.7642650008201599,0.0,0,0,0,0,0,1,0,1,0,89,75,0.3661971830985915,0.00022605974,0.0020973173,0.00018909655,0
0.7899442911148071,0.7847744822502136,0.7971342206001282,0.0,0,0,1,0,0,1,0,1,0,102,7,0.4354838709677418,0.99876606,0.0005925631,0.49239582,0
0.7781424522399902,0.7630680799484253,0.782479465007782,0.0,0,0,0,0,0,1,0,1,0,96,42,0.38888888888888884,6.8916255e-05,0.00020290654,0.000115696326,0
0.7873040437698364,0.7918189167976379,0.8051046133041382,0.0,0,0,1,0,0,1,0,1,1,91,28,0.41025641025641024,0.026989445,7.663768e-05,6.979071e-05,0
0.782987654209137,0.7800391316413879,0.0,0.0,0,0,0,0,0,1,0,1,0,114,1,0.36363636363636365,0.011521995,7.5356766e-05,0.15080906,0
0.9114868640899658,0.8551614284515381,0.0,0.15384603550304962,1,0,0,0,0,1,1,1,1,83,1,0.55,0.0028904432,0.002226075,0.10333412,1
0.8818536996841431,0.8379085659980774,0.8789634704589844,0.12499992187504883,1,0,0,0,0,1,1,1,0,91,47,0.675,0.00012054848,0.0041158292,4.7349302e-05,1
0.8525769114494324,0.7835938930511475,0.804640531539917,0.0,0,0,0,0,0,1,0,1,1,127,35,0.5833333333333333,5.507614e-05,0.0020914748,0.00013417707,0
0.8369666934013367,0.7665473818778992,0.8116011619567871,0.0,0,0,0,0,0,1,0,1,1,123,33,0.5714285714285714,5.5861463e-05,0.0001894023,0.00095912156,0
0.8293763995170593,0.7688939571380615,0.7919124364852905,0.0,0,0,0,0,0,1,0,1,1,112,30,0.5714285714285714,6.4816144e-05,4.155131e-05,0.00019412447,0
0.8293763995170593,0.7770793437957764,0.7970722317695618,0.0,0,0,0,0,0,1,0,1,1,130,31,0.5714285714285714,6.4816144e-05,0.002459833,0.000217457,0
0.8214094042778015,0.7760122418403625,0.7676416635513306,0.0,0,0,0,0,0,1,0,0,1,142,31,0.5806451612903225,0.00022290091,0.0003390699,0.85310996,0
0.8562777042388916,0.8015553951263428,0.810174286365509,0.06249996093752441,0,0,0,0,0,1,1,1,0,84,15,0.5846153846153845,0.9916875,0.0060974336,0.004288696,0
0.8353643417358398,0.7795313000679016,0.8110355734825134,0.0,0,0,0,0,0,1,0,1,1,77,19,0.43333333333333335,0.00020614348,0.0002220898,0.07621738,0
0.8129698634147644,0.7526837587356567,0.7798466682434082,0.0,0,0,0,0,0,1,0,1,0,70,17,0.6129032258064516,0.011177263,0.0005841222,0.99743634,0
0.8129698634147644,0.7797960638999939,0.7798466682434082,0.0,0,0,0,0,0,1,0,1,0,101,17,0.6129032258064516,0.011177263,0.0032348975,0.99743634,0
0.8511453866958618,0.8194104433059692,0.0,0.08333326388894677,0,0,0,0,0,1,0,1,0,75,1,0.5,0.9999722,0.00028653082,0.10333412,0
0.8213686943054199,0.7968664765357971,0.0,0.0,0,0,0,0,0,1,0,0,0,102,1,0.575,0.059535522,0.003424572,0.10333412,0
0.8750109076499939,0.7892623543739319,0.0,0.2857138775516035,1,0,0,0,0,1,0,1,1,89,1,0.5405405405405406,0.9988544,0.00026339488,0.10333412,0
0.8657987117767334,0.7987191081047058,0.785592794418335,0.1999998000002,1,0,0,0,0,1,1,0,0,81,22,0.475,1.6732887e-05,0.95432454,0.008275463,0
0.8890392184257507,0.8031749129295349,0.8319383859634399,0.3333329629633745,1,0,0,0,0,1,1,1,0,69,58,0.5,0.9999187,0.0008406519,0.09750277,0
0.8271148800849915,0.7793967127799988,0.7980000376701355,0.0,0,0,0,0,0,1,0,1,1,122,36,0.575,3.4216224e-05,0.00074120465,4.311243e-05,0
0.8086233139038086,0.7810150384902954,0.7834966778755188,0.055555524691375174,0,0,0,0,0,1,1,0,0,119,22,0.625,0.99996674,0.00030851702,0.9146771,0
0.835645318031311,0.7670068144798279,0.7958617806434631,0.0,0,0,0,0,0,1,1,1,0,96,48,0.42500000000000004,0.9999428,3.505825e-05,0.0011910336,0
0.9444954991340637,0.8498935103416443,0.8782474398612976,0.30769207100609924,0,0,0,0,0,1,1,0,0,93,20,0.657142857142857,3.6821017e-05,0.00021127501,0.9936904,1
0.9420124888420105,0.8338557481765747,0.8263524174690247,0.2727270247936138,0,0,0,0,0,1,1,1,0,98,19,0.6470588235294117,0.0026606633,0.0025106235,0.0005094106,1
0.8968751430511475,0.8549028038978577,0.0,0.1599999360000256,0,0,0,0,0,1,1,1,0,79,1,0.6285714285714286,3.468821e-05,0.0008141931,0.16567916,1
0.8968751430511475,0.8518818020820618,0.0,0.1599999360000256,0,0,0,0,0,1,1,1,0,78,1,0.6285714285714286,3.468821e-05,0.0009555991,0.16567916,1
0.8968751430511475,0.8431273698806763,0.0,0.1599999360000256,0,0,0,0,0,1,1,1,0,136,1,0.6285714285714286,3.468821e-05,0.00026268576,0.16567916,1
0.8715133666992188,0.8561122417449951,0.8487482666969299,0.08695648393196351,0,0,0,0,0,1,1,1,0,109,53,0.6285714285714286,0.000109137305,0.0017223199,0.99993193,1
0.8679550290107727,0.8413543701171875,0.8695291876792908,0.06060604224059325,0,0,0,0,0,1,1,1,0,82,23,0.49230769230769234,0.0003048341,0.035159614,0.9999591,1
0.8871602416038513,0.8030049204826355,0.0,0.24999979166684028,0,0,0,0,0,1,1,0,0,85,1,0.40816326530612246,0.99330235,8.861721e-05,0.16567916,0
0.8823975920677185,0.7745324373245239,0.7819207310676575,0.1333332444445037,0,0,0,0,0,1,1,0,0,112,75,0.6,0.9978194,0.00019778371,0.00056056515,0
0.8600148558616638,0.8018754720687866,0.0,0.1764704844291268,0,0,0,0,0,1,1,1,0,76,1,0.5428571428571429,0.06762329,2.2648968e-05,0.16567916,0
0.8318092226982117,0.7828753590583801,0.0,0.07692301775152481,0,0,0,0,0,1,1,1,0,120,1,0.45714285714285713,0.007169686,0.9740728,0.16567916,0
0.8318092226982117,0.7860468626022339,0.0,0.07692301775152481,0,0,0,0,0,1,1,1,0,96,1,0.45714285714285713,0.007169686,0.0335785,0.16567916,0
0.8286375999450684,0.7736707329750061,0.81563800573349,0.06249996093752441,0,0,0,0,0,1,1,1,0,100,54,0.45714285714285713,0.011801285,0.9879396,0.00042111706,0
0.8139006495475769,0.7833425402641296,0.8161648511886597,0.0499999750000125,0,0,0,0,0,1,1,0,0,84,19,0.4666666666666666,0.9993704,0.00012483036,0.90461653,0
0.8732119798660278,0.8138176202774048,0.0,0.04545452479339782,0,0,0,0,0,1,1,1,0,116,1,0.5142857142857142,0.061635714,0.0002566977,0.16567916,0
0.8199982643127441,0.7930267453193665,0.0,0.11764698961941787,0,0,0,0,0,1,1,1,0,99,1,0.5588235294117647,0.01939649,0.0055969493,0.16567916,0
0.8137211203575134,0.7891098260879517,0.0,0.06666664444445185,0,0,1,0,0,1,1,1,1,88,1,0.4285714285714286,0.24296077,0.00046662666,0.16567916,0
0.9157120585441589,0.8669474720954895,0.8745954036712646,0.2380951247166073,0,0,0,0,0,1,1,1,0,112,49,0.5957446808510638,2.1378879e-05,0.0032013168,1.658614e-05,1
0.8900215029716492,0.8483675718307495,0.8812510967254639,0.17241373365043666,0,0,0,0,0,1,1,1,1,77,22,0.5454545454545454,7.711976e-06,0.0038710246,0.9948009,1
0.8875423669815063,0.8503302335739136,0.8232876062393188,0.18749988281257324,0,0,0,0,0,1,1,1,0,115,22,0.564516129032258,0.0017336216,0.00012194494,0.99270815,1
0.8498489856719971,0.8059166669845581,0.0,0.11764698961941787,0,0,0,0,0,1,1,1,0,98,1,0.532258064516129,0.993828,0.00061691314,0.37463522,0
0.8169897198677063,0.7873567342758179,0.7948408126831055,0.09523804988664292,0,0,0,0,0,1,1,1,0,85,51,0.46774193548387105,0.019247653,6.3646075e-05,0.0003703744,0
0.835567831993103,0.7873597741127014,0.0,0.0,0,0,0,0,0,1,0,1,0,111,1,0.5,0.00019412079,0.0006058334,0.37463522,0
0.8006596565246582,0.7916703820228577,0.8019349575042725,0.03703702331962099,0,0,1,0,0,1,0,1,0,89,17,0.4329896907216495,0.9992036,0.006619489,0.13033837,0
0.805972695350647,0.7891446352005005,0.812848687171936,0.09523804988664292,0,0,0,0,0,1,1,1,0,140,51,0.505050505050505,0.9973279,0.002141988,0.00047492963,0
0.8167829513549805,0.788442850112915,0.8198747038841248,0.09090900826453795,0,0,0,0,0,1,0,1,0,89,29,0.43478260869565216,0.9940527,0.0002356715,0.9878163,0
0.8092085123062134,0.7903262376785278,0.7971982359886169,0.0,0,0,0,0,0,1,0,1,1,88,28,0.4731182795698925,0.99990666,0.00028016476,0.9953067,0
0.8241375684738159,0.7906110882759094,0.8343517780303955,0.08695648393196351,0,0,0,0,0,1,1,0,0,111,27,0.532258064516129,0.998919,0.002411044,0.01925311,0
0.8405726552009583,0.7777025699615479,0.8071798086166382,0.0714285204081997,0,0,0,0,0,1,1,1,1,95,51,0.532258064516129,0.99888927,0.2929195,0.98826873,0
0.8250159621238708,0.779052734375,0.8094321489334106,0.08333326388894677,0,0,0,0,0,1,0,1,0,113,30,0.4424778761061947,0.99749976,0.0038675524,0.01492994,0
0.8250159621238708,0.7576295733451843,0.7894879579544067,0.08333326388894677,0,0,0,0,0,1,0,1,0,152,32,0.43333333333333335,0.99749976,0.05151439,0.005802887,0
0.8250159621238708,0.7453799843788147,0.7759714126586914,0.08333326388894677,0,0,0,0,0,1,0,1,0,107,34,0.4107142857142857,0.99749976,0.0006315746,0.5264532,0
0.8250159621238708,0.7545632123947144,0.7959696650505066,0.08333326388894677,0,0,0,0,0,1,0,1,0,118,30,0.4193548387096774,0.99749976,0.0005634624,0.96308756,0
0.8250159621238708,0.7637777924537659,0.8106454014778137,0.08333326388894677,0,0,0,0,0,1,0,1,0,87,28,0.4130434782608695,0.99749976,0.0005497839,0.0007843346,0
0.8123979568481445,0.7685518264770508,0.8120315074920654,0.0714285204081997,0,0,0,0,0,1,0,0,1,86,7,0.4948453608247423,0.99111056,9.86522e-05,0.035174802,0
0.7967652678489685,0.754658579826355,0.7852532267570496,0.0,0,0,0,0,0,1,0,1,1,113,37,0.46774193548387105,0.00020366043,0.0009164881,0.00017531002,0
0.940334141254425,0.860974133014679,0.8874738812446594,0.28571414965992875,1,0,1,2,0,1,1,1,0,113,54,0.9420289855072465,8.4967105e-06,0.99965155,0.9229732,1
0.9501519799232483,0.8691670298576355,0.8996450304985046,0.31249980468762206,1,0,1,0,0,1,1,1,0,60,26,0.6956521739130435,2.8684546e-05,0.9950996,3.33443e-05,1
0.9182360172271729,0.8537665605545044,0.0,0.15384609467457896,1,0,1,0,0,1,1,1,1,127,1,0.8131868131868132,8.91917e-06,0.9999194,0.26285142,1
0.9071323275566101,0.8202615976333618,0.8232048749923706,0.0,0,0,0,0,0,1,0,1,0,106,25,0.5072463768115942,1.7994387e-05,0.00029411662,2.7730423e-05,1
0.9231052994728088,0.822180986404419,0.8523667454719543,0.0,0,0,0,0,0,1,0,1,0,119,54,0.4444444444444444,3.0752322e-05,0.992706,0.0067506395,1
0.9051963090896606,0.8166526556015015,0.8403115272521973,0.0,0,0,0,0,0,1,0,1,0,107,41,0.4087591240875912,0.97430223,0.9519203,2.7992604e-05,1
0.8794292211532593,0.8253348469734192,0.0,0.0,0,0,1,0,0,1,0,1,0,93,1,0.5413533834586466,0.000108003944,0.9970278,0.26285142,1
0.8777478933334351,0.8462759852409363,0.8315107226371765,0.1923076183432237,1,0,0,0,0,1,1,1,0,103,20,0.4536082474226804,0.0005388544,0.00014354843,0.00013606866,0
0.914280891418457,0.8522422909736633,0.7899684906005859,0.0,0,0,0,0,0,1,0,1,0,88,32,0.4227642276422764,0.000119416014,0.0008936369,0.011458331,1
0.8939314484596252,0.851701021194458,0.8652830719947815,0.0499999750000125,0,0,1,0,0,1,0,1,0,137,50,0.42028985507246375,0.0022798185,0.9985362,0.00017551467,1
0.8787864446640015,0.8350498080253601,0.7610865831375122,0.0,0,0,1,0,0,1,0,1,0,100,12,0.44628099173553715,1.498788e-05,0.0012334874,0.00012233421,1
0.8954019546508789,0.8265286684036255,0.8415901064872742,0.058823494809708936,0,0,0,0,0,1,1,1,0,122,52,0.49122807017543857,9.0521244e-05,0.0015341524,9.7545424e-05,0
0.8681647777557373,0.8655311465263367,0.8887651562690735,0.21428556122459913,0,0,0,0,0,1,1,1,0,125,52,0.9387755102040817,0.0003611024,0.00026241728,7.022199e-05,1
0.8625262975692749,0.7982008457183838,0.817346453666687,0.1333332444445037,0,0,0,0,0,1,1,1,0,114,51,0.46938775510204084,0.99693894,0.00254322,0.0018752489,0
0.867109477519989,0.8127687573432922,0.8168004751205444,0.29411747404854466,1,0,1,0,0,1,1,1,0,118,58,0.5517241379310345,4.1905885e-05,0.0021883727,3.522719e-05,0
0.836906909942627,0.8023526072502136,0.8335559964179993,0.10526310249310396,0,0,0,0,0,1,1,0,0,105,57,0.4772727272727273,4.931764e-05,0.00062410196,7.5248856e-05,0
0.8236134648323059,0.7733259201049805,0.7826862931251526,0.11111104938275035,0,0,0,0,0,1,0,1,0,82,48,0.46938775510204084,0.99966145,0.0014490035,0.0011448057,0
0.7970517873764038,0.7646054625511169,0.8043720126152039,0.10526310249310396,0,0,0,0,0,1,0,1,0,71,13,0.48275862068965514,0.0052688573,0.012154865,0.0040761093,0
0.8040989637374878,0.7780022621154785,0.7962098717689514,0.099999950000025,0,0,0,0,0,1,0,1,1,85,30,0.45569620253164556,0.0028871815,0.00045728282,0.00022257231,0
0.8093006610870361,0.7769483327865601,0.788752019405365,0.0624999804687561,0,0,0,0,0,1,0,0,0,86,73,0.4285714285714286,0.026200999,0.98479915,0.05558628,0
0.7841342687606812,0.7751185297966003,0.7901208996772766,0.0499999750000125,0,0,0,0,0,1,0,1,0,113,23,0.37209302325581395,0.056791652,0.01781158,0.062769085,0
0.8015218377113342,0.7682337760925293,0.8134127855300903,0.11111104938275035,0,0,0,0,0,1,0,1,0,90,17,0.4074074074074075,0.9994585,0.0007041814,0.0067859143,0
0.8042101860046387,0.7627097368240356,0.7949499487876892,0.0714285204081997,0,0,0,0,0,1,1,1,0,83,58,0.4318181818181818,0.9991285,7.5083866e-05,5.7100708e-05,0
0.8214460015296936,0.7699371576309204,0.7922061681747437,0.04761902494332146,0,0,1,0,0,1,0,0,0,99,40,0.5060240963855422,0.011044013,0.0011473729,0.0010139222,0
0.8151470422744751,0.7748260498046875,0.8034560680389404,0.0,0,0,1,0,0,1,0,0,0,118,50,0.4285714285714286,0.0043166317,0.00049312826,0.027515816,0
0.826408863067627,0.7612420916557312,0.8026109933853149,0.12499992187504883,0,0,0,0,0,1,0,1,0,108,23,0.4489795918367348,0.008400245,0.00034067425,0.006972162,0
0.8167914152145386,0.7763510346412659,0.7933507561683655,0.1333332444445037,0,0,0,0,0,1,0,0,0,83,25,0.3877551020408163,0.24193528,0.00014942745,0.06899229,0
0.8167914152145386,0.7713556289672852,0.7933507561683655,0.1333332444445037,0,0,0,0,0,1,0,1,0,83,25,0.3877551020408163,0.24193528,0.00018742823,0.06899229,0
0.8131526708602905,0.7836539149284363,0.7980046272277832,0.03448274673008733,0,0,0,0,0,1,0,1,0,97,66,0.4489795918367348,0.056865066,0.0014683304,0.13275875,0
0.8065541386604309,0.7503435015678406,0.7882639765739441,0.06249996093752441,0,0,0,0,0,1,1,0,0,120,24,0.5208333333333333,0.000109525194,0.0029158655,6.3832325e-05,0
0.8065541386604309,0.7632567286491394,0.767233669757843,0.06249996093752441,0,0,0,0,0,1,1,1,0,103,23,0.48936170212765956,0.000109525194,0.016929366,5.7373705e-05,0
0.8887744545936584,0.856587290763855,0.8802870512008667,0.18749988281257324,0,0,0,0,0,1,1,0,1,132,30,0.8372093023255813,0.00015116464,0.00010134914,6.516912e-05,1
0.8492217063903809,0.7612331509590149,0.7613094449043274,0.0,0,0,0,0,0,1,0,1,0,105,16,0.4675324675324676,0.0004718694,0.00053701206,4.4089473e-05,0
0.8425164818763733,0.8020204305648804,0.8213986158370972,0.0,0,0,0,0,0,1,0,1,0,101,25,0.4810126582278481,0.004816817,5.56889e-05,0.00016928531,0
0.8795549869537354,0.8471052050590515,0.8409340977668762,0.11764698961941787,0,0,1,0,0,1,1,0,0,83,26,0.627906976744186,9.44009e-06,8.715462e-05,0.00038111862,1
0.8428325057029724,0.8060101866722107,0.8414410352706909,0.07407404663924198,0,0,0,0,0,1,1,0,1,102,25,0.619718309859155,0.0038597118,0.00025076463,0.00012400073,0
0.8745628595352173,0.8004152178764343,0.8251665830612183,0.1333332444445037,0,0,0,0,0,1,1,1,0,122,35,0.6511627906976745,3.244824e-05,0.00019751885,0.016255684,0
0.8585420846939087,0.7874243855476379,0.7917186617851257,0.0,0,0,1,0,0,1,0,1,0,104,17,0.6086956521739131,0.9999455,0.99943095,0.019809319,0
0.8585420846939087,0.8008751273155212,0.7917186617851257,0.0,0,0,1,0,0,1,0,1,0,88,17,0.6086956521739131,0.9999455,0.0006155061,0.019809319,0
0.861237645149231,0.8172882795333862,0.8321481943130493,0.14285707482996438,0,0,0,0,0,1,1,0,0,106,26,0.48837209302325574,0.99821293,0.0007643161,0.010443188,0
0.8298657536506653,0.7271026372909546,0.7917186617851257,0.0499999750000125,0,0,0,0,0,1,0,1,0,47,17,0.5,0.12080338,0.03276964,0.019809319,0
0.8312192559242249,0.7784333825111389,0.8057335615158081,0.055555524691375174,0,0,0,0,0,1,1,1,0,131,46,0.4878048780487805,0.9990427,0.038386375,0.012291352,0
0.8424756526947021,0.7534273266792297,0.8038985729217529,0.0,0,0,0,0,0,1,0,1,0,81,24,0.3928571428571429,0.07394161,0.0004175829,0.026917981,0
0.8329895734786987,0.7857393622398376,0.8214946985244751,0.04545452479339782,0,0,0,0,0,1,1,1,0,120,26,0.4590163934426229,3.1437092e-05,0.001187158,0.044986337,0
0.8455446362495422,0.7826849818229675,0.8055388331413269,0.0,0,0,0,0,0,1,0,1,0,111,21,0.5454545454545454,0.0003639274,0.00029684883,0.0001079801,0
0.8484678864479065,0.783050000667572,0.8012599349021912,0.0,0,0,0,0,0,1,1,1,1,81,30,0.6046511627906976,0.00013745383,0.0012536829,0.15884307,0
0.7641238570213318,0.7405747771263123,0.7917186617851257,0.0,0,0,0,0,0,1,0,1,0,97,17,0.4418604651162791,0.99992263,0.0022269788,0.019809319,0
0.8305341005325317,0.7472691535949707,0.0,0.2727270247936138,1,0,0,0,0,1,1,1,0,119,1,0.5714285714285714,0.9944989,0.0011299946,0.0004927376,0
0.8305341005325317,0.7471843957901001,0.0,0.2727270247936138,1,0,0,0,0,1,1,1,0,115,1,0.5714285714285714,0.9944989,0.0001588783,0.0004927376,0
0.8435920476913452,0.7625468969345093,0.0,0.23529397923883574,1,0,0,0,0,1,1,1,0,80,1,0.36923076923076925,0.35653087,0.00015126712,0.0004927376,0
0.7944545745849609,0.7517189979553223,0.782023012638092,0.16666657407412552,1,0,0,0,0,1,1,1,0,97,21,0.5142857142857142,0.00315441,3.6187328e-05,0.0019372149,0
0.8364741206169128,0.7757143378257751,0.0,0.2222220987655007,0,0,0,0,0,1,1,0,0,84,1,0.7428571428571429,0.98683095,0.0001793988,0.0004927376,0
0.8786795735359192,0.8298217058181763,0.8220152854919434,0.12499992187504883,0,0,1,0,0,1,1,0,0,83,26,0.6285714285714286,7.863481e-06,6.8447756e-05,0.00018933478,1
0.7962852120399475,0.7647193670272827,0.7836494445800781,0.1499999250000375,0,0,0,0,0,1,1,1,0,82,21,0.5142857142857142,0.009502206,0.12671235,0.030338945,0
0.8193429708480835,0.7531312108039856,0.806816577911377,0.099999950000025,0,0,0,0,0,1,1,0,0,125,53,0.45714285714285713,0.00041349218,0.00061779964,0.00091281993,0
0.819485604763031,0.7586216330528259,0.7805404663085938,0.14285707482996438,1,0,0,0,0,1,1,1,0,119,13,0.48571428571428577,0.9995185,0.0013476583,0.35025233,0
0.8241333961486816,0.7797508239746094,0.0,0.1499999250000375,0,0,0,0,0,1,1,1,0,108,1,0.5714285714285714,0.0034735196,0.000931654,0.0004927376,0
0.7913609743118286,0.7448091506958008,0.7721861004829407,0.22222197530891633,0,0,0,0,0,1,1,1,0,118,36,0.5714285714285714,0.0018710749,0.00011956163,0.0053597465,0
0.8116214275360107,0.7481809854507446,0.7732024788856506,0.2727270247936138,0,0,0,0,0,1,1,1,0,98,56,0.7,0.04622091,0.00071046315,0.00011662597,0
0.845219075679779,0.79603511095047,0.8100483417510986,0.1428570918367529,0,0,1,0,0,1,1,0,1,91,25,0.4285714285714286,0.999689,0.00022546519,9.238667e-05,0
0.8129358291625977,0.7736386060714722,0.8203830122947693,0.10714281887756469,0,0,0,0,0,1,1,1,0,139,58,0.5161290322580645,0.99915624,0.0030143904,0.003781279,0
0.809561550617218,0.7335745692253113,0.7394200563430786,0.15384603550304962,0,0,0,0,0,1,1,1,1,96,34,0.48571428571428577,0.9996001,0.00012348297,0.001620215,0
0.8077685236930847,0.7841091156005859,0.7918962836265564,0.09677416233091538,0,0,1,0,0,1,1,0,0,109,25,0.45714285714285713,0.00042112134,0.00027874656,0.001681896,0
0.8273776769638062,0.7841247320175171,0.0,0.1333332444445037,0,0,0,0,0,1,1,0,0,64,1,0.6461538461538461,0.00018061187,7.8977406e-05,0.0004927376,0
0.7984803318977356,0.7333320379257202,0.7722432017326355,0.08695648393196351,0,0,0,0,0,1,1,1,1,67,41,0.48571428571428577,0.9944863,4.6059693e-05,0.0046302592,0
0.9573274254798889,0.8558070659637451,0.0,0.7272720661163036,0,0,0,0,0,1,1,0,0,64,1,0.7647058823529411,4.38461e-05,0.00030457767,0.00035823413,1
0.8448842763900757,0.8054478168487549,0.808626651763916,0.0714285204081997,0,0,0,0,0,1,0,1,0,154,28,0.5111111111111111,3.8040842e-05,0.003929652,0.0071026664,0
0.8847700357437134,0.8096204400062561,0.0,0.11764698961941787,0,0,0,0,0,1,1,1,0,113,1,0.49275362318840576,0.000320376,0.00084214786,0.00035823413,0
0.8422257900238037,0.7934903502464294,0.7973647713661194,0.1764704844291268,0,0,1,0,0,1,1,0,0,83,26,0.6464646464646464,1.7565262e-05,0.0009804238,0.0008018049,0
0.8691624402999878,0.7749925851821899,0.7823353409767151,0.19999986666675557,0,0,0,0,0,1,1,1,0,122,25,0.5961538461538461,0.00056628406,0.0011207168,0.002248106,0
0.8243876695632935,0.7707463502883911,0.8175792694091797,0.18749988281257324,0,0,0,0,0,1,1,1,0,119,51,0.4509803921568627,0.99965847,0.010619155,0.036722247,0
0.8334581255912781,0.7583767771720886,0.8045475482940674,0.12499992187504883,0,0,0,0,0,1,1,1,1,96,55,0.4423076923076923,0.9990694,9.275522e-05,0.06097824,0
0.8105962872505188,0.7827101945877075,0.7827171683311462,0.09677416233091538,0,0,1,0,0,1,1,0,1,91,25,0.4358974358974359,7.905973e-05,0.0009995743,0.0011675959,0
0.8188430666923523,0.7830138206481934,0.8173853754997253,0.058823494809708936,0,0,0,0,0,1,1,0,0,147,57,0.5961538461538461,0.07897927,0.00051874015,0.008011984,0
0.8391966223716736,0.7940177917480469,0.835199236869812,0.13043472589794528,0,0,0,0,0,1,1,1,0,101,29,0.6041666666666667,0.00010130793,0.00036848953,0.00010694377,0
0.7906407713890076,0.7383708953857422,0.8114460110664368,0.14285707482996438,0,0,0,0,0,1,1,0,0,125,53,0.4536082474226804,0.5672906,0.0013334114,0.0004531912,0
0.8105469346046448,0.7376657724380493,0.0,0.23076905325457442,0,0,0,0,0,1,1,1,0,119,1,0.5961538461538461,0.99557626,0.00094000954,0.00035823413,0
0.8105469346046448,0.7396060824394226,0.0,0.23076905325457442,0,0,0,0,0,1,1,1,0,115,1,0.5961538461538461,0.99557626,0.00012204367,0.00035823413,0
0.7930436134338379,0.7676880955696106,0.8068587779998779,0.10526310249310396,0,0,0,0,0,1,1,1,0,89,55,0.5567010309278351,0.11919332,0.0002158027,0.0001757886,0
0.8462555408477783,0.7926141023635864,0.8487566709518433,0.099999950000025,0,0,0,0,0,1,1,1,0,123,54,0.5384615384615384,0.002553096,0.0001454004,0.001995097,0
0.8118529915809631,0.8013861775398254,0.8231822848320007,0.09523804988664292,0,0,0,0,0,1,1,1,0,81,54,0.5384615384615384,0.00096877414,0.00017629933,5.26124e-05,0
0.817175030708313,0.7664684057235718,0.8014387488365173,0.21428556122459913,0,0,0,0,0,1,1,0,0,96,24,0.5384615384615384,5.574865e-05,0.00022463987,0.00017509681,0
0.823803722858429,0.7810656428337097,0.0,0.09090904958679565,0,0,0,0,0,1,1,1,0,108,1,0.4807692307692307,0.0013075257,0.9814156,0.00035823413,0
0.8158740997314453,0.7725944519042969,0.0,0.09523804988664292,0,0,0,0,0,1,1,1,0,80,1,0.39560439560439564,5.5830642e-05,0.00023323363,0.00035823413,0
0.8041678667068481,0.7919881343841553,0.0,0.14285707482996438,0,0,0,0,0,1,1,1,0,111,1,0.46,0.05351653,0.9698796,0.00035823413,0
0.8467730283737183,0.8116941452026367,0.0,0.1818180165290759,0,0,0,0,0,1,0,1,0,82,1,0.4444444444444444,0.00048050418,0.00062251004,0.7649492,1
0.9077466726303101,0.8401591777801514,0.8614800572395325,0.1428570408163994,0,0,0,0,0,1,1,1,0,104,32,0.6666666666666667,0.0018096275,4.6953814e-05,0.9983197,1
0.8612433671951294,0.8042531609535217,0.7740163207054138,0.24999979166684028,1,0,0,0,0,1,0,1,0,84,23,0.5555555555555556,0.00037607245,0.0015054258,0.19957569,1
0.8795177936553955,0.8268784284591675,0.825994074344635,0.07692301775152481,1,0,0,0,0,1,1,1,0,64,22,0.7169811320754718,0.9985154,0.019845672,0.03146039,0
0.8272716403007507,0.7764340043067932,0.817717969417572,0.11111104938275035,0,0,0,0,0,1,1,1,0,111,54,0.5555555555555556,0.0023086239,0.00015160927,0.00025368365,1
0.856813371181488,0.7917731404304504,0.0,0.16666652777789354,1,0,0,0,0,1,0,1,0,91,1,0.4814814814814815,0.9997478,0.00012024118,0.7649492,0
0.877516508102417,0.8193787932395935,0.8733800649642944,0.028571420408165595,0,0,0,0,0,1,1,0,1,99,55,0.7037037037037037,0.97207963,9.928374e-05,6.809206e-05,1
0.883275032043457,0.7960482239723206,0.8522632122039795,0.15384603550304962,1,0,0,0,0,1,1,1,0,102,52,0.5,0.9998041,0.0001660092,0.0001187934,0
0.8918144702911377,0.8376585245132446,0.8214682936668396,0.1818180165290759,1,0,0,0,0,1,1,1,0,90,24,0.6666666666666667,0.9998777,5.2282336e-05,0.015217479,0
0.851514458656311,0.7841301560401917,0.8570390343666077,0.16666638888935187,0,0,0,0,0,1,0,0,0,99,9,0.4814814814814815,0.9901286,0.0004586749,0.9990119,0
0.8444886803627014,0.7852255702018738,0.7997683882713318,0.16666652777789354,1,0,0,0,0,1,0,1,0,86,23,0.4814814814814815,0.9995679,4.2088755e-05,0.99210453,0
0.8117870688438416,0.7750640511512756,0.7532776594161987,0.099999950000025,1,0,0,0,0,1,0,0,1,74,20,0.4814814814814815,0.91667217,0.000336867,0.03224791,0
0.851514458656311,0.790852427482605,0.8554436564445496,0.16666638888935187,0,0,0,0,0,1,0,0,0,82,9,0.4814814814814815,0.9901286,9.60062e-05,0.9986363,0
0.8338233232498169,0.7975137233734131,0.8194922208786011,0.07692301775152481,1,0,0,0,0,1,0,1,0,90,70,0.5555555555555556,0.9999354,0.001011896,0.00019488148,0
0.7981308698654175,0.7626134753227234,0.7830117344856262,0.08333326388894677,0,0,0,0,0,1,0,1,0,103,51,0.4,0.9919505,0.008791524,0.00052975724,0
0.9029061198234558,0.8124297261238098,0.8716620802879333,0.24999979166684028,1,0,0,0,0,1,1,1,0,102,52,0.5714285714285714,0.00017915237,0.00015470036,0.00014697987,1
0.8910406231880188,0.8195382356643677,0.8472335934638977,0.1428570408163994,0,0,0,0,0,1,1,1,0,104,32,0.6785714285714286,0.19597031,7.295024e-05,0.99919134,0
0.8486920595169067,0.7892754077911377,0.0,0.16666652777789354,1,0,0,0,0,1,0,1,0,91,1,0.6428571428571428,0.0030342513,0.00013160925,0.09319229,1
0.899014413356781,0.8406844735145569,0.8613048195838928,0.16666652777789354,1,0,0,0,0,1,1,1,0,64,22,0.7272727272727273,2.7885364e-05,0.0071621295,0.00042857838,1
0.8896710276603699,0.8268511891365051,0.8003391623497009,0.1818180165290759,1,0,0,0,0,1,1,1,0,90,24,0.6428571428571428,0.99812144,6.6906985e-05,0.015738925,0
0.7861649394035339,0.7679601907730103,0.0,0.0,0,0,0,0,0,1,0,1,0,82,1,0.4642857142857143,0.99994385,0.00057752826,0.09319229,0
0.8590520620346069,0.8188173770904541,0.7892886400222778,0.1999998000002,1,0,0,0,0,1,0,1,0,93,1,0.5853658536585367,0.0026231809,7.208097e-05,0.07927449,1
0.8885908126831055,0.8699224591255188,0.8801816701889038,0.21428556122459913,1,0,0,0,0,1,0,1,1,84,18,0.7777777777777779,2.7440343e-05,0.0008434679,3.653369e-05,1
0.849621057510376,0.7974674701690674,0.8442636728286743,0.028571420408165595,0,0,0,0,0,1,1,0,1,99,55,0.6785714285714286,0.999767,0.0001287146,0.0029548907,0
0.8249984979629517,0.7979794144630432,0.8133096694946289,0.16666652777789354,1,0,0,0,0,1,0,1,0,90,70,0.6428571428571428,0.99993813,0.000976945,8.6574495e-05,1
0.7833772897720337,0.7505038380622864,0.776409387588501,0.08333326388894677,0,0,0,0,0,1,0,1,0,95,51,0.4390243902439024,0.91563237,0.00891841,0.00070023595,0
0.786160409450531,0.7488380670547485,0.0,0.0,0,0,0,0,0,1,0,1,0,6,1,0.0357142857142857,0.18069755,0.16384839,0.09319229,0
0.8339391350746155,0.7964538931846619,0.7999480366706848,0.12499984375019532,1,0,0,0,0,1,0,0,0,82,71,0.5,0.94709814,0.0013634838,0.00033579316,0
0.8130539059638977,0.7433483004570007,0.758079469203949,0.0,0,0,0,0,0,1,0,1,0,96,38,0.3921568627450981,0.8240896,0.021793608,0.01610266,0
0.8130539059638977,0.7505310773849487,0.758079469203949,0.0,0,0,0,0,0,1,0,1,0,89,38,0.3921568627450981,0.8240896,0.002217516,0.01610266,0
0.7833772897720337,0.7509588003158569,0.776409387588501,0.08333326388894677,0,0,0,0,0,1,0,1,0,103,51,0.4390243902439024,0.91563237,0.020059915,0.00070023595,0
0.8167122006416321,0.7882080078125,0.7892886400222778,0.08333326388894677,1,0,0,0,0,1,0,1,0,88,1,0.4642857142857143,0.9397136,0.002452326,0.07927449,0
0.9152038097381592,0.8238224983215332,0.0,0.2857141836735058,1,0,0,0,0,1,1,1,0,61,1,0.6282051282051282,0.00018338062,0.00010924036,0.09615421,1
0.9046812057495117,0.8582382798194885,0.9003815650939941,0.3749998437500651,1,0,0,0,0,1,1,0,0,100,27,0.7058823529411764,2.9093278e-05,0.95218664,0.99989617,1
0.823961615562439,0.7829691767692566,0.0,0.2272726239669891,1,0,0,0,0,1,1,0,0,58,1,0.5068493150684932,0.9999478,0.00012338963,0.09615421,0
0.7705855369567871,0.7345007061958313,0.7747021913528442,0.07692306213018035,0,0,1,0,0,1,1,0,0,103,31,0.45033112582781454,0.99991965,0.00088976335,0.0040900507,0
0.7848988771438599,0.7504745721817017,0.7993068695068359,0.08333331597222583,0,0,1,0,0,1,1,0,0,97,33,0.4487179487179487,0.99997604,0.009546702,0.0007929408,0
0.8014890551567078,0.7624555230140686,0.7583871483802795,0.1499999250000375,0,0,0,0,0,1,1,0,0,122,21,0.563758389261745,0.99995494,0.9994599,0.00017239453,0
0.791205883026123,0.7645108699798584,0.7752804756164551,0.04545452479339782,0,0,0,0,0,1,0,1,0,139,20,0.4429530201342282,0.01104803,0.9990615,0.277164,0
0.8056308627128601,0.7823663353919983,0.794106662273407,0.21739120982990878,0,0,1,0,0,1,1,1,0,89,36,0.5072463768115942,0.99995196,0.0011225324,0.9963505,0
0.8359487652778625,0.781879723072052,0.8214601278305054,0.1923076183432237,0,0,0,0,0,1,1,0,0,99,25,0.5806451612903225,0.9927354,0.00022901916,0.008952606,0
0.8013225197792053,0.7266852855682373,0.7520191669464111,0.06896549346017466,0,0,1,0,0,1,0,1,0,118,17,0.43478260869565216,0.019765718,0.00061758683,0.0889633,0
0.8013225197792053,0.7259687781333923,0.7520191669464111,0.06896549346017466,0,0,1,0,0,1,0,1,1,111,17,0.43478260869565216,0.019765718,0.12418277,0.0889633,0
0.7983778119087219,0.743696391582489,0.0,0.09090904958679565,0,0,1,0,0,1,1,1,0,113,1,0.4871794871794872,0.9999492,4.901004e-05,0.09615421,0
0.7773572206497192,0.737228274345398,0.7710087299346924,0.04878047590720099,0,0,0,0,0,1,0,1,0,92,28,0.4339622641509434,0.99789387,0.003274242,0.016204586,0
0.7668866515159607,0.7343522906303406,0.0,0.03571427295918823,0,0,0,0,0,1,0,1,1,104,1,0.3513513513513513,0.99979526,7.524536e-05,0.09615421,0
0.7973238229751587,0.7465510964393616,0.0,0.07692304733728948,0,0,0,0,0,1,1,0,0,84,1,0.4246575342465754,0.9998903,8.191905e-05,0.09615421,0
0.7975051999092102,0.7447822690010071,0.7520191669464111,0.0799999680000128,0,0,0,0,0,1,0,1,0,98,17,0.4,0.022545245,0.00063794816,0.0889633,0
0.8204659223556519,0.7552350759506226,0.0,0.1081080788897084,0,0,0,0,0,1,1,1,0,112,1,0.4615384615384615,0.28079668,0.00020892528,0.09615421,0
0.7699506878852844,0.7552822232246399,0.7774754762649536,0.13636357438019348,0,0,0,0,0,1,1,1,0,64,18,0.4580152671755725,0.99822646,0.010714019,0.01735592,0
0.7771890163421631,0.6984158754348755,0.7185332775115967,0.03124999023437805,0,0,0,0,0,1,0,1,0,80,23,0.3846153846153846,0.00082453893,0.00021291946,0.00022051761,0
0.967363178730011,0.8565561771392822,0.0,0.5555549382722909,0,0,0,0,0,1,1,1,0,129,1,0.6756756756756757,0.0001315461,0.0128398705,0.7208807,1
0.9039173722267151,0.8298457860946655,0.852353036403656,0.0999999000001,0,0,0,0,0,1,0,1,0,77,47,0.5675675675675675,2.6420994e-05,0.00078723417,0.9994252,1
0.8861250281333923,0.8389126062393188,0.8787977695465088,0.30769207100609924,0,0,0,0,0,1,1,1,0,79,23,0.7297297297297297,0.0007627638,3.9423707e-05,3.709455e-05,1
0.8163896203041077,0.8036921620368958,0.0,0.028571420408165595,0,0,0,0,0,1,0,1,0,97,1,0.5675675675675675,0.054987885,0.6153513,0.7208807,0
0.8539794087409973,0.8176294565200806,0.8505958914756775,0.06666662222225185,0,0,0,0,0,1,0,1,0,69,22,0.4864864864864865,5.1565116e-06,0.00014543951,2.3055429e-05,1
0.8202638030052185,0.7953773736953735,0.8337691426277161,0.11111104938275035,0,0,0,0,0,1,0,1,0,105,29,0.5405405405405406,0.07200645,0.0004672172,0.0005263822,0
0.8753510117530823,0.8429266810417175,0.8664907813072205,0.1333332444445037,0,0,0,0,0,1,0,1,0,94,51,0.5,2.1668935e-05,0.0022897376,0.00021497728,1
0.8366596698760986,0.8054302930831909,0.8366596698760986,0.04761903628118183,0,0,0,0,0,1,0,1,0,121,40,0.5633802816901409,7.590961e-05,0.00031201818,7.590961e-05,1
0.8718099594116211,0.8060881495475769,0.8086562752723694,0.15384603550304962,0,0,0,0,0,1,0,1,0,96,20,0.547945205479452,2.201963e-05,2.6533935e-05,0.0002946765,1
0.8523464202880859,0.843058168888092,0.8196263313293457,0.05263155124655198,0,0,0,0,0,1,1,1,0,95,25,0.5135135135135135,0.0031066118,0.00011852633,0.00017671625,0
0.8144490122795105,0.8136259913444519,0.8201554417610168,0.1999998000002,0,0,0,0,0,1,0,0,0,73,55,0.4864864864864865,0.061598457,1.4956998e-05,0.99790645,0
0.83188796043396,0.7912311553955078,0.8100215792655945,0.07692301775152481,0,0,0,0,0,1,0,1,0,100,37,0.5135135135135135,0.020766672,0.035665702,6.5038286e-05,0
0.8141624927520752,0.7953047156333923,0.7817130088806152,0.07407404663924198,0,0,0,0,0,1,0,1,0,134,17,0.48275862068965514,0.00011294977,0.0002640368,0.00031283824,0
0.8816899657249451,0.8520791530609131,0.8380831480026245,0.1999998000002,0,0,0,0,0,1,0,0,0,79,27,0.5538461538461539,3.9251714e-05,6.9228074e-05,0.009971017,1
0.8125857710838318,0.8186848759651184,0.0,0.08695648393196351,0,0,0,0,0,1,0,1,1,77,1,0.4864864864864865,0.00515603,2.8026081e-05,0.7208807,0
0.8351714015007019,0.805080235004425,0.8261141777038574,0.16666652777789354,0,0,0,0,0,1,0,1,0,113,20,0.4864864864864865,0.99995065,0.00023174689,0.99887997,0
0.8306038975715637,0.804580807685852,0.7778682708740234,0.1333332444445037,0,0,0,0,0,1,0,1,0,85,24,0.4705882352941176,0.02331237,0.00032037313,0.07110775,0
0.9143441319465637,0.850403904914856,0.8957064747810364,0.1999998000002,0,0,0,0,0,1,1,1,1,89,31,0.7906976744186046,0.0025430177,0.008304261,3.197135e-05,1
0.9255771040916443,0.8902328014373779,0.0,0.38461508875762407,0,0,0,1,0,1,1,1,0,104,1,0.673913043478261,1.1482142e-05,0.0010002478,0.21012938,1
0.8718869686126709,0.7954437732696533,0.8053345084190369,0.0,0,0,0,0,0,1,0,1,0,81,11,0.4782608695652174,0.015387805,0.00014193545,0.9994873,0
0.8300206065177917,0.7652998566627502,0.789060652256012,0.0,0,0,0,0,0,1,0,0,0,88,5,0.25,0.13472377,0.0030592973,0.10778533,0
0.856375515460968,0.8039095401763916,0.8096000552177429,0.2727270247936138,0,0,0,0,0,1,1,1,0,151,29,0.7466666666666666,0.0011541153,0.0005934546,0.00030082918,0
0.8105562329292297,0.7882307767868042,0.7911621332168579,0.0,0,0,0,0,0,1,0,1,0,120,22,0.5263157894736843,0.99969757,0.00030191217,0.99812454,0
0.800922155380249,0.7451735138893127,0.7753101587295532,0.08333326388894677,0,0,0,0,0,1,0,1,1,106,53,0.43478260869565216,0.9852822,0.00013841497,0.0010352771,0
0.8098539113998413,0.7705098390579224,0.7988197207450867,0.07692301775152481,0,0,0,0,0,1,1,1,1,102,52,0.4057971014492754,0.0050837514,0.00094729813,0.0012010934,0
0.8400794267654419,0.7845059633255005,0.7876003384590149,0.0,0,0,0,0,0,1,0,1,0,88,16,0.36144578313253023,0.0010168178,0.0009750366,0.9998423,0
0.797580897808075,0.7813758254051208,0.7953280806541443,0.07692301775152481,0,0,0,0,0,1,0,0,0,64,47,0.5217391304347826,0.071290106,0.0060635596,9.005632e-05,0
0.8094915747642517,0.7665454149246216,0.7914174795150757,0.0399999840000064,0,0,0,0,0,1,0,1,0,98,15,0.5,0.1883532,4.466612e-05,0.9990445,0
0.8295745849609375,0.7852717638015747,0.8048491477966309,0.1333332444445037,0,0,0,0,0,1,1,1,0,99,28,0.5714285714285714,0.9929327,0.00016792043,0.000133063,0
0.8013332486152649,0.7771551012992859,0.7846066951751709,0.0,0,0,0,0,0,1,1,1,0,116,45,0.43478260869565216,0.016583683,0.00016110827,0.12247586,0
0.8370413184165955,0.7797340750694275,0.789060652256012,0.0,0,0,0,0,0,1,0,0,0,83,5,0.25,0.0406898,0.005829205,0.10778533,0
0.8193152546882629,0.7472447156906128,0.789060652256012,0.0,0,0,0,0,0,1,0,0,0,66,5,0.25,0.015604447,0.0031082795,0.10778533,0
0.8398644328117371,0.7949818968772888,0.8094162344932556,0.16666652777789354,0,0,0,0,0,1,1,1,1,94,58,0.5652173913043479,0.00016457397,0.0067030354,0.6863855,0
0.8169686794281006,0.7754939198493958,0.8148537278175354,0.0,0,0,0,0,0,1,0,1,0,109,16,0.4130434782608695,0.9975968,0.00073439046,0.99320674,0
0.9103896021842957,0.8961812257766724,0.9165205359458923,0.39285700255107053,0,0,0,0,0,1,0,1,0,112,31,0.19083969465648853,0.004748242,0.9890191,4.0580733e-05,1
0.908403754234314,0.8978191614151001,0.0,0.29032248699274615,0,0,0,0,0,1,0,1,0,97,1,0.20138888888888887,1.6131033e-05,0.9236539,0.17410663,1
0.8269810080528259,0.7879675626754761,0.8103883862495422,0.09090906336088989,0,0,0,0,0,1,0,1,0,102,49,0.19480519480519476,0.010755492,0.19770098,0.0021007988,0
0.8069086670875549,0.7781121134757996,0.8304963111877441,0.20689648038052402,0,0,0,0,0,1,0,1,0,103,25,0.20270270270270274,0.99381363,0.0017457192,0.9998988,0
0.7979772090911865,0.7782827615737915,0.8125103116035461,0.11111106995886298,0,0,0,0,0,1,0,1,0,99,49,0.1685393258426966,0.98637486,0.001741603,0.03945119,0
0.8204748034477234,0.8118918538093567,0.8100261092185974,0.16666661111112963,0,0,0,0,0,1,0,1,1,86,26,0.1807909604519774,0.99925023,0.0006189739,0.00035925448,0
0.8332737684249878,0.8073258996009827,0.0,0.1470587802768293,1,0,0,0,0,1,0,1,0,100,1,0.17993079584775085,0.12619267,0.9977157,0.17410663,0
0.8281856775283813,0.7855917811393738,0.8232308030128479,0.06818180268595393,0,0,0,0,0,1,0,1,1,82,22,0.19753086419753085,0.04477616,0.002776638,0.99820375,0
0.8307533264160156,0.8180719614028931,0.8379340767860413,0.028571420408165595,0,0,0,0,0,1,0,1,0,79,67,0.1428571428571429,0.99299014,0.026900075,0.16247907,0
0.8543520569801331,0.8012339472770691,0.0,0.07407406035665548,1,0,0,0,0,1,0,1,0,110,1,0.16828478964401294,0.0026077589,0.0028242997,0.17410663,0
0.819878101348877,0.7800483703613281,0.8058059811592102,0.05263156509695655,0,0,0,0,0,1,0,0,1,91,21,0.2142857142857143,0.9982999,0.24071532,0.31168824,0
0.8415204882621765,0.780333399772644,0.8178601264953613,0.1458333029513952,0,0,1,0,0,1,0,0,0,93,24,0.17204301075268813,0.0022497799,0.0016947169,0.99602157,0
0.8241210579872131,0.8028697371482849,0.8342351317405701,0.10344824019026201,0,0,0,0,0,1,0,1,0,141,47,0.17910447761194026,0.9997694,0.0030009318,0.0016179881,0
0.852790892124176,0.8076836466789246,0.8271892666816711,0.17857136479594116,0,0,0,0,0,1,0,1,0,88,25,0.17307692307692313,0.17675851,0.0004282923,0.005257867,0
0.8311567306518555,0.8059747815132141,0.0,0.20689648038052402,0,0,1,0,0,1,0,1,0,84,1,0.1784386617100372,0.8563473,0.0005141036,0.17410663,0
0.8209456205368042,0.7945416569709778,0.8133017420768738,0.14999996250000935,0,0,0,0,0,1,0,1,0,100,27,0.16279069767441856,0.9940282,0.82579654,0.14666004,0
0.8483068943023682,0.8193778991699219,0.8435168266296387,0.06976742563548241,0,0,0,0,0,1,0,1,0,89,29,0.16822429906542058,0.0341144,0.004222699,0.0063873455,0
0.7965050339698792,0.7704673409461975,0.7999661564826965,0.10256407626562146,0,0,0,0,0,1,0,1,0,79,21,0.2162162162162162,0.998111,0.0020238024,0.99350196,0
0.8898095488548279,0.8451446890830994,0.0,0.3749997656251465,0,0,0,0,0,1,1,1,0,100,1,0.7169811320754718,0.00010169813,0.8813761,0.9657409,1
0.8850826025009155,0.8586773872375488,0.8489108681678772,0.26086945179589055,0,0,0,0,0,1,1,1,0,100,27,0.7547169811320755,0.0046713073,0.017927427,0.006158705,1
0.8404521346092224,0.788707435131073,0.8098791241645813,0.19999986666675557,0,0,0,0,0,1,1,1,0,103,25,0.45714285714285713,0.99726474,0.0007104543,0.7998891,0
0.8548862338066101,0.8218548893928528,0.8224868178367615,0.1428570408163994,0,0,0,0,0,1,1,1,0,97,24,0.4222222222222223,0.00032556814,0.0005552147,0.0017417823,0
0.8304315805435181,0.8018621206283569,0.80977863073349,0.18749988281257324,0,0,1,0,0,1,1,1,0,82,50,0.5681818181818181,0.99798834,0.0003998701,0.0041315504,0
0.8075681924819946,0.7747363448143005,0.7915027141571045,0.043478241965981754,0,0,1,0,0,1,0,1,1,92,42,0.5346534653465347,0.198735,0.0001367096,0.9881464,0
0.8251137137413025,0.780028760433197,0.0,0.11111104938275035,0,0,0,0,0,1,1,0,0,118,1,0.5476190476190477,0.00072973646,0.1906697,0.9657409,0
0.8044584393501282,0.7540194988250732,0.8043613433837891,0.04545452479339782,0,0,0,0,0,1,0,1,0,60,17,0.5,0.00011673934,0.09910469,0.9646944,0
0.8183193206787109,0.7945240139961243,0.7931744456291199,0.15789465373965592,0,0,0,0,0,1,1,1,0,154,21,0.42307692307692313,0.013685288,0.0002201984,0.99624205,0
0.8176017999649048,0.7752644419670105,0.7968963980674744,0.18749988281257324,0,0,0,0,0,1,1,1,0,103,39,0.4752475247524752,0.00010791738,0.00013536839,0.00034618203,0
0.8512941598892212,0.8023287057876587,0.8365208506584167,0.1818180991735913,0,0,0,0,0,1,1,1,0,80,53,0.48484848484848486,0.00012249172,0.0005413668,0.015344095,0
0.8306726813316345,0.7920591831207275,0.7954691648483276,0.12499992187504883,0,0,0,0,0,1,1,1,1,86,26,0.5882352941176471,0.99464095,0.00029503193,0.00025722757,0
0.8699914813041687,0.8300138711929321,0.8520724177360535,0.1818180165290759,0,0,0,0,0,1,1,1,0,97,25,0.4722222222222222,0.99441,0.0038206906,0.001991323,0
0.8715015649795532,0.82683265209198,0.8418306112289429,0.1818180165290759,0,0,1,0,0,1,1,1,0,102,31,0.45283018867924535,0.99598736,0.00032407735,3.289675e-05,0
0.8401786684989929,0.7786259651184082,0.7817914485931396,0.16666652777789354,0,0,0,0,0,1,1,1,0,100,43,0.5476190476190477,0.037697185,0.0003220502,0.00011981515,0
0.8650363087654114,0.8276658058166504,0.8274110555648804,0.1818180165290759,0,0,0,0,0,1,1,1,0,97,50,0.4722222222222222,0.9977997,0.00074599474,0.00015278374,0
0.8450659513473511,0.7942357063293457,0.8285852670669556,0.15384603550304962,0,0,0,0,0,1,1,0,0,94,15,0.5263157894736843,0.9901063,0.00053092267,0.00024931465,0
0.9721850156784058,0.8836760520935059,0.8713737726211548,0.44444395061783265,0,0,0,0,0,1,1,1,0,97,50,0.7142857142857143,6.962183e-05,0.9797635,7.7415105e-05,1
0.9314820766448975,0.8437984585762024,0.8363890051841736,0.33333305555578707,0,0,0,0,0,1,1,1,0,97,24,0.6896551724137931,5.7112156e-05,0.0010725358,0.966974,1
0.9310706853866577,0.8631651997566223,0.8631364703178406,0.23076905325457442,0,0,0,0,0,1,1,1,0,93,41,0.7878787878787878,1.2425393e-05,0.011324255,0.9909469,1
0.9146382808685303,0.8388888239860535,0.863460123538971,0.44444395061783265,0,0,0,0,0,1,1,1,0,110,58,0.679245283018868,0.9973562,0.00044269784,0.99249893,0
0.9146382808685303,0.8508842587471008,0.8532026410102844,0.44444395061783265,0,0,0,0,0,1,1,0,1,119,35,0.711864406779661,0.9973562,0.0011864232,0.9825419,0
0.9423491358757019,0.8727344870567322,0.8722067475318909,0.44444395061783265,0,0,0,0,0,1,1,1,0,97,25,0.7878787878787878,8.595187e-05,0.019252064,0.90980643,1
0.9129149317741394,0.8374205231666565,0.8282222151756287,0.24999979166684028,0,0,0,0,0,1,1,0,0,94,15,0.6779661016949151,9.650356e-06,0.0005978651,0.0003473748,1
0.9081054329872131,0.872162401676178,0.876535952091217,0.21428556122459913,0,0,0,0,0,1,1,1,0,101,51,0.7272727272727273,0.00015835544,0.00056204747,1.7459975e-05,1
0.9008986949920654,0.8294649124145508,0.8577675819396973,0.33333305555578707,0,0,0,0,0,1,1,1,0,95,50,0.7142857142857143,0.00051294966,0.0007305252,0.03111293,0
0.903804361820221,0.8604626059532166,0.8595991134643555,0.2999997000003,0,0,0,0,0,1,1,1,0,107,44,0.7301587301587302,0.9996387,0.0055061565,0.003750842,0
0.9120428562164307,0.8341131806373596,0.8124470710754395,0.2727270247936138,0,0,0,0,0,1,1,1,0,108,16,0.6666666666666667,2.3798839e-05,5.5845103e-05,0.00010140003,1
0.9004737734794617,0.8626981973648071,0.8597733974456787,0.21428556122459913,0,0,0,0,0,1,1,1,0,95,50,0.7575757575757575,5.812714e-05,0.0020126526,1.5391477e-05,1
0.9016221761703491,0.8571820259094238,0.859915018081665,0.19999986666675557,0,0,0,0,0,1,1,1,0,114,51,0.7272727272727273,9.646571e-05,0.01287639,0.00015369768,1
0.8789116144180298,0.8173270225524902,0.8590773344039917,0.24999979166684028,0,0,0,0,0,1,1,1,0,103,47,0.64,0.027041353,2.670192e-05,0.002201394,0
0.9110938310623169,0.8712772727012634,0.0,0.27777762345687584,0,0,0,0,0,1,1,1,0,88,1,0.696969696969697,5.0706994e-06,0.021691425,0.24356301,1
0.9293932318687439,0.8537972569465637,0.828906238079071,0.23076905325457442,0,0,0,0,0,1,1,1,0,110,53,0.7575757575757575,2.8407772e-05,0.00010108111,0.0004134983,1
0.9049288630485535,0.8727590441703796,0.8714420795440674,0.0714285204081997,0,0,0,0,0,1,1,1,0,105,47,0.7213114754098361,0.00012163737,0.6932919,0.9192139,1
0.9274511337280273,0.8582099676132202,0.8770716190338135,0.4999993750007813,0,0,0,0,0,1,1,1,0,110,58,0.6785714285714286,0.00012280837,0.0017859793,0.99888176,1
0.9274511337280273,0.855313241481781,0.8644072413444519,0.4999993750007813,0,0,0,0,0,1,1,0,1,119,35,0.6779661016949151,0.00012280837,0.007709573,0.6486428,1
0.9211533069610596,0.8509475588798523,0.8652228713035583,0.4999993750007813,0,0,0,0,0,1,1,1,0,97,25,0.75,0.0032404484,0.005980801,0.99624455,1
0.9135860800743103,0.8613048195838928,0.860197901725769,0.4999993750007813,0,0,0,0,0,1,1,1,0,97,50,0.6785714285714286,0.00061614835,0.86237144,5.3183627e-05,1
0.8819476366043091,0.8092718720436096,0.8136020302772522,0.06666662222225185,0,0,0,0,0,1,0,1,0,80,32,0.6857142857142857,1.0019971e-05,0.00015943163,0.99981457,1
0.890142560005188,0.8282579183578491,0.8348450064659119,0.3636360330581518,0,0,0,0,0,1,1,1,0,97,24,0.6885245901639344,7.221438e-05,0.001014869,0.997607,1
0.9314669966697693,0.84168541431427,0.7989628314971924,0.2999997000003,0,0,0,0,0,1,1,1,0,108,16,0.6415094339622642,2.496831e-05,8.634882e-05,0.0009797404,1
0.9070620536804199,0.8423353433609009,0.867501437664032,0.3636360330581518,0,0,0,0,0,1,1,1,0,95,50,0.7142857142857143,1.3538679e-05,0.0010266269,0.9386039,1
0.9194913506507874,0.8541215062141418,0.8655803799629211,0.3333329629633745,0,0,0,0,0,1,1,1,0,107,44,0.7352941176470589,0.0014336855,0.009622944,0.019718682,1
0.8806644082069397,0.8183515071868896,0.8553560376167297,0.2727270247936138,0,0,0,0,0,1,1,1,0,103,47,0.6153846153846154,0.0002433125,3.7673537e-05,0.0013011091,1
0.8619317412376404,0.7954427599906921,0.8442625999450684,0.0,0,0,0,0,0,1,0,1,0,107,26,0.48571428571428577,5.7853384e-05,0.00011617846,9.0121684e-05,1
0.8619317412376404,0.7902695536613464,0.8442625999450684,0.0,0,0,0,0,0,1,0,1,0,106,26,0.48571428571428577,5.7853384e-05,0.00032981168,9.0121684e-05,1
0.8585216403007507,0.7852569222450256,0.8225308656692505,0.0,0,0,0,0,0,1,0,1,0,105,24,0.4285714285714286,0.00020583965,0.00033548014,0.999143,1
0.854719340801239,0.7800320386886597,0.8349151015281677,0.0,0,0,0,0,0,1,0,1,0,92,47,0.49230769230769234,2.8943972e-05,0.000114861105,0.00013108681,1
0.9061620235443115,0.8517913818359375,0.8589047193527222,0.33333305555578707,0,0,0,0,0,1,1,1,0,80,51,0.6785714285714286,0.00019124837,0.0008565461,0.9869306,1
0.892295241355896,0.8121110200881958,0.8180969953536987,0.2727270247936138,0,0,0,0,0,1,1,0,0,94,15,0.6774193548387097,5.0847462e-05,0.0005851242,0.00040424085,1
0.8120601177215576,0.7421075105667114,0.7902025580406189,0.0,0,0,0,0,0,1,0,1,0,87,47,0.4,0.0016092733,7.6775825e-05,6.225121e-05,1
0.8143873810768127,0.8104833960533142,0.7711412310600281,0.0,0,0,0,0,0,1,0,1,0,70,16,0.4285714285714286,0.0055802716,0.00032334274,0.046872873,1
0.8132253289222717,0.8266502618789673,0.8621386289596558,0.0,0,0,0,0,0,1,0,0,1,48,23,0.7547169811320755,0.07202202,1.6154814e-05,0.0017088548,1
0.8132253289222717,0.8276841044425964,0.8621386289596558,0.0,0,0,0,0,0,1,0,1,1,39,23,0.7547169811320755,0.07202202,4.420585e-05,0.0017088548,1
0.873376727104187,0.8338097333908081,0.8562226295471191,0.0,0,0,0,0,0,1,0,0,0,92,54,0.5245901639344263,0.99551755,7.330876e-05,0.00015186197,1
0.8710358142852783,0.841442883014679,0.8511838912963867,0.0,0,0,0,0,0,1,0,1,0,111,51,0.7419354838709676,0.79896146,0.00012388256,6.577629e-05,1
0.8573002219200134,0.7930018901824951,0.0,0.0,0,0,0,0,0,1,0,1,0,86,1,0.5483870967741935,0.9998766,0.00013324113,0.04256813,0
0.8423174619674683,0.7961532473564148,0.8041893839836121,0.0,0,0,0,0,0,1,0,1,1,126,54,0.6129032258064516,0.047596686,0.00012846809,0.052897755,0
0.8294148445129395,0.7722573280334473,0.7938131093978882,0.0,0,0,0,0,0,1,0,1,1,129,23,0.3870967741935484,0.9998566,0.0033575916,0.9992636,0
0.8695666193962097,0.8232337832450867,0.8211864233016968,0.0,0,0,0,0,0,1,0,1,0,121,36,0.5531914893617021,0.1086085,0.105097935,0.009125014,0
0.8763870000839233,0.8251391649246216,0.8321547508239746,0.08333326388894677,0,0,0,0,0,1,0,1,0,110,48,0.4193548387096774,7.880796e-06,0.015103774,0.009124137,1
0.8281765580177307,0.8284512758255005,0.8093567490577698,0.043478241965981754,0,0,0,0,0,1,0,1,0,89,24,0.3870967741935484,5.080687e-05,6.90656e-05,0.002186402,1
0.8522536754608154,0.7936586737632751,0.8042612671852112,0.0,0,0,0,0,0,1,0,0,0,80,5,0.33333333333333337,0.0024128617,0.008763551,0.9943718,0
0.831305205821991,0.7805688381195068,0.7860136032104492,0.14285693877580175,0,0,0,0,0,1,0,0,0,97,47,0.4193548387096774,0.9971852,0.010346957,0.0011242739,0
0.8592256307601929,0.8060832619667053,0.8053270578384399,0.0,0,0,0,0,0,1,0,1,0,90,13,0.4838709677419355,0.9984509,0.9995378,0.9996125,0
0.7994763851165771,0.7460668683052063,0.0,0.0,0,0,0,0,0,1,0,1,0,14,1,0.3703703703703704,0.0036282248,0.0005939614,0.04256813,0
0.8572285175323486,0.8233219385147095,0.8267654776573181,0.0,0,0,0,0,0,1,0,1,0,84,18,0.5161290322580645,0.0010024864,6.738306e-05,0.99994206,1
0.7992474436759949,0.7770578861236572,0.0,0.026315782548478276,0,0,0,0,0,1,0,1,0,142,1,0.3928571428571429,0.00047141267,0.00011669011,0.04256813,0
0.9530847072601318,0.8635974526405334,0.8670246005058289,0.0,0,0,0,0,0,1,0,1,0,141,49,0.49411764705882355,3.0529452e-05,0.00048530937,2.2439111e-05,1
0.9624676704406738,0.8796631097793579,0.8694933652877808,0.2999997000003,0,0,0,0,0,1,1,1,0,95,32,0.37209302325581395,1.6313319e-05,0.00015050163,0.23342685,1
0.8705650568008423,0.8913268446922302,0.8996156454086304,0.0,0,0,0,0,0,1,0,1,0,81,70,0.5925925925925926,0.999313,0.00784895,0.016256692,1
0.9319080114364624,0.8813520669937134,0.8492304682731628,0.2222220987655007,0,0,0,0,0,1,1,0,0,106,31,0.6666666666666667,5.97851e-06,0.0058897026,0.99896264,1
0.9153087735176086,0.8512480854988098,0.844748318195343,0.0,0,0,0,0,0,1,0,1,0,106,56,0.48936170212765956,5.876685e-05,1.2942154e-05,0.0038764982,1
0.9255452156066895,0.8586400151252747,0.8438732624053955,0.0,0,0,0,0,0,1,0,1,0,109,48,0.4390243902439024,6.607453e-05,0.001402434,0.00034686518,1
0.8967124223709106,0.7679643630981445,0.7979413270950317,0.0,0,0,0,0,0,1,0,1,0,89,17,0.5416666666666667,0.9990609,0.00044042213,0.010655333,1
0.9004077315330505,0.8937984108924866,0.8840912580490112,0.19999990000005,0,0,0,0,0,1,0,0,0,134,48,0.7560975609756098,0.00010662263,0.0002270861,4.6985217e-05,1
0.924151599407196,0.8880534172058105,0.8714109063148499,0.1428570408163994,0,0,0,0,0,1,1,0,0,107,51,0.7560975609756098,1.0230511e-05,0.013785374,5.0526804e-05,1
0.9357759356498718,0.8733049035072327,0.8382930755615234,0.0,0,0,0,0,0,1,0,1,0,96,28,0.5287356321839081,0.9920803,0.0002710809,8.007311e-05,1
0.8517214059829712,0.8149958848953247,0.0,0.0,0,0,0,0,0,1,0,0,0,56,1,0.1282051282051282,0.00014621064,0.00049170095,0.1637993,1
0.8542906045913696,0.7938961982727051,0.8069173097610474,0.0,0,0,0,0,0,1,0,1,1,117,54,0.3870967741935484,1.7828163e-05,5.118698e-05,0.001069111,1
0.9115269184112549,0.874140202999115,0.8214632868766785,0.1764704844291268,0,0,0,0,0,1,1,0,0,103,29,0.6458333333333333,0.00015631245,3.4741228e-05,4.0367264e-05,1
0.8583065867424011,0.8587790131568909,0.8400823473930359,0.0,0,0,0,0,0,1,0,1,0,122,20,0.45833333333333337,1.9484685e-05,5.119045e-05,0.00025587235,1
0.839525580406189,0.82103431224823,0.7975790500640869,0.0,0,0,0,0,0,1,0,0,0,109,44,0.4390243902439024,0.99537885,0.8576918,0.008395109,1
0.8609514236450195,0.8558215498924255,0.8235275745391846,0.0338982993392713,0,0,0,0,0,1,1,0,0,103,15,0.6304347826086957,0.00969359,0.0017034705,0.9995994,1
0.8344719409942627,0.8011048436164856,0.8137271404266357,0.0,0,0,0,0,0,1,0,0,0,108,34,0.39583333333333337,0.9969163,0.11558406,0.0010713766,1
0.8934320211410522,0.83316969871521,0.8225570917129517,0.0,0,0,1,0,0,1,0,1,0,91,15,0.41666666666666663,0.00012810962,7.900447e-05,0.17393816,0
0.8696156144142151,0.7752296924591064,0.8311354517936707,0.06666662222225185,0,0,0,0,0,1,0,1,0,50,34,0.3703703703703704,2.079666e-05,3.921466e-05,0.2691922,1
0.8714984655380249,0.8166079521179199,0.7920195460319519,0.10526310249310396,0,0,0,0,0,1,0,1,0,121,14,0.419047619047619,0.00054054474,0.016492438,4.6482608e-05,1
0.8772242665290833,0.8123501539230347,0.8223687410354614,0.06249996093752441,0,0,0,0,0,1,0,1,0,99,51,0.40816326530612246,1.0986927e-05,0.0007292821,0.0005519371,1
0.8901362419128418,0.8492387533187866,0.8477323651313782,0.10526310249310396,0,0,0,0,0,1,1,0,1,104,53,0.4380952380952381,9.045436e-05,0.0007104725,0.00013065254,1
0.8781470060348511,0.8381971716880798,0.846298098564148,0.1428570408163994,0,0,0,0,0,1,1,1,0,96,18,0.42553191489361697,3.063933e-05,0.0064658374,0.008617203,1
0.7915365695953369,0.8038302063941956,0.8237082958221436,0.04545452479339782,0,0,0,0,0,1,0,1,0,99,16,0.3829787234042554,0.00038181897,0.0025167186,0.9999753,0
0.8239282965660095,0.7826384902000427,0.8058085441589355,0.055555524691375174,0,0,0,0,0,1,0,1,0,111,11,0.4,4.095736e-05,0.03223598,0.99952793,1
0.8360423445701599,0.7956006526947021,0.8109135627746582,0.06249996093752441,0,0,0,0,0,1,0,1,0,97,19,0.5714285714285714,1.0724145e-05,0.00015696847,0.0033527077,1
0.8840349912643433,0.8479457497596741,0.8518939018249512,0.17391296786392701,0,0,0,0,0,1,1,1,0,111,52,0.38383838383838387,1.7534445e-05,0.9884127,7.5023454e-05,1
0.8685396313667297,0.808746874332428,0.8321542143821716,0.058823494809708936,0,0,0,0,0,1,0,1,0,89,12,0.4318181818181818,1.3127972e-05,0.069697484,0.999962,1
0.8685396313667297,0.8170346021652222,0.8321542143821716,0.058823494809708936,0,0,0,0,0,1,0,1,0,83,12,0.4318181818181818,1.3127972e-05,0.00022473073,0.999962,1
0.83650141954422,0.8003302812576294,0.8461792469024658,0.07692301775152481,0,0,0,0,0,1,0,1,0,116,34,0.3561643835616438,1.2760376e-05,0.00048796562,0.99980253,1
0.8446307182312012,0.7877829670906067,0.8133547902107239,0.055555524691375174,0,0,0,0,0,1,0,1,0,100,44,0.38,0.039151676,0.005540837,0.00027534046,1
0.8264269232749939,0.7739527821540833,0.8056150674819946,0.06249996093752441,0,0,0,0,0,1,0,1,0,70,21,0.3555555555555555,0.00015620602,0.7156063,6.55045e-05,1
0.8264269232749939,0.7743232846260071,0.8056150674819946,0.06249996093752441,0,0,0,0,0,1,0,1,0,82,21,0.3555555555555555,0.00015620602,0.005184217,6.55045e-05,1
0.8088328838348389,0.8084633946418762,0.8173239827156067,0.01562499755859413,0,0,0,0,0,1,0,1,0,82,20,0.4444444444444444,0.0041028666,0.0038920187,0.0013068491,0
0.8587411642074585,0.8025710582733154,0.842498779296875,0.08333329861112558,0,0,0,0,0,1,0,1,1,90,29,0.40384615384615385,1.4944116e-05,7.346283e-05,1.4984771e-05,1
0.919488787651062,0.8523939251899719,0.8806056380271912,0.24999984375009765,0,0,0,0,0,1,1,0,0,136,20,0.6666666666666667,5.683479e-05,0.0016560773,0.8536193,1
0.9076336622238159,0.8000344038009644,0.8229331970214844,0.16666657407412552,0,0,0,0,0,1,1,1,0,83,23,0.4545454545454546,0.0005678249,3.0096417e-05,0.002013082,1
0.8374444246292114,0.8074687123298645,0.8367908000946045,0.0,0,0,0,0,0,1,0,1,0,99,46,0.4273504273504274,9.1499256e-05,3.4299515e-05,2.9418676e-05,1
0.8449245691299438,0.8109166622161865,0.8228005766868591,0.06249996093752441,0,0,0,0,0,1,0,1,0,105,31,0.4200000000000001,9.478244e-05,0.025613917,0.0027897211,0
0.8365459442138672,0.7986653447151184,0.8210589289665222,0.03448274673008733,0,0,0,0,0,1,0,1,0,142,22,0.4144144144144144,2.5512647e-05,7.243603e-05,0.00046704867,1
0.916166365146637,0.8448303937911987,0.880052924156189,0.11111104938275035,0,0,0,0,0,1,1,0,0,126,18,0.5454545454545454,4.6593057e-05,0.0001680271,0.9971789,1
0.8290128111839294,0.778689444065094,0.8162207007408142,0.0,0,0,0,0,0,1,0,1,0,130,15,0.3902439024390244,0.00011806889,0.0002544462,0.01655036,0
0.8325241208076477,0.7831582427024841,0.830268383026123,0.0,0,0,0,0,0,1,0,1,0,124,14,0.4444444444444444,9.230044e-06,0.0001610562,0.9505898,0
0.8454926609992981,0.8021973371505737,0.8260900974273682,0.0,0,0,0,0,0,1,0,0,0,83,43,0.46875,0.062223613,2.9739886e-05,0.00016395802,1
0.8958354592323303,0.8294156193733215,0.8495096564292908,0.05263155124655198,0,0,0,0,0,1,1,0,0,110,18,0.5,5.6505265e-05,0.0009443996,0.999361,1
0.846270740032196,0.82181715965271,0.7730036377906799,0.0,0,0,0,0,0,1,0,0,1,101,32,0.4601769911504425,0.00069962826,4.467649e-05,0.011021371,0
0.8948367834091187,0.8375926613807678,0.8428380489349365,0.11111104938275035,0,0,0,0,0,1,1,1,0,92,38,0.46875,0.659059,0.0004127844,0.00036790018,0
0.9022771120071411,0.8465585708618164,0.8703286051750183,0.11111104938275035,0,0,0,0,0,1,1,0,0,115,21,0.609375,3.2758908e-05,0.00063651864,0.07566098,1
0.8516286015510559,0.8044722080230713,0.8142241835594177,0.0,0,0,0,0,0,1,0,1,0,79,45,0.5116279069767442,1.6519743e-05,0.0006757406,0.0011431575,0
0.8252982497215271,0.7980813384056091,0.8132341504096985,0.0,0,0,0,0,0,1,0,1,1,164,52,0.4705882352941176,0.0007241878,0.0011362972,0.00035344262,1
0.8565810322761536,0.8160922527313232,0.8568511009216309,0.055555524691375174,0,0,0,0,0,1,1,1,0,87,49,0.5,5.195588e-05,0.0024077662,0.0013909388,0
0.8926198482513428,0.8612945675849915,0.810274064540863,0.19999993333335556,0,0,0,0,0,1,1,1,0,94,30,0.5660377358490566,7.5242126e-05,0.120143496,0.00028517772,1
0.8935531973838806,0.8388030529022217,0.8616828322410583,0.21052620498620792,0,0,0,0,0,1,1,1,0,91,27,0.5486725663716814,0.0006170878,0.9998859,0.9998535,1
0.8517498970031738,0.8061941266059875,0.8347750306129456,0.16666657407412552,0,0,0,0,0,1,1,1,0,76,28,0.4489795918367348,0.00019311422,0.00052733277,8.528972e-05,0
0.8277180194854736,0.7999885678291321,0.8451117873191833,0.0540540394448542,0,0,0,0,0,1,0,1,1,92,28,0.4603174603174603,0.000476346,0.0032963941,0.68903124,1
0.8566667437553406,0.78102707862854,0.7870091795921326,0.058823494809708936,0,0,0,0,0,1,0,1,0,108,55,0.41025641025641024,0.9883492,0.009093199,0.14715162,0
0.8472762703895569,0.8269149661064148,0.850527822971344,0.10526310249310396,0,0,0,0,0,1,0,1,1,70,55,0.4273504273504274,0.0011436536,0.00021650709,0.014314068,0
0.8540911674499512,0.8048400282859802,0.8340766429901123,0.06249996093752441,0,0,0,0,0,1,0,1,0,105,31,0.4731182795698925,0.0007787451,0.026740264,0.93878037,0
0.9085724949836731,0.8623170852661133,0.8695724010467529,0.35714260204099857,0,0,0,0,0,1,1,1,0,117,22,0.44999999999999996,0.0014651483,0.0010207635,0.9762957,1
0.9085724949836731,0.8632235527038574,0.8695724010467529,0.35714260204099857,0,0,0,0,0,1,1,0,0,126,22,0.44999999999999996,0.0014651483,0.0009794037,0.9762957,1
0.8706488609313965,0.8208125829696655,0.8298519849777222,0.0714285204081997,0,0,0,0,0,1,0,1,1,72,14,0.41666666666666663,0.00013467217,0.0018272139,0.9994111,1
0.8353455066680908,0.8132979869842529,0.8296192288398743,0.0399999840000064,0,0,0,0,0,1,1,0,1,123,26,0.5048543689320388,0.00014712985,0.0058106473,2.482018e-05,0
0.8429997563362122,0.8018240332603455,0.8366698026657104,0.0,0,0,0,0,0,1,1,1,0,87,49,0.453781512605042,0.98682714,0.003642676,0.009643564,0
0.8414415121078491,0.8216066360473633,0.0,0.15384609467457896,0,0,0,0,0,1,1,1,1,90,1,0.4761904761904761,0.9999001,0.002216756,0.14546917,0
0.8945133686065674,0.833056628704071,0.8505914807319641,0.055555524691375174,0,0,0,0,0,1,0,1,0,119,20,0.5555555555555556,4.889068e-05,0.04122314,0.0007512725,1
0.8260335326194763,0.7978438138961792,0.800033450126648,0.0,0,0,0,0,0,1,1,0,0,98,17,0.5,0.043466356,0.014309319,0.012842665,1
0.9413046836853027,0.8586760759353638,0.0,0.5384611242606736,0,0,0,0,0,1,1,1,0,134,1,0.5740740740740741,5.4301876e-05,0.028859934,0.0218714,1
0.9549261927604675,0.8541265726089478,0.8818038105964661,0.39999973333351113,0,0,0,0,0,1,1,1,0,136,25,0.6296296296296297,2.2428434e-05,0.11957825,0.0008410914,1
0.8832858800888062,0.7951620817184448,0.811633288860321,0.058823494809708936,0,0,0,0,0,1,1,1,0,83,47,0.6111111111111112,0.00012546961,0.00015835323,0.00026118782,0
0.8718433976173401,0.8206737637519836,0.8245702385902405,0.0,0,0,0,0,0,1,1,1,0,92,53,0.4444444444444444,0.0014937628,0.002480934,0.239627,0
0.7933086156845093,0.7598131895065308,0.7748320698738098,0.0,0,0,0,0,0,1,0,1,0,83,31,0.33766233766233766,0.027770445,0.007569597,0.06867128,0
0.7578884959220886,0.7501826286315918,0.7524278163909912,0.0,0,0,0,0,0,1,0,0,0,71,20,0.36190476190476195,0.006030257,0.000416539,0.08195591,0
0.809061586856842,0.7721800208091736,0.7968581914901733,0.0,0,0,0,0,0,1,0,0,0,72,15,0.4931506849315068,0.27433562,0.059387334,0.0061799507,0
0.8318659067153931,0.7488713264465332,0.7711287140846252,0.0,0,0,0,0,0,1,0,1,1,81,40,0.33644859813084116,0.0062598423,0.032155972,0.00038547712,0
0.7961208820343018,0.7532093524932861,0.7910571098327637,0.0,0,0,0,0,0,1,0,0,0,52,26,0.14432989690721654,0.5478426,0.0044880556,0.19428572,0
0.8414459824562073,0.809535026550293,0.8335934281349182,0.0,0,0,0,0,0,1,0,1,0,117,18,0.40909090909090906,0.9983621,0.6142616,0.0044588377,0
0.7563428282737732,0.7689669728279114,0.7277798652648926,0.0,0,0,0,0,0,1,0,1,0,74,9,0.410958904109589,0.9998165,0.06429774,0.9998123,0
0.8226792216300964,0.7484187483787537,0.7917563319206238,0.0,0,0,0,0,0,1,0,1,0,89,42,0.4130434782608695,0.96854067,0.00096129754,0.007747476,0
0.7965659499168396,0.7833630442619324,0.7935805916786194,0.0,0,0,0,0,0,1,0,1,0,79,17,0.41463414634146345,0.21438581,0.0016600558,0.41719145,0
0.8433457016944885,0.7920370697975159,0.8262326121330261,0.0,0,0,0,0,0,1,1,1,0,94,57,0.5185185185185186,0.99466234,0.03885559,3.6758604e-05,0
0.8188570141792297,0.7627216577529907,0.7999634742736816,0.0,0,0,0,0,0,1,0,1,0,90,16,0.41379310344827597,0.03841957,0.00025628635,0.027995525,0
0.7480316162109375,0.7306665778160095,0.7995414137840271,0.0,0,0,0,0,0,1,0,0,0,13,28,0.15384615384615385,0.118765235,0.060707554,0.14492084,0
0.7721402645111084,0.7199405431747437,0.7581241726875305,0.0,0,0,0,0,0,1,0,1,0,83,47,0.0,0.14394212,3.812691e-05,0.0001487786,1
0.7665296792984009,0.7387709617614746,0.7720807194709778,0.0,0,0,0,0,0,1,0,1,0,92,53,0.0,0.13256896,0.0010276461,0.060216308,1
0.8873311877250671,0.8413122892379761,0.8497596383094788,0.2666664888890074,0,0,0,0,0,1,1,1,0,131,52,0.6842105263157895,1.7370823e-05,0.003433172,0.0010931302,1
0.8503907322883606,0.839956521987915,0.8180844783782959,0.1499999250000375,0,0,1,0,0,1,1,0,0,104,26,0.5753424657534247,0.0027106998,0.009419731,0.9987779,1
0.8210667967796326,0.7687349915504456,0.0,0.06249996093752441,0,0,0,0,0,1,1,0,0,70,1,0.6,0.9730604,8.2145525e-06,0.29936934,0
0.8623042106628418,0.8432298302650452,0.8459639549255371,0.1199999520000192,0,0,1,0,0,1,1,0,0,121,51,0.72,0.0007432884,0.8178792,0.00395956,1
0.8115966320037842,0.7694594264030457,0.7970899343490601,0.04545452479339782,0,0,0,0,0,1,1,1,0,111,55,0.5882352941176471,0.89420485,0.0013056144,0.15412535,0
0.8283283710479736,0.7850326895713806,0.7917658686637878,0.15384603550304962,0,0,0,0,0,1,1,1,0,63,22,0.48275862068965514,0.00029136974,9.332804e-05,0.013612274,0
0.8283283710479736,0.7751398086547852,0.0,0.15384603550304962,0,0,0,0,0,1,1,0,0,81,1,0.48837209302325574,0.00029136974,0.0031024704,0.29936934,0
0.8040114045143127,0.7971795201301575,0.7659667134284973,0.0499999750000125,0,0,0,0,0,1,1,1,0,82,17,0.5869565217391304,0.0046898983,0.00043747085,0.00092513015,0
0.8750655651092529,0.826389491558075,0.8202932476997375,0.0,0,0,1,0,0,1,1,0,0,100,49,0.6511627906976745,0.00053449254,0.001938085,0.0005222607,1
0.8005326986312866,0.7503318190574646,0.8047324419021606,0.06666662222225185,0,0,0,0,0,1,1,1,0,94,50,0.4931506849315068,0.030496383,0.002069827,0.9984841,0
0.787358820438385,0.727351725101471,0.7892559170722961,0.0,0,0,0,0,0,1,1,1,0,103,31,0.5,0.0010245586,0.2663693,2.6239275e-05,0
0.8521305322647095,0.8483352661132812,0.0,0.0,0,0,1,0,0,1,1,1,1,146,1,0.5434782608695652,4.1451396e-05,0.0046217632,0.29936934,1
0.8521305322647095,0.8454222679138184,0.0,0.0,0,0,1,0,0,1,1,1,1,133,1,0.5434782608695652,4.1451396e-05,0.792895,0.29936934,1
0.7958987951278687,0.7542972564697266,0.7779178619384766,0.0,0,0,0,0,0,1,1,1,0,100,33,0.4782608695652174,0.000442185,4.1686395e-05,0.00023776984,0
0.7901140451431274,0.7648764848709106,0.0,0.058823494809708936,0,0,0,0,0,1,1,1,0,105,1,0.5,0.015316885,0.0005567008,0.29936934,0
0.7844830751419067,0.7392957806587219,0.7553582787513733,0.04761902494332146,0,0,0,0,0,1,1,0,0,89,21,0.6265060240963856,0.45566317,0.00021779818,0.002149348,0
0.8236684203147888,0.7717950940132141,0.0,0.11111104938275035,0,0,0,0,0,1,1,1,0,84,1,0.5,0.99459285,0.0036669797,0.29936934,0
0.8236684203147888,0.7718786001205444,0.0,0.11111104938275035,0,0,0,0,0,1,1,1,0,90,1,0.5,0.99459285,0.0015440327,0.29936934,0
0.8236684203147888,0.7709452509880066,0.0,0.11111104938275035,0,0,0,0,0,1,1,1,0,92,1,0.5,0.99459285,8.623931e-05,0.29936934,0
0.8448914289474487,0.8144699931144714,0.7995175719261169,0.08333329861112558,0,0,1,0,0,1,1,1,0,117,50,0.6052631578947368,0.9946938,0.005149304,0.13681899,0
0.8394929766654968,0.8274242877960205,0.8313838243484497,0.099999950000025,0,0,0,0,0,1,1,1,0,115,52,0.5869565217391304,0.03881235,0.0016264289,0.00021013482,0
0.8143872022628784,0.7763887643814087,0.7797860503196716,0.04545452479339782,0,0,1,0,0,1,1,0,0,83,27,0.525,0.0023056853,0.0042790486,0.00020271256,0
0.9006748795509338,0.8433902263641357,0.0,0.18749988281257324,1,0,0,0,0,1,1,1,0,111,1,0.5818181818181818,6.916155e-05,0.9983015,0.17665069,1
0.9041022658348083,0.8720927834510803,0.8976700305938721,0.18749988281257324,1,0,0,0,0,1,1,0,0,101,22,0.65,8.635927e-05,0.3764758,0.99987864,1
0.846896767616272,0.7877277135848999,0.8031271696090698,0.06666662222225185,0,0,0,0,0,1,1,0,0,156,23,0.4,8.4296764e-05,0.0031969345,4.6165205e-05,0
0.8240708112716675,0.7707120776176453,0.8149969577789307,0.07407404663924198,0,0,0,0,0,1,1,1,0,116,28,0.5454545454545454,0.00040932486,0.0012259337,0.0005665387,0
0.8240708112716675,0.7719099521636963,0.8011795878410339,0.07407404663924198,0,0,0,0,0,1,1,1,0,146,28,0.6,0.00040932486,0.0008146345,0.0009173862,0
0.8240708112716675,0.7697915434837341,0.8149969577789307,0.07407404663924198,0,0,0,0,0,1,1,1,0,123,28,0.5454545454545454,0.00040932486,0.0014303356,0.0005665387,0
0.8591731786727905,0.7706292271614075,0.8085689544677734,0.07692301775152481,0,0,0,0,0,1,0,1,0,83,17,0.5757575757575757,0.10809741,8.0616985e-05,0.9756073,0
0.8591731786727905,0.8124313354492188,0.8085689544677734,0.07692301775152481,0,0,0,0,0,1,0,1,0,121,17,0.5757575757575757,0.10809741,0.008512252,0.9756073,0
0.8500441312789917,0.7969995141029358,0.818413257598877,0.1999998000002,0,0,0,0,0,1,1,1,0,105,50,0.5773195876288659,0.058094554,0.018556997,6.3797095e-05,0
0.8569373488426208,0.7837801575660706,0.8011195659637451,0.08333326388894677,0,0,0,0,0,1,0,1,0,120,10,0.4565217391304348,0.066990525,0.00066032377,0.04336072,0
0.8475920557975769,0.7953375577926636,0.8085689544677734,0.0,0,0,0,0,0,1,0,1,0,79,17,0.47272727272727283,0.9976895,0.0003842684,0.9756073,0
0.8475920557975769,0.7902606725692749,0.8085689544677734,0.0,0,0,0,0,0,1,0,1,0,94,17,0.47272727272727283,0.9976895,0.00012492371,0.9756073,0
0.8526391983032227,0.8126301169395447,0.8245839476585388,0.0,0,0,0,0,0,1,0,0,1,73,33,0.41758241758241754,0.005077705,0.00017066162,0.0014340803,0
0.8428499698638916,0.7925432324409485,0.8182421922683716,0.16666652777789354,0,0,0,0,0,1,1,0,0,113,51,0.4380952380952381,0.0040159957,0.002031201,0.00046857382,0
0.7896389961242676,0.7370358109474182,0.7721027731895447,0.0,0,0,0,0,0,1,1,1,1,81,45,0.40384615384615385,0.2382158,0.0032347685,0.0002042488,0
0.866609513759613,0.7879730463027954,0.8427128791809082,0.0,0,0,0,0,0,1,0,1,0,124,32,0.5636363636363637,0.4761135,0.0048440374,0.038313765,0
0.8347358703613281,0.7969805002212524,0.8167061805725098,0.06249996093752441,0,0,0,0,0,1,0,1,0,71,27,0.5208333333333333,0.005266056,2.5231277e-05,0.001135424,0
0.8442773818969727,0.7797712683677673,0.7831107378005981,0.06666662222225185,0,0,0,0,0,1,1,1,0,90,39,0.5454545454545454,0.0053850813,0.999783,0.00064619153,0
0.8573058843612671,0.8014869093894958,0.8091267347335815,0.08333326388894677,0,0,0,0,0,1,0,1,0,113,23,0.5636363636363637,0.013030178,0.9877229,0.026878407,0
0.9323828816413879,0.8136529922485352,0.861365795135498,0.0,0,0,0,0,0,1,0,1,0,104,48,0.6666666666666667,0.00011020838,0.00040916633,0.9789781,1
0.9452767968177795,0.7668259739875793,0.7999115586280823,0.11111098765445816,0,0,0,0,0,1,0,1,0,83,17,0.6808510638297872,3.191781e-05,5.0648578e-05,0.9911573,1
0.9452767968177795,0.8679102063179016,0.7999115586280823,0.11111098765445816,0,0,0,0,0,1,0,1,0,121,17,0.6808510638297872,3.191781e-05,0.9544218,0.9911573,1
0.9074786305427551,0.8058538436889648,0.847542405128479,0.33333277777870374,0,0,0,1,0,1,1,1,0,105,50,0.7241379310344827,0.00037311,0.01239035,0.0038086185,0
0.7916452884674072,0.7248772978782654,0.7640638947486877,0.0,0,0,0,0,0,1,0,1,0,94,39,0.41379310344827597,0.99918276,0.009634517,0.0046231668,0
0.8605062961578369,0.7993633151054382,0.0,0.0,0,0,0,0,0,1,0,1,0,79,1,0.4482758620689655,0.06036218,0.45166966,0.18169299,1
0.8652468919754028,0.8133671283721924,0.0,0.0,0,0,0,0,0,1,0,1,0,105,1,0.31034482758620685,0.0018393009,0.0009493444,0.18169299,1
0.8632144927978516,0.79371577501297,0.7864214181900024,0.12499984375019532,0,0,0,0,0,1,0,1,0,120,10,0.653061224489796,0.99928975,0.0005036406,0.09420971,0
0.8638216853141785,0.8120192885398865,0.8319359421730042,0.24999968750039064,0,0,0,0,0,1,1,0,0,113,51,0.4482758620689655,0.9986926,0.0023492097,0.00023949334,0
0.8333824276924133,0.7910215854644775,0.8005796670913696,0.0999999000001,0,0,0,0,0,1,0,1,0,101,31,0.43999999999999995,0.9813385,0.00014863885,0.0035102328,0
0.8748945593833923,0.7390857934951782,0.0,0.21428556122459913,0,0,0,0,0,1,1,1,1,111,1,0.48275862068965514,0.99983644,0.0004285702,0.18169299,0
0.8911242485046387,0.819358766078949,0.7942841053009033,0.12499984375019532,0,0,0,0,0,1,0,1,0,113,23,0.5517241379310345,0.024603667,0.9981096,0.019953355,0
0.8439202904701233,0.7720336318016052,0.7999115586280823,0.08333326388894677,0,0,1,0,0,1,0,1,0,76,17,0.4,0.99991536,0.0007400969,0.9911573,0
0.8453702926635742,0.7832942605018616,0.8149072527885437,0.0999999000001,0,0,0,0,0,1,0,1,0,120,18,0.5862068965517242,0.005326905,0.0024232485,0.6929016,0
0.7936985492706299,0.7554700374603271,0.7354424595832825,0.0,0,0,0,0,0,1,0,0,0,45,2,0.125,0.33987394,0.0007445443,0.7811883,0
0.9092898964881897,0.8680605292320251,0.8421931266784668,0.24999979166684028,0,0,0,0,0,1,1,0,0,87,22,0.7741935483870968,1.4107954e-05,0.97479975,0.99997365,1
0.8734128475189209,0.7916518449783325,0.8255708813667297,0.0,0,0,0,0,0,1,0,1,1,107,48,0.5098039215686274,9.5250425e-06,0.00031332314,7.963614e-05,1
0.9052775502204895,0.8440530896186829,0.882415235042572,0.19999986666675557,0,0,0,0,0,1,1,1,0,110,23,0.7058823529411764,1.0674016e-05,0.020981,0.99606615,1
0.8748144507408142,0.8094565272331238,0.806277871131897,0.0,0,0,0,0,0,1,0,1,0,111,1,0.6666666666666667,2.5254803e-05,0.06666139,0.00047843193,1
0.8674803972244263,0.8402845859527588,0.0,0.0,0,0,0,0,0,1,0,1,0,73,1,0.4509803921568627,0.00015648229,0.004833823,0.00027376262,1
0.871770977973938,0.81271892786026,0.0,0.0,0,0,0,0,0,1,0,0,1,57,1,0.136986301369863,2.1468957e-05,0.19575208,0.00027376262,1
0.8657466769218445,0.8395585417747498,0.83272784948349,0.0,0,0,0,0,0,1,0,1,0,78,10,0.5052631578947369,6.517318e-05,0.0001828461,0.9999461,1
0.8590709567070007,0.8144218325614929,0.8384338617324829,0.0,0,0,0,0,0,1,0,1,1,123,20,0.43137254901960786,2.6004893e-05,0.0009245264,0.9999263,1
0.8670327663421631,0.0,0.0,0.0,0,0,0,0,0,1,0,1,0,1,1,0.10526315789473684,5.860961e-05,0.00027376262,0.00027376262,1
0.8575812578201294,0.8014197945594788,0.8310837745666504,0.0,0,0,0,0,0,1,0,1,0,112,25,0.4,1.8574934e-05,0.0005801749,0.00011118518,1
0.8624914288520813,0.8279556035995483,0.7928094863891602,0.055555524691375174,0,0,0,0,0,1,0,1,0,105,19,0.5490196078431373,6.226738e-05,0.0034568901,0.00042818696,1
0.8624914288520813,0.8262516260147095,0.7928094863891602,0.055555524691375174,0,0,0,0,0,1,0,1,1,88,19,0.5490196078431373,6.226738e-05,0.0005695148,0.00042818696,1
0.8515011072158813,0.8070976734161377,0.0,0.0,0,0,0,0,0,1,0,1,0,97,1,0.5098039215686274,0.00017099662,2.7457949e-05,0.00027376262,1
0.8890020251274109,0.8523911833763123,0.8426245450973511,0.06249996093752441,0,0,0,0,0,1,1,0,1,108,50,0.5316455696202531,0.00067434506,0.6852446,0.00018723613,1
0.8634739518165588,0.8222058415412903,0.8378773927688599,0.0,0,0,0,0,0,1,0,1,0,91,50,0.5208333333333333,2.7159153e-05,0.0009374022,0.8121589,1
0.8222596049308777,0.8317005038261414,0.8059077858924866,0.0036496349032979964,0,0,1,0,0,1,0,0,0,111,22,0.5490196078431373,0.0037576603,0.0061700526,0.9990108,1
0.962181806564331,0.8790866732597351,0.9070526361465454,0.44444395061783265,0,0,0,0,0,1,1,1,0,89,55,0.8857142857142857,0.0003566627,0.030378805,8.647933e-06,1
0.9343656301498413,0.881438136100769,0.8397902250289917,0.0714285204081997,0,0,0,0,0,1,1,0,0,88,22,0.7560975609756098,4.7878282e-05,0.98718333,0.99993527,1
0.9064447283744812,0.8528063893318176,0.0,0.0,0,0,0,0,0,1,0,1,0,85,1,0.4444444444444444,3.6238882e-05,0.16985595,0.0008221303,1
0.8727507591247559,0.8184774518013,0.8243354558944702,0.0,0,0,0,0,0,1,0,1,0,101,22,0.5742574257425743,1.5929063e-05,0.0005244736,0.0032591159,1
0.8356631994247437,0.7773446440696716,0.8233972787857056,0.0,0,0,0,0,0,1,0,1,0,68,28,0.17391304347826086,0.093532786,0.10741462,0.13826758,0
0.8356631994247437,0.7839488983154297,0.8233972787857056,0.0,0,0,0,0,0,1,0,1,0,63,28,0.17391304347826086,0.093532786,0.106984966,0.13826758,0
0.8439026474952698,0.8045698404312134,0.8177473545074463,0.0,0,0,0,0,0,1,0,1,0,91,39,0.45283018867924535,0.029594222,2.2645365e-05,0.0007693567,0
0.8097217082977295,0.7094443440437317,0.8066880106925964,0.0,0,0,0,0,0,1,0,0,1,60,33,0.16842105263157892,0.0026373258,0.004157716,0.116621464,0
0.8329967260360718,0.7820538282394409,0.8063457608222961,0.0,0,0,0,0,0,1,0,0,1,56,24,0.16161616161616166,0.15011518,0.0047899014,0.052960034,0
0.8521517515182495,0.7955242991447449,0.8283205628395081,0.0,0,0,0,0,0,1,0,1,1,63,28,0.1649484536082474,0.031196332,0.0029348913,0.019909818,1
0.8521517515182495,0.8027975559234619,0.8283205628395081,0.0,0,0,0,0,0,1,0,1,1,65,28,0.1649484536082474,0.031196332,0.0082537355,0.019909818,1
0.8521517515182495,0.7897860407829285,0.8283205628395081,0.0,0,0,0,0,0,1,0,1,1,71,28,0.1649484536082474,0.031196332,0.008165638,0.019909818,1
0.859707772731781,0.81416255235672,0.811248242855072,0.0,0,0,0,0,0,1,0,1,0,80,46,0.3853211009174312,0.99911803,0.00012997593,0.0024080295,0
0.834148645401001,0.7846635580062866,0.8091143369674683,0.0,0,0,0,0,0,1,0,1,0,86,43,0.39252336448598135,0.018086188,0.00021441672,0.0085329935,0
0.8392819166183472,0.7911036610603333,0.8449534773826599,0.030303021120296626,0,0,0,0,0,1,0,1,1,83,22,0.42592592592592593,0.9972249,0.0064300145,0.62868434,0
0.8134205937385559,0.7786497473716736,0.7737663388252258,0.0,0,0,0,0,0,1,0,0,0,47,5,0.375,0.08050117,0.0022578298,0.22188254,0
0.8628596663475037,0.7841584086418152,0.8289941549301147,0.0,0,0,0,0,0,1,0,1,1,89,20,0.39603960396039606,0.0002749914,0.00011974825,0.0004337571,1
0.8686967492103577,0.8020387887954712,0.0,0.0,0,0,0,0,0,1,0,1,1,76,1,0.41463414634146345,0.0009685518,8.990037e-05,0.2257545,0
0.8242241144180298,0.792738676071167,0.0,0.11764698961941787,0,0,0,0,0,1,1,0,0,120,1,0.5818181818181818,0.9816078,0.99790776,0.2257545,0
0.9329450726509094,0.852783203125,0.0,0.4166663194447338,1,0,0,0,0,1,1,1,0,81,1,0.6122448979591837,6.273644e-05,0.00036164912,0.11621693,1
0.8797684907913208,0.825305163860321,0.0,0.08695648393196351,1,0,0,0,0,1,1,1,0,102,1,0.5714285714285714,0.0026368655,9.187734e-05,0.11621693,0
0.8722034096717834,0.8074601292610168,0.0,0.06249996093752441,0,0,0,0,0,1,1,1,0,79,1,0.4489795918367348,0.98724,0.09600006,0.11621693,0
0.86631178855896,0.8193399906158447,0.0,0.21428556122459913,0,0,0,0,0,1,1,1,0,87,1,0.46938775510204084,0.2205992,8.180369e-05,0.11621693,0
0.8722034096717834,0.7995361089706421,0.0,0.06249996093752441,0,0,0,0,0,1,1,1,0,80,1,0.4489795918367348,0.98724,0.0004036508,0.11621693,0
0.8722034096717834,0.8089177012443542,0.0,0.06249996093752441,0,0,0,0,0,1,1,1,0,67,1,0.4489795918367348,0.98724,0.00018004201,0.11621693,0
0.8722034096717834,0.7878035306930542,0.0,0.06249996093752441,0,0,0,0,0,1,1,1,0,94,1,0.4489795918367348,0.98724,0.0003161301,0.11621693,0
0.8525302410125732,0.8192694783210754,0.0,0.19999986666675557,0,0,0,0,0,1,1,1,0,80,1,0.5714285714285714,0.95600814,7.845659e-05,0.11621693,0
0.8878225088119507,0.7979345321655273,0.0,0.15384603550304962,0,0,0,0,0,1,1,1,0,89,1,0.5510204081632653,0.01973452,0.0009611233,0.11621693,0
0.8795763254165649,0.7975519895553589,0.8261100649833679,0.21428556122459913,1,0,0,0,0,1,1,1,0,94,49,0.4565217391304348,0.0007973755,0.01564354,0.00043149764,0
0.8617448210716248,0.7868838906288147,0.8123653531074524,0.08695648393196351,0,0,0,0,0,1,1,0,0,86,18,0.4946236559139785,0.9993284,0.9989305,0.07671854,0
0.8617448210716248,0.7796040177345276,0.8123653531074524,0.08695648393196351,0,0,0,0,0,1,1,1,0,95,18,0.4946236559139785,0.9993284,0.9958942,0.07671854,0
0.8401806354522705,0.7931283116340637,0.8085103631019592,0.13636357438019348,1,0,0,0,0,1,1,0,0,97,23,0.5,0.0008290405,0.00013491804,0.9999745,0
0.8545902371406555,0.8067031502723694,0.8295881748199463,0.1499999250000375,1,0,0,0,0,1,1,0,0,111,27,0.5925925925925926,0.97544074,0.0041605076,0.9605728,0
0.848332941532135,0.7873842120170593,0.8073123097419739,0.13636357438019348,0,0,1,0,0,1,1,1,0,93,29,0.5102040816326531,0.00017493937,0.000962982,0.005668244,0
0.8720204830169678,0.8005726337432861,0.0,0.19999986666675557,0,0,0,0,0,1,1,1,1,94,1,0.5306122448979591,0.9983627,0.9825822,0.11621693,0
0.8582359552383423,0.8088389039039612,0.823491632938385,0.13636357438019348,0,0,0,0,0,1,1,1,0,103,32,0.5714285714285714,0.9229683,0.00025034914,2.9179295e-05,0
0.8788133859634399,0.78011155128479,0.8157901167869568,0.15384603550304962,0,0,0,0,0,1,1,1,1,92,56,0.5714285714285714,0.069037214,0.08155369,0.041554525,0
0.8497818112373352,0.8033221960067749,0.0,0.10526310249310396,0,0,0,0,0,1,1,0,0,111,1,0.3711340206185567,0.0012846397,3.493139e-05,0.11621693,0
0.8998810648918152,0.8255214095115662,0.819254994392395,0.21052620498620792,1,0,0,0,0,1,1,0,0,97,23,0.6129032258064516,0.0006236591,7.819742e-05,0.9999751,1
0.8659515976905823,0.7899751663208008,0.7856655716896057,0.09523804988664292,0,0,0,0,0,1,1,0,0,86,18,0.5084745762711864,0.9886755,0.99900997,0.002354469,0
0.8659515976905823,0.7843797206878662,0.7856655716896057,0.09523804988664292,0,0,0,0,0,1,1,1,0,95,18,0.5084745762711864,0.9886755,0.99881387,0.002354469,0
0.8916394114494324,0.8019490242004395,0.8470571637153625,0.24999979166684028,1,0,0,0,0,1,1,1,0,94,49,0.5573770491803278,3.0998486e-05,0.0003732323,0.0016502276,1
0.8527758717536926,0.7851634621620178,0.0,0.04545452479339782,1,0,0,0,0,1,1,1,0,102,1,0.7419354838709676,0.0026049824,9.057538e-05,0.032455873,0
0.8504891991615295,0.8100504875183105,0.0,0.058823494809708936,0,0,0,0,0,1,1,1,1,82,1,0.5483870967741935,0.004149792,0.00023501321,0.032455873,1
0.8504891991615295,0.8118435740470886,0.0,0.058823494809708936,0,0,0,0,0,1,1,1,1,68,1,0.5483870967741935,0.004149792,6.7255525e-05,0.032455873,1
0.8306059241294861,0.7819271087646484,0.8132132887840271,0.18749988281257324,1,0,0,0,0,1,1,0,0,94,28,0.5161290322580645,4.4878387e-05,0.0006884115,0.00040608118,0
0.8166471123695374,0.7602092027664185,0.8139888644218445,0.1764704844291268,1,0,0,0,0,1,1,1,0,90,27,0.5901639344262295,0.00031204932,2.2646349e-05,0.32542077,0
0.8526602387428284,0.7710328102111816,0.7908385396003723,0.37499953125058594,0,0,0,0,0,1,1,1,0,74,60,0.4193548387096774,0.9999285,0.0004194645,0.00020743078,0
0.8174592852592468,0.7959253787994385,0.0,0.14285707482996438,1,0,0,0,0,1,1,1,0,104,1,0.49122807017543857,0.004804919,0.0009149694,0.032455873,0
0.8365663886070251,0.79606693983078,0.0,0.15384603550304962,1,0,0,0,0,1,1,1,0,81,1,0.4838709677419355,6.0430633e-05,0.00011189558,0.032455873,0
0.8891753554344177,0.786199688911438,0.0,0.1333332444445037,0,0,0,0,0,1,1,1,0,103,1,0.5161290322580645,0.00043645187,0.0028813132,0.032455873,0
0.8378705978393555,0.7921757102012634,0.7957679033279419,0.1999998000002,0,0,0,0,0,1,1,1,0,70,57,0.4363636363636364,0.99950147,0.9952495,0.004904325,0
0.8445435762405396,0.8054686188697815,0.8239046335220337,0.099999950000025,0,0,0,0,0,1,1,0,0,93,26,0.5483870967741935,0.000449246,5.3623913e-05,0.9925296,1
0.8050363659858704,0.7571382522583008,0.8151916861534119,0.1333332444445037,1,0,1,0,0,1,1,1,0,96,19,0.4838709677419355,0.9997509,0.0010640444,0.1019406,0
0.823627233505249,0.7658707499504089,0.8072789311408997,0.1333332444445037,1,0,0,0,0,1,1,0,1,96,22,0.4838709677419355,0.002588818,0.0019059262,5.4809007e-05,0
0.8684276938438416,0.7935521006584167,0.8401523232460022,0.0999999000001,0,0,0,0,0,1,1,1,0,89,58,0.5625,0.002187479,0.0009862601,0.00014376872,1
0.8592183589935303,0.7856202125549316,0.0,0.0,0,0,0,0,0,1,1,1,0,93,1,0.49056603773584906,0.00957145,0.00085931685,0.18508457,1
0.8340713381767273,0.7996364235877991,0.0,0.03703702331962099,0,0,0,0,0,1,1,1,0,104,1,0.5517241379310345,0.0022731759,0.00039391257,0.18508457,1
0.8808231949806213,0.8104762434959412,0.8318958282470703,0.1333332444445037,0,0,0,0,0,1,1,1,0,92,24,0.46875,0.0006073091,0.007416818,0.011827135,1
0.8495362997055054,0.824675440788269,0.8230636715888977,0.028571420408165595,0,0,0,0,0,1,1,0,0,110,17,0.78125,0.0002556515,0.0031195239,5.7671976e-05,1
0.8445535898208618,0.8041093349456787,0.8034141063690186,0.029411756055365862,0,0,0,0,0,1,1,0,0,102,15,0.625,0.012920607,0.0005192327,0.00081628555,1
0.7852640748023987,0.7576813697814941,0.0,0.05263155124655198,0,0,0,0,0,1,1,1,0,125,1,0.509090909090909,0.022348875,0.0012225355,0.18508457,1
0.8617318272590637,0.824256956577301,0.8730136156082153,0.11111104938275035,0,0,0,0,0,1,1,1,0,90,50,0.59375,0.0007648536,0.00043030267,0.00032569517,1
0.8008466362953186,0.7202661633491516,0.7904331684112549,0.055555524691375174,0,0,1,0,0,1,1,1,0,98,26,0.5,0.9999604,0.0015425993,1.71258e-05,0
0.7733337879180908,0.7607731819152832,0.7935125827789307,0.0,0,0,0,0,0,1,0,1,0,95,20,0.4375,0.9995291,0.1068618,0.0017619082,0
0.833326518535614,0.7822951674461365,0.8093469738960266,0.0,0,0,0,0,0,1,1,1,0,94,14,0.4375,0.010145386,0.0012828095,0.0037101856,1
0.8099551200866699,0.7629140615463257,0.8131906390190125,0.0,0,0,0,0,0,1,1,1,0,61,56,0.53125,0.005825589,0.00019948096,0.00034335034,1
0.832850992679596,0.8105896711349487,0.8176544904708862,0.04761902494332146,0,0,0,0,0,1,1,1,0,87,15,0.4375,0.012724312,0.0023214272,0.0005384926,1
0.832850992679596,0.7834234833717346,0.8093469738960266,0.04761902494332146,0,0,0,0,0,1,1,1,0,98,14,0.4375,0.012724312,0.0011682976,0.0037101856,1
0.7660979628562927,0.7610145211219788,0.0,0.0,0,0,0,0,0,1,0,1,0,98,1,0.4375,0.99763393,0.98500884,0.18508457,0
0.9166362881660461,0.79058438539505,0.8423194885253906,0.0,0,0,0,0,0,1,0,1,0,92,55,0.5074626865671642,3.15527e-05,6.547526e-05,0.9993734,1
0.9033505320549011,0.8447753190994263,0.8747416734695435,0.4166663194447338,1,0,0,0,0,1,1,1,0,112,25,0.6666666666666667,4.0129715e-05,0.007537355,0.00016943058,1
0.9024879932403564,0.8369354605674744,0.8538672924041748,0.2631577562327599,1,0,0,0,0,1,1,1,0,112,54,0.7761194029850746,0.00011581822,0.99438214,0.0012031103,1
0.8806983828544617,0.7880740165710449,0.8274626731872559,0.0,0,0,0,0,0,1,0,1,1,124,20,0.5142857142857142,0.0027429566,0.00052214885,0.98860735,1
0.8783107399940491,0.8744414448738098,0.8452920317649841,0.46153810650914884,1,0,1,0,0,1,1,1,1,112,30,0.8857142857142857,0.99983275,0.0032952116,0.99928975,1
0.8383260369300842,0.8038957118988037,0.8465536236763,0.055555524691375174,0,0,1,0,0,1,0,1,1,83,22,0.6440677966101696,9.9723475e-05,0.0012564803,3.3583594e-05,1
0.848585307598114,0.7782630920410156,0.7716097235679626,0.3333329629633745,1,0,0,0,0,1,1,1,1,150,25,0.7142857142857143,0.99975175,0.0011214731,3.7438884e-05,0
0.8266836404800415,0.7945038080215454,0.7888174057006836,0.24999979166684028,1,0,0,0,0,1,1,1,1,101,23,0.7,0.9999759,0.08151811,0.9990439,0
0.844342052936554,0.8115872740745544,0.8300271034240723,0.23076905325457442,1,0,0,0,0,1,1,1,0,102,44,0.5396825396825398,0.9977398,0.99818206,0.0005801163,0
0.8501416444778442,0.7696366906166077,0.0,0.0,0,0,0,0,0,1,0,1,1,122,1,0.45614035087719296,0.99872845,0.00021568398,0.07162545,0
0.8603159785270691,0.7960280179977417,0.8168330788612366,0.0,0,0,0,0,0,1,0,1,0,112,17,0.4,1.915848e-05,0.00064965396,0.9985436,1
0.8066310882568359,0.7877891659736633,0.8033245205879211,0.07692304733728948,1,0,0,0,0,1,0,1,1,85,20,0.6,4.273675e-06,0.00015533155,0.0030114248,0
0.884716272354126,0.0,0.0,0.0,0,0,0,0,0,1,0,1,0,1,1,0.11111111111111116,1.0384089e-05,0.07162545,0.07162545,1
0.8179603219032288,0.7609187364578247,0.0,0.0,0,0,0,0,0,1,0,1,0,103,1,0.5,0.9996383,3.63375e-05,0.07162545,0
0.8486524224281311,0.811988353729248,0.8370044827461243,0.0,0,0,0,0,0,1,0,0,0,100,52,0.46376811594202894,4.620779e-05,0.0003202719,0.14257142,1
0.8288105130195618,0.8050593137741089,0.8094263076782227,0.0,0,0,0,0,0,1,0,1,0,73,32,0.42622950819672134,0.99994695,0.13602169,0.00081288,0
0.8665823936462402,0.8182212114334106,0.8542904853820801,0.0,0,0,0,0,0,1,0,1,1,78,19,0.5428571428571429,1.09582925e-05,0.01806497,2.7235794e-05,1
0.8395057320594788,0.7983312606811523,0.8441677093505859,0.13043472589794528,0,1,0,0,0,1,0,1,0,112,60,0.18181818181818177,0.9951462,0.023111958,0.98509556,1
0.7953662872314453,0.7753605246543884,0.0,0.043478241965981754,1,1,0,0,0,1,0,1,0,75,1,0.2063492063492064,0.9966652,0.008410464,0.14861609,0
0.8319333791732788,0.8153495788574219,0.8125821352005005,0.0499999750000125,2,1,0,0,0,1,0,1,0,95,20,0.24242424242424243,0.00049516803,0.0011825273,0.00024341505,1
0.8231582045555115,0.8139832615852356,0.8290092945098877,0.19999990000005,1,1,0,0,0,1,0,0,0,130,25,0.24242424242424243,0.0032089713,0.0010647108,8.227744e-05,1
0.8130526542663574,0.7610636353492737,0.0,0.0399999840000064,1,1,0,0,0,1,0,1,1,96,1,0.19696969696969702,0.019625267,0.0005102563,0.14861609,0
0.8130526542663574,0.7703052163124084,0.0,0.0399999840000064,1,1,0,0,0,1,0,1,1,94,1,0.19696969696969702,0.019625267,0.0025315164,0.14861609,0
0.8094751834869385,0.7658796906471252,0.8117240071296692,0.03846152366864474,1,1,0,0,0,1,0,1,1,91,24,0.22399999999999998,0.33553728,0.00010897765,0.9996892,0
0.8007660508155823,0.7699218392372131,0.0,0.09090904958679565,1,1,0,0,0,1,0,0,0,77,1,0.2063492063492064,0.03786073,0.0005623747,0.14861609,0
0.7879125475883484,0.7481042742729187,0.7667662501335144,0.055555524691375174,0,1,0,0,0,1,0,1,0,83,54,0.19696969696969702,0.08606613,0.013553475,0.032826148,0
0.8366273045539856,0.7984606623649597,0.7847130298614502,0.0,1,1,0,0,0,1,0,0,1,121,25,0.19199999999999995,0.0005722427,0.00015083552,0.991764,0
0.7706453204154968,0.7754891514778137,0.8074750304222107,0.0399999840000064,0,1,0,0,0,1,0,1,1,116,36,0.1515151515151515,0.97770166,8.8889356e-05,0.9620012,0
0.7571818232536316,0.7512277364730835,0.7520123720169067,0.08695648393196351,0,1,0,0,0,1,0,1,0,111,45,0.18604651162790697,0.00021082771,0.0003165861,8.4612555e-05,0
0.7571818232536316,0.7434433698654175,0.7520123720169067,0.08695648393196351,0,1,0,0,0,1,0,1,0,92,45,0.18604651162790697,0.00021082771,8.786174e-05,8.4612555e-05,0
0.7812352776527405,0.7743015289306641,0.7551912069320679,0.05263155124655198,0,1,0,0,0,1,0,1,0,85,17,0.19130434782608696,0.8859942,0.00051379466,0.007829702,0
0.8068644404411316,0.797266960144043,0.8321290612220764,0.043478241965981754,1,1,0,0,0,1,0,0,0,110,23,0.25757575757575757,0.0001958501,0.0003145697,0.021022769,1
0.7887644171714783,0.7360276579856873,0.7830185294151306,0.14285707482996438,0,1,0,0,0,1,0,1,0,75,57,0.18181818181818177,0.99881953,0.0028657569,0.038619097,0
0.7810690402984619,0.7391412854194641,0.0,0.07407404663924198,0,1,1,0,0,1,0,1,0,77,1,0.22018348623853215,0.9899378,0.0006330576,0.14861609,0
0.8080161809921265,0.7668011784553528,0.7872685790061951,0.21428556122459913,0,0,0,0,0,1,0,0,0,87,25,0.5052631578947369,0.99993277,0.09649447,0.9997956,0
0.8066932559013367,0.7675150036811829,0.7944478988647461,0.04761902494332146,0,0,0,0,0,1,0,0,0,88,19,0.505050505050505,0.9979032,0.00032742994,0.034002777,0
0.7917243838310242,0.7580320239067078,0.7808730602264404,0.06249996093752441,0,0,0,0,0,1,0,1,0,125,18,0.5081967213114754,0.975349,0.012510087,0.9611443,0
0.7701539993286133,0.7492720484733582,0.7799291610717773,0.0,0,0,0,0,0,1,0,0,0,77,27,0.5573770491803278,0.9994518,0.00013379584,0.00048061812,0
0.7938178777694702,0.7321810722351074,0.7559609413146973,0.16666657407412552,0,0,0,0,0,1,0,0,0,67,20,0.4590163934426229,0.9999708,0.00021489305,0.30456033,0
0.785548746585846,0.7212086915969849,0.7721509337425232,0.0,0,0,0,0,0,1,1,0,0,94,1,0.4761904761904761,0.99989367,0.00355425,0.0402726,0
0.7763881683349609,0.7396649122238159,0.7527167797088623,0.10526310249310396,0,0,0,0,0,1,0,1,0,93,76,0.5573770491803278,0.9996482,0.0010314428,0.99987197,0
0.805410623550415,0.7421534061431885,0.0,0.0,0,0,0,0,0,1,0,1,0,74,1,0.4181818181818182,0.979939,0.0040947823,0.17837517,0
0.7849496006965637,0.7540114521980286,0.7874962091445923,0.033333322222225924,0,0,1,0,0,1,0,1,1,106,30,0.4,0.00012437088,0.0001329987,0.9494036,0
0.8011207580566406,0.7492734789848328,0.772934079170227,0.11764698961941787,1,0,1,0,0,1,0,1,0,117,27,0.46938775510204084,0.5549131,0.0004885909,0.0006535198,0
0.8008988499641418,0.758305013179779,0.7672845721244812,0.11764698961941787,0,0,1,0,0,1,0,1,0,111,24,0.40449438202247184,0.9332911,0.0003534914,0.0007199113,0
0.7984148859977722,0.7640363574028015,0.7840656042098999,0.11764698961941787,1,0,1,0,0,1,0,1,0,90,19,0.4040404040404041,0.665849,0.00081351347,0.009905087,0
0.7789541482925415,0.755635142326355,0.7840825915336609,0.04761902494332146,0,0,1,0,0,1,0,1,1,83,22,0.5081967213114754,0.99983823,0.00023287583,0.99847335,0
0.7822645306587219,0.7250009775161743,0.7606791257858276,0.06666662222225185,0,0,0,0,0,1,0,0,1,71,22,0.5052631578947369,0.9999502,5.5869594e-05,0.28665394,0
0.8037073612213135,0.7581896781921387,0.7874779105186462,0.11111104938275035,1,0,0,0,0,1,0,1,0,112,25,0.47933884297520657,0.9998215,0.00028524775,0.9996125,0
0.7700474858283997,0.7438980937004089,0.7630777955055237,0.07692304733728948,0,0,0,0,0,1,0,1,1,108,23,0.4423076923076923,0.036694564,0.0013339816,0.91821516,0
0.7854819297790527,0.747270941734314,0.7811635732650757,0.11111104938275035,0,0,1,0,0,1,0,1,1,103,24,0.4324324324324324,0.970462,0.0006022712,0.9961195,0
0.9855197072029114,0.8587583899497986,0.0,0.9090900826453795,0,0,0,0,0,1,1,1,0,118,1,0.9848484848484849,0.00011218895,0.0019420511,0.10288891,1
0.7941450476646423,0.7720168232917786,0.7721463441848755,0.0,0,0,0,0,0,1,0,1,0,86,15,0.46969696969696967,0.0048912843,0.0020225889,0.00010302686,0
0.8275231122970581,0.7796322107315063,0.7945547699928284,0.05263155124655198,0,0,0,0,0,1,0,0,0,101,36,0.4285714285714286,0.0014636704,0.0001822076,0.00027473617,0
0.787059485912323,0.7918027639389038,0.8202448487281799,0.0,0,0,1,0,0,1,0,1,1,94,27,0.4869565217391304,0.027514752,0.00019362188,0.009776249,0
0.7909748554229736,0.7342565059661865,0.7622585892677307,0.043478241965981754,0,0,0,0,0,1,0,1,1,101,26,0.4242424242424242,0.99994373,0.0065056505,0.24337251,0
0.88960862159729,0.8044707179069519,0.0,0.18749988281257324,0,0,0,0,0,1,1,1,0,115,1,0.4807692307692307,3.0935058e-05,0.00060211937,0.10288891,0
0.7838003039360046,0.8058632016181946,0.803719162940979,0.0,0,0,0,0,0,1,0,1,0,71,50,0.4067796610169492,0.9999682,3.2171978e-05,0.041870475,0
0.745550811290741,0.712047278881073,0.7254588007926941,0.0,0,0,0,0,0,1,0,1,0,47,22,0.1724137931034483,0.013150833,0.1641074,0.2530899,0
0.8207542896270752,0.7910642623901367,0.7451158761978149,0.0,0,0,0,0,0,1,0,1,0,130,5,0.39370078740157477,0.00048453265,0.00023613374,0.29837757,0
0.7789839506149292,0.7525030374526978,0.7799041271209717,0.0,0,0,0,0,0,1,0,1,0,113,24,0.43939393939393945,0.00013453406,0.00018343482,4.4815057e-05,0
0.747150719165802,0.7038797736167908,0.747150719165802,0.0,0,0,0,0,0,1,0,1,0,70,73,0.40506329113924056,0.0005198998,0.003784122,0.0005198998,0
0.817317008972168,0.7576033473014832,0.7456330060958862,0.0,0,0,0,0,0,1,0,1,1,78,23,0.45070422535211263,0.0017090911,7.75107e-05,0.045640793,0
0.8087536096572876,0.7747747302055359,0.0,0.0,0,0,0,0,0,1,0,1,0,75,1,0.40909090909090906,0.02671284,0.0011413004,0.10288891,0
0.7639532685279846,0.7315682768821716,0.7639532685279846,0.0,0,0,0,0,0,1,0,1,0,84,72,0.4117647058823529,0.00037885478,0.0064551905,0.00037885478,0
0.8380337953567505,0.7832688093185425,0.7477661967277527,0.058823494809708936,0,0,0,0,0,1,0,1,0,70,20,0.3908045977011494,0.0010374184,0.018006137,0.00032650057,0
0.8025115132331848,0.7465148568153381,0.778003454208374,0.0,0,0,0,0,0,1,0,1,0,12,11,0.15053763440860213,0.026249038,0.07508713,0.21127304,0
0.7764713764190674,0.7409600019454956,0.7652334570884705,0.0,0,0,0,0,0,1,0,1,0,90,56,0.4251968503937008,0.0009578058,0.00746284,0.0053945486,0
0.8352786302566528,0.7420222163200378,0.7652537822723389,0.0,0,0,0,0,0,1,0,1,0,85,17,0.40909090909090906,0.99763143,4.1792333e-05,0.31766075,0
0.9079203605651855,0.8173926472663879,0.0,0.19999986666675557,1,0,0,0,0,1,1,1,0,124,1,0.5625,0.00011700905,0.22258002,0.23106104,1
0.8660260438919067,0.830184280872345,0.8394228219985962,0.19047609977328583,1,0,0,0,0,1,1,1,0,90,52,0.5208333333333333,1.4302476e-05,5.530757e-05,0.048322875,1
0.7960567474365234,0.7240862250328064,0.7756360173225403,0.0399999840000064,0,0,0,0,0,1,0,1,0,71,17,0.375,0.16421969,8.356722e-05,0.073036574,0
0.7752037644386292,0.7483869194984436,0.7674196362495422,0.13636357438019348,0,0,0,0,0,1,1,0,0,112,29,0.4675324675324676,0.9996201,0.00031062748,0.9999027,0
0.7995089888572693,0.7620730400085449,0.0,0.12499994791668836,0,0,0,0,0,1,1,1,1,83,1,0.5416666666666667,0.17752598,9.644844e-05,0.23106104,0
0.8177445530891418,0.7726797461509705,0.784278392791748,0.0714285204081997,0,0,0,0,0,1,1,1,0,116,27,0.4,0.9999213,0.00035581345,0.9997019,0
0.8054308295249939,0.7708258628845215,0.7840048670768738,0.0714285204081997,0,0,0,0,0,1,1,0,0,93,21,0.4285714285714286,0.9801738,0.00039268064,8.211341e-05,0
0.7881839275360107,0.775222659111023,0.7888774275779724,0.11764698961941787,0,0,0,0,0,1,1,0,0,84,10,0.475,0.0010132226,0.0013675247,0.00015686746,0
0.799034595489502,0.7669095396995544,0.0,0.10526310249310396,0,0,0,0,0,1,1,1,1,110,1,0.5054945054945055,0.99995124,0.0014261736,0.23106104,0
0.8242190480232239,0.7737156748771667,0.0,0.055555524691375174,0,0,0,0,0,1,1,1,0,106,1,0.45833333333333337,0.9998448,0.002215295,0.23106104,0
0.8314725756645203,0.7768412232398987,0.0,0.06249996093752441,0,0,0,0,0,1,1,1,1,101,1,0.5208333333333333,0.99995244,0.008511907,0.23106104,0
0.8331629633903503,0.7710954546928406,0.0,0.16666652777789354,0,0,0,0,0,1,1,0,0,60,1,0.5,0.04108427,0.0003346788,0.23106104,0
0.8068609833717346,0.7709010243415833,0.8029618859291077,0.05263155124655198,0,0,0,0,0,1,1,0,0,68,27,0.5,0.9998323,0.004510902,0.0016103531,0
0.8188894987106323,0.7623518705368042,0.0,0.1333332444445037,0,0,0,0,0,1,1,1,0,81,1,0.45833333333333337,0.9999567,0.06671864,0.23106104,0
0.8090490698814392,0.7463988661766052,0.7884926795959473,0.0499999750000125,0,0,0,0,0,1,1,1,0,82,52,0.5,0.99988663,0.000104638115,0.022925178,0
0.7835347056388855,0.7588915228843689,0.7734911441802979,0.06249996093752441,0,0,0,0,0,1,1,1,0,117,56,0.4772727272727273,0.88965076,0.0028972002,0.038485907,0
0.8002992272377014,0.7711349129676819,0.7625045776367188,0.08333326388894677,0,0,0,0,0,1,0,0,0,56,5,0.5454545454545454,0.99911314,0.97959703,0.14573346,0
0.8244410753250122,0.7722321152687073,0.7941833138465881,0.1333332444445037,0,0,0,0,0,1,1,1,0,139,55,0.5208333333333333,0.9990086,0.0010652605,0.006599202,0
0.8385237455368042,0.7878879308700562,0.0,0.19999986666675557,0,0,0,0,0,1,1,0,0,90,1,0.45977011494252873,0.99973434,0.00016436237,0.23106104,0
0.8256378173828125,0.8049536943435669,0.0,0.10526310249310396,0,0,0,0,0,1,1,1,0,80,1,0.5333333333333333,0.030740973,0.000294695,0.15159796,0
0.8266540765762329,0.7768771648406982,0.7855302095413208,0.15384603550304962,0,0,0,0,0,1,1,0,0,93,21,0.5287356321839081,0.0022683437,0.0014762889,8.950309e-05,0
0.8627007603645325,0.8017480373382568,0.0,0.2727270247936138,0,0,0,0,0,1,1,0,0,60,1,0.5866666666666667,0.0005819596,0.00029511552,0.15159796,0
0.8223175406455994,0.7649565935134888,0.8098662495613098,0.11111104938275035,0,0,0,0,0,1,1,0,0,68,27,0.5111111111111111,0.9799819,0.0017911473,0.029154224,0
0.8450058102607727,0.7922382354736328,0.8158619403839111,0.21428556122459913,0,0,0,0,0,1,1,1,0,139,55,0.5111111111111111,0.9999392,0.00059398304,0.0030799743,0
0.8251122832298279,0.784460186958313,0.0,0.12499994791668836,0,0,0,0,0,1,1,1,1,83,1,0.48888888888888893,0.6171109,6.2834995e-05,0.15159796,0
0.8386884927749634,0.8002542853355408,0.0,0.030303021120296626,0,0,0,0,0,1,1,1,0,106,1,0.5333333333333333,0.27447137,0.007113144,0.15159796,0
0.8398160934448242,0.7928320169448853,0.8172904849052429,0.030303021120296626,0,0,0,0,0,1,1,1,0,96,24,0.5555555555555556,0.8513404,0.0056126574,0.0058522946,0
0.854420006275177,0.8052945733070374,0.0,0.12499992187504883,0,0,0,0,0,1,1,0,0,83,1,0.6,0.9999075,0.0013550203,0.15159796,0
0.8367304801940918,0.7819824814796448,0.0,0.19999986666675557,0,0,0,0,0,1,1,0,0,90,1,0.5777777777777777,0.99974877,0.00031936553,0.15159796,0
0.8123679757118225,0.7646622061729431,0.8116974830627441,0.1764704844291268,0,0,0,0,0,1,1,0,0,98,24,0.5507246376811594,0.0006428833,0.00036365702,0.13200176,0
0.8519715070724487,0.7970960736274719,0.0,0.11111104938275035,0,0,0,0,0,1,1,1,0,57,1,0.5333333333333333,0.9998209,0.00035466187,0.15159796,0
0.8643070459365845,0.782692551612854,0.0,0.1428570408163994,0,0,0,0,0,1,1,1,0,75,1,0.5333333333333333,0.9999658,0.00030226598,0.15159796,0
0.8562198281288147,0.7932619452476501,0.8145145773887634,0.1428570408163994,0,0,0,0,0,1,1,1,0,81,49,0.5581395348837209,0.99798834,0.0003666685,0.0016719642,0
0.8286500573158264,0.7893506288528442,0.0,0.21052620498620792,0,0,0,0,0,1,1,1,0,102,1,0.5555555555555556,0.94483405,0.026490428,0.15159796,0
0.9531859159469604,0.8725261092185974,0.8975875377655029,0.46666635555576297,0,0,0,0,0,1,1,1,0,121,26,0.7407407407407408,1.0113566e-05,0.02423491,0.003313019,1
0.8918792605400085,0.8525705933570862,0.8703861236572266,0.21739120982990878,0,0,0,0,0,1,1,1,0,132,25,0.4444444444444444,2.091427e-05,0.0027633293,0.99699914,1
0.8271474242210388,0.7807285189628601,0.7773467302322388,0.1764704844291268,0,0,0,0,0,1,1,1,0,97,30,0.6067415730337078,0.004584828,0.0030309872,0.008483862,0
0.8348255753517151,0.8027417063713074,0.8243408203125,0.13636357438019348,0,0,0,0,0,1,1,1,1,102,27,0.685185185185185,0.0010276621,0.0024139096,0.8410872,0
0.8618792295455933,0.7977409362792969,0.7687668204307556,0.10714281887756469,0,0,0,0,0,1,1,1,0,113,30,0.5555555555555556,0.0010439154,0.0019789927,0.0022997565,0
0.8257407546043396,0.7907394766807556,0.8205771446228027,0.1499999250000375,0,0,0,0,0,1,1,1,0,96,27,0.49523809523809526,0.0016177614,0.28520247,0.015787952,0
0.860614001750946,0.809495210647583,0.8243283033370972,0.11764698961941787,0,0,0,0,0,1,1,0,0,102,36,0.5420560747663552,0.99536467,0.00058159156,0.00030798922,0
0.8257361650466919,0.7888080477714539,0.8306286334991455,0.15151510560148312,0,0,0,0,0,1,1,1,1,77,23,0.6060606060606061,0.99582565,0.9907617,0.00023402133,0
0.834467887878418,0.8229358196258545,0.8311249017715454,0.13636357438019348,0,0,0,0,0,1,1,0,0,90,24,0.6111111111111112,5.5019467e-05,0.00042630112,0.00030669905,0
0.8485147953033447,0.7855871319770813,0.0,0.11764698961941787,0,0,0,0,0,1,1,0,0,92,1,0.5740740740740741,0.0036344205,0.0279821,0.011627444,0
0.822256863117218,0.8101706504821777,0.8411812782287598,0.09999996666667778,0,0,1,0,0,1,1,1,1,83,23,0.6067415730337078,0.00064221874,0.0019363594,4.9140515e-05,0
0.81705641746521,0.7750072479248047,0.7904314994812012,0.099999950000025,0,0,0,0,0,1,1,1,1,151,27,0.5740740740740741,0.010155102,0.037149694,0.0006509447,0
0.8264399170875549,0.7812963724136353,0.8235848546028137,0.09090904958679565,0,0,0,0,0,1,1,1,0,83,24,0.5925925925925926,0.0027746283,0.0015728831,0.0005351126,0
0.8670681715011597,0.8087385296821594,0.8107098937034607,0.11764698961941787,0,0,0,0,0,1,1,1,0,101,30,0.5777777777777777,3.0662683e-05,0.0002583712,0.00022442776,0
0.835708498954773,0.8201268911361694,0.8343991637229919,0.1923076183432237,0,0,0,0,0,1,1,0,0,116,43,0.617283950617284,0.0018049446,0.00031497728,0.0155542,0
0.8176095485687256,0.7721968293190002,0.7847442030906677,0.09523804988664292,0,0,0,0,0,1,1,1,0,97,31,0.49411764705882355,0.0024856871,8.170442e-05,0.0022317783,0
0.8602263331413269,0.7942755222320557,0.827201783657074,0.11764698961941787,0,0,0,0,0,1,1,1,0,120,35,0.4705882352941176,0.0015474455,0.00231963,0.012308345,0
0.8419184684753418,0.8154321312904358,0.8355575203895569,0.04545452479339782,0,0,1,0,0,1,0,1,0,102,23,0.4536082474226804,3.9329683e-05,0.00028711295,0.00433516,0
0.8302571773529053,0.7994983792304993,0.8096661567687988,0.04761902494332146,0,0,0,0,0,1,0,1,0,96,63,0.3928571428571429,0.9999558,0.0006139019,0.019971406,0
0.8279750943183899,0.7821905016899109,0.8049350380897522,0.0,0,0,0,0,0,1,0,1,0,120,57,0.39655172413793105,0.000108416134,0.0049502603,0.00079219765,0
0.8872506022453308,0.8146771788597107,0.852198600769043,0.0499999750000125,0,0,1,0,0,1,0,1,0,138,26,0.4380952380952381,0.013865077,0.00032244087,0.9937736,0
0.865039050579071,0.8498387932777405,0.8596663475036621,0.058823512110731724,1,0,0,0,0,1,1,0,0,92,26,0.5765765765765766,0.00060436106,0.00060531485,0.9579233,1
0.8444210290908813,0.7920876741409302,0.8350840210914612,0.0,0,0,1,0,0,1,0,0,0,109,16,0.4036697247706422,0.0013395881,0.0018636365,0.024736062,0
0.7897375226020813,0.7867189049720764,0.7863104939460754,0.0499999750000125,0,0,0,0,0,1,0,1,0,88,44,0.36734693877551017,0.9998416,0.0038626536,0.005463732,0
0.9301574230194092,0.8575186133384705,0.8924092650413513,0.299999850000075,1,0,0,0,0,1,1,0,0,137,20,0.8495575221238938,1.2293206e-05,0.0031658455,0.9999615,1
0.9230912923812866,0.8505979180335999,0.8799224495887756,0.24999984375009765,1,0,0,0,0,1,1,1,0,119,51,0.8059701492537313,7.8879464e-05,0.07472651,0.0048864996,1
0.8990367650985718,0.8315482139587402,0.8633061647415161,0.0499999750000125,0,0,0,0,0,1,0,1,0,106,58,0.5196850393700787,6.847996e-06,0.005395174,0.999969,1
0.8922788500785828,0.8113862872123718,0.8753487467765808,0.18749988281257324,1,0,0,0,0,1,1,1,0,102,51,0.5473684210526315,1.8104109e-05,0.99914575,0.0021894828,1
0.8748928308486938,0.8410975933074951,0.8777493834495544,0.03225805411030513,1,0,0,0,0,1,1,1,0,99,23,0.5671641791044777,0.0008093275,0.00023249832,0.9999629,1
0.8724778890609741,0.8312605023384094,0.8577967286109924,0.099999950000025,1,0,0,0,0,1,1,1,0,121,51,0.7244094488188977,0.9934523,0.9965146,0.003527575,1
0.8097640872001648,0.7508345246315002,0.7645686864852905,0.0,0,0,0,0,0,1,0,0,0,14,16,0.14583333333333337,0.19767363,0.029275032,0.034283653,0
0.8167904019355774,0.8125047087669373,0.8155736327171326,0.0624999804687561,0,0,0,0,0,1,1,1,1,106,18,0.5892857142857143,0.0012037153,0.00037686998,0.7797491,0
0.7887687087059021,0.7720426917076111,0.7989724278450012,0.0399999840000064,0,0,0,0,0,1,0,1,0,90,19,0.4821428571428571,0.9998247,3.163319e-05,0.00010670562,0
0.7893009781837463,0.7746641635894775,0.8034321069717407,0.0,0,0,1,0,0,1,1,0,0,89,17,0.3779527559055118,0.061838437,0.0010197823,0.00040623196,0
0.8374375700950623,0.7954515218734741,0.819606363773346,0.0,0,0,0,0,0,1,0,1,0,110,14,0.3551401869158879,0.999629,5.1412342e-05,0.00033742207,0
0.8299606442451477,0.7814216613769531,0.8270747661590576,0.03571427295918823,0,0,0,0,0,1,0,1,0,112,17,0.4251968503937008,0.0049894224,0.001219718,0.0006908084,0
0.8107147216796875,0.805575966835022,0.8113592267036438,0.0,0,0,0,0,0,1,0,1,0,14,14,0.13793103448275867,0.061474368,0.050613258,0.012253494,0
0.8955153822898865,0.8856406807899475,0.8857150673866272,0.12499992187504883,0,0,0,0,0,1,1,1,0,95,31,0.6352941176470588,0.008922695,0.00090619666,0.015091396,1
0.8021904230117798,0.7607058882713318,0.800067663192749,0.026315782548478276,0,0,0,0,0,1,0,1,0,103,58,0.37209302325581395,0.006099786,3.5879446e-05,6.907142e-05,0
0.8021904230117798,0.7589250802993774,0.800067663192749,0.026315782548478276,0,0,0,0,0,1,0,1,0,98,58,0.37209302325581395,0.006099786,7.349812e-05,6.907142e-05,0
0.8500091433525085,0.8413401246070862,0.7843602895736694,0.07499998125000468,0,0,0,0,0,1,0,1,0,89,20,0.4657534246575342,0.01032106,7.2252275e-05,0.0010708736,1
0.8500091433525085,0.8462167978286743,0.7843602895736694,0.07499998125000468,0,0,0,0,0,1,0,1,0,94,20,0.4657534246575342,0.01032106,4.945841e-05,0.0010708736,1
0.8513027429580688,0.8522344827651978,0.8480435609817505,0.15384603550304962,0,0,0,0,0,1,0,1,0,108,20,0.4489795918367348,0.00067424576,0.008050669,0.98708344,1
0.8404893279075623,0.7843179702758789,0.8184977769851685,0.1999998000002,0,0,0,0,0,1,0,1,0,91,20,0.45945945945945943,0.99971765,3.258844e-05,0.99802727,0
0.7705570459365845,0.7194640040397644,0.7513728737831116,0.029411756055365862,0,0,0,0,0,1,0,1,0,109,18,0.4367816091954023,0.00019478414,3.132455e-05,0.0010769044,0
0.7705570459365845,0.7177495956420898,0.7513728737831116,0.029411756055365862,0,0,0,0,0,1,0,1,0,122,18,0.4367816091954023,0.00019478414,2.8778484e-05,0.0010769044,0
0.7569606900215149,0.7386618852615356,0.7785665392875671,0.0,0,0,0,0,0,1,0,1,0,114,21,0.3846153846153846,3.5411584e-05,0.0009797192,0.0001684251,0
0.7972987294197083,0.7776249647140503,0.7893321514129639,0.15384603550304962,0,0,0,0,0,1,0,0,1,98,19,0.45945945945945943,0.3185138,0.00016666812,0.0023639225,0
0.7569606900215149,0.7383166551589966,0.7785665392875671,0.0,0,0,0,0,0,1,0,1,0,133,21,0.3846153846153846,3.5411584e-05,0.007007022,0.0001684251,0
0.8003706932067871,0.772696316242218,0.7957029938697815,0.0,0,0,0,0,0,1,0,1,0,110,26,0.4375,0.99846125,0.00022656585,0.006007205,0
0.7797643542289734,0.7529805302619934,0.7720496654510498,0.0,0,0,0,0,0,1,0,1,0,51,24,0.15384615384615385,0.15554895,0.0036023867,0.12616906,0
0.9481354355812073,0.8639001250267029,0.8820343613624573,0.4374997265626709,1,0,0,0,0,1,1,1,0,115,18,0.4444444444444444,2.411894e-05,0.12556809,0.35396698,1
0.9228895306587219,0.8698269724845886,0.8704010248184204,0.34782593572785403,1,0,0,0,0,1,1,0,0,119,26,0.8620689655172413,8.499109e-06,0.99729556,0.9993211,1
0.8754657506942749,0.8202694058418274,0.8318725824356079,0.058823494809708936,0,0,0,0,0,1,0,1,0,109,53,0.4482758620689655,4.1904277e-06,0.0059199887,0.00074935704,1
0.8951748609542847,0.8211697340011597,0.8402715921401978,0.05263155124655198,0,0,1,0,0,1,0,1,0,80,37,0.4,2.577584e-05,9.5127536e-05,3.098114e-05,1
0.8773316144943237,0.8242531418800354,0.8375293016433716,0.38461508875762407,1,0,0,0,0,1,1,1,0,93,53,0.6458333333333333,0.00012761832,0.13005859,0.00018995971,0
0.8957442045211792,0.8323063254356384,0.8493936061859131,0.3333331111112593,1,0,1,0,0,1,1,1,0,60,26,0.7241379310344827,0.0067725363,0.99776745,0.00038866702,0
0.8819840550422668,0.8431115746498108,0.85006183385849,0.1764704844291268,1,0,1,0,0,1,0,1,0,130,49,0.49090909090909096,0.0011436449,0.6535637,0.0009536711,1
0.8439612984657288,0.7809035778045654,0.8051674962043762,0.0499999750000125,0,0,0,0,0,1,0,1,0,100,23,0.41509433962264153,0.000101710706,8.532959e-05,0.0064514945,1
0.882210910320282,0.8200899958610535,0.8278915882110596,0.24999984375009765,1,0,0,0,0,1,1,1,1,129,34,0.5454545454545454,0.00040656322,0.0022758765,0.012232225,0
0.8403651714324951,0.7791615724563599,0.7977667450904846,0.16666657407412552,0,0,0,0,0,1,0,1,0,95,43,0.4482758620689655,0.9464227,0.00012419393,0.014944031,0
0.8906723856925964,0.8104598522186279,0.7702680826187134,0.0,0,0,0,0,0,1,0,1,0,134,14,0.4112149532710281,2.8882614e-05,0.0014178925,0.0003169804,1
0.8812048435211182,0.8298038840293884,0.8558563590049744,0.299999850000075,1,0,1,0,0,1,1,1,0,113,54,0.6724137931034483,0.00041909333,0.9913782,0.0005146428,0
0.8816324472427368,0.8217064738273621,0.8388544321060181,0.11764698961941787,1,0,0,0,0,1,1,0,1,112,53,0.5172413793103448,2.8094863e-05,0.00017391559,0.0024440095,0
0.8737163543701172,0.8159071803092957,0.8432132601737976,0.0,0,0,0,0,0,1,1,1,0,122,52,0.4854368932038835,0.00015844306,0.0010475416,0.00012320011,0
0.864933431148529,0.8371166586875916,0.0,0.0,0,0,1,0,0,1,0,1,0,101,1,0.44660194174757284,2.909714e-06,0.00019867625,0.7034176,1
0.8812950849533081,0.8009679913520813,0.7889963984489441,0.0714285204081997,0,0,0,0,0,1,1,1,0,102,21,0.4,0.9939581,0.0002010538,8.5359934e-05,0
0.8741585612297058,0.8206937313079834,0.0,0.11538457100593423,1,0,1,0,0,1,1,1,1,127,1,0.6,3.943574e-05,0.9826325,0.7034176,0
0.8310872316360474,0.7908591628074646,0.0,0.0,0,0,0,0,0,1,0,1,0,70,1,0.5054945054945055,0.002740466,5.7867488e-05,0.7034176,0
0.7956567406654358,0.7708174586296082,0.0,0.0,0,0,1,0,0,1,0,1,0,136,1,0.4752475247524752,0.95359635,0.000104834566,0.7034176,0
0.8920547366142273,0.8583146333694458,0.8818600177764893,0.21052620498620792,0,1,0,0,0,1,0,0,0,103,29,0.27118644067796616,0.049605526,9.48218e-05,0.027795345,1
0.8228501677513123,0.8076921105384827,0.8151603937149048,0.09523804988664292,0,1,0,0,0,1,0,0,0,112,55,0.21052631578947367,0.33039233,0.00021849193,8.384483e-05,0
0.8351899981498718,0.774299144744873,0.8075990676879883,0.04166664930556279,0,1,1,0,0,1,0,1,1,112,46,0.27118644067796616,0.9956273,0.00036034358,0.0008876206,0
0.8017032146453857,0.7597907185554504,0.8031088709831238,0.0,0,1,0,0,0,1,0,1,0,100,43,0.25,0.0003781927,2.8503076e-05,0.0001391071,0
0.8017032146453857,0.770481526851654,0.8031088709831238,0.0,0,1,0,0,0,1,0,1,0,84,43,0.25,0.0003781927,2.7328439e-05,0.0001391071,0
0.7999642491340637,0.7449764013290405,0.7807936668395996,0.0,0,1,0,0,0,1,0,1,0,114,37,0.21052631578947367,2.4205225e-05,0.000100474324,0.00010020728,0
0.7999642491340637,0.7361710667610168,0.7807936668395996,0.0,0,1,0,0,0,1,0,1,0,89,37,0.21052631578947367,2.4205225e-05,3.2656564e-05,0.00010020728,0
0.8171641826629639,0.7536025643348694,0.7752268314361572,0.0,0,1,0,0,0,1,0,1,0,61,30,0.18644067796610167,0.9570484,0.015221443,0.017926289,0
0.813435971736908,0.7851690649986267,0.8110063672065735,0.058823494809708936,0,1,0,0,0,1,0,1,0,130,48,0.2033898305084746,0.0019677205,0.3919439,7.284052e-05,0
0.7784995436668396,0.8111607432365417,0.8167176842689514,0.0,0,1,0,0,0,1,0,1,0,79,25,0.339622641509434,0.02867648,8.133994e-05,0.00041202913,0
0.8037506937980652,0.7699424624443054,0.7590802907943726,0.0232558085451608,0,1,1,0,0,1,0,1,0,94,33,0.19130434782608696,0.050960623,4.3936707e-05,0.0009485448,0
0.8037506937980652,0.7693808674812317,0.7590802907943726,0.0232558085451608,0,1,1,0,0,1,0,1,0,115,33,0.19130434782608696,0.050960623,7.52512e-05,0.0009485448,0
0.7988428473472595,0.7901895642280579,0.7876496911048889,0.0,0,1,0,0,0,1,0,0,1,69,42,0.25806451612903225,0.36727193,0.92363507,0.00055782817,0
0.9480286240577698,0.8801479935646057,0.8922954201698303,0.35714260204099857,1,0,0,0,0,1,1,1,0,93,53,0.736,6.9668116e-05,0.99386334,0.0007078473,1
0.822605311870575,0.8187882304191589,0.7971380352973938,0.04166664930556279,0,0,0,0,0,1,1,0,1,123,26,0.5,0.00025757402,0.0060627507,1.909986e-05,0
0.8458239436149597,0.8120042681694031,0.0,0.07407404663924198,0,0,0,0,0,1,1,1,1,90,1,0.46875,0.020832084,0.0050095753,0.17608568,0
0.8481443524360657,0.8138538599014282,0.8400446176528931,0.11111104938275035,1,0,0,0,0,1,1,0,1,112,53,0.5,0.0005291178,0.00011661907,0.006852776,1
0.8526704907417297,0.8190221190452576,0.8356568813323975,0.06666662222225185,0,0,0,0,0,1,0,1,0,105,31,0.46808510638297873,0.00026231387,0.027694592,0.02773102,0
0.8397449254989624,0.7792213559150696,0.8126906156539917,0.04545452479339782,0,0,0,0,0,1,0,1,0,79,48,0.5,4.1120937e-05,0.00015167554,0.0008100626,0
0.8277339339256287,0.7879241704940796,0.8299803137779236,0.09523804988664292,0,0,0,0,0,1,1,1,1,94,54,0.45283018867924535,0.98973644,0.030897772,0.0002052689,0
0.9124136567115784,0.8460401892662048,0.8801009058952332,0.0499999750000125,0,0,0,0,0,1,0,1,0,94,44,0.4719101123595506,0.0024957207,0.52892286,0.0020682586,1
0.8213120698928833,0.7822399139404297,0.0,0.0,0,0,1,0,0,1,0,1,0,90,1,0.48,0.9996698,5.9231385e-05,0.17608568,0
0.827693521976471,0.7814140319824219,0.8168686032295227,0.0,0,0,0,0,0,1,0,1,0,102,49,0.43478260869565216,0.99209917,0.00031396837,0.00020790598,0
0.875942051410675,0.8265034556388855,0.8462319374084473,0.0,0,0,0,0,0,1,1,1,0,122,52,0.4731182795698925,0.047380354,0.0014099778,0.00033659875,0
0.8465180993080139,0.8029928207397461,0.8343315124511719,0.043478241965981754,0,0,1,0,0,1,0,1,0,101,20,0.38095238095238093,0.99969196,0.00012532904,0.9998915,0
0.8465180993080139,0.8066023588180542,0.8403079509735107,0.043478241965981754,0,0,1,0,0,1,0,1,0,103,20,0.32758620689655177,0.99969196,0.000240729,0.9976252,0
0.8689780831336975,0.8089553117752075,0.826693594455719,0.12499992187504883,0,0,1,0,0,1,1,0,0,91,25,0.484375,0.997581,0.003066979,0.9301683,0
0.8466762900352478,0.8120366334915161,0.8399129509925842,0.0,0,0,1,0,0,1,0,1,0,97,19,0.4285714285714286,0.00027940646,0.00023447738,0.0069673294,0
0.8236817121505737,0.7891333103179932,0.80192631483078,0.0499999750000125,0,0,0,0,0,1,0,0,0,114,49,0.4251968503937008,0.0023676208,0.008895517,0.00011924933,0
0.8427824378013611,0.8179506659507751,0.8421926498413086,0.04166664930556279,0,0,1,0,0,1,1,1,0,89,36,0.45871559633027525,0.9979411,0.0021607971,0.98484576,0
0.8385148048400879,0.8025035262107849,0.8183384537696838,0.06249996093752441,0,0,0,0,0,1,0,1,0,110,35,0.3928571428571429,0.3318395,0.0008421457,0.0074753305,0
0.8953638076782227,0.837285041809082,0.7915083765983582,0.03225805411030513,0,0,0,0,0,1,0,1,0,78,1,0.26,0.00030282108,0.00010793302,0.058055073,1
0.8425167202949524,0.803076446056366,0.8217892646789551,0.0,0,0,0,0,0,1,0,0,0,67,55,0.28,0.99991,6.955333e-05,0.03986506,0
0.8640852570533752,0.7915738821029663,0.8092973232269287,0.09523804988664292,0,0,0,0,0,1,0,1,0,88,52,0.2650602409638554,0.003357832,0.0055912705,0.2545233,0
0.8640852570533752,0.7928279042243958,0.8314859867095947,0.09523804988664292,0,0,0,0,0,1,0,1,0,72,17,0.2650602409638554,0.003357832,0.0045588044,0.9990139,0
0.8583265542984009,0.7828429341316223,0.0,0.2222220987655007,0,0,0,0,0,1,0,1,0,77,1,0.24096385542168675,0.9999094,0.0013638651,0.19876833,0
0.843623697757721,0.8223323822021484,0.8278148174285889,0.12499992187504883,0,0,0,0,0,1,0,1,0,88,45,0.3132530120481928,0.9945251,0.0034713012,0.998847,0
0.777817964553833,0.7876385450363159,0.7910715341567993,0.0,0,0,0,0,0,1,0,1,0,77,47,0.26,0.9998216,0.00076505716,0.034795508,0
0.8392173051834106,0.8091123700141907,0.8169766664505005,0.0,0,0,0,0,0,1,0,0,0,89,22,0.3076923076923077,0.9965495,0.00015699866,0.011566502,0
0.8121264576911926,0.7595419883728027,0.7689976096153259,0.0,0,0,0,0,0,1,0,1,0,86,19,0.26,0.9999472,0.02794595,0.97865385,0
0.849355161190033,0.8113495707511902,0.8204984068870544,0.0,0,0,0,0,0,1,0,1,0,83,25,0.2682926829268293,0.0019852023,0.00019236954,0.00060595805,0
0.8459004759788513,0.7803398370742798,0.7676032185554504,0.0,0,0,0,0,0,1,0,1,0,81,14,0.2978723404255319,0.9998871,2.3840357e-05,0.0050539095,0
0.8350639343261719,0.8066636919975281,0.825875997543335,0.0,0,0,1,0,0,1,0,1,0,105,24,0.275,0.9985759,0.0075704977,0.9995353,0
0.8066695332527161,0.7406566143035889,0.7628154158592224,0.0,0,0,0,0,0,1,0,0,0,98,55,0.26,0.9999777,3.487278e-05,0.0019203346,0
0.8657594919204712,0.8078176975250244,0.0,0.3529409688582536,0,0,0,0,0,1,0,1,0,107,1,0.30000000000000004,0.9999659,0.0001611111,0.19876833,0
0.820023238658905,0.7570216059684753,0.7892179489135742,0.0,0,0,0,0,0,1,0,0,1,53,18,0.19999999999999996,0.931722,0.0020188743,0.08997237,0
0.8599231243133545,0.7993407845497131,0.7762020826339722,0.0499999750000125,0,0,0,0,0,1,0,0,0,49,5,0.33333333333333337,0.96039474,0.010768959,0.09561704,0
0.9022797346115112,0.861656129360199,0.8895849585533142,0.06249996093752441,0,0,0,0,0,1,1,1,0,110,77,0.8172043010752688,8.9527755e-05,0.0036325068,0.00064390356,1
0.8918721079826355,0.8075001835823059,0.0,0.44444395061783265,0,0,0,0,0,1,1,1,1,100,1,0.6599999999999998,0.9973846,0.0015743867,0.59718275,1
0.9040588140487671,0.8350435495376587,0.8077046275138855,0.15384603550304962,0,0,0,0,0,1,0,1,0,112,13,0.6021505376344086,0.0008819757,0.9873395,0.0013759813,1
0.8318721055984497,0.7729651927947998,0.8293506503105164,0.07407404663924198,0,0,0,0,0,1,1,1,0,91,28,0.6947368421052631,0.003257432,0.00048964185,0.99760795,0
0.8361185193061829,0.7808586955070496,0.0,0.0,0,0,0,0,0,1,0,1,1,53,1,0.4705882352941176,0.7919828,0.06373421,0.59718275,0
0.8225323557853699,0.7845004796981812,0.7761839032173157,0.0,0,0,0,0,0,1,0,1,0,93,15,0.4200000000000001,0.99726874,0.00012932101,0.9999738,0
0.8335874676704407,0.7970044612884521,0.7924709916114807,0.0,0,0,0,0,0,1,0,1,0,79,22,0.4418604651162791,0.92672795,0.0011984917,0.00015582461,1
0.8244229555130005,0.7886699438095093,0.7859212756156921,0.0,0,0,0,0,0,1,0,0,1,84,55,0.3870967741935484,0.031023169,0.0002863393,3.8670343e-05,0
0.8438621163368225,0.815061628818512,0.828370213508606,0.0,0,0,0,0,0,1,0,1,1,93,20,0.4,0.0006201408,8.0634876e-05,0.9989556,1
0.8776315450668335,0.843682587146759,0.8465856313705444,0.10526310249310396,0,0,0,0,0,1,0,1,1,114,50,0.6588235294117646,0.00062623684,0.0006301932,0.5643711,1
0.8692765235900879,0.7952913045883179,0.8275414705276489,0.0,0,0,0,0,0,1,0,1,1,74,54,0.4329896907216495,6.1787185e-05,0.018182507,9.360041e-05,1
0.8802383542060852,0.8540400266647339,0.8479312062263489,0.099999950000025,0,0,0,0,0,1,1,1,1,129,59,0.6599999999999998,0.9872127,0.013528869,0.0019277902,0
0.8440365791320801,0.7869053483009338,0.8152128458023071,0.0,0,0,0,0,0,1,0,0,0,82,19,0.42500000000000004,0.95542896,0.007187598,0.45364606,0
0.8294849395751953,0.7792873382568359,0.808406412601471,0.0,0,0,0,0,0,1,0,1,0,92,20,0.5116279069767442,0.96280104,0.00035312862,0.009189715,0
0.8243257403373718,0.7700703144073486,0.7773406505584717,0.0,0,0,0,0,0,1,0,1,0,121,14,0.4200000000000001,0.9999403,0.0039184433,0.00030941842,0
0.8649927377700806,0.8224849700927734,0.8876245021820068,0.11538457100593423,0,0,0,0,0,1,1,1,0,91,28,0.7916666666666665,8.7512475e-05,0.0005326875,0.0024261635,1
0.9627686142921448,0.8577563166618347,0.0,0.8571416326548106,0,0,0,0,0,1,1,1,1,100,1,0.7916666666666665,5.4785593e-05,0.0016969948,0.3124789,1
0.8780151605606079,0.8265824913978577,0.0,0.0,0,0,0,0,0,1,0,1,1,53,1,0.4130434782608695,4.674593e-05,0.030561853,0.3124789,1
0.8954060673713684,0.8143470287322998,0.7827444672584534,0.0,0,0,0,0,0,1,0,1,0,63,1,0.631578947368421,4.4426277e-05,0.010202714,0.034002397,1
0.8183674812316895,0.7842653393745422,0.7945588231086731,0.0,0,0,0,0,0,1,0,0,0,72,55,0.39583333333333337,0.0038178654,0.0043690368,0.0031319314,0
0.8438962697982788,0.800279974937439,0.0,0.0,0,0,0,0,0,1,0,1,1,114,1,0.4367816091954023,0.00012986182,4.4182445e-05,0.3124789,1
0.8587508201599121,0.8105876445770264,0.8017100095748901,0.0,0,0,0,0,0,1,0,0,1,84,55,0.41666666666666663,0.0018855679,0.0021114121,3.0137855e-05,1
0.876310408115387,0.7999117374420166,0.8206017017364502,0.0,0,0,0,0,0,1,0,0,0,82,19,0.5263157894736843,0.00056153996,0.007821532,0.9975303,0
0.8469339609146118,0.7929760813713074,0.7885193228721619,0.0,0,0,0,0,0,1,0,1,0,93,15,0.41666666666666663,0.0015352332,0.0008504615,0.9999747,0
0.8729591369628906,0.7764334082603455,0.8039485216140747,0.0,0,0,0,0,0,1,0,1,1,98,47,0.41666666666666663,0.007773053,0.0009731292,0.0032557407,0
0.8209809064865112,0.7782105803489685,0.7808586955070496,0.0,0,0,0,0,0,1,0,1,0,123,77,0.419753086419753,0.15748979,0.02795172,0.0004537516,0
0.8231053948402405,0.7786641120910645,0.7914407253265381,0.0,0,0,0,0,0,1,0,1,0,58,28,0.23376623376623373,0.48464578,0.005588455,0.091172636,0
0.842070996761322,0.8263127207756042,0.0,0.0,0,0,0,0,0,1,0,1,1,77,1,0.41666666666666663,0.9997687,2.4074227e-05,0.3124789,1
0.8231053948402405,0.7606126070022583,0.7914407253265381,0.0,0,0,0,0,0,1,0,1,0,66,28,0.23376623376623373,0.48464578,0.02078723,0.091172636,0
0.8392874002456665,0.7872895002365112,0.0,0.0,0,0,0,0,0,1,0,1,0,81,1,0.4482758620689655,4.3436565e-05,0.00011481005,0.16668878,1
0.8503156900405884,0.7835182547569275,0.8113557696342468,0.0,0,0,0,0,0,1,0,1,0,68,1,0.5862068965517242,0.12039378,0.00029508423,0.032146227,1
0.894615888595581,0.7933087348937988,0.8320029377937317,0.24999968750039064,0,0,0,0,0,1,1,1,1,88,53,0.4482758620689655,0.9814363,0.000107025546,0.0013822715,0
0.9046592712402344,0.8111026287078857,0.0,0.3333329629633745,1,0,0,0,0,1,1,1,0,87,1,0.5862068965517242,1.1780924e-05,0.0009024151,0.16668878,1
0.834749162197113,0.7952035665512085,0.0,0.0,0,0,0,0,0,1,0,1,1,90,1,0.5862068965517242,0.00015222993,6.453581e-05,0.16668878,0
0.8063486218452454,0.7294543385505676,0.7761293053627014,0.0,0,0,0,0,0,1,0,0,1,74,24,0.13043478260869568,0.983194,0.113149956,0.99965775,0
0.7819089889526367,0.7924717664718628,0.0,0.0,0,0,0,0,0,1,0,0,0,63,1,0.1333333333333333,0.0019014649,0.026934672,0.16668878,0
0.827033281326294,0.7863166928291321,0.7827615737915039,0.0,0,0,0,0,0,1,0,1,0,110,19,0.48275862068965514,1.5927786e-05,0.0005990797,0.018950703,0
0.8899708986282349,0.8052394390106201,0.8189225196838379,0.2857138775516035,1,0,0,0,0,1,1,1,1,111,53,0.5862068965517242,0.7557743,0.0008054494,0.00020838628,0
0.8227667808532715,0.7871784567832947,0.0,0.0,0,0,0,0,0,1,0,1,0,29,1,0.10344827586206895,0.99906296,0.23755494,0.16668878,0
0.8330199718475342,0.7752271890640259,0.790015459060669,0.0,0,0,0,0,0,1,0,0,0,74,5,0.5,0.028914561,0.0003637124,0.88727033,1
0.8257630467414856,0.8025798797607422,0.8266735076904297,0.0,0,0,0,0,0,1,0,1,0,73,20,0.37209302325581395,0.00063580996,0.02400341,0.0030599176,0
0.8414403796195984,0.7827553749084473,0.0,0.0,0,0,0,0,0,1,0,1,1,63,1,0.14634146341463417,0.025827026,0.050040282,0.16668878,0
0.8414403796195984,0.7794409990310669,0.0,0.0,0,0,0,0,0,1,0,1,1,56,1,0.14634146341463417,0.025827026,0.109402,0.16668878,0
0.8318031430244446,0.7695596218109131,0.7941642999649048,0.0,0,0,0,0,0,1,0,1,1,58,27,0.13953488372093026,0.07106852,0.008264753,0.066237755,1
0.8318031430244446,0.7628535032272339,0.7941642999649048,0.0,0,0,0,0,0,1,0,1,1,71,27,0.13953488372093026,0.07106852,0.17039995,0.066237755,1
0.8159869909286499,0.7617170214653015,0.7919188737869263,0.0,0,0,0,0,0,1,0,0,1,66,24,0.12765957446808507,0.1838266,0.012783121,0.034322772,0
0.8424773216247559,0.8072149753570557,0.8408041596412659,0.08695648393196351,0,0,0,0,0,1,0,1,0,94,35,0.39639639639639634,9.93453e-05,0.00013831221,0.55190927,0
0.8578897714614868,0.8148998022079468,0.8454111814498901,0.11764698961941787,0,0,0,0,0,1,0,0,1,86,20,0.4603174603174603,0.00018761789,0.00010806715,0.9998852,0
0.8524744510650635,0.8098900318145752,0.8337488770484924,0.11764698961941787,0,0,0,0,0,1,0,1,1,100,48,0.4716981132075472,0.16847749,2.1905671e-05,0.0003769751,0
0.8340756893157959,0.8126934766769409,0.812599778175354,0.09523804988664292,0,0,0,0,0,1,0,1,0,79,22,0.4426229508196722,0.021444222,0.0006491735,2.5151912e-05,0
0.8475682139396667,0.8191825747489929,0.8160983920097351,0.12499992187504883,0,0,0,0,0,1,0,1,1,79,54,0.4444444444444444,0.0005446652,3.4767225e-05,0.034832504,0
0.821016788482666,0.8033908605575562,0.8112690448760986,0.055555524691375174,0,0,0,0,0,1,0,1,1,93,20,0.4126984126984127,0.0037295935,6.207905e-05,0.99976236,0
0.863567054271698,0.8094151020050049,0.8229913711547852,0.055555524691375174,0,0,0,0,0,1,0,1,0,76,12,0.4042553191489362,0.99943143,0.00019000143,0.009910804,0
0.8289251327514648,0.8084899187088013,0.8724347949028015,0.07407404663924198,0,0,0,0,0,1,0,1,0,106,16,0.512,0.0008630823,0.0025149619,0.010869495,0
0.8442105054855347,0.8021336793899536,0.0,0.058823494809708936,0,0,0,0,0,1,0,1,1,93,1,0.3846153846153846,0.9814377,0.022485636,0.17835757,0
0.8457425832748413,0.833652913570404,0.842751681804657,0.04761902494332146,0,0,0,0,0,1,0,1,0,75,23,0.4873949579831933,0.001527716,1.9820554e-05,0.0018522794,0
0.8572123050689697,0.7970273494720459,0.8201273679733276,0.06666662222225185,0,0,0,0,0,1,0,1,0,105,47,0.4576271186440678,0.014071822,4.309365e-05,0.00014323581,0
0.8323151469230652,0.7943724393844604,0.8075929284095764,0.0399999840000064,0,0,0,0,0,1,0,0,1,88,55,0.4126984126984127,0.047097597,2.7369304e-05,0.00012999868,0
0.8040154576301575,0.7727752327919006,0.8212540149688721,0.0,0,0,0,0,0,1,0,1,0,93,13,0.3653846153846154,0.0009897507,0.00034474555,0.0009778668,0
0.8289651870727539,0.7768397927284241,0.0,0.058823494809708936,0,0,0,0,0,1,1,1,1,74,1,0.4,0.94377965,0.00474116,0.17835757,0
0.8400917053222656,0.7769411206245422,0.7989166378974915,0.0,0,0,0,0,0,1,0,0,0,64,5,0.33333333333333337,0.028275609,0.00030282317,0.13343702,0
0.8444904685020447,0.7794630527496338,0.814990222454071,0.12499992187504883,0,0,0,0,0,1,0,1,0,100,54,0.4126984126984127,0.0032022535,9.158076e-06,0.0006974395,0
0.8515028357505798,0.8012264966964722,0.8335244059562683,0.11764698961941787,0,0,0,0,0,1,0,1,1,96,51,0.4354838709677418,0.9508141,5.482038e-05,0.88929605,0
0.8502069711685181,0.8082272410392761,0.8404922485351562,0.0,0,0,0,0,0,1,0,1,1,59,29,0.1724137931034483,0.12592722,0.00064292114,0.024942562,0
0.9799082279205322,0.8568077087402344,0.8421258330345154,0.7999992000008,1,0,0,0,0,1,1,1,0,97,23,0.6808510638297872,0.0003791605,0.0031549542,0.00036598952,1
0.908113956451416,0.8627710342407227,0.8682774305343628,0.055555524691375174,0,0,0,0,0,1,1,1,0,87,23,0.4833333333333333,0.00028023758,0.0019698613,0.0024152212,1
0.8974305987358093,0.8384644985198975,0.8757414817810059,0.07692304733728948,0,0,0,0,0,1,1,1,0,85,19,0.6046511627906976,0.0017519079,0.0013463671,0.978633,1
0.8551686406135559,0.8029653429985046,0.8203356266021729,0.1764704844291268,1,0,0,0,0,1,1,1,0,103,20,0.4897959183673469,0.999961,3.1566273e-05,0.9997551,0
0.8197018504142761,0.7927805781364441,0.7837236523628235,0.0,0,0,0,0,0,1,0,1,0,102,1,0.38636363636363635,0.9976998,0.0015982966,0.01800528,0
0.7965328097343445,0.7638953924179077,0.7872208952903748,0.0,0,0,0,0,0,1,0,0,1,101,17,0.3207547169811321,0.115466274,0.024564873,0.11728532,0
0.827582836151123,0.7611473798751831,0.797187328338623,0.0,0,0,0,0,0,1,0,1,0,71,21,0.41509433962264153,0.004702481,0.0020829465,0.0024353089,0
0.7493141889572144,0.7391215562820435,0.77080237865448,0.0,0,0,0,0,0,1,0,1,0,100,18,0.4369747899159664,0.9841415,0.0018592926,0.9966911,0
0.8689882755279541,0.7582647204399109,0.8022142648696899,0.05263155124655198,0,0,1,0,0,1,0,1,1,88,43,0.3571428571428571,0.9999491,0.0018358929,0.0036421954,0
0.7845585942268372,0.7596083283424377,0.7673861980438232,0.0,0,0,0,0,0,1,0,1,0,59,38,0.33333333333333337,0.020038718,0.027333971,0.98394,0
0.8193370699882507,0.7746729254722595,0.8175021409988403,0.0,0,0,0,0,0,1,0,1,0,69,22,0.41666666666666663,5.7753514e-05,0.0003356956,0.0005030909,0
0.8639992475509644,0.7886847257614136,0.8079679012298584,0.12499992187504883,0,0,0,0,0,1,1,1,0,117,57,0.4854368932038835,0.99994934,5.258569e-05,0.19307572,0
0.8306204080581665,0.7558446526527405,0.7717605233192444,0.0,0,0,0,0,0,1,0,0,1,90,48,0.4576271186440678,0.99554235,0.011532241,0.0018240177,0
0.7713178992271423,0.7112091779708862,0.761421263217926,0.0,0,0,0,0,0,1,0,1,0,54,37,0.38888888888888884,0.9901035,0.0004083005,0.008682892,0
0.8844426870346069,0.846420168876648,0.8233227133750916,0.029411756055365862,1,0,0,0,0,1,1,1,0,62,1,0.6126126126126126,0.00053259154,0.0006522635,0.08102023,1
0.9112716317176819,0.8469787836074829,0.8877242803573608,0.11764698961941787,1,0,0,0,0,1,0,1,0,77,53,0.5102040816326531,1.18393655e-05,0.005687804,0.003417742,1
0.9588835835456848,0.8808331489562988,0.9172912240028381,0.49999958333368055,1,0,0,0,0,1,0,1,0,89,24,0.75,2.7114342e-05,0.53864944,0.00033922034,1
0.9468125700950623,0.882752537727356,0.0,0.33333305555578707,0,0,0,0,0,1,0,1,0,94,1,0.6833333333333332,3.874354e-05,0.9998037,0.13181071,1
0.9082874655723572,0.8530234694480896,0.8880988359451294,0.09523804988664292,1,0,0,0,0,1,1,1,0,103,19,0.6495726495726495,7.15271e-06,0.9992422,5.6543915e-05,1
0.9484865069389343,0.8595738410949707,0.9003866314888,0.0,1,0,0,0,0,1,0,1,0,91,55,0.6166666666666667,5.3362357e-05,0.006760212,7.3716656e-05,1
0.9062694311141968,0.8453567028045654,0.7796244621276855,0.11111104938275035,1,0,0,0,0,1,0,1,0,109,19,0.4672897196261683,9.962845e-06,0.9991252,0.9991986,1
0.9106767177581787,0.0,0.0,0.05263155124655198,1,0,0,0,0,1,0,1,0,1,1,0.11111111111111116,7.595512e-06,0.13181071,0.13181071,1
0.8919603228569031,0.847679853439331,0.8242818713188171,0.0,0,0,1,0,0,1,0,0,0,103,17,0.6050420168067228,0.00017849324,0.00085503905,0.07185334,1
0.8318877220153809,0.7838908433914185,0.8233227133750916,0.0,0,0,0,0,0,1,1,1,0,70,1,0.4554455445544554,7.4648095e-05,0.00015802379,0.08102023,0
0.8379144072532654,0.7925117015838623,0.0,0.0714285204081997,0,0,0,0,0,1,1,1,0,73,1,0.48,0.0008694173,0.99558496,0.13181071,0
0.8772538304328918,0.8328909277915955,0.0,0.1764704844291268,0,0,0,0,0,1,1,0,0,92,1,0.717948717948718,9.3752795e-05,0.0003203807,0.15488842,1
0.8134901523590088,0.7663256525993347,0.0,0.12499992187504883,0,0,1,0,0,1,1,1,0,108,1,0.5507246376811594,0.010132323,0.00048180966,0.15488842,0
0.8162747621536255,0.7507537007331848,0.7633190751075745,0.0714285204081997,0,0,0,0,0,1,1,0,0,119,34,0.5128205128205128,0.9825164,0.07485624,0.00030004687,0
0.811344563961029,0.7660264372825623,0.8000084757804871,0.058823494809708936,0,0,0,0,0,1,1,1,0,93,28,0.41025641025641024,0.9959418,7.199571e-05,0.9999467,0
0.8221101760864258,0.7836353778839111,0.7976956963539124,0.18749988281257324,0,0,0,0,0,1,1,1,0,97,20,0.4615384615384615,0.0010288992,0.16338028,0.00048049458,0
0.8254538774490356,0.7537917494773865,0.7943028807640076,0.06249996093752441,0,0,0,0,0,1,1,1,0,129,54,0.4444444444444444,0.93754625,0.00024328368,0.0007845921,0
0.8091369271278381,0.7798686623573303,0.0,0.06666662222225185,0,0,0,0,0,1,1,0,0,83,1,0.4871794871794872,0.019965284,0.00024846158,0.15488842,0
0.7911161184310913,0.74411541223526,0.7674583196640015,0.05263155124655198,0,0,1,0,0,1,1,1,0,79,25,0.4871794871794872,0.9925922,0.0012952286,0.22821456,0
0.8090171217918396,0.7713504433631897,0.0,0.058823494809708936,0,0,1,0,0,1,1,1,0,84,1,0.5384615384615384,0.9995054,0.00013694228,0.15488842,0
0.8091111779212952,0.7327852249145508,0.747996985912323,0.0499999750000125,0,0,0,0,0,1,1,1,0,72,48,0.41025641025641024,0.4440605,0.081291795,0.0030576359,0
0.787468433380127,0.7537492513656616,0.0,0.055555524691375174,0,0,0,0,0,1,1,1,0,64,1,0.5641025641025641,0.0009165021,0.00021839884,0.15488842,0
0.8072424530982971,0.7591891884803772,0.8096593022346497,0.0714285204081997,0,0,0,0,0,1,1,1,0,87,16,0.6216216216216216,0.0008964583,0.04566978,0.001160493,0
0.8022435903549194,0.7698678374290466,0.0,0.058823494809708936,0,0,0,0,0,1,1,1,0,106,1,0.5142857142857142,0.049036715,0.0010076859,0.15488842,0
0.8133245706558228,0.7924783229827881,0.0,0.04761902494332146,0,0,0,0,0,1,1,1,0,101,1,0.4615384615384615,0.9866458,0.9610943,0.15488842,0
0.8332253694534302,0.787568211555481,0.0,0.05263155124655198,0,0,0,0,0,1,1,0,0,117,1,0.4642857142857143,8.9964815e-05,0.0028331038,0.15488842,0
0.7919360399246216,0.7614913582801819,0.7842671871185303,0.06249996093752441,0,0,0,0,0,1,1,1,0,115,54,0.41025641025641024,0.9995814,0.00023632986,7.867733e-05,0
0.8247360587120056,0.7589857578277588,0.0,0.0714285204081997,0,0,1,0,0,1,1,1,1,98,1,0.5507246376811594,0.99917597,9.862856e-05,0.15488842,0
0.8157219886779785,0.7825591564178467,0.8081159591674805,0.06249996093752441,0,0,1,0,0,1,1,1,0,111,48,0.4642857142857143,0.99532664,0.00016377505,0.00027896036,0
0.7812818884849548,0.7645428776741028,0.0,0.05263155124655198,0,0,0,0,0,1,1,0,0,82,1,0.4307692307692308,0.9991726,0.0006100409,0.15488842,0
0.8084381818771362,0.7667596936225891,0.0,0.19999990000005,0,0,0,0,0,1,1,1,0,88,1,0.5849056603773585,0.00095397816,0.00015560785,0.000469921,0
0.8297265768051147,0.7643740773200989,0.0,0.27777762345687584,0,0,0,0,0,1,1,1,0,92,1,0.6037735849056604,0.029801445,0.0003143791,0.000469921,0
0.8338483572006226,0.7806960344314575,0.7861888408660889,0.1199999520000192,0,0,0,0,0,1,1,0,1,104,27,0.4651162790697675,0.0018526731,0.0005587429,1.8008757e-05,0
0.7780694961547852,0.7676120400428772,0.0,0.0,0,0,0,0,0,1,1,1,1,117,1,0.5393258426966292,0.9966009,0.008391584,0.000469921,0
0.8308083415031433,0.7700827717781067,0.7981066107749939,0.19047609977328583,0,0,0,0,0,1,1,0,0,99,25,0.5094339622641509,0.9784267,0.000457309,0.91356623,1
0.8006505370140076,0.7742770314216614,0.7960831522941589,0.19047609977328583,0,0,0,0,0,1,1,1,0,120,55,0.4731182795698925,0.048966248,0.0024923373,0.008803658,0
0.8156114220619202,0.7793084979057312,0.7879396080970764,0.1818180991735913,0,0,0,0,0,1,1,0,0,121,22,0.653061224489796,0.012648655,0.009060216,0.0053261435,0
0.8148730397224426,0.7756882905960083,0.0,0.043478241965981754,0,0,0,0,0,1,1,0,0,90,1,0.5471698113207547,0.0046191034,9.680891e-05,0.000469921,0
0.8620977997779846,0.8127135634422302,0.8164882659912109,0.15384609467457896,0,0,0,0,0,1,1,0,1,89,21,0.42666666666666664,0.004052853,0.00011922901,0.99951005,0
0.8157438039779663,0.7621644139289856,0.8049125671386719,0.21052620498620792,0,0,0,0,0,1,1,1,0,89,55,0.4878048780487805,0.009975142,0.0002789638,0.0017797591,0
0.8071420192718506,0.7677696943283081,0.8082287311553955,0.13043472589794528,0,0,0,0,0,1,1,1,0,87,15,0.4761904761904761,0.0018070849,0.0014285614,0.004867174,0
0.8071420192718506,0.7448685765266418,0.7843708395957947,0.13043472589794528,0,0,0,0,0,1,1,1,0,98,14,0.4318181818181818,0.0018070849,0.0009985851,0.08696386,0
0.7954204082489014,0.7655434012413025,0.8018407225608826,0.15384609467457896,0,0,0,0,0,1,1,1,1,109,23,0.4615384615384615,0.012362304,0.0001371253,0.9856917,0
0.8219032287597656,0.7721714973449707,0.8066282272338867,0.10344824019026201,0,0,0,0,0,1,1,0,0,97,28,0.40963855421686746,0.00016467994,0.99563026,0.00010717618,0
0.8198717832565308,0.7805729508399963,0.8072001338005066,0.1428570918367529,0,0,1,0,0,1,1,1,0,85,55,0.4367816091954023,0.0043093963,0.00010795546,0.00013177162,0
0.8094800710678101,0.766944408416748,0.7985972166061401,0.1333332888889037,0,0,0,0,0,1,1,0,0,94,25,0.48275862068965514,7.0103495e-05,0.0016231731,0.009745784,0
0.8169984817504883,0.7838757634162903,0.803449273109436,0.14285707482996438,0,0,0,0,0,1,1,0,0,106,23,0.45283018867924535,0.9841239,4.816517e-05,0.021385672,0
0.8114451169967651,0.7572503089904785,0.7898337244987488,0.15384609467457896,0,0,1,0,0,1,1,1,0,72,29,0.4242424242424242,0.00021194085,0.043147422,0.0065024146,0
0.9153173565864563,0.8594899773597717,0.8458764553070068,0.055555524691375174,0,0,0,0,0,1,0,1,0,99,45,0.48936170212765956,8.775498e-06,0.9869152,0.0015556589,1
0.9646856188774109,0.8873414397239685,0.0,0.4166663194447338,1,0,0,0,0,1,0,1,0,91,1,0.5531914893617021,4.4150205e-05,0.00018975628,0.13146868,1
0.9096253514289856,0.8585433959960938,0.89567631483078,0.11111104938275035,0,0,0,0,0,1,1,1,0,80,16,0.5957446808510638,0.009640018,0.00041858398,0.99818015,1
0.8792888522148132,0.8145475387573242,0.8718228340148926,0.055555524691375174,0,0,0,0,0,1,0,1,0,67,20,0.49350649350649356,0.0032861813,0.019272562,0.10717387,1
0.9009397625923157,0.8225127458572388,0.0,0.07692301775152481,0,0,0,0,0,1,0,1,0,87,1,0.5106382978723405,0.056535613,0.000553397,0.13146868,0
0.8953744173049927,0.8434332013130188,0.8472446203231812,0.055555524691375174,0,0,0,0,0,1,0,1,0,76,73,0.5060240963855422,0.00015839835,0.0077092177,0.008797273,1
0.8060121536254883,0.8014948964118958,0.8005468845367432,0.0,0,0,0,0,0,1,0,1,0,124,19,0.41463414634146345,0.9998549,0.00034323137,0.9995365,0
0.8023564219474792,0.7694101929664612,0.0,0.0,0,0,0,0,0,1,0,1,0,68,1,0.48936170212765956,0.05596927,0.018673591,0.13146868,0
0.8115690350532532,0.7893802523612976,0.0,0.03571427295918823,0,0,0,0,0,1,0,1,0,91,1,0.4651162790697675,0.9997414,0.0033117707,0.13146868,0
0.8324118852615356,0.8045065999031067,0.0,0.0,0,0,0,0,0,1,0,1,0,6,1,0.021276595744680882,0.24893326,0.14607477,0.13146868,1
0.8720337152481079,0.8444489240646362,0.0,0.06666662222225185,0,0,0,0,0,1,0,0,0,65,1,0.44680851063829785,0.08712371,0.012525909,0.13146868,1
0.9127113819122314,0.8471167683601379,0.8908475041389465,0.11764698961941787,0,0,0,0,0,1,0,1,0,71,56,0.7843137254901962,4.827508e-05,0.00015525427,0.0001276127,1
0.8936603665351868,0.8603624701499939,0.8578552007675171,0.055555524691375174,0,0,0,0,0,1,0,1,0,97,67,0.6862745098039216,0.00019434321,0.8841875,0.0015178119,1
0.8997241854667664,0.8447509407997131,0.8703241944313049,0.24999987500006252,1,0,0,0,0,1,1,0,0,108,20,0.5974025974025974,0.00020987516,0.00086181617,0.996837,1
0.8647680878639221,0.8000984787940979,0.8360820412635803,0.0,0,0,0,0,0,1,0,1,0,107,21,0.5161290322580645,0.9989303,0.00040635624,0.0015802489,0
0.8420324325561523,0.8435274362564087,0.0,0.0799999680000128,0,0,0,0,0,1,1,1,0,125,1,0.607843137254902,0.00064372714,0.9998702,0.07383553,1
0.873589277267456,0.8396328687667847,0.8121803998947144,0.05263156509695655,0,0,0,0,0,1,0,1,0,134,19,0.5882352941176471,0.001259757,0.0037885257,0.81656086,1
0.8674021363258362,0.8489350080490112,0.842538595199585,0.0,0,0,1,0,0,1,0,1,0,77,63,0.6060606060606061,0.00015651353,0.9586648,6.836368e-05,1
0.857343852519989,0.8063225150108337,0.823040246963501,0.0,0,0,0,0,0,1,0,1,0,98,25,0.5393258426966292,0.0032946952,0.0005255774,0.006800341,0
0.841347873210907,0.794664204120636,0.8117107152938843,0.0714285204081997,0,0,0,0,0,1,1,1,0,117,18,0.6436781609195402,9.974475e-05,0.0001303981,0.0019413284,0
0.8162280917167664,0.7823854088783264,0.8136997222900391,0.0714285204081997,0,0,0,0,0,1,1,0,0,114,28,0.5098039215686274,0.004843911,0.00047593293,0.0023039656,0
0.8458503484725952,0.8025251030921936,0.8144186735153198,0.0,0,0,0,0,0,1,0,1,0,102,21,0.5882352941176471,0.9874592,0.022785839,0.0029282323,0
0.8487712740898132,0.7899990677833557,0.8223439455032349,0.0,0,0,0,0,0,1,0,1,0,64,17,0.43478260869565216,0.9134672,0.0011948623,0.996729,0
0.8487712740898132,0.8075287938117981,0.8223439455032349,0.0,0,0,0,0,0,1,0,1,0,102,17,0.43478260869565216,0.9134672,0.9015139,0.996729,0
0.8179405927658081,0.8002437353134155,0.8011622428894043,0.0,0,0,0,0,0,1,0,1,0,115,18,0.49504950495049505,0.99994195,0.00016239675,0.9998816,0
0.8465980291366577,0.8342717289924622,0.825132429599762,0.19999990000005,1,0,0,0,0,1,1,1,0,91,65,0.7692307692307692,0.0023639544,0.005075537,0.0007046717,1
0.8659800887107849,0.8611590266227722,0.8687638640403748,0.05263156509695655,0,0,0,0,0,1,0,1,1,87,24,0.7843137254901962,0.13570014,0.004427531,0.0019319705,1
0.8224136233329773,0.7594672441482544,0.7949768900871277,0.0,0,0,0,0,0,1,0,0,0,69,5,0.375,0.99966204,0.04325263,0.94612026,0
0.8830799460411072,0.8157960176467896,0.8447557687759399,0.0,0,0,0,0,0,1,0,1,0,99,41,0.5098039215686274,0.021047596,0.9360347,0.003743515,1
0.8597612977027893,0.8173593878746033,0.8385921120643616,0.0,0,0,0,0,0,1,0,1,0,84,16,0.41666666666666663,3.9093782e-05,0.06956458,0.0001562105,1
0.9783235192298889,0.8585620522499084,0.0,0.4999993750007813,1,0,0,0,0,1,1,1,1,109,1,0.5862068965517242,0.0002867247,0.00025812697,0.1737943,1
0.9235118627548218,0.8387494087219238,0.0,0.0,0,0,0,0,0,1,0,1,1,82,1,0.48275862068965514,3.3044802e-05,0.00016049226,0.1737943,1
0.9189696311950684,0.8232280015945435,0.851209819316864,0.0,0,0,0,0,0,1,0,1,1,93,49,0.5517241379310345,0.00025888573,0.005999327,0.0052391123,1
0.916902482509613,0.8530440926551819,0.8603284955024719,0.30769207100609924,0,0,0,0,0,1,1,1,0,97,21,0.5517241379310345,0.0002600272,0.00021983609,0.9793459,1
0.900216281414032,0.7550755739212036,0.7808054089546204,0.08333326388894677,0,0,0,0,0,1,0,1,0,66,17,0.3571428571428571,0.99838066,8.598236e-05,0.019010765,1
0.8985968828201294,0.8312577605247498,0.8737069368362427,0.0,0,0,0,0,0,1,0,0,1,78,55,0.48275862068965514,2.0307463e-05,2.785485e-05,7.793045e-05,1
0.8979285359382629,0.841253399848938,0.863206148147583,0.1428570408163994,0,0,0,0,0,1,0,1,1,89,54,0.6938775510204082,0.99275357,0.254362,0.006927831,1
0.8793981075286865,0.8411493897438049,0.8214235901832581,0.0,0,0,0,0,0,1,0,1,0,88,63,0.5862068965517242,2.5948077e-05,7.966785e-05,0.019668296,1
0.8973954319953918,0.7777280807495117,0.0,0.0,0,0,0,0,0,1,0,1,1,104,1,0.48275862068965514,0.007654762,0.19610515,0.1737943,1
0.8849284052848816,0.8068618178367615,0.8588915467262268,0.0,0,0,0,0,0,1,0,1,0,92,20,0.41379310344827597,0.00063594,0.00038431524,0.000110668516,1
0.8893101215362549,0.8189439177513123,0.8637232184410095,0.0,0,0,0,0,0,1,0,1,0,102,20,0.48275862068965514,9.823733e-05,6.7349894e-05,0.9999075,1
0.8925013542175293,0.8012074828147888,0.792894721031189,0.0,0,0,0,0,0,1,0,1,0,97,23,0.48275862068965514,7.656274e-05,0.0012194098,0.99994373,1
0.8221625089645386,0.7509437203407288,0.7849381566047668,0.0,0,0,0,0,0,1,0,1,1,55,26,0.16326530612244894,0.99247545,0.088335454,0.05975048,0
0.8044085502624512,0.7474626302719116,0.0,0.0,0,0,0,0,0,1,0,1,0,54,1,0.15384615384615385,0.98748106,0.012787736,0.1737943,0
0.8128960728645325,0.7550244927406311,0.789031445980072,0.0,0,0,0,0,0,1,0,1,1,62,29,0.15094339622641506,0.26641256,0.048334174,0.94542366,0
0.8392747044563293,0.7871700525283813,0.7985537052154541,0.0,0,0,0,0,0,1,0,1,1,99,21,0.4285714285714286,0.74366736,0.031264294,0.12383006,0
0.815096378326416,0.7556977868080139,0.7701817750930786,0.0,0,0,0,0,0,1,0,1,1,58,28,0.1454545454545455,0.93782675,0.107831,0.031808667,0
0.7565593123435974,0.7131453156471252,0.7323957681655884,0.0,0,0,0,0,0,1,0,1,1,58,48,0.17021276595744683,0.18519782,0.12930486,0.13307165,0
0.8810062408447266,0.8460503816604614,0.8746140599250793,0.199999920000032,1,0,0,0,0,1,1,1,0,97,31,0.5168539325842696,2.3199667e-05,0.007334372,4.2162774e-05,0
0.8263271450996399,0.7897077798843384,0.7949748039245605,0.11111106995886298,0,0,1,0,0,1,1,1,0,115,26,0.4615384615384615,0.99868244,0.0009188927,0.0083406,0
0.8453280925750732,0.7986653447151184,0.0,0.11538457100593423,0,0,0,0,0,1,1,1,0,96,1,0.417910447761194,0.0006627831,0.00019731901,0.041771863,0
0.832504391670227,0.7635989785194397,0.8056296706199646,0.1599999360000256,0,0,0,0,0,1,1,1,0,91,22,0.4171779141104295,0.00075797626,9.480603e-05,0.00018023529,0
0.8004289865493774,0.7508960962295532,0.7876582741737366,0.19047609977328583,0,0,0,0,0,1,1,1,1,96,54,0.40909090909090906,0.00029824444,0.00784783,0.023727223,0
0.8213877081871033,0.7715757489204407,0.7890278100967407,0.19047609977328583,0,0,0,0,0,1,1,0,0,161,72,0.4683544303797469,0.9979693,5.1601302e-05,0.0003540773,0
0.8654630780220032,0.8260475397109985,0.8688510656356812,0.12499994791668836,0,0,0,0,0,1,1,1,0,85,27,0.52,0.00015419073,0.0005505963,0.00026669656,0
0.8387743830680847,0.8163806200027466,0.0,0.16666659722225116,0,0,0,0,0,1,1,0,0,62,1,0.45333333333333337,0.013653883,0.0006990507,0.041771863,0
0.8501177430152893,0.7969703078269958,0.0,0.06896549346017466,0,0,1,0,0,1,1,1,0,84,1,0.42622950819672134,0.008999949,5.705341e-05,0.041771863,0
0.8209883570671082,0.7635728120803833,0.8162037134170532,0.1599999360000256,0,0,0,0,0,1,1,1,1,107,31,0.43428571428571433,0.99971765,0.0009484521,0.042504437,0
0.8142185211181641,0.7604109644889832,0.8145526647567749,0.10714281887756469,0,0,0,0,0,1,1,0,0,125,53,0.4125,0.00017093305,0.0013526485,0.00043123213,0
0.8110750317573547,0.7896841764450073,0.7989848256111145,0.11111106995886298,0,0,0,0,0,1,1,0,0,89,19,0.4814814814814815,0.9988907,0.00030461518,0.00020815356,0
0.8244808912277222,0.7744099497795105,0.7995810508728027,0.10714281887756469,0,0,0,0,0,1,1,0,0,105,28,0.4772727272727273,0.99717367,0.011863857,9.562636e-05,0
0.8100371956825256,0.7700343132019043,0.8178972005844116,0.027777770061730538,0,0,1,0,0,1,0,1,1,142,18,0.4157303370786517,0.5310912,0.0039791036,0.9899823,0
0.8185575604438782,0.7793461680412292,0.8331050872802734,0.10714281887756469,0,0,0,0,0,1,1,0,0,111,23,0.5174825174825175,0.000730555,0.0044416212,0.08196597,0
0.8191906809806824,0.7518466711044312,0.8094046711921692,0.10714281887756469,0,0,0,0,0,1,1,0,0,94,18,0.4358974358974359,0.9984463,0.0048115295,0.09151528,0
0.820061981678009,0.7854018807411194,0.0,0.1428570918367529,0,0,1,0,0,1,1,1,0,105,1,0.5,0.9988481,0.0016271331,0.041771863,0
0.8103153109550476,0.7533431649208069,0.7806879878044128,0.1199999520000192,0,0,0,0,0,1,1,1,0,128,21,0.5056179775280899,0.99985623,3.0893585e-05,3.3257205e-05,0
0.8529772162437439,0.7845214605331421,0.812101423740387,0.17142852244899356,0,0,0,0,0,1,1,0,0,111,20,0.43478260869565216,0.00333644,0.00026581567,0.0022845478,0
0.8275878429412842,0.7628718614578247,0.7966520190238953,0.0,0,0,0,0,0,1,0,0,0,103,12,0.49056603773584906,0.9991781,0.00017251146,0.9996093,0
0.8023993968963623,0.771145224571228,0.805961549282074,0.1351350986121355,0,0,0,0,0,1,1,1,0,87,25,0.4269662921348315,0.0056644185,0.009449015,0.99925333,0
0.9137964844703674,0.8336491584777832,0.8531366586685181,0.24999979166684028,1,0,0,0,0,1,0,1,0,59,49,0.7222222222222221,0.00079886045,0.00026132798,0.0017703663,1
0.8298578262329102,0.773964524269104,0.8001306056976318,0.11764698961941787,0,0,0,0,0,1,0,1,0,80,22,0.41666666666666663,0.002452678,0.00020589185,0.9793625,0
0.8550422787666321,0.823017954826355,0.8385301828384399,0.04761902494332146,1,0,0,0,0,1,0,0,1,91,21,0.6388888888888888,0.8703144,0.9816585,0.9860373,1
0.8415594696998596,0.7736940979957581,0.8041597008705139,0.16666652777789354,0,0,0,0,0,1,0,1,0,106,54,0.4545454545454546,0.99996686,0.946867,0.015203727,0
0.8105272650718689,0.7373999357223511,0.7530618906021118,0.11111104938275035,0,0,0,0,0,1,0,1,0,72,48,0.4117647058823529,0.007426944,0.01606007,0.005988263,0
0.8279144167900085,0.7782185673713684,0.0,0.0714285204081997,0,0,0,0,0,1,0,0,0,83,1,0.49275362318840576,2.220189e-05,0.000285727,0.13499825,0
0.8237876892089844,0.76112300157547,0.7973419427871704,0.055555524691375174,0,0,0,0,0,1,0,0,0,120,25,0.4444444444444444,3.3621156e-05,0.00015208108,0.0037529797,0
0.8261953592300415,0.7474926114082336,0.7655811905860901,0.07692301775152481,0,0,0,0,0,1,0,0,0,119,34,0.5161290322580645,0.0014152341,0.11924545,0.0007666591,0
0.7898947596549988,0.7736549973487854,0.0,0.11764698961941787,0,0,0,0,0,1,0,0,0,82,1,0.5555555555555556,0.9781411,0.0005718787,0.13499825,0
0.8109203577041626,0.7741577625274658,0.7941934466362,0.1428570408163994,0,0,0,0,0,1,0,1,0,115,54,0.38888888888888884,0.9948673,0.0005172877,7.478875e-05,0
0.8116685748100281,0.7583683729171753,0.8028270602226257,0.04761902494332146,0,0,0,0,0,1,0,1,0,120,51,0.4444444444444444,0.120351724,0.00066840724,0.0607228,0
0.823748767375946,0.7832967638969421,0.0,0.06249996093752441,0,0,1,0,0,1,0,1,0,108,1,0.4722222222222222,3.3508753e-05,0.00051793904,0.13499825,0
0.8341706991195679,0.7714551091194153,0.8167641758918762,0.07692301775152481,0,0,0,0,0,1,0,1,0,87,16,0.5357142857142857,9.689175e-05,0.0042439243,0.0007912454,0
0.8199225068092346,0.7474474906921387,0.7774168252944946,0.0714285204081997,0,0,0,0,0,1,0,0,0,83,15,0.5277777777777778,0.99602664,0.0004288378,0.012662511,0
0.8213305473327637,0.7649888396263123,0.0,0.06666662222225185,0,0,0,0,0,1,0,1,0,125,1,0.5,0.98774534,0.000584484,0.13499825,0
0.8153494000434875,0.7720345258712769,0.8122737407684326,0.0499999750000125,0,0,0,0,0,1,0,0,0,88,33,0.44776119402985076,0.0001310031,0.0004363948,2.2275186e-05,0
0.803088903427124,0.7659271955490112,0.0,0.058823494809708936,0,0,0,0,0,1,0,1,0,64,1,0.4722222222222222,0.001863632,0.00013946586,0.13499825,0
0.8329404592514038,0.7457281947135925,0.7865912318229675,0.06666662222225185,0,0,0,0,0,1,0,1,0,129,54,0.4444444444444444,0.0013946686,0.0006849889,0.00072504056,0
0.8199383616447449,0.7620375752449036,0.7994928359985352,0.06666662222225185,0,0,0,0,0,1,0,1,0,94,51,0.4722222222222222,0.9294881,0.9833055,0.04486677,0
0.8301658630371094,0.7736714482307434,0.773996889591217,0.15384603550304962,0,0,0,0,0,1,0,0,0,87,35,0.45283018867924535,0.0004025587,0.00011749913,0.011517094,0
0.8762324452400208,0.8185622692108154,0.8295708894729614,0.0,0,0,0,0,0,1,0,1,0,91,20,0.42553191489361697,0.00017616196,0.00027306896,0.00022826645,1
0.8956863284111023,0.8142624497413635,0.7778679728507996,0.0,0,0,0,0,0,1,0,0,0,52,5,0.33333333333333337,0.99962556,0.0074101165,0.52017945,1
0.850580632686615,0.7968811988830566,0.7837579250335693,0.0,0,0,0,0,0,1,0,1,0,70,17,0.4042553191489362,0.00022482334,3.893e-05,0.0863597,0
0.9159671664237976,0.8551715612411499,0.0,0.1999998000002,0,0,0,0,0,1,1,1,0,101,1,0.5057471264367817,1.8403573e-05,0.011984452,0.16077429,0
0.8291418552398682,0.8001978397369385,0.8099436163902283,0.0,0,0,0,0,0,1,0,1,0,104,66,0.3846153846153846,0.0076944917,0.0009050692,0.0008800941,0
0.8893918395042419,0.8238105773925781,0.8343609571456909,0.16666652777789354,1,0,0,0,0,1,1,1,0,103,60,0.48936170212765956,0.012718637,0.011329876,0.6649507,0
0.8602529764175415,0.7889925837516785,0.8073793649673462,0.0,0,0,0,0,0,1,0,1,0,84,13,0.4285714285714286,0.0036859051,0.0016524295,0.036781833,0
0.8548614978790283,0.8015993237495422,0.8175893425941467,0.07692301775152481,0,0,0,0,0,1,0,1,0,88,16,0.4473684210526315,0.01330689,0.0040072226,5.757527e-05,0
0.8593937158584595,0.8271611332893372,0.8058838248252869,0.058823494809708936,0,0,0,0,0,1,0,1,0,73,14,0.4301075268817204,0.17830376,0.00038306217,0.053429015,0
0.8624725937843323,0.7886604070663452,0.8264808058738708,0.1818180165290759,1,0,0,0,0,1,1,1,0,96,24,0.4761904761904761,0.005106398,0.0016771223,0.003055407,0
0.796743631362915,0.7817357778549194,0.7824780344963074,0.0,0,0,0,0,0,1,0,1,0,86,45,0.39473684210526316,0.13454707,0.011804844,0.97417873,0
0.8028630018234253,0.7849777340888977,0.7716631293296814,0.0,0,0,0,0,0,1,0,1,0,84,26,0.41379310344827597,0.99941945,3.006287e-05,0.9996469,0
0.8228593468666077,0.7760702967643738,0.7778679728507996,0.0,0,0,0,0,0,1,0,0,0,49,5,0.33333333333333337,0.24317373,0.025256054,0.52017945,0
0.8241434693336487,0.7723128795623779,0.0,0.0,0,0,0,0,0,1,0,1,0,76,1,0.1470588235294118,0.013295472,3.7414284e-05,0.16077429,0
0.7743639349937439,0.7849956154823303,0.0,0.0,0,0,0,0,0,1,0,1,1,72,1,0.5111111111111111,0.49207026,0.0014785917,0.16077429,0
0.8088822364807129,0.7785177826881409,0.7970702648162842,0.0,0,0,0,0,0,1,0,1,0,85,21,0.40909090909090906,0.005706359,2.4808778e-05,0.9961345,0
0.8525623083114624,0.7999048829078674,0.8157581686973572,0.0,0,0,0,0,0,1,0,1,0,80,12,0.5217391304347826,0.9925392,0.4990871,0.999243,0
0.8381896018981934,0.7647818326950073,0.7786045074462891,0.0,0,0,0,0,0,1,0,1,0,87,46,0.3820224719101124,0.00030459525,0.0032611997,0.004270777,0
0.867757260799408,0.8559030294418335,0.839374840259552,0.03124999023437805,0,0,0,0,0,1,1,0,1,86,24,0.5714285714285714,0.00026842125,0.0028338998,0.9527911,1
0.8977370858192444,0.8500388860702515,0.0,0.06666662222225185,0,0,0,0,0,1,1,1,0,96,1,0.6170212765957447,1.0631532e-05,0.001395355,0.21486431,1
0.8559523820877075,0.8076062202453613,0.0,0.0,0,0,0,0,0,1,1,1,0,99,1,0.44680851063829785,0.9984351,0.0003642569,0.21486431,0
0.8482652306556702,0.8190019130706787,0.0,0.058823494809708936,0,0,1,0,0,1,1,1,0,95,1,0.6170212765957447,0.9998776,0.87401664,0.21486431,0
0.8467212319374084,0.8226037621498108,0.0,0.11764698961941787,0,0,0,0,0,1,1,1,0,91,1,0.5681818181818181,0.023234231,0.0001353653,0.21486431,0
0.8431167006492615,0.8170708417892456,0.8057588934898376,0.0,1,0,1,0,0,1,1,0,0,65,25,0.5074626865671642,0.98693174,0.00024976933,0.9927125,0
0.8486367464065552,0.7941648960113525,0.8104143738746643,0.0714285204081997,0,0,0,0,0,1,1,1,0,89,54,0.46808510638297873,0.93267214,3.0516676e-05,0.9623856,0
0.8612490892410278,0.8037350177764893,0.8245596885681152,0.07692301775152481,0,0,0,0,0,1,1,1,0,115,49,0.48571428571428577,0.9999459,0.00016346025,0.001949487,0
0.854824423789978,0.8023608922958374,0.0,0.05263155124655198,0,0,0,0,0,1,1,1,0,78,1,0.5957446808510638,0.99752885,0.00020099654,0.21486431,0
0.8487513065338135,0.7899848818778992,0.8020063638687134,0.055555524691375174,0,0,0,0,0,1,1,1,0,81,53,0.41558441558441556,0.9998173,0.0042918953,0.000557799,0
0.8085101842880249,0.7666782736778259,0.7758062481880188,0.024390237953600496,0,0,1,0,0,1,1,1,0,115,25,0.3655913978494624,0.4407209,0.0016303046,0.049200572,0
0.8267636895179749,0.7953008413314819,0.0,0.0,0,0,1,0,0,1,1,1,0,95,1,0.574468085106383,0.9793919,0.0004948626,0.21486431,0
0.8302136659622192,0.8028765320777893,0.8275211453437805,0.03448274673008733,0,0,0,0,0,1,1,1,1,95,19,0.46808510638297873,0.92612565,0.00013200282,0.9996946,0
0.8044602274894714,0.7942055463790894,0.8076544404029846,0.0,0,0,0,0,0,1,1,1,0,90,26,0.4222222222222223,0.001528121,0.041369993,0.0035496624,0
0.8553552627563477,0.8275729417800903,0.8479653596878052,0.0,0,0,0,0,0,1,0,1,0,73,53,0.48936170212765956,0.013649761,5.7815236e-05,0.0038206347,0
0.8206189274787903,0.7837767004966736,0.0,0.033333322222225924,0,0,0,0,0,1,1,1,0,108,1,0.4615384615384615,0.04075304,0.00405795,0.21486431,0
0.7949604988098145,0.7692319750785828,0.7816367149353027,0.0,0,0,1,0,0,1,0,1,0,111,20,0.44680851063829785,0.99035454,6.053301e-05,0.0050991876,0
0.7726680636405945,0.709161639213562,0.0,0.0,0,0,0,0,0,1,0,1,0,90,1,0.3513513513513513,0.9519796,0.00025885363,0.21486431,0
0.8064410090446472,0.7749360799789429,0.8036434054374695,0.0,0,0,0,0,0,1,0,1,0,125,73,0.44680851063829785,0.4950579,0.00028133104,0.0002537501,0
0.7772745490074158,0.7440696358680725,0.7717707753181458,0.0,0,0,0,0,0,1,0,1,0,71,21,0.5,0.98842734,0.0013062685,0.13147876,0
0.8671182990074158,0.8393251895904541,0.8425745964050293,0.058823512110731724,0,0,0,0,0,1,1,0,1,86,24,0.4901960784313726,0.0002840438,0.0013533336,0.9743926,1
0.8957634568214417,0.8465803861618042,0.0,0.055555524691375174,0,0,0,0,0,1,1,1,0,96,1,0.5454545454545454,1.577009e-05,0.050955538,0.20805195,1
0.8540641665458679,0.8043068051338196,0.0,0.0,0,0,0,0,0,1,1,1,0,99,1,0.4411764705882353,0.99955827,0.00041929993,0.20805195,0
0.8445751667022705,0.8093441128730774,0.0,0.0,0,0,1,0,0,1,1,1,0,95,1,0.5373134328358209,0.9999471,0.93816227,0.20805195,0
0.8711053133010864,0.8034781813621521,0.8246426582336426,0.06249996093752441,0,0,0,0,0,1,1,1,0,115,49,0.4328358208955224,0.999747,0.0006677195,0.00731412,0
0.8342247605323792,0.8111340403556824,0.8122876882553101,0.0,1,0,1,0,0,1,1,0,0,65,25,0.4852941176470588,0.9838292,0.00028810828,0.004038873,0
0.8501951098442078,0.7920798063278198,0.8083406090736389,0.058823494809708936,0,0,0,0,0,1,1,1,0,89,54,0.4411764705882353,0.988536,3.649088e-05,0.9690176,0
0.8214926719665527,0.7910779118537903,0.806492269039154,0.05263155124655198,0,0,0,0,0,1,1,1,0,70,52,0.5441176470588236,0.0017109902,0.00019936137,2.5686553e-05,0
0.8568301796913147,0.8081769943237305,0.0,0.04545452479339782,0,0,0,0,0,1,1,1,0,78,1,0.5588235294117647,0.909794,0.00016524633,0.20805195,0
0.8228908181190491,0.7980310320854187,0.0,0.04545452479339782,1,0,0,0,0,1,1,1,0,88,1,0.5441176470588236,0.9759261,0.00013515723,0.20805195,0
0.8439306616783142,0.8183028697967529,0.0,0.04761902494332146,0,0,0,0,0,1,1,1,0,91,1,0.5441176470588236,0.9595474,0.00012912569,0.20805195,0
0.8630269169807434,0.7945443987846375,0.8076714873313904,0.04761902494332146,0,0,0,0,0,1,1,1,0,81,53,0.42647058823529416,0.9999107,0.003545679,0.00100018,0
0.8231605887413025,0.7616090178489685,0.7863965630531311,0.0,0,0,0,0,0,1,1,1,0,80,52,0.4496124031007752,0.9809801,0.00012621861,0.0026793326,0
0.8205934762954712,0.7622362375259399,0.8037559986114502,0.0,0,0,0,0,0,1,1,1,1,109,26,0.5048543689320388,0.99923074,0.93146646,0.0012484136,0
0.8205934762954712,0.7572171688079834,0.8037559986114502,0.0,0,0,0,0,0,1,1,1,1,92,26,0.5048543689320388,0.99923074,0.988336,0.0012484136,0
0.8342338800430298,0.7835198640823364,0.7921144962310791,0.0,0,0,0,0,0,1,1,1,0,84,52,0.4444444444444444,0.0023792565,0.00018374124,0.004431048,0
0.8305315971374512,0.767785906791687,0.8018151521682739,0.0,0,0,1,0,0,1,1,1,0,81,48,0.4307692307692308,0.97727406,9.7613476e-05,0.0002071647,0
0.8443626165390015,0.7921913266181946,0.8176332712173462,0.0,0,0,0,0,0,1,1,1,0,87,52,0.4558823529411765,0.999845,0.00044263154,0.026873019,0
0.827051043510437,0.7723507285118103,0.818637490272522,0.0,0,0,0,0,0,1,1,1,0,97,51,0.532258064516129,0.00020103957,0.00022372503,0.00021777114,0
0.9203447103500366,0.8379088640213013,0.0,0.07692301775152481,0,0,0,0,0,1,1,1,0,99,1,0.5357142857142857,0.00012985458,0.0011463084,0.18280193,1
0.9004978537559509,0.8341677784919739,0.8635560870170593,0.06666662222225185,0,0,0,0,0,1,1,1,0,117,48,0.5,0.0010298608,0.00043709733,9.839258e-05,1
0.8691951036453247,0.8402349948883057,0.8691927790641785,0.04761902494332146,0,0,0,0,0,1,1,1,0,108,16,0.5357142857142857,0.00021094434,0.0041800775,0.9991953,1
0.8476466536521912,0.7967851758003235,0.8224045038223267,0.0714285204081997,0,0,0,0,0,1,1,0,0,89,52,0.5357142857142857,0.008609868,2.8461494e-05,0.00058866723,0
0.8739550113677979,0.7876137495040894,0.0,0.0,0,0,0,0,0,1,1,1,0,130,1,0.5,0.99974686,0.0022079714,0.18280193,0
0.8501094579696655,0.8170715570449829,0.8491765260696411,0.058823494809708936,0,0,0,0,0,1,1,0,0,120,29,0.5,0.97178483,0.0015906238,0.0009530354,0
0.7955346703529358,0.7173933386802673,0.7673741579055786,0.055555524691375174,0,0,0,0,0,1,1,1,0,158,30,0.4642857142857143,0.002522229,0.0009206145,0.0010685576,0
0.8047559857368469,0.7497861385345459,0.7669281959533691,0.06666662222225185,0,0,0,0,0,1,1,1,0,110,28,0.5384615384615384,0.98889714,0.00012028139,0.012402146,0
0.8734667301177979,0.7466652393341064,0.8252883553504944,0.0,0,0,0,0,0,1,0,1,0,78,20,0.3928571428571429,0.9841307,5.3970893e-05,0.08743281,0
0.7841089367866516,0.732897162437439,0.0,0.10526310249310396,0,0,0,0,0,1,1,0,0,119,1,0.4642857142857143,0.11167493,0.0008712187,0.18280193,0
0.8354092240333557,0.7767314314842224,0.81411212682724,0.0714285204081997,0,0,0,0,0,1,0,1,0,80,24,0.43137254901960786,0.97013813,8.484243e-05,0.9939224,0
0.7974724173545837,0.7519960403442383,0.7651614546775818,0.08695648393196351,0,0,0,0,0,1,1,0,0,103,87,0.4285714285714286,0.0032996414,0.000793447,0.0008726234,0
0.8540213704109192,0.7656934857368469,0.8121698498725891,0.0714285204081997,0,0,0,0,0,1,0,0,0,90,48,0.43999999999999995,0.99864703,0.001757722,0.0007494533,0
0.8741475939750671,0.8477224111557007,0.8500879406929016,0.04545452479339782,0,0,0,0,0,1,1,0,0,106,20,0.5882352941176471,0.00150057,0.0052662506,0.9998505,1
0.8019790053367615,0.7363154292106628,0.7784114480018616,0.06666664444445185,0,0,1,0,0,1,1,0,0,94,25,0.5,0.99992216,0.96199614,0.9995314,0
0.8315479159355164,0.7862900495529175,0.0,0.058823494809708936,0,0,0,0,0,1,1,1,0,76,1,0.4642857142857143,0.99997723,1.02914455e-05,0.18280193,0
0.806876003742218,0.7713514566421509,0.7881122827529907,0.0,0,0,1,0,0,1,0,0,1,99,16,0.45283018867924535,0.57234573,0.0026028655,0.006780015,0
0.815942645072937,0.7256980538368225,0.7680400609970093,0.055555524691375174,0,0,0,0,0,1,0,1,0,106,15,0.43999999999999995,0.9998549,0.0003604535,0.058763847,0
0.7896154522895813,0.7577901482582092,0.0,0.0,0,0,0,0,0,1,0,1,0,86,1,0.14814814814814814,0.04864727,0.99964595,0.14268869,0
0.8283093571662903,0.729127824306488,0.0,0.0,0,0,0,0,0,1,0,1,0,64,1,0.15384615384615385,0.32716116,0.00031937557,0.14268869,0
0.7871097922325134,0.7642966508865356,0.0,0.0,0,0,0,0,0,1,0,1,0,14,1,0.36363636363636365,0.010677641,0.0016525103,0.14268869,0
0.7925925254821777,0.7612776160240173,0.7886049151420593,0.0,0,0,0,0,0,1,0,0,0,94,16,0.3571428571428571,0.999255,2.3982737e-05,0.9997793,0
0.8166766166687012,0.7536042332649231,0.7632129192352295,0.0,0,0,0,0,0,1,0,1,1,59,30,0.1568627450980392,0.48737562,0.0009325596,0.082428366,0
0.8157546520233154,0.7565931677818298,0.0,0.0,0,0,0,0,0,1,0,1,0,73,1,0.4285714285714286,0.00019362298,0.99772066,0.14268869,0
0.791385293006897,0.7358376979827881,0.7763824462890625,0.0,0,0,0,0,0,1,0,1,0,60,23,0.4285714285714286,0.0134679675,0.0014719032,0.00020148793,0
0.7984008193016052,0.7380448579788208,0.0,0.0,0,0,0,0,0,1,0,1,1,56,1,0.16326530612244894,0.16989823,0.11321234,0.14268869,0
0.7984008193016052,0.7376708984375,0.0,0.0,0,0,0,0,0,1,0,1,1,63,1,0.16326530612244894,0.16989823,0.04553631,0.14268869,0
0.7997925877571106,0.73784339427948,0.7342289686203003,0.0,0,0,0,0,0,1,0,1,1,65,47,0.17021276595744683,0.5977521,0.0034961365,0.0030415398,0
0.8253756165504456,0.7739545702934265,0.0,0.07692301775152481,0,0,0,0,0,1,0,1,0,63,1,0.56,0.08998257,0.91368186,0.14268869,0
0.788277804851532,0.769327700138092,0.0,0.0,0,0,0,0,0,1,0,1,0,89,1,0.4,0.18547885,0.024181677,0.14268869,0
0.8055060505867004,0.7306566834449768,0.7682517170906067,0.0,0,0,0,0,0,1,0,1,1,68,22,0.15384615384615385,0.36241063,0.24179274,0.19186723,0
0.7760214805603027,0.7083449959754944,0.7407901287078857,0.0,0,0,0,0,0,1,0,1,0,55,30,0.3928571428571429,0.99347115,0.0021493419,0.00071356725,0
0.8115837574005127,0.749824047088623,0.0,0.0,0,0,0,0,0,1,0,1,0,101,1,0.4285714285714286,0.9958385,0.9981838,0.14268869,0
0.8188719153404236,0.763724148273468,0.7982822060585022,0.0,0,0,0,0,0,1,0,1,0,95,39,0.4285714285714286,4.574411e-05,0.0014021497,0.00012751216,0
0.9184136390686035,0.8584131002426147,0.8214218020439148,0.19999986666675557,0,0,0,0,0,1,1,0,0,93,21,0.5714285714285714,7.152493e-06,0.03549623,0.99995697,1
0.9193721413612366,0.855181097984314,0.8732657432556152,0.24999984375009765,0,0,0,0,0,1,1,1,0,94,24,0.5116279069767442,1.5308919e-05,0.9996768,0.6680816,1
0.919410765171051,0.8465420603752136,0.8389157652854919,0.18749988281257324,0,0,0,0,0,1,1,1,0,95,53,0.5066666666666666,2.5505604e-05,0.00038646732,4.7892245e-05,1
0.8703347444534302,0.8081062436103821,0.0,0.1428570408163994,0,0,0,0,0,1,1,1,0,115,1,0.5277777777777778,0.95825803,0.0003615321,0.67050815,0
0.8703347444534302,0.805364191532135,0.0,0.1428570408163994,0,0,0,0,0,1,1,1,0,143,1,0.5277777777777778,0.95825803,0.012474027,0.67050815,0
0.8698797225952148,0.8020781874656677,0.8259608745574951,0.2857140816327988,0,0,0,0,0,1,1,1,0,113,54,0.48837209302325574,0.99997294,0.0005985982,0.00028859914,0
0.8369920253753662,0.8072003722190857,0.0,0.055555524691375174,0,0,0,0,0,1,1,1,0,88,1,0.48837209302325574,0.985567,0.9723688,0.67050815,0
0.8896048665046692,0.8087284564971924,0.7866294980049133,0.1818180165290759,0,0,0,0,0,1,1,0,0,80,29,0.4931506849315068,0.99826056,0.0001733192,0.024133395,0
0.8218421339988708,0.7827074527740479,0.8203075528144836,0.1333332444445037,0,0,0,0,0,1,1,1,0,77,48,0.5538461538461539,0.99996066,0.00036666004,7.4755095e-05,0
0.8483654856681824,0.7864497900009155,0.8206979632377625,0.06666662222225185,0,0,0,0,0,1,0,1,0,87,46,0.4705882352941176,0.99996436,0.00014890434,0.00032839936,0
0.8291831016540527,0.7897025942802429,0.7995614409446716,0.055555524691375174,0,0,0,0,0,1,1,1,0,126,57,0.4657534246575342,0.02040625,0.0009001608,0.00047877053,0
0.8340162634849548,0.7854086756706238,0.8257691264152527,0.09090900826453795,0,0,0,0,0,1,0,1,0,106,27,0.5945945945945945,0.99981254,0.069637306,0.057870235,0
0.8340162634849548,0.7929725646972656,0.8257691264152527,0.09090900826453795,0,0,0,0,0,1,0,1,0,81,27,0.5945945945945945,0.99981254,0.00087251,0.057870235,0
0.8464578986167908,0.8010502457618713,0.813206136226654,0.15789465373965592,0,0,0,0,0,1,1,1,1,100,53,0.6046511627906976,0.99992204,0.0050539165,4.0911636e-05,0
0.8735371828079224,0.8231305480003357,0.8385350108146667,0.1428570408163994,0,0,0,0,0,1,1,1,0,71,54,0.5348837209302326,0.99996924,0.7881289,0.9999013,0
0.7953786849975586,0.7726678848266602,0.790571928024292,0.0799999680000128,0,0,0,0,0,1,1,1,0,87,25,0.5116279069767442,0.99839896,0.3424452,0.07207613,0
0.9340907335281372,0.8557851314544678,0.8208541870117188,0.2857140816327988,1,0,0,0,0,1,1,0,0,93,21,0.8571428571428572,8.211061e-06,0.040368274,0.99996424,1
0.9384557008743286,0.8506438732147217,0.8804306387901306,0.3333331111112593,1,0,0,0,0,1,1,1,0,94,24,0.6190476190476191,1.1383136e-05,0.10341619,0.9998642,1
0.940381646156311,0.8423078060150146,0.842924952507019,0.35714260204099857,1,0,0,0,0,1,1,1,0,95,53,0.6428571428571428,2.1302218e-05,0.002105558,4.8480477e-05,1
0.8858444094657898,0.8025991320610046,0.0,0.23076905325457442,1,0,0,0,0,1,1,1,0,115,1,0.5238095238095238,0.99871683,0.00023522766,0.97017235,0
0.8858444094657898,0.8041191697120667,0.0,0.23076905325457442,1,0,0,0,0,1,1,1,0,143,1,0.5238095238095238,0.99871683,0.014105338,0.97017235,0
0.9004170894622803,0.8064872026443481,0.7851184606552124,0.1818180165290759,1,0,0,0,0,1,1,0,0,80,29,0.5952380952380952,0.99891305,0.00019251545,0.9899302,0
0.8382633924484253,0.8041403293609619,0.0,0.055555524691375174,0,0,0,0,0,1,1,1,0,88,1,0.6190476190476191,0.9973266,0.85495925,0.97017235,0
0.8151887059211731,0.7714788913726807,0.815862238407135,0.1333332444445037,0,0,0,0,0,1,1,1,0,77,48,0.44999999999999996,0.99990916,0.0002206932,7.8861405e-05,0
0.8369532823562622,0.79051673412323,0.8349292874336243,0.0,0,0,0,0,0,1,0,1,0,106,27,0.5063291139240507,0.99970454,0.047744468,0.03859257,0
0.8369532823562622,0.7935050129890442,0.8349292874336243,0.0,0,0,0,0,0,1,0,1,0,81,27,0.5063291139240507,0.99970454,0.00079596066,0.03859257,0
0.8435171842575073,0.7826848030090332,0.8189332485198975,0.0,0,0,0,0,0,1,0,1,0,87,46,0.410958904109589,0.9999273,6.487578e-05,0.00023128532,0
0.8655061721801758,0.8044989109039307,0.8209789991378784,0.12499992187504883,0,0,0,0,0,1,1,1,0,113,54,0.5952380952380952,0.9999677,0.00061890174,0.00021925403,0
0.8812010884284973,0.8109588623046875,0.8271325826644897,0.1428570408163994,0,0,0,0,0,1,1,1,0,71,54,0.5757575757575757,0.9999422,0.0017241335,0.9998247,0
0.795262336730957,0.776908814907074,0.7904196381568909,0.0799999680000128,1,0,0,0,0,1,1,1,0,87,25,0.5,0.9963343,0.047064085,0.17308106,0
0.8447616100311279,0.7919183373451233,0.807340681552887,0.099999950000025,0,0,0,0,0,1,1,1,1,100,53,0.5238095238095238,0.9999392,0.004083896,5.5714736e-05,0
0.8304955959320068,0.7691551446914673,0.0,0.0714285204081997,0,0,0,0,0,1,1,0,0,102,1,0.5476190476190477,0.008539261,0.000121427765,0.97017235,0
0.9352314472198486,0.8705956339836121,0.9200349450111389,0.15789465373965592,2,0,0,0,0,1,0,1,0,113,60,0.5961538461538461,1.4072434e-05,0.0011652114,0.014487316,1
0.9444679021835327,0.8772427439689636,0.0,0.2631577562327599,2,0,0,0,0,1,0,1,0,103,1,0.3846153846153846,6.162342e-06,0.107433535,0.112884454,1
0.8143283724784851,0.7976672053337097,0.8019682765007019,0.0,1,0,0,0,0,1,0,1,0,74,1,0.4554455445544554,0.013440266,0.012125489,0.04972619,1
0.9235442280769348,0.8554458022117615,0.9024839997291565,0.12499992187504883,1,0,0,0,0,1,0,1,0,103,46,0.5769230769230769,2.050613e-05,0.00039459622,0.0005125666,1
0.91709965467453,0.8629627227783203,0.8722621202468872,0.055555524691375174,1,0,0,0,0,1,0,1,0,97,82,0.5769230769230769,6.990789e-06,0.9992175,0.00014083664,1
0.91709965467453,0.85528165102005,0.8722621202468872,0.055555524691375174,1,0,0,0,0,1,0,1,0,99,82,0.5769230769230769,6.990789e-06,0.7807791,0.00014083664,1
0.9113631844520569,0.8271963596343994,0.8848983645439148,0.1428570408163994,0,0,0,0,0,1,0,0,1,99,22,0.4615384615384615,2.9413111e-05,0.00077870867,1.3203471e-05,1
0.9410421848297119,0.886918842792511,0.9217069149017334,0.15789465373965592,1,0,0,0,0,1,0,0,0,93,25,0.6346153846153846,4.8401694e-06,0.9520648,3.8004277e-05,1
0.8748399615287781,0.8421125411987305,0.0,0.06666662222225185,1,0,0,0,0,1,0,0,0,67,1,0.1842105263157895,4.8609127e-06,0.19805372,0.112884454,1
0.8758708238601685,0.7443122267723083,0.8728205561637878,0.0499999750000125,0,0,0,0,0,1,0,1,0,94,33,0.4271844660194175,0.00016739589,0.00023749392,1.906264e-05,1
0.8941436409950256,0.8705176115036011,0.8960242867469788,0.16129027055152564,0,0,0,0,0,1,0,0,1,110,25,0.7906976744186046,5.442961e-05,0.9963205,0.9997496,1
0.9096346497535706,0.8846823573112488,0.8771358728408813,0.24999987500006252,0,0,0,0,0,1,1,1,0,89,19,0.7674418604651163,2.6671098e-05,0.99556607,0.99947804,1
0.8261562585830688,0.7665616273880005,0.8248908519744873,0.0,0,0,0,0,0,1,0,1,0,106,27,0.4324324324324324,0.99987495,0.20433831,0.7025742,0
0.8261562585830688,0.7697001099586487,0.8248908519744873,0.0,0,0,0,0,0,1,0,1,0,81,27,0.4324324324324324,0.99987495,0.001899033,0.7025742,0
0.861488401889801,0.801493763923645,0.0,0.0,0,0,0,0,0,1,1,0,0,102,1,0.5060240963855422,0.9991379,0.00012644845,0.5629111,0
0.861488401889801,0.7822533249855042,0.0,0.0,0,0,0,0,0,1,1,0,0,98,1,0.45569620253164556,0.9991379,3.534785e-05,0.5629111,0
0.801569938659668,0.7760202884674072,0.0,0.0,0,0,0,0,0,1,1,1,0,88,1,0.48837209302325574,0.98961115,0.9943051,0.5629111,0
0.8272954225540161,0.797516942024231,0.0,0.12499992187504883,0,0,0,0,0,1,1,1,0,72,1,0.4651162790697675,0.99768424,2.7002552e-05,0.5629111,0
0.8374113440513611,0.8066486716270447,0.796876847743988,0.11538457100593423,0,0,1,0,0,1,0,0,0,96,27,0.41860465116279066,0.9997634,0.0011333487,0.97951275,0
0.7983602285385132,0.7700612545013428,0.786612331867218,0.0714285204081997,0,0,0,0,0,1,1,0,0,108,61,0.4324324324324324,0.0033475948,0.0054316414,0.0077601336,0
0.8368699550628662,0.7830509543418884,0.8046112656593323,0.0714285204081997,0,0,0,0,0,1,0,0,0,105,49,0.4418604651162791,0.9878982,0.00063529063,0.00042606104,0
0.8175821900367737,0.800971508026123,0.8212569952011108,0.03571427295918823,0,0,0,0,0,1,0,1,1,100,29,0.5121951219512195,0.301823,0.00021432732,0.9995427,0
0.8042626976966858,0.7722841501235962,0.0,0.07692301775152481,0,0,0,0,0,1,0,1,0,89,1,0.48837209302325574,0.7452979,0.00036091913,0.5629111,0
0.8131325244903564,0.7799303531646729,0.0,0.06249996093752441,0,0,0,0,0,1,1,1,0,98,1,0.48837209302325574,0.009076839,0.0034002308,0.5629111,0
0.8326718211174011,0.766173243522644,0.0,0.06249996093752441,0,0,0,0,0,1,1,1,0,115,1,0.41860465116279066,0.032031655,0.0001537839,0.5629111,0
0.8821298480033875,0.8153814077377319,0.0,0.23076905325457442,0,0,0,0,0,1,1,0,0,102,1,0.5517241379310345,0.0001846172,0.00021872255,0.08120335,1
0.8821298480033875,0.797603964805603,0.0,0.23076905325457442,0,0,0,0,0,1,1,0,0,98,1,0.45783132530120485,0.0001846172,2.799082e-05,0.08120335,1
0.8279662728309631,0.7878243923187256,0.8085660934448242,0.10526310249310396,0,0,0,0,0,1,1,1,0,140,51,0.56,0.0003470298,0.0060981517,8.371114e-05,0
0.8250443339347839,0.7842930555343628,0.8171740174293518,0.09523804988664292,0,0,0,0,0,1,1,0,0,111,27,0.5116279069767442,0.00038799064,0.0029903844,0.99965274,0
0.8362175822257996,0.8340905904769897,0.8375458717346191,0.1249999609375122,0,0,0,0,0,1,1,0,1,110,25,0.4782608695652174,0.00046942465,0.048855178,0.9823194,0
0.8711950182914734,0.7858607172966003,0.0,0.19047609977328583,0,0,0,0,0,1,1,1,0,97,1,0.5,0.00059555616,0.0007737094,0.08120335,0
0.8711950182914734,0.7933895587921143,0.0,0.19047609977328583,0,0,0,0,0,1,1,1,0,102,1,0.5,0.00059555616,0.9786105,0.08120335,0
0.8095418214797974,0.7831627726554871,0.7968229055404663,0.03703702331962099,0,0,1,0,0,1,1,0,0,93,27,0.5,0.054262504,0.92702216,0.3486654,0
0.872333824634552,0.8144900798797607,0.8223862051963806,0.13636357438019348,0,0,0,0,0,1,1,0,0,102,24,0.6111111111111112,0.00055951,0.0006596034,0.9963007,0
0.856157124042511,0.8199741244316101,0.831792950630188,0.1499999250000375,0,0,0,0,0,1,1,0,0,116,25,0.5434782608695652,4.1396353e-05,0.0012973158,0.000530397,0
0.8214334845542908,0.7950015068054199,0.0,0.11111104938275035,0,0,0,0,0,1,1,1,0,88,1,0.5121951219512195,0.9995228,0.552595,0.08120335,0
0.8392279744148254,0.837177574634552,0.8630912899971008,0.12499994791668836,0,0,0,0,0,1,1,1,0,132,25,0.5652173913043479,6.942062e-05,0.00075270206,0.99889743,0
0.8166574835777283,0.7666289806365967,0.7840564250946045,0.11764698961941787,0,0,0,0,0,1,1,0,0,93,21,0.5,0.9997547,0.00095533754,0.9937814,0
0.8343465924263,0.7967274785041809,0.8129899501800537,0.1333332444445037,0,0,0,0,0,1,1,0,0,130,25,0.6304347826086957,0.0006349442,0.0031167504,0.99939144,0
0.8368343710899353,0.7753958702087402,0.8152361512184143,0.0,0,0,0,0,0,1,0,1,0,87,46,0.5111111111111111,0.80859584,7.234061e-05,0.00017257048,0
0.823846697807312,0.7724149823188782,0.7908041477203369,0.1333332444445037,0,0,0,0,0,1,1,1,0,71,54,0.5434782608695652,0.9973316,8.785654e-05,8.6221546e-05,0
0.9432221055030823,0.8754739761352539,0.0,0.24999979166684028,0,0,0,0,0,1,0,1,0,111,1,0.6956521739130435,2.2894481e-05,0.0014172662,0.94282967,1
0.9432221055030823,0.8801504373550415,0.0,0.24999979166684028,0,0,0,0,0,1,0,1,0,106,1,0.44067796610169496,2.2894481e-05,0.0008275708,0.94282967,1
0.9402886629104614,0.8706724047660828,0.8783937096595764,0.1999998000002,0,0,0,0,0,1,0,1,0,116,51,0.6349206349206349,3.0882355e-05,0.0068961564,5.0322426e-05,1
0.9249166250228882,0.875171422958374,0.8860605359077454,0.06249996093752441,0,0,0,0,0,1,0,1,0,129,21,0.711864406779661,2.5439183e-05,0.0014500861,0.8351651,1
0.8977997303009033,0.8444274663925171,0.8680852651596069,0.08333326388894677,0,0,0,0,0,1,0,0,1,92,26,0.47887323943661975,0.00028743484,0.00012793677,5.0668943e-05,1
0.9183601140975952,0.8579474091529846,0.8766780495643616,0.1818180165290759,0,0,0,0,0,1,0,1,0,64,35,0.45945945945945943,0.0015473333,0.028869728,0.004600852,1
0.9008761048316956,0.87158203125,0.8814885020256042,0.16666652777789354,0,0,0,0,0,1,0,0,0,72,33,0.45945945945945943,0.00011545488,0.1371935,0.00530906,1
0.9327429533004761,0.8577246069908142,0.8807248473167419,0.0,0,0,0,0,0,1,0,1,1,89,21,0.5405405405405406,2.2821665e-05,0.00077321456,4.8408878e-05,1
0.9006304740905762,0.88081955909729,0.8601518273353577,0.09523804988664292,0,0,0,0,0,1,0,1,0,121,20,0.5675675675675675,9.5421e-06,0.001739614,0.0001228448,1
0.8794171810150146,0.8682029247283936,0.8518657684326172,0.04545452479339782,0,0,0,0,0,1,0,0,0,101,19,0.5675675675675675,2.1067537e-05,0.00017709735,0.00010235655,1
0.8779838681221008,0.8290938138961792,0.7657138109207153,0.0999999000001,0,0,0,0,0,1,0,0,0,68,5,0.375,0.8138223,0.00025756814,0.44285628,1
0.8947276473045349,0.8611740469932556,0.7657138109207153,0.09090900826453795,0,0,0,0,0,1,0,0,0,100,5,0.375,0.0061068265,0.073929854,0.44285628,1
0.9108756184577942,0.8658242225646973,0.8087006211280823,0.12499992187504883,0,0,0,0,0,1,0,1,0,114,16,0.5945945945945945,3.378795e-05,0.00021972241,0.00022053084,1
0.8150230646133423,0.814433217048645,0.7948842644691467,0.11111098765445816,0,0,0,0,0,1,0,1,0,96,35,0.5161290322580645,0.011032548,4.058048e-05,0.0068477155,0
0.8911285996437073,0.8762040138244629,0.8596733212471008,0.04545452479339782,0,0,0,0,0,1,0,1,0,87,29,0.6216216216216216,0.0001087626,0.006990093,0.99971086,1
0.8643926978111267,0.830566942691803,0.8438474535942078,0.09090900826453795,0,0,0,0,0,1,0,1,0,123,49,0.41379310344827597,2.7140246e-05,0.00011094114,0.9989753,0
0.8111099004745483,0.8173595666885376,0.0,0.0999999000001,0,0,0,0,0,1,0,1,0,107,1,0.4666666666666666,0.9948932,6.319503e-05,0.94282967,0
0.820074737071991,0.7845273017883301,0.8067237734794617,0.09090900826453795,0,0,0,0,0,1,0,0,0,91,50,0.5675675675675675,0.9996729,0.00012485705,0.0036852902,0
0.9194150567054749,0.8578793406486511,0.8777028918266296,0.1428570408163994,0,0,0,0,0,1,0,1,0,64,35,0.4782608695652174,0.0006243874,0.03630558,0.0009924514,1
0.9557239413261414,0.8766309022903442,0.0,0.49999958333368055,0,0,0,0,0,1,0,1,0,106,1,0.40816326530612246,2.3395027e-05,0.00092871184,0.9795074,1
0.897574782371521,0.8697255253791809,0.8774129152297974,0.1333332444445037,0,0,0,0,0,1,0,0,0,72,33,0.4782608695652174,3.635735e-05,0.13646589,0.0014888535,1
0.8617078065872192,0.8321657776832581,0.8397818207740784,0.08333326388894677,0,0,0,0,0,1,0,1,0,94,26,0.4545454545454546,0.99939597,0.0002591213,0.002558322,0
0.8629831075668335,0.8234103918075562,0.8379080295562744,0.0714285204081997,0,0,0,0,0,1,0,1,0,123,49,0.45614035087719296,3.3750348e-05,0.00013153678,0.9993254,0
0.9176257848739624,0.8114499449729919,0.8003038167953491,0.16666652777789354,0,0,0,0,0,1,0,1,0,102,21,0.41025641025641024,0.005481191,0.00015171638,9.0900474e-05,0
0.9117777943611145,0.8522059321403503,0.8483018279075623,0.0,0,0,0,0,0,1,0,1,0,89,17,0.5581395348837209,0.0004733727,0.9999349,0.9857444,1
0.9016132354736328,0.8594571948051453,0.7642316818237305,0.0714285204081997,0,0,0,0,0,1,0,0,0,100,5,0.375,0.06235005,0.043367855,0.24273731,1
0.8514978289604187,0.8246147036552429,0.8324779272079468,0.06666662222225185,0,0,0,0,0,1,0,1,0,115,18,0.48837209302325574,3.107015e-05,3.3209155e-05,0.24469945,0
0.9394389986991882,0.8849800229072571,0.8980772495269775,0.1764704844291268,0,0,0,1,0,1,0,1,0,129,21,0.7391304347826086,3.974717e-05,0.01737855,0.9805931,1
0.8455052971839905,0.8098442554473877,0.8332940936088562,0.07692301775152481,0,0,0,0,0,1,0,1,0,105,31,0.40449438202247184,2.8552015e-05,0.0332542,0.001459632,0
0.8877461552619934,0.8351156115531921,0.7642316818237305,0.07692301775152481,0,0,0,0,0,1,0,0,0,68,5,0.375,0.21358408,0.0002469274,0.24273731,1
0.8718252182006836,0.8082702159881592,0.7944238781929016,0.0714285204081997,0,0,0,0,0,1,0,1,0,108,55,0.4842105263157894,0.9789524,0.006662019,0.01432902,0
0.8647244572639465,0.8276320695877075,0.8274929523468018,0.09090900826453795,0,0,0,0,0,1,0,1,0,44,28,0.475,0.9997582,0.08956969,0.02318826,0
0.8641749024391174,0.8263910412788391,0.790649950504303,0.07692301775152481,0,0,0,0,0,1,0,1,0,78,29,0.4946236559139785,0.9998821,0.0021958433,0.021616526,0
0.8527899384498596,0.8011549115180969,0.814944863319397,0.0,0,0,0,0,0,1,0,1,0,75,44,0.4411764705882353,0.9999207,0.0034095456,0.00045395934,0
0.8387352228164673,0.7903329730033875,0.8300835490226746,0.03703702331962099,1,0,1,0,0,1,1,0,0,96,53,0.4854368932038835,0.00012458357,0.00051273534,0.06759371,0
0.7891514301300049,0.7876212000846863,0.8250513672828674,0.16666659722225116,1,0,0,0,0,1,1,1,0,120,29,0.4271844660194175,8.838671e-05,0.0023981964,3.4094366e-05,0
0.861086905002594,0.8410234451293945,0.0,0.04761902494332146,0,0,0,0,0,1,1,1,0,110,1,0.537037037037037,0.00029822456,0.054438,0.0026953723,0
0.8573489189147949,0.8041954040527344,0.8105945587158203,0.11111104938275035,1,0,0,0,0,1,1,1,0,114,52,0.4629629629629629,0.00026424712,0.0005625843,0.000529596,0
0.8589439988136292,0.8039530515670776,0.0,0.0,0,0,0,0,0,1,1,1,1,111,1,0.49523809523809526,0.9998369,0.0011969473,0.0026953723,0
0.8229226469993591,0.7864077091217041,0.8242226243019104,0.1499999250000375,0,0,0,0,0,1,1,0,0,104,24,0.5686274509803921,0.99022794,0.0013189522,0.0007512515,0
0.8080298900604248,0.7722558975219727,0.0,0.08695648393196351,0,0,0,0,0,1,1,0,0,94,1,0.5,0.00034135865,0.001041138,0.0026953723,0
0.8123034834861755,0.799580991268158,0.8061364889144897,0.1199999520000192,0,0,1,0,0,1,1,1,0,81,26,0.4672897196261683,0.0013187461,0.0019187543,0.0016063977,0
0.8392331004142761,0.7801540493965149,0.0,0.03703702331962099,0,0,0,0,0,1,1,1,0,101,1,0.4814814814814815,0.7810287,4.017993e-05,0.0026953723,0
0.8112607598304749,0.7818110585212708,0.7916679382324219,0.0399999840000064,0,0,0,0,0,1,1,0,0,93,22,0.42592592592592593,0.00011600372,3.3148015e-05,8.8922294e-05,0
0.8288750648498535,0.7832673192024231,0.8037919402122498,0.058823494809708936,0,0,0,0,0,1,1,1,0,115,38,0.4074074074074075,0.0007987926,0.00051312044,0.00050222216,0
0.8505386710166931,0.7833789587020874,0.8270703554153442,0.04761902494332146,0,0,0,0,0,1,1,1,0,116,45,0.5185185185185186,0.9995016,0.00046207057,0.0002783208,0
0.7832368612289429,0.749222993850708,0.774324893951416,0.0499999750000125,0,0,0,0,0,1,1,1,0,103,30,0.38888888888888884,0.9679394,0.0003016707,0.00033753394,0
0.8220844864845276,0.8079683184623718,0.831352949142456,0.08695648393196351,0,0,0,0,0,1,1,0,0,111,27,0.46601941747572817,0.9772553,0.0026774665,0.060616303,0
0.8228682279586792,0.7760834693908691,0.0,0.1499999250000375,0,0,0,0,0,1,1,0,0,118,1,0.4814814814814815,0.0007222385,9.83987e-05,0.0026953723,0
0.799884021282196,0.7721061706542969,0.7771567702293396,0.09523804988664292,0,0,0,0,0,1,1,0,0,84,49,0.449438202247191,0.44961149,0.00062140415,0.9999554,0
0.7872216701507568,0.734348714351654,0.0,0.15789465373965592,0,0,0,0,0,1,1,1,0,104,1,0.4878048780487805,0.9944938,0.002170659,0.006153225,0
0.7943589091300964,0.7391078472137451,0.7917613387107849,0.1499999250000375,0,0,1,0,0,1,1,1,0,115,50,0.4715447154471545,0.99837565,0.0014396075,0.010720375,0
0.8305708765983582,0.7956887483596802,0.8317939043045044,0.15789465373965592,0,0,0,0,0,1,1,0,0,101,17,0.4835164835164834,0.18611872,0.9658567,9.432038e-05,0
0.7923978567123413,0.7690223455429077,0.804684042930603,0.04761902494332146,0,0,0,0,0,1,1,0,1,89,23,0.4269662921348315,0.00046861888,0.0047702966,0.055385035,0
0.8242961764335632,0.7923912405967712,0.7924255728721619,0.07407404663924198,1,0,0,0,0,1,1,1,0,123,49,0.4329896907216495,0.99775726,0.0033384669,0.0029993993,0
0.8379027843475342,0.7847935557365417,0.7940881252288818,0.2631577562327599,0,0,0,0,0,1,1,0,0,109,21,0.5692307692307692,2.8279297e-05,0.001505444,0.8450624,0
0.8141193985939026,0.7602197527885437,0.8075796961784363,0.19999990000005,0,0,0,0,0,1,1,0,0,98,46,0.6,0.0012987023,0.0007259733,0.00029490932,0
0.8172292113304138,0.7564314007759094,0.7848618030548096,0.099999950000025,0,0,0,0,0,1,1,0,0,71,28,0.4920634920634921,0.99939585,0.0011042492,0.00058203423,0
0.8469040989875793,0.8026177287101746,0.813103199005127,0.0499999750000125,0,0,0,0,0,1,1,1,0,86,51,0.5076923076923077,0.9973605,0.009240671,0.00010346088,0
0.8481853604316711,0.8086665272712708,0.8358595967292786,0.099999950000025,0,0,0,0,0,1,1,0,0,111,20,0.4307692307692308,0.023131311,6.339595e-05,0.0011102005,0
0.8270127773284912,0.738226056098938,0.7720628976821899,0.16666657407412552,0,0,0,0,0,1,1,1,0,100,43,0.5,0.03501448,0.0077409483,0.0037065158,0
0.8085141777992249,0.7512204647064209,0.7900871634483337,0.11111104938275035,0,0,0,0,0,1,1,1,0,129,56,0.4920634920634921,0.99994326,0.0023410232,0.0034791382,0
0.8164467811584473,0.7732197046279907,0.0,0.0799999680000128,0,0,0,0,0,1,1,1,0,68,1,0.47244094488188976,0.9975073,5.040901e-05,0.006153225,0
0.8465164303779602,0.7895158529281616,0.8153676986694336,0.10344824019026201,0,0,0,0,0,1,1,1,0,104,56,0.4369747899159664,0.0026568836,0.0015476136,3.1139007e-05,0
0.8183544874191284,0.7885884642601013,0.804893434047699,0.1199999520000192,1,0,0,0,0,1,1,1,0,100,51,0.47692307692307684,0.9995951,0.0001374749,0.00078466354,0
0.8413764834403992,0.7881388664245605,0.8270907402038574,0.027777770061730538,0,0,0,0,0,1,1,1,1,79,20,0.4545454545454546,0.9991074,7.705067e-05,0.0006431982,0
0.8712592720985413,0.8167101740837097,0.8309526443481445,0.1818180991735913,0,0,0,0,0,1,1,0,0,90,22,0.5811965811965811,0.997216,3.199731e-05,0.119935654,0
0.9271602034568787,0.8341542482376099,0.0,0.3888886728396262,0,0,0,0,0,1,1,1,0,76,1,0.4421052631578948,7.4819354e-06,0.0002574501,0.13857545,1
0.9067522287368774,0.8531462550163269,0.8667253851890564,0.2692306656805132,0,0,0,0,0,1,1,1,0,81,22,0.8367346938775511,7.0619e-06,0.00016121063,0.99934524,1
0.8336016535758972,0.7695792317390442,0.0,0.055555524691375174,0,0,0,0,0,1,1,1,0,94,1,0.44705882352941173,0.99278814,0.00021586752,0.13857545,0
0.8338770270347595,0.778557538986206,0.0,0.1333332444445037,0,0,0,0,0,1,1,1,1,96,1,0.5384615384615384,0.9997013,0.00069569534,0.13857545,0
0.8468922972679138,0.78402179479599,0.7856829762458801,0.18749988281257324,0,0,0,0,0,1,1,0,0,89,20,0.4271844660194175,0.9474316,0.00022110721,5.828254e-05,0
0.8485283851623535,0.7694585919380188,0.8233518004417419,0.0714285204081997,0,0,0,0,0,1,1,1,0,93,52,0.5,0.9993206,0.00034187688,0.00020389915,0
0.8253122568130493,0.7904090881347656,0.798309326171875,0.10526310249310396,0,0,0,0,0,1,1,1,0,94,27,0.48888888888888893,0.0054147434,0.00067158847,0.0016692647,0
0.8478394746780396,0.8007195591926575,0.0,0.06249996093752441,0,0,0,0,0,1,1,1,1,103,1,0.5769230769230769,0.9996069,0.0020755273,0.13857545,0
0.8326284289360046,0.8014131784439087,0.8126366138458252,0.12499992187504883,0,0,0,0,0,1,1,0,0,62,23,0.5365853658536586,0.0002445929,0.48498657,1.535982e-05,0
0.8459022641181946,0.7947512269020081,0.8101720809936523,0.05263155124655198,0,0,0,0,0,1,1,1,0,82,54,0.5473684210526315,0.9977743,8.150325e-05,0.044115495,0
0.8463193774223328,0.7900187969207764,0.794120192527771,0.05263155124655198,0,0,0,0,0,1,1,0,1,73,18,0.5591397849462365,0.0006419643,0.00023429997,0.00036971172,0
0.8289920091629028,0.7930205464363098,0.801950991153717,0.15789465373965592,0,0,1,0,0,1,1,0,0,90,60,0.4736842105263158,0.011141098,4.9832288e-05,0.9810693,0
0.8189343810081482,0.8021021485328674,0.8124842643737793,0.04545452479339782,0,0,0,0,0,1,1,0,1,88,19,0.5576923076923077,0.0028363215,0.00016717975,3.161684e-05,0
0.8090240955352783,0.7749773263931274,0.8178319334983826,0.0499999750000125,0,0,0,0,0,1,1,1,0,98,53,0.48484848484848486,0.979977,0.021105349,0.0014070125,0
0.8478648066520691,0.7992328405380249,0.7869276404380798,0.06249996093752441,0,0,0,0,0,1,1,0,0,80,22,0.5961538461538461,0.9749215,0.0028156678,1.9700206e-05,0
0.7964797616004944,0.7498160004615784,0.7766701579093933,0.0,0,0,0,0,0,1,0,1,0,87,50,0.4423076923076923,0.022580253,9.229461e-05,0.007221916,0
0.8440744876861572,0.8199501633644104,0.7910306453704834,0.12499992187504883,0,0,0,0,0,1,1,0,1,69,19,0.5961538461538461,2.4367524e-05,0.00019380353,0.0009830098,0
0.8348705768585205,0.7832753658294678,0.0,0.06249996093752441,0,0,0,0,0,1,1,0,0,94,1,0.5384615384615384,0.999972,0.0023451156,0.13857545,0
0.8315109014511108,0.7961041927337646,0.0,0.13636357438019348,0,0,0,0,0,1,1,1,0,98,1,0.4807692307692307,0.82802486,0.002068152,0.13857545,0
0.8194484114646912,0.7732008695602417,0.7698091268539429,0.04545452479339782,0,0,0,0,0,1,0,1,0,16,15,0.48275862068965514,0.00024218236,0.00016730654,9.514807e-05,0
0.9708895683288574,0.8345640897750854,0.0,0.6999993000007,0,0,0,0,0,1,1,1,1,96,1,0.5686274509803921,0.00014168229,0.0030835448,0.14050704,1
0.9107505083084106,0.8351040482521057,0.8056608438491821,0.21428563775512938,0,0,1,0,0,1,1,0,0,98,26,0.6666666666666667,8.265064e-05,0.0067251087,0.013975269,1
0.8687161207199097,0.801127016544342,0.8511094450950623,0.23529397923883574,0,0,1,0,0,1,1,1,0,93,49,0.4705882352941176,0.99988806,0.0071308482,0.00046534618,0
0.8712172508239746,0.7646398544311523,0.8274909257888794,0.15384603550304962,0,0,0,0,0,1,1,1,0,93,52,0.5227272727272727,0.990767,0.0009667789,0.0003614545,0
0.8544315695762634,0.7898844480514526,0.7928847074508667,0.1764704844291268,0,0,0,0,0,1,1,0,1,73,18,0.5686274509803921,0.99994123,0.00052559806,0.005048176,0
0.7942174673080444,0.7426024079322815,0.7958019971847534,0.0799999680000128,0,0,0,0,0,1,0,1,0,108,23,0.4117647058823529,0.1857503,0.00029153257,0.995054,0
0.8428303599357605,0.787775993347168,0.0,0.21428556122459913,0,0,0,0,0,1,1,1,1,103,1,0.5294117647058824,0.0011916374,0.0031692095,0.14050704,0
0.8333173990249634,0.7672237753868103,0.8145643472671509,0.17391296786392701,0,0,0,0,0,1,1,1,0,90,48,0.5882352941176471,0.99943167,6.1326005e-05,0.004684128,0
0.805063784122467,0.775822639465332,0.7875118255615234,0.2222220987655007,0,0,1,0,0,1,1,0,0,90,60,0.4117647058823529,0.99877816,8.73486e-05,0.98263997,0
0.8023915886878967,0.7556740045547485,0.7765922546386719,0.11111104938275035,0,0,0,0,0,1,1,1,0,92,29,0.5333333333333333,0.000118662676,0.0001056763,0.0096387,0
0.8023915886878967,0.7538883090019226,0.7765922546386719,0.11111104938275035,0,0,0,0,0,1,1,1,0,106,29,0.5333333333333333,0.000118662676,0.0022719323,0.0096387,0
0.8245053887367249,0.7609376907348633,0.0,0.11764698961941787,0,0,0,0,0,1,1,1,0,94,1,0.42105263157894735,0.11161756,0.00027227448,0.14050704,0
0.7866383194923401,0.7385358810424805,0.7736116051673889,0.23529397923883574,0,0,0,0,0,1,1,1,1,127,33,0.594059405940594,0.00084891584,0.0008915475,0.0001394369,0
0.8618906140327454,0.7717716097831726,0.8087002635002136,0.24999984375009765,0,0,0,0,0,1,1,1,0,82,54,0.5544554455445545,0.9999399,0.00046362428,0.99932086,0
0.8293359875679016,0.7824500203132629,0.7835016250610352,0.11764698961941787,0,0,0,0,0,1,1,0,0,89,20,0.43956043956043955,0.9993286,0.00018603483,0.00045371376,0
0.8163689970970154,0.7769328355789185,0.7893732190132141,0.11764698961941787,0,0,0,0,0,1,1,1,0,128,33,0.5098039215686274,6.314318e-05,0.0009852682,0.00019746911,0
0.8247296214103699,0.7735574245452881,0.8166466951370239,0.18749988281257324,0,0,0,0,0,1,1,0,1,87,56,0.4705882352941176,0.005665997,0.7574959,0.92233884,0
0.8191925287246704,0.7773176431655884,0.79621422290802,0.12499992187504883,0,0,0,0,0,1,1,0,0,62,23,0.5360824742268041,0.00037721975,0.42022985,3.9505514e-05,0
0.8717909455299377,0.7955007553100586,0.0,0.1333332444445037,0,0,0,0,0,1,1,0,0,94,1,0.5294117647058824,0.99997354,0.0054146163,0.14050704,0
0.8612237572669983,0.7776678204536438,0.7839063405990601,0.11764698961941787,0,0,0,0,0,1,1,0,0,97,23,0.5060240963855422,0.00030204866,0.0003119364,1.5182853e-05,0
0.9001712203025818,0.8385728001594543,0.8524630665779114,0.04761902494332146,0,0,0,0,0,1,0,1,0,80,31,0.5208333333333333,8.168902e-05,0.0016744507,0.00016314573,1
0.9223677515983582,0.8757367134094238,0.8682884573936462,0.0,0,0,0,0,0,1,0,1,1,71,58,0.5510204081632653,0.0002696048,7.828125e-05,0.0009957132,1
0.9002490043640137,0.8611748218536377,0.8818248510360718,0.043478241965981754,0,0,0,0,0,1,0,1,0,74,35,0.5102040816326531,0.00025004687,0.0023809127,0.0010782093,1
0.9173547625541687,0.873781144618988,0.9159417152404785,0.09090904958679565,0,0,0,0,0,1,1,1,1,89,22,0.7010309278350515,2.6809596e-05,0.0016974706,0.99677426,1
0.8304752111434937,0.8000951409339905,0.8064485192298889,0.0,0,0,0,0,0,1,0,1,0,71,18,0.46938775510204084,0.999959,0.006917195,0.9995115,0
0.8908584117889404,0.8164041042327881,0.0,0.15384603550304962,0,0,0,0,0,1,1,1,0,115,1,0.5102040816326531,0.9995983,0.0010143486,0.24253154,0
0.8908584117889404,0.8229535818099976,0.0,0.15384603550304962,0,0,0,0,0,1,1,1,0,110,1,0.5102040816326531,0.9995983,0.0015495415,0.24253154,0
0.9367705583572388,0.8357530236244202,0.0,0.23076905325457442,0,0,0,0,0,1,1,1,0,120,1,0.5918367346938775,0.99970955,5.837426e-05,0.24253154,0
0.8631564974784851,0.8048934936523438,0.8120216727256775,0.07692301775152481,0,0,0,0,0,1,0,1,0,112,13,0.4705882352941176,0.999747,0.99984753,0.0025350635,0
0.8754952549934387,0.8150815963745117,0.8309418559074402,0.055555524691375174,0,0,0,0,0,1,1,1,0,112,52,0.5714285714285714,0.013493291,9.161434e-05,0.010680971,0
0.8593919277191162,0.7969529628753662,0.821929931640625,0.09090900826453795,0,0,0,0,0,1,1,1,0,88,39,0.5306122448979591,0.9942709,3.9324983e-05,0.00031028388,0
0.8573985695838928,0.7876862287521362,0.8223404288291931,0.0,0,0,0,0,0,1,0,0,0,84,11,0.4285714285714286,0.95175177,0.00048742557,0.99061275,0
0.8681728839874268,0.8272526264190674,0.8525559306144714,0.10526310249310396,0,0,0,0,0,1,1,0,0,83,24,0.46938775510204084,0.989375,7.693873e-05,0.00024271136,0
0.8505392074584961,0.81922447681427,0.8406422138214111,0.0499999750000125,0,0,0,0,0,1,1,1,1,129,59,0.5434782608695652,0.9997702,0.012114186,0.0033753144,0
0.8411052227020264,0.8222343921661377,0.8219650983810425,0.0,0,0,0,0,0,1,0,1,0,105,17,0.3877551020408163,0.90790576,0.0005862942,0.37312648,0
0.8705491423606873,0.8315188884735107,0.8433220386505127,0.39999973333351113,1,0,0,0,0,1,1,1,0,79,56,0.5365853658536586,0.00027556613,0.000720307,7.847934e-05,0
0.9150446653366089,0.9009494185447693,0.0,0.49999972222237654,1,0,0,0,0,1,1,1,0,88,1,0.5611510791366907,0.0030868773,0.18376577,0.41115424,1
0.9150446653366089,0.8894094824790955,0.0,0.49999972222237654,1,0,0,0,0,1,1,1,0,74,1,0.6382978723404256,0.0030868773,0.9979366,0.41115424,1
0.9182957410812378,0.882286787033081,0.8774909377098083,0.22580637877213589,1,0,0,0,0,1,1,0,1,102,23,0.5815602836879432,1.0899303e-05,0.9840448,0.99443734,1
0.8811801075935364,0.8963544964790344,0.0,0.26086945179589055,0,0,0,0,0,1,1,1,0,98,1,0.5833333333333333,0.0017856817,0.59607184,0.41115424,1
0.8613481521606445,0.8392839431762695,0.0,0.20833324652781396,1,0,0,0,0,1,1,1,0,86,1,0.45833333333333337,0.99694663,0.000535605,0.41115424,0
0.8419384956359863,0.8223111629486084,0.854776918888092,0.24999989583337673,1,0,0,0,0,1,1,0,0,116,23,0.5,0.0165039,0.0002478364,8.431035e-05,0
0.8592142462730408,0.8461355566978455,0.0,0.36842085872586383,0,0,0,0,0,1,1,1,0,87,1,0.5972222222222222,0.0055048238,0.0013951517,0.41115424,0
0.8493375182151794,0.8414069414138794,0.8627604842185974,0.21874993164064635,1,0,0,0,0,1,1,0,0,121,23,0.45925925925925926,0.0007934761,0.0012027075,0.0237196,0
0.851063072681427,0.8199275135993958,0.8178262710571289,0.1499999250000375,1,0,0,0,0,1,0,1,1,73,19,0.5333333333333333,0.99943024,0.0002443006,0.9965501,0
0.8768271803855896,0.8394672870635986,0.0,0.3529409688582536,0,0,0,0,0,1,1,1,1,109,1,0.6323529411764706,0.99945515,0.003252015,0.41115424,0
0.8780570030212402,0.8312214612960815,0.8465338349342346,0.16666659722225116,0,0,0,0,0,1,1,0,1,83,22,0.6271186440677966,0.9995066,0.0006177707,0.9976133,0
0.7591890096664429,0.7271347045898438,0.7796334624290466,0.0,0,0,0,0,0,1,0,1,0,104,23,0.3538461538461538,0.9997353,5.565818e-05,0.00011129052,0
0.8100336790084839,0.8042236566543579,0.7992681860923767,0.17391296786392701,1,0,0,0,0,1,0,1,0,84,22,0.460431654676259,0.17047216,3.327637e-05,7.234025e-05,0
0.791898250579834,0.776904284954071,0.8122270703315735,0.0499999750000125,0,0,0,0,0,1,0,1,0,71,17,0.3620689655172413,0.19763964,0.0086382255,0.25973076,0
0.9192593097686768,0.8894908428192139,0.0,0.46666635555576297,1,0,0,0,0,1,1,1,0,87,1,0.6949152542372881,0.00030367146,0.004727384,0.31831852,1
0.859394907951355,0.8169530630111694,0.0,0.35714260204099857,0,0,0,0,0,1,1,1,1,109,1,0.5486725663716814,0.07514611,0.0008561363,0.31831852,0
0.859394907951355,0.8202438950538635,0.0,0.35714260204099857,0,0,0,0,0,1,1,1,1,137,1,0.5254237288135593,0.07514611,0.00283879,0.31831852,0
0.8470603227615356,0.8158224821090698,0.0,0.19047609977328583,0,0,0,0,0,1,1,1,0,86,1,0.46,0.99917513,0.00010863467,0.31831852,0
0.8263379335403442,0.8117623329162598,0.836042046546936,0.1818180991735913,0,0,0,0,0,1,1,0,0,116,23,0.4576271186440678,0.00090670754,0.0003789444,0.0012558126,0
0.8269831538200378,0.8240143060684204,0.8445894122123718,0.16666661111112963,0,0,0,0,0,1,1,0,0,121,23,0.5254237288135593,0.0059668086,0.00035603426,0.032230552,0
0.853080153465271,0.8118413090705872,0.8359957933425903,0.09090904958679565,0,0,0,0,0,1,1,0,1,83,22,0.5142857142857142,0.023278952,0.00054420857,0.9786982,0
0.8651109933853149,0.8263395428657532,0.8443229794502258,0.10526310249310396,0,0,1,0,0,1,0,1,0,94,37,0.47457627118644063,0.99996793,0.0009831059,0.99988747,1
0.8317940831184387,0.8063899278640747,0.7995113134384155,0.18749988281257324,0,0,0,0,0,1,0,1,1,73,19,0.47457627118644063,0.038843907,4.3426462e-05,0.00039969425,0
0.84940505027771,0.8286665678024292,0.0,0.21052620498620792,0,0,0,0,0,1,1,1,0,74,1,0.5172413793103448,0.0005395335,0.005755018,0.31831852,0
0.757537305355072,0.7154313325881958,0.7655833959579468,0.0,0,0,0,0,0,1,0,1,0,104,23,0.35416666666666663,0.9817261,4.5741584e-05,0.00087237655,0
0.8472131490707397,0.8367624878883362,0.8316494822502136,0.1333332888889037,0,0,0,0,0,1,1,0,1,102,23,0.49122807017543857,5.526327e-05,0.0007325652,0.012496646,0
0.791671872138977,0.7525471448898315,0.7870280742645264,0.06249996093752441,0,0,0,0,0,1,0,1,0,71,17,0.34343434343434337,0.01858857,0.0075134304,0.31439388,0
0.8147486448287964,0.7927822470664978,0.8112372159957886,0.30769207100609924,0,0,0,0,0,1,0,1,0,88,19,0.4329896907216495,0.9987404,0.00014575601,0.00019972722,0
0.9118959903717041,0.8455206751823425,0.877307116985321,0.21428556122459913,0,0,0,0,0,1,1,1,0,131,54,0.6909090909090909,5.1280413e-06,0.0043916814,0.00026232947,1
0.9495876431465149,0.8260025978088379,0.8566321134567261,0.3333329629633745,0,0,0,0,0,1,1,1,0,81,29,0.6206896551724138,6.899536e-05,0.0039760885,2.6744367e-05,1
0.8018781542778015,0.775150716304779,0.787304699420929,0.0,0,0,0,0,0,1,0,1,0,103,16,0.5631067961165048,0.018444868,0.23016948,0.97584915,1
0.8093732595443726,0.7600469589233398,0.7872394919395447,0.0,0,0,0,0,0,1,0,1,0,101,42,0.38888888888888884,0.9620514,0.0004338079,0.00065636844,0
0.801114559173584,0.7430179119110107,0.758114755153656,0.0,0,0,0,0,0,1,0,1,1,128,50,0.42105263157894735,0.99995196,0.00013734163,0.00027852663,0
0.8326129913330078,0.7944122552871704,0.8134176731109619,0.0,0,0,0,0,0,1,1,1,0,86,57,0.6140350877192983,0.99747306,0.00048164514,0.00081083056,0
0.8309897780418396,0.7829835414886475,0.8095877766609192,0.0,0,0,0,0,0,1,1,1,0,104,56,0.4752475247524752,0.9988318,0.00050840515,0.014843931,0
0.8236942291259766,0.7611414790153503,0.7908061742782593,0.0,0,0,0,0,0,1,0,1,0,111,44,0.45614035087719296,0.9999628,0.00027302254,0.0012751623,0
0.7841512560844421,0.7338835000991821,0.760341465473175,0.0,0,0,0,0,0,1,0,1,1,57,16,0.11764705882352944,0.83285046,0.03579866,0.14805445,0
0.7841512560844421,0.7340431213378906,0.760341465473175,0.0,0,0,0,0,0,1,0,1,1,70,16,0.11764705882352944,0.83285046,0.028209994,0.14805445,0
0.7589677572250366,0.7294612526893616,0.7625399231910706,0.0,0,0,0,0,0,1,0,1,1,46,29,0.11764705882352944,0.34661022,0.03516999,0.00068778166,0
0.814336895942688,0.7857690453529358,0.7931933403015137,0.0,0,0,0,0,0,1,0,1,0,102,24,0.4,0.9990318,0.00028181594,0.9857512,0
0.814336895942688,0.777336597442627,0.7931933403015137,0.0,0,0,0,0,0,1,0,1,0,86,24,0.4,0.9990318,0.00037713934,0.9857512,0
0.8462750315666199,0.7726761102676392,0.8137469291687012,0.0,0,0,0,0,0,1,1,1,0,97,53,0.5964912280701755,0.9996909,3.0383422e-05,2.248312e-05,0
0.8192852139472961,0.7924309968948364,0.7871474623680115,0.15384603550304962,0,0,0,0,0,1,1,1,1,100,16,0.5263157894736843,0.99004096,0.3960673,0.0012737099,0
0.8689401745796204,0.8119699358940125,0.8347650766372681,0.0,0,0,0,0,0,1,1,1,0,106,51,0.4752475247524752,3.7983653e-05,0.0009002874,3.3789423e-05,0
0.8364043235778809,0.7928130030632019,0.8269862532615662,0.06249996093752441,0,0,0,0,0,1,1,1,0,117,53,0.485981308411215,0.019571165,0.0034319668,0.0022534053,0
0.8835821747779846,0.806194543838501,0.854813277721405,0.1764704844291268,0,0,0,0,0,1,1,1,1,151,37,0.5569620253164558,0.0001773219,0.013535349,0.00016814665,0
0.8197378516197205,0.7719711661338806,0.8045752048492432,0.08823526816609759,1,0,0,0,0,1,1,0,0,92,60,0.47887323943661975,0.027376141,0.00012727853,0.067056514,0
0.874667763710022,0.7869089841842651,0.7687771916389465,0.08695648393196351,0,0,1,0,0,1,0,1,0,133,13,0.41860465116279066,1.3091565e-05,0.00088992383,0.008201356,0
0.83977872133255,0.7791340947151184,0.790855348110199,0.09523804988664292,0,0,0,0,0,1,0,1,0,125,22,0.5365853658536586,0.44554624,0.00060356373,0.0809319,0
0.8926677107810974,0.8562491536140442,0.7989316582679749,0.33333314814825105,1,0,0,0,0,1,1,1,0,115,61,0.49056603773584906,0.9957088,0.034193512,0.009115967,0
0.8860053420066833,0.8230050206184387,0.8148279786109924,0.14285707482996438,0,0,0,0,0,1,1,1,0,104,31,0.5492957746478873,2.6142048e-05,0.00024797104,4.8528924e-05,0
0.850653886795044,0.7819376587867737,0.0,0.027777770061730538,0,0,1,0,0,1,0,1,1,140,1,0.41860465116279066,0.0011775098,0.694693,0.0075919037,0
0.7944143414497375,0.7644127607345581,0.7540941834449768,0.0799999680000128,0,0,1,0,0,1,0,1,0,84,17,0.3820224719101124,0.00018612364,0.018620158,0.011060764,0
0.7944143414497375,0.7402284145355225,0.7540941834449768,0.0799999680000128,0,0,1,0,0,1,0,1,0,61,17,0.3820224719101124,0.00018612364,0.000313677,0.011060764,0
0.8418081998825073,0.7845427393913269,0.8028876185417175,0.1818180991735913,0,0,0,0,0,1,1,1,0,125,53,0.4615384615384615,0.011547466,0.0027502575,0.1627634,0
0.7900072932243347,0.7695064544677734,0.7540941834449768,0.043478241965981754,0,0,1,0,0,1,0,1,0,118,17,0.3870967741935484,0.0019070832,0.009153819,0.011060764,0
0.7900072932243347,0.7734236717224121,0.7540941834449768,0.043478241965981754,0,0,1,0,0,1,0,1,0,120,17,0.3870967741935484,0.0019070832,0.0009921408,0.011060764,0
0.8250797986984253,0.7259820699691772,0.7540941834449768,0.0499999750000125,0,0,0,0,0,1,0,1,0,76,17,0.4067796610169492,0.0069927564,0.00044257412,0.011060764,0
0.7997490167617798,0.7925633788108826,0.7540941834449768,0.0499999750000125,0,0,0,0,0,1,0,1,0,81,17,0.4067796610169492,0.0023516011,0.0002713313,0.011060764,0
0.8487392067909241,0.7840326428413391,0.7587422728538513,0.19047609977328583,0,0,0,0,0,1,1,1,1,121,29,0.5,2.5910382e-05,0.0013242369,0.015129295,0
0.805482029914856,0.7881709933280945,0.7769811153411865,0.2222220987655007,0,0,0,0,0,1,1,1,0,74,24,0.46478873239436624,0.98827946,0.00027691934,0.0001208718,0
0.8212947249412537,0.785764217376709,0.8233585357666016,0.16666661111112963,0,0,0,0,0,1,1,1,1,111,35,0.5915492957746479,1.692926e-05,0.0006697764,3.6657635e-05,0
0.7660937309265137,0.7304731607437134,0.7540941834449768,0.0399999840000064,0,0,0,0,0,1,0,1,0,87,17,0.4225352112676056,0.0029425602,4.6524518e-05,0.011060764,0
0.7660937309265137,0.7456098198890686,0.7540941834449768,0.0399999840000064,0,0,0,0,0,1,0,1,0,83,17,0.4225352112676056,0.0029425602,0.0002499399,0.011060764,0
0.9163830876350403,0.8741915225982666,0.8913754820823669,0.2631577562327599,0,0,0,0,0,1,1,1,1,95,52,0.6788990825688073,1.7749975e-05,0.017081173,0.00013369568,1
0.8922134041786194,0.8622649312019348,0.8221472501754761,0.2222220987655007,0,0,1,0,0,1,1,1,1,97,42,0.5739130434782609,3.2507254e-05,0.0004956358,0.00022032097,1
0.8899561762809753,0.8018988966941833,0.0,0.21428556122459913,0,0,0,0,0,1,1,0,0,97,1,0.6105263157894737,0.9997837,0.00015361136,0.09090919,0
0.864026665687561,0.8014337420463562,0.8365834951400757,0.11111104938275035,0,0,0,0,0,1,1,1,0,92,57,0.4516129032258065,0.9962574,0.00027375962,0.07689615,0
0.8124631643295288,0.7808384299278259,0.7857984900474548,0.0499999750000125,0,0,0,0,0,1,1,1,0,89,53,0.4666666666666666,0.9958175,0.010041639,0.00017139775,0
0.8470858335494995,0.8193674683570862,0.8344159126281738,0.1499999250000375,1,0,0,0,0,1,1,1,1,99,50,0.4354838709677418,0.32634595,0.000117781354,0.012350977,0
0.8519512414932251,0.7928981781005859,0.0,0.11764698961941787,1,0,0,0,0,1,1,1,0,104,1,0.5137614678899083,0.99925524,0.506793,0.09090919,0
0.8496013283729553,0.8052008152008057,0.0,0.18749988281257324,0,0,0,0,0,1,1,0,0,115,1,0.5869565217391304,0.99997306,0.00075824413,0.09090919,0
0.8231610655784607,0.7758139967918396,0.8110788464546204,0.1764704844291268,1,0,0,0,0,1,1,1,0,109,53,0.43999999999999995,0.79142237,0.0003158794,0.18208794,0
0.866422712802887,0.8145006895065308,0.8351497054100037,0.18749988281257324,0,0,0,0,0,1,1,1,0,79,52,0.5483870967741935,0.99988854,0.0011465152,0.0070023937,0
0.7925206422805786,0.7369961738586426,0.7682508230209351,0.0,0,0,0,0,0,1,1,1,1,98,13,0.4516129032258065,0.03975264,7.766924e-05,0.00010613846,0
0.8535297513008118,0.8133276104927063,0.8354278802871704,0.11111104938275035,0,0,0,0,0,1,0,1,0,104,54,0.46774193548387105,0.028981753,0.0001829829,0.0005731775,0
0.8251146674156189,0.7694163918495178,0.7854740619659424,0.05263155124655198,0,0,0,0,0,1,1,1,0,74,28,0.4354838709677418,0.9932961,0.003083494,0.0005340683,0
0.8251146674156189,0.7697896957397461,0.7854740619659424,0.05263155124655198,0,0,0,0,0,1,1,1,0,81,28,0.4354838709677418,0.9932961,0.001089729,0.0005340683,0
0.7930206060409546,0.7741345763206482,0.7713887095451355,0.058823494809708936,0,0,0,0,0,1,1,1,0,111,37,0.41666666666666663,0.019690609,0.03408852,0.00011033351,0
0.8160438537597656,0.7639964818954468,0.7902462482452393,0.055555524691375174,0,0,0,0,0,1,1,1,0,113,31,0.43478260869565216,0.0019023597,0.00032001708,0.0014758508,0
0.8184789419174194,0.7913698554039001,0.8226971626281738,0.06249996093752441,0,0,0,0,0,1,1,1,1,70,19,0.3870967741935484,0.9999417,0.000105675754,0.024997184,0
0.7514541149139404,0.0,0.0,0.0,0,0,0,0,0,1,0,1,0,1,1,0.08333333333333337,0.9953289,0.09090919,0.09090919,0
0.8042896389961243,0.7653213143348694,0.7825812101364136,0.058823494809708936,0,0,0,0,0,1,1,1,0,83,32,0.40384615384615385,0.999503,0.01524146,0.9999192,0
0.808965265750885,0.7755066752433777,0.8082783222198486,0.0,0,0,0,0,0,1,1,1,1,119,52,0.4375,0.998719,0.00072048174,0.00031152007,0
0.9654834270477295,0.8969972729682922,0.9241196513175964,0.42857112244919826,1,0,0,0,0,1,1,1,0,79,52,0.6825396825396826,4.3417185e-05,0.0010576156,0.0001650772,1
0.9201955795288086,0.8662914633750916,0.8970064520835876,0.16666657407412552,0,0,0,0,0,1,0,1,0,104,54,0.6825396825396826,5.4917396e-05,0.00065331155,7.374872e-05,1
0.9392632246017456,0.8622794151306152,0.9023330807685852,0.0499999750000125,0,0,0,0,0,1,1,1,0,92,57,0.43333333333333335,3.8269296e-05,0.00020021957,0.42518625,1
0.8447064161300659,0.8038392663002014,0.8160985112190247,0.21052620498620792,0,0,1,0,0,1,1,1,1,97,42,0.49557522123893805,0.99996424,0.0003882255,0.0004378118,0
0.8064479231834412,0.7661994099617004,0.7987604141235352,0.07142854591837645,0,0,0,0,0,1,1,1,0,97,35,0.5040650406504066,7.438319e-05,0.00019004317,0.0002701614,0
0.8054797053337097,0.7844932675361633,0.8016670942306519,0.06666664444445185,0,0,0,0,0,1,1,1,0,68,25,0.4752475247524752,0.000192077,5.1199626e-05,0.0019517991,0
0.9112594723701477,0.8439494967460632,0.0,0.19999986666675557,0,0,0,0,0,1,1,0,0,97,1,0.5185185185185186,0.99171036,0.00019075852,0.086291775,0
0.8365647792816162,0.8068752884864807,0.812386691570282,0.11111106995886298,0,0,0,0,0,1,1,1,0,165,51,0.5436893203883495,0.016840378,0.005790726,0.0024334772,0
0.8305456042289734,0.7619020342826843,0.8092870712280273,0.1333332444445037,0,0,0,0,0,1,1,1,0,109,25,0.5576923076923077,0.0014766158,0.0001494138,0.00036552534,0
0.8377511501312256,0.7793835401535034,0.0,0.1333332444445037,1,0,0,0,0,1,1,1,0,96,1,0.4603174603174603,0.009229805,0.90851784,0.086291775,0
0.8513190150260925,0.8244431018829346,0.8540462255477905,0.08695648393196351,0,0,0,0,0,1,1,1,1,95,52,0.5233644859813085,0.99902105,0.0029172562,0.00017796115,0
0.8620887994766235,0.8048643469810486,0.0,0.058823494809708936,1,0,0,0,0,1,1,1,0,112,1,0.4920634920634921,0.98692256,0.00091917784,0.086291775,0
0.8247014880180359,0.7911382913589478,0.8248425722122192,0.04545452479339782,0,0,0,0,0,1,0,1,0,115,70,0.5396825396825398,0.0018439917,0.02811586,0.00037274792,0
0.8399438858032227,0.8082274198532104,0.8320256471633911,0.07142854591837645,0,0,0,0,0,1,0,0,0,81,29,0.48888888888888893,0.9860553,0.99539006,0.024100939,0
0.8611584901809692,0.8012619614601135,0.7934759259223938,0.12499992187504883,1,0,0,0,0,1,1,1,0,111,49,0.4943820224719101,0.9996325,0.988226,0.00037132745,0
0.8563656806945801,0.7890141606330872,0.8090869188308716,0.18749988281257324,0,0,0,0,0,1,1,1,0,85,21,0.48,0.9996853,0.00015033237,0.000523669,0
0.8143486976623535,0.7769783139228821,0.7716982364654541,0.055555524691375174,1,0,0,0,0,1,0,1,0,72,33,0.4380952380952381,0.008627446,0.0007424374,9.788809e-05,0
0.832362949848175,0.7811014652252197,0.7787582278251648,0.04761902494332146,1,0,0,0,0,1,1,1,0,106,25,0.4603174603174603,0.00867531,0.9978275,0.05166196,0
0.854411244392395,0.812136173248291,0.8316419720649719,0.10526310249310396,0,0,0,0,0,1,1,1,0,104,52,0.5272727272727273,0.9981476,0.0041695144,4.9575257e-05,0
0.8600499629974365,0.7970542311668396,0.8264857530593872,0.09090904958679565,0,0,0,0,0,1,1,0,0,99,27,0.46399999999999997,0.9986885,0.0036321299,0.029664142,0
0.8397008180618286,0.8075928092002869,0.0,0.13043472589794528,0,0,0,0,0,1,1,1,0,102,1,0.5348837209302326,0.0014571146,8.4501284e-05,0.0010254701,0
0.8339950442314148,0.802634060382843,0.8213985562324524,0.27777762345687584,0,0,0,0,0,1,1,1,0,110,50,0.48837209302325574,0.0011254859,0.0036881815,0.00817258,0
0.8392086625099182,0.7888641953468323,0.8079233765602112,0.14814809327848397,0,0,0,0,0,1,1,1,0,112,28,0.4810126582278481,0.000871823,0.0007978455,0.0030795063,0
0.8491518497467041,0.8068332672119141,0.8101256489753723,0.19999990000005,1,0,0,0,0,1,1,1,0,108,53,0.475,0.9954732,0.00056607986,0.00073031953,0
0.8214339017868042,0.7513498067855835,0.0,0.21428556122459913,0,0,0,0,0,1,1,1,0,119,1,0.4651162790697675,0.99935573,0.0011245345,0.0010254701,0
0.8214339017868042,0.7505631446838379,0.0,0.21428556122459913,0,0,0,0,0,1,1,1,0,115,1,0.4651162790697675,0.99935573,0.00020747357,0.0010254701,0
0.8158225417137146,0.7984344363212585,0.8156768083572388,0.099999950000025,0,0,0,0,0,1,1,0,0,99,47,0.49411764705882355,0.0027835735,0.002234203,0.000109624874,0
0.8218703269958496,0.7877053618431091,0.7956780791282654,0.0799999680000128,0,0,1,0,0,1,1,0,1,91,22,0.5348837209302326,0.9794087,0.00069670443,0.00018834905,0
0.8326650261878967,0.7935342192649841,0.7990130186080933,0.09999996666667778,1,0,0,0,0,1,1,0,0,102,25,0.48571428571428577,0.9981895,0.0009612,0.0002017076,0
0.8515145182609558,0.803786039352417,0.8077134490013123,0.29411747404854466,1,0,1,0,0,1,1,1,0,118,58,0.5116279069767442,0.009131856,0.0013240965,9.138247e-05,0
0.8112257719039917,0.7674425840377808,0.8163121938705444,0.055555524691375174,0,0,0,0,0,1,1,1,0,115,51,0.5066666666666666,0.0004023632,0.00014434464,0.0006194457,0
0.834202766418457,0.7814449667930603,0.8200926184654236,0.13636357438019348,0,0,0,0,0,1,1,0,1,104,25,0.47887323943661975,0.9935841,0.0025674256,0.010529946,0
0.7937182784080505,0.765369176864624,0.81705641746521,0.16666657407412552,0,0,0,0,0,1,1,0,0,105,57,0.48837209302325574,0.115427814,0.00026077547,0.99492896,0
0.804336667060852,0.7824087738990784,0.816685676574707,0.14285707482996438,0,0,0,0,0,1,1,0,0,98,26,0.4651162790697675,0.0001311453,0.0012995853,5.2248797e-05,0
0.7928205132484436,0.7636159658432007,0.7803056836128235,0.14285707482996438,0,0,0,0,0,1,1,1,0,97,21,0.4651162790697675,0.9974874,3.339085e-05,0.00039811194,0
0.807496190071106,0.7692563533782959,0.8050245046615601,0.04761902494332146,0,0,0,0,0,1,1,1,0,105,25,0.5348837209302326,0.0009995418,0.99845695,0.0011433017,0
0.8387066125869751,0.7889685034751892,0.8174826502799988,0.15789465373965592,1,0,0,0,0,1,1,1,0,131,52,0.48837209302325574,0.00051290874,0.0017693453,0.0007812386,0
0.8370429277420044,0.8265929222106934,0.8525797128677368,0.11764698961941787,0,0,0,0,0,1,0,0,0,96,31,0.5116279069767442,0.97701275,0.009304847,0.7829628,0
0.8118266463279724,0.7780284285545349,0.0,0.19999986666675557,0,0,0,0,0,1,1,0,0,105,1,0.5116279069767442,0.0037304205,0.00036062975,0.0010254701,0
0.937773585319519,0.8588612675666809,0.8547860383987427,0.6428566836737974,1,0,0,0,0,1,1,1,0,105,25,0.8187919463087249,4.0513933e-06,0.9972138,3.8829534e-05,1
0.9177423119544983,0.8612051606178284,0.0,0.4499997750001125,1,0,0,0,0,1,1,1,0,154,1,0.5375,1.0536461e-05,0.00027239733,0.9967874,1
0.9281075596809387,0.8526644706726074,0.8981122970581055,0.42857112244919826,1,0,0,0,0,1,1,1,0,115,51,0.48920863309352514,4.148637e-06,9.139461e-05,3.6313613e-05,1
0.812282919883728,0.7781368494033813,0.0,0.15789465373965592,0,0,0,0,0,1,1,1,0,140,1,0.45390070921985815,0.99937135,0.0020134088,0.9967874,0
0.7965369820594788,0.7578378319740295,0.8074218034744263,0.10526310249310396,0,0,0,0,0,1,1,1,0,99,31,0.41481481481481486,0.9866775,0.0039498196,1.051462e-05,0
0.8277557492256165,0.7759438753128052,0.7733880281448364,0.13636357438019348,0,0,1,0,0,1,1,1,0,96,24,0.45517241379310347,0.9982408,0.0006293852,0.0048081647,0
0.839400589466095,0.8225038051605225,0.8386553525924683,0.13793098692034933,1,0,0,0,0,1,1,0,0,97,26,0.4833333333333333,0.9997378,0.00033307413,0.00013991438,0
0.8290450572967529,0.7834379076957703,0.8179917335510254,0.09523804988664292,0,0,0,0,0,1,0,1,0,95,21,0.41891891891891897,0.011125123,0.009614324,0.0007582286,0
0.8290450572967529,0.7814518213272095,0.0,0.09523804988664292,0,0,0,0,0,1,0,1,1,98,1,0.6666666666666667,0.011125123,3.8220376e-05,0.9967874,0
0.8384277820587158,0.7803943157196045,0.8321244120597839,0.10526310249310396,0,0,0,0,0,1,0,1,0,89,17,0.4736842105263158,0.0120841665,0.0010714688,0.9299297,0
0.8384804129600525,0.7965885996818542,0.8321244120597839,0.0499999750000125,0,0,0,0,0,1,0,1,0,100,17,0.4736842105263158,0.016249582,2.7389402e-05,0.9299297,0
0.8355059623718262,0.7879992127418518,0.8384311199188232,0.10526310249310396,0,0,0,0,0,1,0,1,0,81,52,0.3939393939393939,0.0115411095,0.00037514162,0.0005995437,0
0.790195882320404,0.7691411375999451,0.8073930144309998,0.0624999804687561,0,0,0,0,0,1,1,1,1,119,25,0.4563758389261745,0.000114544084,0.0009811539,0.99767524,0
0.8156259059906006,0.7697873115539551,0.7981911301612854,0.09090904958679565,0,0,0,0,0,1,0,1,0,83,44,0.4375,0.00081816886,1.3401806e-05,0.00057632977,0
0.8814101219177246,0.841116726398468,0.8164585828781128,0.15789465373965592,0,0,0,0,0,1,1,0,0,106,23,0.7088607594936708,0.00058523717,0.00010280553,0.0020880352,1
0.8416104316711426,0.7894852161407471,0.0,0.10526310249310396,0,0,0,0,0,1,1,0,0,117,1,0.5111111111111111,0.004292438,0.0014944827,0.089135855,0
0.8374271988868713,0.7719138264656067,0.0,0.06249996093752441,0,0,0,0,0,1,1,1,0,116,1,0.5510204081632653,0.01689635,0.0055680396,0.089135855,0
0.7856893539428711,0.7490563988685608,0.7686418890953064,0.12499992187504883,0,0,0,0,0,1,1,0,0,94,22,0.43478260869565216,0.99402267,0.007522057,0.9885306,0
0.8132659792900085,0.7505474090576172,0.0,0.04166664930556279,0,0,1,0,0,1,1,0,0,91,1,0.5306122448979591,0.9999293,0.00052988477,0.089135855,0
0.8339611291885376,0.7703415751457214,0.7860870957374573,0.058823494809708936,0,0,0,0,0,1,1,1,0,93,20,0.5510204081632653,0.9987017,0.0025424846,0.0113256695,0
0.8388391137123108,0.7600923180580139,0.7757706046104431,0.06666662222225185,0,0,0,0,0,1,1,0,0,119,34,0.46938775510204084,0.9938453,0.06967075,0.0028139232,0
0.8271560668945312,0.7474964261054993,0.7807469964027405,0.0,0,0,0,0,0,1,1,1,0,112,60,0.3877551020408163,0.9987386,0.00016167098,0.33163285,0
0.8158260583877563,0.7728300094604492,0.0,0.06249996093752441,0,0,0,0,0,1,1,0,0,83,1,0.5102040816326531,0.9641805,0.00023675224,0.089135855,0
0.8098176121711731,0.7519386410713196,0.0,0.055555524691375174,0,0,1,0,0,1,1,1,0,108,1,0.5102040816326531,0.99800485,0.00066741195,0.089135855,0
0.8065351843833923,0.7594196200370789,0.7900881767272949,0.0499999750000125,0,0,0,0,0,1,1,0,0,82,23,0.5185185185185186,0.037870683,8.633578e-05,0.0016290785,0
0.7851724624633789,0.7534918189048767,0.0,0.10526310249310396,0,0,0,0,0,1,1,0,0,82,1,0.4285714285714286,0.9998331,0.0006674071,0.089135855,0
0.8113725781440735,0.7613141536712646,0.7824899554252625,0.09090904958679565,0,0,1,0,0,1,1,0,0,100,22,0.45569620253164556,0.07639512,0.021777553,2.2774477e-05,0
0.8276277780532837,0.7578975558280945,0.7842482328414917,0.055555524691375174,0,0,0,0,0,1,1,1,0,93,28,0.4285714285714286,0.9849023,9.967885e-05,0.9999386,0
0.809682309627533,0.7556183338165283,0.8139105439186096,0.06666662222225185,0,0,0,0,0,1,1,1,0,87,16,0.46938775510204084,0.16433886,0.004127402,0.0010308411,0
0.8135769367218018,0.7565296292304993,0.7902909517288208,0.058823494809708936,0,0,0,0,0,1,1,1,0,129,54,0.4878048780487805,0.022848908,0.0008867532,0.0014830417,0
0.8089833855628967,0.7578460574150085,0.7660993337631226,0.06666662222225185,0,0,0,0,0,1,1,0,0,93,30,0.4897959183673469,0.99555284,0.0020524315,0.00463482,0
0.79941326379776,0.7515000700950623,0.7810295224189758,0.12499992187504883,0,0,0,0,0,1,1,1,0,115,54,0.4285714285714286,0.99985254,0.00033957255,0.00016977864,0
0.7801905870437622,0.7481290698051453,0.0,0.05263155124655198,0,0,0,0,0,1,1,1,0,64,1,0.4897959183673469,0.035547893,0.0006173373,0.089135855,0
0.8256284594535828,0.7568618059158325,0.7760096192359924,0.06666662222225185,0,0,0,0,0,1,1,1,0,101,54,0.5,0.99665546,0.041207198,0.0010073738,0
0.9585636854171753,0.8644213080406189,0.0,0.23076905325457442,0,0,0,0,0,1,1,1,0,116,1,0.6666666666666667,4.8411184e-05,0.008028602,0.006362987,1
0.968978226184845,0.8720095753669739,0.8219723105430603,0.4166663194447338,0,0,0,0,0,1,1,1,0,93,20,0.8627450980392157,2.3028299e-05,0.0023792419,0.00066900486,1
0.8342540860176086,0.7839863300323486,0.7825279235839844,0.0499999750000125,0,0,0,0,0,1,1,1,1,93,26,0.48837209302325574,0.00024333311,0.0021146531,9.403623e-05,0
0.8333529233932495,0.7913276553153992,0.8147661685943604,0.0499999750000125,0,0,0,0,0,1,1,0,0,106,23,0.5517241379310345,0.00023186172,4.1245577e-05,0.0014654618,0
0.8234536051750183,0.7887071371078491,0.8131383061408997,0.09090904958679565,0,0,0,0,0,1,1,0,0,106,26,0.4731182795698925,7.344426e-05,0.0003089037,0.00024963322,0
0.8388482332229614,0.8215712904930115,0.7993391156196594,0.0,0,0,0,0,0,1,1,0,0,89,22,0.5098039215686274,0.00075168855,0.0019728919,7.8614416e-05,0
0.8401476144790649,0.7750697135925293,0.7797722816467285,0.0,0,0,0,0,0,1,1,1,0,112,60,0.4117647058823529,0.0003211289,0.000116160656,0.07190792,0
0.799447238445282,0.7731611728668213,0.7976688742637634,0.058823494809708936,0,0,0,0,0,1,1,0,0,100,25,0.42105263157894735,0.00021503668,0.00040100285,0.0006041918,0
0.8015816807746887,0.7473399639129639,0.7647024393081665,0.12499992187504883,0,0,0,0,0,1,1,1,1,100,31,0.4901960784313726,3.2325148e-05,0.0001406532,0.00026447658,0
0.83441561460495,0.7831757068634033,0.7840800285339355,0.0,0,0,0,0,0,1,1,0,0,117,18,0.3655913978494624,0.00035611723,0.00071274914,0.005000169,0
0.8286111950874329,0.7582540512084961,0.8102700710296631,0.06666662222225185,0,0,0,0,0,1,1,1,0,101,38,0.4705882352941176,1.8852823e-05,7.868478e-05,6.147576e-05,0
0.8402895927429199,0.7508891224861145,0.7869955897331238,0.06666662222225185,0,0,0,0,0,1,1,1,1,81,30,0.5294117647058824,0.00036032853,0.0018465266,0.12142234,0
0.8147076368331909,0.7845976948738098,0.7940015196800232,0.055555524691375174,0,0,0,0,0,1,1,1,0,111,35,0.5116279069767442,5.0578463e-05,0.0009150101,7.3374395e-05,0
0.8343107104301453,0.7504196166992188,0.7852075099945068,0.04545452479339782,0,0,0,0,0,1,1,1,0,74,32,0.4509803921568627,0.003645192,0.0069655883,0.034899604,0
0.8005832433700562,0.7391149401664734,0.7618321180343628,0.058823494809708936,0,0,0,0,0,1,1,1,0,86,52,0.4390243902439024,0.99714404,0.00085767795,0.017545762,0
0.8444100618362427,0.7986161708831787,0.8274133205413818,0.10526310249310396,0,0,1,0,0,1,1,1,0,77,36,0.5882352941176471,0.0011777483,0.0006592357,0.00024482657,0
0.8402185440063477,0.7533263564109802,0.767122209072113,0.0,0,0,0,0,0,1,1,1,0,115,34,0.4901960784313726,0.0016625874,0.7802127,0.0021807204,0
0.8246943950653076,0.7422254085540771,0.0,0.11764698961941787,0,0,0,0,0,1,1,0,0,115,1,0.5714285714285714,9.349325e-05,4.2080952e-05,0.006362987,0
0.8324483036994934,0.7909166216850281,0.8145198225975037,0.05263155124655198,0,0,0,0,0,1,1,1,0,84,25,0.4705882352941176,0.00043290755,0.00013710685,7.230665e-05,0
0.8260883092880249,0.7549247741699219,0.7956467270851135,0.0,0,0,0,0,0,1,1,0,0,83,21,0.5098039215686274,0.014553284,0.0003787589,0.007472615,0
0.8915838003158569,0.8566701412200928,0.8634660243988037,0.41176446366796254,0,0,0,0,0,1,1,1,1,93,26,0.8208955223880597,5.5534856e-06,0.99926025,0.9997789,1
0.8745495080947876,0.7811518311500549,0.8125576972961426,0.15789465373965592,0,0,0,0,0,1,1,0,1,132,30,0.49586776859504134,2.5396585e-05,9.500453e-05,0.000351064,1
0.8771242499351501,0.8282642960548401,0.0,0.1764704844291268,0,0,1,0,0,1,1,1,0,89,1,0.47787610619469023,0.9929756,7.04871e-05,0.20928727,0
0.830411970615387,0.7924491167068481,0.8175472021102905,0.09523804988664292,0,0,0,0,0,1,1,1,0,84,25,0.49253731343283585,4.2391417e-05,0.00013453886,0.009207123,1
0.8366488814353943,0.7969182133674622,0.0,0.13043472589794528,0,0,0,0,0,1,1,1,0,86,1,0.4328358208955224,0.0005653815,0.0041996613,0.20928727,0
0.8165069818496704,0.8185412883758545,0.8137046694755554,0.16666657407412552,0,0,0,0,0,1,1,0,0,100,25,0.4444444444444444,0.97669184,0.0013650577,0.99409264,0
0.8875112533569336,0.8311158418655396,0.8346424698829651,0.30769207100609924,0,0,0,1,0,1,1,1,0,87,54,0.7857142857142857,0.9560286,0.00037558022,0.0009526396,0
0.8188785314559937,0.7620435357093811,0.0,0.23076905325457442,0,0,0,0,0,1,1,1,0,104,1,0.5476190476190477,0.91757476,0.0021146256,0.21962412,0
0.918377161026001,0.8781559467315674,0.8817938566207886,0.24999984375009765,0,0,0,0,0,1,1,0,0,90,22,0.6190476190476191,1.5123567e-05,4.310885e-05,0.9973449,1
0.8235344290733337,0.7745069861412048,0.8184062838554382,0.1333332444445037,0,0,1,0,0,1,1,1,0,115,50,0.4810126582278481,0.9975199,0.0007999904,0.005930572,0
0.8782362341880798,0.8552437424659729,0.8607155084609985,0.17391296786392701,0,0,0,0,0,1,1,1,1,109,23,0.6,0.00026112096,0.095756955,0.99942756,1
0.8427345752716064,0.7889596819877625,0.8138440251350403,0.19999986666675557,0,0,0,0,0,1,0,1,0,63,44,0.7435897435897436,0.9986082,0.45776784,3.252597e-05,0
0.8516653776168823,0.7907010912895203,0.8141814470291138,0.18749988281257324,0,0,0,0,0,1,1,1,0,110,54,0.45238095238095233,0.9945702,9.082156e-05,0.33931872,0
0.862628161907196,0.7956542372703552,0.8280707597732544,0.16666657407412552,0,0,0,0,0,1,1,1,0,113,53,0.5238095238095238,0.0039959317,0.00011662187,0.00027442002,0
0.8423079252243042,0.8361355066299438,0.8485528826713562,0.17857136479594116,0,0,0,0,0,1,1,0,1,79,26,0.5901639344262295,0.00017000943,0.9989479,0.0003850912,0
0.8248390555381775,0.7895317673683167,0.8198659420013428,0.06666662222225185,0,0,0,0,0,1,1,0,1,89,23,0.4705882352941176,0.0011847025,0.0028518888,0.0031694018,0
0.8540651798248291,0.7784901857376099,0.7938226461410522,0.06666662222225185,0,0,0,0,0,1,1,0,0,71,28,0.5,0.99958116,0.0022785517,0.0012243307,0
0.8273513913154602,0.8049197196960449,0.8206495642662048,0.12499994791668836,0,0,0,0,0,1,1,1,0,95,50,0.4615384615384615,0.99981767,0.009744095,0.9743016,0
0.8212721943855286,0.7404779195785522,0.7932309508323669,0.19999986666675557,0,0,0,0,0,1,1,1,0,114,56,0.5238095238095238,0.99929154,0.0034174032,0.00017122376,0
0.8804770112037659,0.7676006555557251,0.7900307774543762,0.24999979166684028,0,0,0,0,0,1,1,1,0,100,43,0.5194805194805194,0.9963199,0.008175441,0.4888577,0
0.8567757606506348,0.8059007525444031,0.8378690481185913,0.21052620498620792,0,0,0,0,0,1,1,1,0,129,54,0.5714285714285714,0.99948066,0.9621599,0.53337693,0
0.8494009971618652,0.8109169006347656,0.8182355761528015,0.23076905325457442,0,0,1,0,0,1,0,1,0,108,33,0.65,0.9902182,0.0007319231,4.7233752e-05,0
0.8479241132736206,0.7521259188652039,0.7900752425193787,0.07692301775152481,0,0,0,0,0,1,1,1,0,129,56,0.5,0.99994254,0.0025441484,0.005810321,0
0.8364993333816528,0.8000883460044861,0.8143197298049927,0.04761902494332146,1,0,0,0,0,1,1,1,0,100,51,0.5714285714285714,0.9995449,0.00012431438,0.0006659335,0
0.85328608751297,0.7936384081840515,0.8162860870361328,0.12499992187504883,0,0,0,0,0,1,1,0,0,109,21,0.5476190476190477,1.5256964e-05,0.00061317056,0.8736853,0
0.8164373636245728,0.8002248406410217,0.817737877368927,0.05263155124655198,0,0,1,0,0,1,1,1,0,84,14,0.5476190476190477,0.017522985,0.00042991902,0.4682395,0
0.9155178070068359,0.8503103852272034,0.8691348433494568,0.19047609977328583,1,0,0,0,0,1,1,0,1,104,25,0.6823529411764706,1.42630615e-05,0.9326531,2.2604529e-05,1
0.8725455403327942,0.8153690695762634,0.813809335231781,0.04761902494332146,0,0,0,0,0,1,1,1,0,84,25,0.4878048780487805,9.906803e-06,0.00012675172,0.0028172114,0
0.8203542828559875,0.7848726511001587,0.8071388006210327,0.09677416233091538,0,0,0,0,0,1,1,0,0,108,21,0.46938775510204084,8.464705e-05,3.6274087e-05,0.004424333,0
0.7930542826652527,0.7829495668411255,0.0,0.06666664444445185,0,0,1,0,0,1,1,1,0,103,1,0.5609756097560976,0.99978226,4.956131e-05,0.039496057,0
0.7910910844802856,0.7730638384819031,0.7816147804260254,0.19999986666675557,0,0,0,0,0,1,1,1,1,100,30,0.5,0.00036587266,0.0024988162,1.7957476e-05,0
0.7910910844802856,0.7497458457946777,0.7816147804260254,0.19999986666675557,0,0,0,0,0,1,1,0,1,76,30,0.5,0.00036587266,0.0011456403,1.7957476e-05,0
0.8392746448516846,0.8064171075820923,0.824556291103363,0.05263155124655198,0,0,0,0,0,1,0,1,0,94,28,0.5740740740740741,5.950724e-05,0.026773164,3.311815e-05,0
0.8315795660018921,0.759559154510498,0.7807133793830872,0.055555524691375174,0,0,0,0,0,1,0,1,0,112,12,0.4761904761904761,0.003778627,0.0018754351,0.017291995,0
0.8168683648109436,0.7829458117485046,0.8098036050796509,0.0,0,0,0,0,0,1,0,0,0,94,38,0.5925925925925926,0.0001624247,0.97375655,0.005224351,0
0.8212064504623413,0.7978982329368591,0.8110672831535339,0.1333332444445037,0,0,0,0,0,1,1,1,0,166,33,0.4444444444444444,0.9999609,0.000112591144,0.13870446,0
0.8267006278038025,0.7735221982002258,0.0,0.14285707482996438,1,0,0,0,0,1,1,1,0,80,1,0.3789473684210526,1.5043391e-05,0.00015307433,0.039496057,0
0.7921382188796997,0.7465723752975464,0.7870264649391174,0.03448274673008733,0,0,0,0,0,1,1,1,0,103,20,0.4629629629629629,0.015151464,0.00033049518,0.002552218,0
0.8138583302497864,0.7819638848304749,0.806319534778595,0.058823494809708936,0,0,0,0,0,1,1,0,0,87,16,0.44705882352941173,0.0004058533,8.021698e-05,0.00012384438,0
0.8041908144950867,0.7869278788566589,0.7947880029678345,0.058823512110731724,0,0,0,0,0,1,1,1,1,84,42,0.4329896907216495,0.00032046004,0.013973789,0.015683748,0
0.8389201164245605,0.7912084460258484,0.8391709923744202,0.05263155124655198,1,0,0,0,0,1,1,0,0,87,48,0.4615384615384615,0.0037435498,9.7339296e-05,0.9273541,0
0.819186806678772,0.7927184104919434,0.0,0.08695648393196351,0,0,0,0,0,1,1,0,0,84,1,0.4948453608247423,1.3984892e-05,0.000100985,0.039496057,0
0.7799864411354065,0.7416638731956482,0.7719603180885315,0.09523804988664292,0,0,1,0,0,1,1,1,0,108,56,0.4772727272727273,0.99954647,0.00033172077,0.00069530593,0
0.8149566054344177,0.7537580728530884,0.7944374680519104,0.10526310249310396,0,0,0,0,0,1,1,1,1,92,30,0.4629629629629629,0.9973992,0.013750419,0.0036114156,0
0.8356416821479797,0.7999411821365356,0.808218240737915,0.0,0,0,0,0,0,1,0,0,0,88,27,0.4554455445544554,5.690787e-05,5.070818e-05,3.4213885e-05,0
0.8938392400741577,0.8501297831535339,0.86429363489151,0.15384603550304962,1,0,0,0,0,1,1,0,0,104,23,0.8292682926829268,0.0001770248,0.008367951,0.00010182829,1
0.8347465395927429,0.8119885921478271,0.8194201588630676,0.15789465373965592,1,0,0,0,0,1,1,0,1,99,24,0.5365853658536586,0.0034865811,0.0003150937,3.56954e-05,0
0.8719580173492432,0.7984170913696289,0.0,0.22222197530891633,0,0,0,0,0,1,1,1,0,71,1,0.5897435897435898,0.0006111695,0.055739537,0.16888255,0
0.8293562531471252,0.7611942887306213,0.8097325563430786,0.0,0,0,1,0,0,1,0,1,0,107,17,0.41666666666666663,0.03850921,0.000382262,0.014249231,0
0.8293562531471252,0.7666583061218262,0.8097325563430786,0.0,0,0,1,0,0,1,0,1,0,96,17,0.41666666666666663,0.03850921,4.7173216e-05,0.014249231,0
0.8404646515846252,0.8239569664001465,0.8328712582588196,0.21428556122459913,0,0,0,0,0,1,1,0,1,128,26,0.4642857142857143,0.00022610831,0.0005213104,0.003401053,0
0.8421709537506104,0.821563720703125,0.8319404721260071,0.13043472589794528,0,0,0,0,0,1,1,0,0,93,25,0.625,2.551952e-05,7.341649e-05,0.00036408068,0
0.812126874923706,0.7667637467384338,0.7921757102012634,0.0,0,0,0,0,0,1,0,0,0,88,18,0.46341463414634143,0.00020507888,0.00017921545,0.00034726423,0
0.7986456155776978,0.7700894474983215,0.8012673854827881,0.07692301775152481,1,0,0,0,0,1,1,1,0,86,20,0.575,0.003196881,0.00018948152,0.0011465494,0
0.8232775926589966,0.8034877777099609,0.8287323713302612,0.09999996666667778,0,0,0,0,0,1,1,0,1,97,21,0.625,6.4628315e-05,6.602309e-05,0.00024626433,1
0.8247199058532715,0.7702835202217102,0.7808226943016052,0.0,0,0,0,0,0,1,0,0,0,117,63,0.41463414634146345,0.00073150196,0.00047200295,0.00017993998,0
0.8209570050239563,0.8053417801856995,0.8008389472961426,0.06249996093752441,0,0,0,0,0,1,1,0,0,100,25,0.6097560975609756,3.7777118e-05,0.0007152341,0.003493183,0
0.7965190410614014,0.7912595272064209,0.8045430779457092,0.05263155124655198,1,0,0,0,0,1,1,1,1,93,26,0.4390243902439024,0.00033797618,0.004018459,7.928088e-05,0
0.842795729637146,0.7499456405639648,0.7487345337867737,0.0,0,0,0,0,0,1,1,1,0,102,37,0.4657534246575342,0.5892793,0.7758114,0.0007314295,0
0.7603968977928162,0.7425506114959717,0.7479928731918335,0.0,0,0,0,0,0,1,0,1,0,118,20,0.3414634146341463,0.9998134,0.00030462816,0.019287966,0
0.7722980380058289,0.7387212514877319,0.0,0.10526310249310396,1,0,0,0,0,1,1,0,0,84,1,0.5063291139240507,0.00036196827,0.020823909,0.16888255,0
0.9235936999320984,0.8683438897132874,0.8886386156082153,0.21428556122459913,0,0,0,1,0,1,1,0,1,89,23,0.6756756756756757,0.00010039528,0.0019536244,0.998923,1
0.8497960567474365,0.8097191452980042,0.8298646807670593,0.03703702331962099,0,0,0,0,0,1,0,1,0,107,49,0.5833333333333333,0.0025712831,8.165585e-05,0.001973302,0
0.8449680209159851,0.7824604511260986,0.799407958984375,0.1333332444445037,0,0,0,0,0,1,1,0,0,71,28,0.5208333333333333,0.604181,0.0011088377,0.0005197768,0
0.8506662845611572,0.7874573469161987,0.0,0.15789465373965592,0,0,0,0,0,1,1,1,0,68,1,0.5208333333333333,0.9981888,5.069191e-05,0.072971776,0
0.8433097004890442,0.7805563807487488,0.8004868030548096,0.16666652777789354,0,0,0,0,0,1,1,1,1,136,47,0.47916666666666663,0.9997701,7.375878e-05,0.0002923294,0
0.853714644908905,0.7816526889801025,0.7816193103790283,0.08333326388894677,0,0,0,0,0,1,1,0,0,84,51,0.45833333333333337,0.9976526,0.00011707979,0.000413566,0
0.8254536986351013,0.776481568813324,0.8067152500152588,0.12499992187504883,1,0,1,0,0,1,1,1,0,115,50,0.5,0.9971801,0.00097245234,0.00060359924,0
0.8047065734863281,0.769110381603241,0.8082854747772217,0.0,0,0,0,0,0,1,0,0,0,91,33,0.4375,0.9670602,0.0001373215,0.0025710997,0
0.8483064770698547,0.7937299609184265,0.8065534830093384,0.04545452479339782,0,0,0,0,0,1,1,1,0,89,17,0.4731182795698925,0.00067477534,0.005691243,0.98816025,0
0.8440262675285339,0.7796335816383362,0.0,0.055555524691375174,0,0,0,0,0,1,1,1,0,115,1,0.5,0.00010822626,0.0057859765,0.072971776,0
0.8582417964935303,0.8162325024604797,0.8356376886367798,0.1499999250000375,0,0,0,0,0,1,1,1,0,100,51,0.5063291139240507,0.00028416957,0.00015138248,0.0004340634,0
0.8286826014518738,0.7648271918296814,0.7999311685562134,0.1428570408163994,0,0,0,0,0,1,1,1,0,127,26,0.5,0.58512425,4.5234905e-05,0.0003798319,0
0.8577193021774292,0.7721132040023804,0.803203284740448,0.18749988281257324,0,0,0,0,0,1,1,1,0,108,57,0.5168539325842696,0.9992772,0.00015488814,0.00035915425,0
0.8275469541549683,0.7443370819091797,0.7810098528862,0.033333322222225924,0,0,1,0,0,1,0,1,0,106,20,0.5714285714285714,0.99970883,0.0017096599,0.00010118374,0
0.8428890705108643,0.8101857900619507,0.8208490610122681,0.1333332444445037,0,0,0,0,0,1,1,1,0,109,35,0.5393258426966292,0.00010627625,0.0005763101,0.99534756,0
0.8675785064697266,0.7601833343505859,0.0,0.0,0,0,0,0,0,1,1,1,0,124,1,0.5208333333333333,0.99986446,0.000119097786,0.072971776,0
0.8666390180587769,0.772817075252533,0.7999216318130493,0.0,0,0,0,0,0,1,1,1,0,79,35,0.5208333333333333,0.9997471,0.0014092029,0.5455857,0
0.8675785064697266,0.7604514360427856,0.0,0.0,0,0,0,0,0,1,1,1,0,121,1,0.5208333333333333,0.99986446,0.00012611688,0.072971776,0
0.975598931312561,0.8480616211891174,0.0,0.4999991666680556,1,0,0,0,0,1,0,1,0,124,1,0.7105263157894737,0.00023805471,0.00087809353,0.0034715552,1
0.9722398519515991,0.8479831218719482,0.8326569199562073,0.4285708163274053,1,0,0,0,0,1,0,1,0,79,35,0.736842105263158,0.00040572163,0.9993381,0.99997604,1
0.975598931312561,0.8489552140235901,0.0,0.4999991666680556,1,0,0,0,0,1,0,1,0,121,1,0.7105263157894737,0.00023805471,0.0010891361,0.0034715552,1
0.911309540271759,0.8426676988601685,0.8687117099761963,0.06666662222225185,1,0,0,0,0,1,0,1,0,80,49,0.6842105263157895,1.0669847e-05,0.9938192,3.352404e-05,1
0.911309540271759,0.8422306180000305,0.8670456409454346,0.06666662222225185,1,0,0,0,0,1,0,0,0,100,25,0.7466666666666666,1.0669847e-05,0.01557954,6.6245324e-05,1
0.8662840723991394,0.8157594799995422,0.7946118116378784,0.06666662222225185,0,0,0,0,0,1,0,1,0,112,22,0.5263157894736843,0.99583024,0.0020189974,0.0003414549,0
0.875436007976532,0.7888321876525879,0.8303629159927368,0.0,0,0,0,0,0,1,0,1,0,103,49,0.5862068965517242,0.9997658,0.0016791803,0.016061591,0
0.8760814666748047,0.8120126128196716,0.8096576929092407,0.0,0,0,0,0,0,1,0,1,0,101,27,0.6842105263157895,0.9989262,0.00079474243,0.00015660556,0
0.8635095953941345,0.7714823484420776,0.8038782477378845,0.12499984375019532,1,0,0,0,0,1,0,1,0,105,56,0.5263157894736843,0.9986791,0.13262537,0.9993062,0
0.8614190816879272,0.8122169971466064,0.0,0.0,0,0,0,0,0,1,0,1,0,133,1,0.6129032258064516,0.9970208,0.0012835136,0.0034715552,0
0.8707215189933777,0.8100870251655579,0.8043833374977112,0.1818180165290759,0,0,0,0,0,1,1,1,0,104,15,0.6842105263157895,0.0089872135,0.13964975,0.9999293,0
0.8707215189933777,0.8151834607124329,0.8043833374977112,0.1818180165290759,0,0,0,0,0,1,1,1,0,122,15,0.6842105263157895,0.0089872135,0.9939966,0.9999293,0
0.8949195742607117,0.8321567177772522,0.8069747090339661,0.16666652777789354,0,0,0,0,0,1,1,1,0,97,16,0.5789473684210527,0.9972817,0.98537344,0.010157214,0
0.8486328125,0.823807954788208,0.8206363916397095,0.0,1,0,0,0,0,1,0,0,0,77,24,0.6885245901639344,0.5133741,0.99950266,0.00025233824,0
0.8546251654624939,0.8023515939712524,0.8019356727600098,0.0,0,0,0,0,0,1,0,0,0,87,22,0.6268656716417911,0.9993326,0.0002926617,0.071672425,0
0.8476482033729553,0.7754564881324768,0.8015487790107727,0.0,0,0,0,0,0,1,1,1,0,97,17,0.631578947368421,0.995676,0.0010844388,0.0054417746,0
0.8476482033729553,0.7777136564254761,0.8015487790107727,0.0,0,0,0,0,0,1,0,1,0,65,17,0.5,0.995676,0.0002270667,0.0054417746,0
0.8282718062400818,0.7439172863960266,0.8115342855453491,0.0,0,0,0,0,0,1,1,0,0,89,31,0.4,0.008332897,0.00077363173,3.1082775e-05,0
0.808488130569458,0.7693750858306885,0.7863830327987671,0.0,0,0,0,0,0,1,0,1,0,84,52,0.5789473684210527,0.934582,0.0006747475,0.0023871649,0
0.8426198363304138,0.8284251689910889,0.820188581943512,0.0,0,0,0,0,0,1,0,1,0,102,50,0.5901639344262295,0.0007370519,0.8519109,0.00082527916,0
0.8710216283798218,0.8128942251205444,0.831756591796875,0.0,0,0,0,0,0,1,1,1,0,89,21,0.41758241758241754,0.9997429,0.0028291484,7.3735646e-05,0
0.8437883257865906,0.8009604811668396,0.8408564329147339,0.19999986666675557,1,0,0,0,0,1,1,1,0,128,29,0.6019417475728155,1.4470847e-05,0.0006179938,2.9992116e-05,1
0.8437883257865906,0.7960820198059082,0.8394357562065125,0.19999986666675557,1,0,0,0,0,1,1,0,1,91,31,0.6296296296296297,1.4470847e-05,0.008162998,9.487839e-05,1
0.8437883257865906,0.7895358800888062,0.8394357562065125,0.19999986666675557,1,0,0,0,0,1,1,1,0,115,31,0.6274509803921569,1.4470847e-05,0.0003396078,9.487839e-05,1
0.8337843418121338,0.7967711091041565,0.8158760070800781,0.03571427295918823,0,0,0,0,0,1,1,1,1,89,23,0.3846153846153846,7.88498e-05,0.0034930243,0.0031008192,0
0.8645997047424316,0.7733967304229736,0.822172224521637,0.11111104938275035,1,0,0,0,0,1,1,1,1,106,27,0.5636363636363637,0.9684055,0.00094837707,0.00020036058,0
0.8657197952270508,0.785504937171936,0.0,0.16666657407412552,1,0,0,0,0,1,1,0,0,80,1,0.5636363636363637,0.99957293,0.0013556523,0.0040752236,0
0.8226534128189087,0.7896095514297485,0.8145937323570251,0.099999950000025,1,0,0,0,0,1,1,0,0,81,21,0.5591397849462365,9.207508e-06,0.0001736861,0.0028223891,0
0.8452973961830139,0.7931487560272217,0.8040204048156738,0.10526310249310396,1,0,0,0,0,1,1,1,0,85,41,0.5773195876288659,1.03325165e-05,3.5119378e-05,0.0002683657,0
0.7996425032615662,0.7752467393875122,0.8063773512840271,0.21428556122459913,1,0,0,0,0,1,1,1,0,74,22,0.44660194174757284,0.32569587,0.00045824438,0.32204157,0
0.7996425032615662,0.7683752775192261,0.8063773512840271,0.21428556122459913,1,0,0,0,0,1,1,1,0,76,22,0.44660194174757284,0.32569587,0.000551461,0.32204157,0
0.8082191944122314,0.7521663904190063,0.7985721230506897,0.21052620498620792,1,0,0,0,0,1,1,1,0,92,53,0.5454545454545454,0.11451724,8.940791e-05,0.017527392,0
0.7915018200874329,0.7325807809829712,0.7437159419059753,0.09090904958679565,0,0,0,0,0,1,1,1,0,83,26,0.5242718446601942,0.050648212,0.0008986153,3.6347603e-05,0
0.8253777623176575,0.7722813487052917,0.7903263568878174,0.099999950000025,1,0,0,0,0,1,1,1,0,75,24,0.4814814814814815,0.99894184,0.00039420428,8.952709e-05,0
0.8478363156318665,0.8502388000488281,0.8733996152877808,0.055555524691375174,0,0,0,0,0,1,1,1,1,97,21,0.5428571428571429,4.532455e-06,0.00018427696,6.3853986e-05,1
0.8729572892189026,0.8666112422943115,0.8666084408760071,0.058823494809708936,0,0,0,0,0,1,1,1,0,75,24,0.8857142857142857,2.2031185e-05,0.00019753861,1.9766549e-05,1
0.8403136730194092,0.8253795504570007,0.8445998430252075,0.05263155124655198,0,0,0,0,0,1,1,0,1,87,24,0.5517241379310345,0.0005020248,0.0056968997,0.9997081,1
0.8177235722541809,0.7896979451179504,0.0,0.0,0,0,0,0,0,1,1,0,0,62,1,0.5428571428571429,0.0007549126,7.188653e-05,0.113683216,0
0.8320785164833069,0.7750329971313477,0.7898650169372559,0.06666662222225185,0,0,0,0,0,1,1,1,0,116,17,0.6285714285714286,0.1093823,0.007153962,0.00024075486,0
0.8320785164833069,0.7772480845451355,0.7916617393493652,0.06666662222225185,0,0,0,0,0,1,1,1,0,112,19,0.6285714285714286,0.1093823,0.007973414,0.001125673,0
0.8257498145103455,0.8014530539512634,0.0,0.0,0,0,0,0,0,1,1,0,0,67,1,0.5142857142857142,0.0015111383,0.0028760242,0.113683216,0
0.8099824786186218,0.7834537625312805,0.8122842311859131,0.055555524691375174,0,0,0,0,0,1,1,0,0,107,21,0.6285714285714286,0.99962723,0.00027929066,0.9887167,0
0.7983962893486023,0.7842237949371338,0.8107563853263855,0.0499999750000125,0,0,0,0,0,1,1,0,1,124,27,0.5428571428571429,0.0010941222,0.05523339,0.0018734948,0
0.8430627584457397,0.8611523509025574,0.8617188334465027,0.05263155124655198,0,0,0,0,0,1,1,0,1,72,23,0.5666666666666667,5.804589e-06,8.2331055e-05,0.00064512185,1
0.8009243011474609,0.7917477488517761,0.8073841333389282,0.0,0,0,0,0,0,1,1,0,0,79,22,0.5428571428571429,0.008511223,0.0005545448,0.0032043091,0
0.8148512840270996,0.7863079309463501,0.7756009101867676,0.0,0,0,0,0,0,1,1,0,0,89,22,0.4193548387096774,0.9999342,0.0007688206,0.0003551332,0
0.7969921231269836,0.7951369881629944,0.7832053899765015,0.027777770061730538,0,0,0,0,0,1,1,0,0,91,20,0.5151515151515151,0.0015484786,6.4987384e-05,0.999519,0
0.8052510619163513,0.7727860808372498,0.0,0.11111104938275035,0,0,0,0,0,1,1,1,0,109,1,0.4285714285714286,0.00024273782,0.00068738544,0.113683216,0
0.8116294741630554,0.7618478536605835,0.7798189520835876,0.11111104938275035,0,0,0,0,0,1,1,0,0,135,39,0.4285714285714286,0.0006139801,0.0015084315,0.00010650703,0
0.8200381398200989,0.8068721890449524,0.0,0.0,0,0,0,0,0,1,1,0,0,64,1,0.45714285714285713,0.9996402,0.0003853681,0.113683216,0
0.7987539768218994,0.7940158247947693,0.7885406017303467,0.055555524691375174,0,0,0,0,0,1,1,0,1,124,25,0.4285714285714286,9.994769e-05,0.023232065,0.0023185036,0
0.8281878232955933,0.7776191234588623,0.7898650169372559,0.06249996093752441,0,0,0,0,0,1,1,1,0,116,17,0.6285714285714286,0.9928214,0.15600258,0.00024075486,0
0.8454086780548096,0.8109158873558044,0.8201940059661865,0.0,0,0,0,0,0,1,1,1,1,118,21,0.48571428571428577,2.8200653e-05,0.00036316653,0.99894017,0
0.8669209480285645,0.8307726979255676,0.8684583306312561,0.05263155124655198,0,0,0,0,0,1,1,0,1,87,24,0.6486486486486487,0.00011767768,0.31628448,0.99961936,1
0.8186997771263123,0.77180016040802,0.7756857872009277,0.0,0,0,0,0,0,1,1,1,1,113,21,0.676923076923077,0.9970789,0.00045579372,2.1426475e-05,0
0.8182094693183899,0.759312629699707,0.7756857872009277,0.06666662222225185,0,0,0,0,0,1,1,1,1,113,21,0.7027027027027026,0.9980596,9.803228e-05,2.1426475e-05,0
0.8542316555976868,0.8216215372085571,0.8609668016433716,0.0,0,0,0,0,0,1,1,0,0,79,22,0.5675675675675675,0.0070255916,0.000607918,0.98959774,1
0.8438986539840698,0.8030723333358765,0.784077525138855,0.0,0,0,0,0,0,1,1,1,1,93,31,0.6216216216216216,2.3792025e-05,0.00023845225,0.01653338,0
0.823402464389801,0.7988911271095276,0.8242733478546143,0.043478241965981754,0,0,0,0,0,1,1,0,1,94,23,0.6285714285714286,2.7280217e-05,0.511879,2.8952547e-05,0
0.8116827607154846,0.7661750316619873,0.8026422262191772,0.0,0,0,0,0,0,1,1,1,1,126,30,0.6101694915254237,0.9989409,0.00068307505,0.6372371,0
0.812699556350708,0.7650859951972961,0.77847820520401,0.0714285204081997,0,0,0,0,0,1,1,1,1,88,28,0.6333333333333333,0.002457319,7.04968e-05,0.0030871471,0
0.8572750687599182,0.7960699200630188,0.8248063325881958,0.0,0,0,0,0,0,1,1,1,1,118,21,0.4864864864864865,3.488753e-05,0.00032561898,0.99918634,0
0.8155034780502319,0.7851685285568237,0.0,0.0714285204081997,1,0,0,0,0,1,1,0,0,67,1,0.4864864864864865,0.9552195,0.00012135431,0.0036943336,0
0.8105531930923462,0.7759808301925659,0.7830244302749634,0.0,0,0,0,0,0,1,1,1,1,133,30,0.5405405405405406,4.2345393e-05,0.00067548535,0.07650084,0
0.808985710144043,0.7825711369514465,0.79921954870224,0.0,0,0,0,0,0,1,1,1,1,94,21,0.40540540540540543,0.00082733406,0.0011216337,2.4625808e-05,0
0.8568735122680664,0.7966436147689819,0.0,0.16666652777789354,1,0,0,0,0,1,1,0,0,69,1,0.5263157894736843,0.0009919873,3.6555484e-05,0.0036943336,0
0.856477677822113,0.788205087184906,0.0,0.06249996093752441,1,0,0,0,0,1,1,1,0,78,1,0.5405405405405406,0.023057451,3.8093396e-05,0.0036943336,0
0.819270670413971,0.7786575555801392,0.8158129453659058,0.03448274673008733,0,0,0,0,0,1,1,0,1,99,32,0.4864864864864865,3.0154935e-05,0.5124041,0.000107140775,0
0.8275225758552551,0.7979825735092163,0.7975420951843262,0.0499999750000125,1,0,0,0,0,1,1,0,1,99,24,0.6216216216216216,0.007782497,0.00028921015,0.0007665606,0
0.8220593929290771,0.7980993986129761,0.7798084616661072,0.043478241965981754,0,0,1,0,0,1,1,1,1,91,32,0.5405405405405406,5.4723056e-05,0.6341687,0.2684747,0
0.832717776298523,0.7877417802810669,0.8081047534942627,0.058823494809708936,1,0,0,0,0,1,1,1,0,75,24,0.676923076923077,0.0067260796,0.00017350771,4.0234525e-05,0
0.8277715444564819,0.7483639121055603,0.8009898066520691,0.07407404663924198,1,0,0,0,0,1,1,1,1,99,23,0.45945945945945943,0.016574902,0.000102839964,0.99859303,0
0.8251619935035706,0.7791117429733276,0.8297159671783447,0.06666662222225185,0,0,0,0,0,1,1,1,0,122,30,0.5945945945945945,3.0970892e-05,0.00029015116,0.010024375,0
0.8594966530799866,0.8037635087966919,0.8443285226821899,0.06249996093752441,1,0,0,0,0,1,1,0,0,108,24,0.5675675675675675,2.7125068e-05,0.00027922043,0.9991364,0
0.8318620920181274,0.7899206280708313,0.8170121312141418,0.03571427295918823,1,0,0,0,0,1,1,1,0,78,22,0.4655172413793104,4.292216e-05,0.0021916481,0.7895693,0
0.833505392074585,0.757995069026947,0.7643730640411377,0.03571427295918823,1,0,0,0,0,1,1,1,0,126,35,0.49295774647887325,9.242312e-05,0.004137779,0.002200372,0
0.831282377243042,0.7791908383369446,0.0,0.17241373365043666,0,0,0,0,0,1,1,1,0,96,1,0.5211267605633803,0.054375254,0.00035999352,0.044060964,0
0.8157099485397339,0.7721958160400391,0.8157355189323425,0.09999997500000624,1,0,0,0,0,1,1,0,0,111,24,0.4833333333333333,2.9082254e-05,8.565909e-05,5.8027745e-05,0
0.8195948600769043,0.7548778653144836,0.8080458641052246,0.11111104938275035,0,0,0,0,0,1,1,1,0,89,32,0.4666666666666666,0.0010092709,0.008630673,0.003439537,0
0.8195948600769043,0.745354950428009,0.8080458641052246,0.11111104938275035,0,0,0,0,0,1,1,1,0,96,32,0.4666666666666666,0.0010092709,0.00068333285,0.003439537,0
0.8422999382019043,0.8114377856254578,0.0,0.1290322164412205,1,0,1,0,0,1,1,1,0,90,1,0.47887323943661975,0.9997954,0.023313178,0.044060964,0
0.8181930184364319,0.7597481608390808,0.7643730640411377,0.07142854591837645,0,0,0,0,0,1,1,1,0,97,35,0.49295774647887325,0.0009282791,0.0017357182,0.002200372,0
0.8669945001602173,0.8140498995780945,0.8094767332077026,0.0,1,0,0,0,0,1,1,0,1,121,25,0.5116279069767442,0.00020453498,0.0009766769,0.041813154,1
0.8621271848678589,0.8744921684265137,0.8992735147476196,0.2631577562327599,0,0,0,0,0,1,1,0,1,95,23,0.8979591836734694,0.999918,0.0001550052,0.99994314,1
0.8774977922439575,0.8475824594497681,0.0,0.12499994791668836,1,0,0,0,0,1,1,0,0,80,1,0.653061224489796,1.7881739e-05,0.0054862145,0.0017873996,0
0.8864707946777344,0.8279253840446472,0.7794753909111023,0.1764704844291268,0,0,0,0,0,1,1,0,0,83,26,0.6987951807228916,0.9733847,0.00056251814,6.211689e-05,0
0.870398759841919,0.8201580047607422,0.8527699708938599,0.17857136479594116,0,0,0,0,0,1,1,0,0,74,50,0.7551020408163265,0.0072676134,0.00017133277,0.0012834087,0
0.859127402305603,0.8230963349342346,0.8464555144309998,0.14814809327848397,0,0,0,0,0,1,1,0,1,88,35,0.7058823529411764,0.99954635,0.00021684341,0.15857658,0
0.8692550659179688,0.834015429019928,0.8599040508270264,0.10714281887756469,0,0,0,0,0,1,1,0,0,76,27,0.5306122448979591,0.002398311,9.070893e-05,0.9977931,0
0.8420788645744324,0.8129270076751709,0.7859533429145813,0.06896549346017466,0,0,0,0,0,1,1,0,0,85,11,0.4897959183673469,0.0019407675,0.003406075,0.00075613044,0
0.8073631525039673,0.7659789323806763,0.7912997007369995,0.13636357438019348,0,0,0,0,0,1,0,0,0,105,34,0.5306122448979591,0.004037642,8.7887485e-05,0.9653947,0
0.8189688324928284,0.7890415191650391,0.8215465545654297,0.31249980468762206,0,0,0,0,0,1,1,0,1,97,54,0.5102040816326531,0.001143394,0.00013035431,0.9954209,0
0.8081556558609009,0.7745516896247864,0.803645670413971,0.07692304733728948,0,0,0,0,0,1,1,1,0,100,22,0.4897959183673469,0.0002160263,0.00019181504,0.00017449207,0
0.8312016129493713,0.7854977250099182,0.7904999256134033,0.03571427295918823,1,0,0,0,0,1,1,0,0,89,22,0.4731182795698925,0.9997825,0.0050892006,0.0026435298,0
0.8205032348632812,0.7668217420578003,0.8047232031822205,0.09523804988664292,0,0,0,0,0,1,1,1,0,136,55,0.5106382978723405,0.00012606202,4.9009428e-05,0.0010286997,0
0.8631355166435242,0.8519264459609985,0.8799393177032471,0.1599999360000256,0,0,0,0,0,1,1,0,0,108,23,0.5918367346938775,3.5094483e-05,0.013020047,0.0006782224,0
0.8703590631484985,0.8019419312477112,0.826540470123291,0.1499999250000375,1,0,0,0,0,1,1,0,0,126,18,0.4897959183673469,0.9995789,0.88477945,0.57712287,0
0.8414095640182495,0.7589237689971924,0.7999199628829956,0.1333332444445037,0,0,0,0,0,1,0,1,0,119,31,0.4301075268817204,0.015673349,0.3681458,0.0018072265,0
0.7857581973075867,0.7430554628372192,0.0,0.0,0,0,0,0,0,1,0,1,1,137,1,0.4285714285714286,0.999967,0.03861347,0.0017873996,0
0.8222765326499939,0.7625436782836914,0.0,0.022727267561984642,0,0,0,0,0,1,0,1,0,132,1,0.5106382978723405,0.094890736,0.0041784155,0.0017873996,0
0.8186943531036377,0.7489637136459351,0.7928581237792969,0.0,0,0,0,0,0,1,0,1,0,111,21,0.4318181818181818,0.9997688,0.017207947,0.07920209,0
0.8134108781814575,0.765399158000946,0.8043347597122192,0.0799999680000128,0,0,0,0,0,1,1,1,0,116,52,0.5106382978723405,0.0002457163,8.387512e-05,5.73129e-05,0
0.9352825880050659,0.8592209219932556,0.9164910316467285,0.4166663194447338,1,0,0,0,0,1,1,1,1,105,28,0.673076923076923,5.7400364e-05,0.00018754488,0.00011219381,1
0.8555899858474731,0.8038874864578247,0.8376317024230957,0.1818180991735913,1,0,1,0,0,1,1,1,0,130,22,0.4807692307692307,0.0001080423,0.00027660214,0.0006091555,0
0.827706515789032,0.7825343012809753,0.7995692491531372,0.1499999250000375,1,0,0,0,0,1,1,1,1,93,26,0.4615384615384615,0.010750496,0.002057414,0.00023119774,0
0.8625904321670532,0.7881487011909485,0.8221572041511536,0.07692301775152481,0,0,0,0,0,1,1,1,0,106,30,0.5,6.150306e-05,0.00018103796,0.00015036414,0
0.8479491472244263,0.8181295990943909,0.8387004733085632,0.14285707482996438,1,0,0,0,0,1,1,0,0,98,26,0.54,2.5411693e-05,0.0016337887,0.00021807513,0
0.8971452116966248,0.8303817510604858,0.8610020875930786,0.099999950000025,1,0,0,0,0,1,0,1,0,97,58,0.5,0.02912522,0.004729397,0.00013882581,0
0.8696667551994324,0.8290165662765503,0.8201645016670227,0.06249996093752441,0,0,0,0,0,1,0,1,0,91,86,0.4423076923076923,0.9998479,0.0015929092,0.49540964,0
0.8150842189788818,0.7735218405723572,0.8345310688018799,0.1499999250000375,1,0,0,0,0,1,1,0,1,97,24,0.45977011494252873,0.0046458594,0.0020784196,0.860014,0
0.8720349073410034,0.8391626477241516,0.8810603618621826,0.13043472589794528,2,0,0,0,0,1,1,0,0,114,26,0.5,0.0005063094,0.00013027848,0.00012468641,0
0.8533410429954529,0.7968106865882874,0.8392756581306458,0.1764704844291268,1,0,0,0,0,1,1,0,1,64,28,0.5,0.0010708409,0.00034807355,0.003022896,0
0.8346640467643738,0.7651427984237671,0.7899297475814819,0.12499992187504883,0,0,0,0,0,1,1,1,0,93,24,0.4807692307692307,0.006911788,3.38621e-05,0.05923325,0
0.8326253890991211,0.8160122036933899,0.8479927182197571,0.10526310249310396,1,0,0,0,0,1,1,0,1,89,23,0.5769230769230769,0.645367,5.041037e-05,0.0023247371,0
0.8223879337310791,0.7825046181678772,0.8139328956604004,0.11111106995886298,0,0,0,0,0,1,1,1,0,97,47,0.5319148936170213,0.00018727705,0.00034245188,0.000101324964,0
0.8330755233764648,0.7740309834480286,0.8328267335891724,0.0,0,0,1,0,0,1,0,1,0,121,9,0.6,0.9971595,3.8612674e-05,0.99760145,0
0.8330755233764648,0.7726418972015381,0.8328267335891724,0.0,0,0,1,0,0,1,0,1,0,123,9,0.6,0.9971595,0.00015644293,0.99760145,0
0.8330755233764648,0.7666588425636292,0.8328267335891724,0.0,0,0,1,0,0,1,0,1,0,109,9,0.6,0.9971595,0.00013489083,0.99760145,0
0.8173924684524536,0.7681308388710022,0.8060832023620605,0.05263155124655198,0,0,0,0,0,1,1,1,0,104,55,0.5057471264367817,0.17024036,0.00023555648,0.006166354,0
0.8520212769508362,0.8138490319252014,0.8333237767219543,0.04166664930556279,0,0,0,0,0,1,0,1,0,112,57,0.4807692307692307,0.9997466,0.9455366,0.9982431,0
0.836039125919342,0.7840197086334229,0.8182150721549988,0.15789465373965592,0,0,0,0,0,1,1,1,0,112,34,0.5,0.99541986,0.0017375575,0.00055109046,0
0.8285270929336548,0.7868312001228333,0.8044620752334595,0.024390237953600496,0,0,0,0,0,1,0,0,1,111,28,0.4615384615384615,0.00018830979,7.526723e-05,0.0021707732,0
0.8047397136688232,0.7675100564956665,0.7804195284843445,0.09523804988664292,0,0,0,0,0,1,1,0,0,82,54,0.4615384615384615,0.5018063,0.00074319285,0.035238463,0
0.9003736972808838,0.8511171340942383,0.8721518516540527,0.19999986666675557,1,0,0,0,0,1,1,0,1,64,28,0.6470588235294117,1.7723754e-05,0.00029462148,0.96720225,1
0.8860483765602112,0.8354886174201965,0.8605491518974304,0.21428556122459913,0,0,0,0,0,1,1,1,1,98,23,0.5245901639344263,2.3342844e-05,0.00018285766,8.882353e-05,1
0.866974949836731,0.8567363619804382,0.8615456819534302,0.11111104938275035,0,0,0,0,0,1,1,0,1,86,27,0.6829268292682926,3.1891223e-06,0.02810453,4.877329e-05,1
0.8423284888267517,0.8148347735404968,0.8231520652770996,0.0499999750000125,0,0,0,0,0,1,1,0,1,87,21,0.5121951219512195,0.9998048,0.00019703883,1.67577e-05,0
0.8490699529647827,0.8017213344573975,0.8016364574432373,0.2222220987655007,2,0,1,0,0,1,1,1,1,85,24,0.4615384615384615,0.9985305,0.0007755127,0.00095355377,0
0.8369513750076294,0.7818959951400757,0.8124925494194031,0.1764704844291268,1,0,0,0,0,1,1,0,1,99,22,0.5853658536585367,0.14317732,0.002990653,0.00077374297,0
0.8378862738609314,0.8068864941596985,0.852556586265564,0.0499999750000125,1,0,0,0,0,1,1,0,1,97,24,0.5,0.03641063,0.002370942,0.83936197,0
0.8298037648200989,0.8122357726097107,0.8377233147621155,0.05263155124655198,2,0,0,0,0,1,1,0,1,91,20,0.5,0.9931235,9.442286e-05,0.0033716233,0
0.8399558663368225,0.7820861339569092,0.8189929723739624,0.04545452479339782,0,0,0,0,0,1,1,1,1,92,33,0.4878048780487805,2.1621678e-05,0.031206828,0.0002945293,0
0.8198293447494507,0.8124749064445496,0.0,0.1199999520000192,2,0,0,0,0,1,1,0,0,79,1,0.5365853658536586,0.010726349,0.0002261668,0.0076550953,0
0.8214446306228638,0.7461028099060059,0.790725827217102,0.0,0,0,1,0,0,1,1,1,0,139,31,0.5263157894736843,0.0033369097,0.0001883395,0.058456283,0
0.8486437797546387,0.7783371806144714,0.8407602906227112,0.08333326388894677,0,0,0,0,0,1,1,1,1,106,27,0.3902439024390244,0.9997459,0.00066716736,0.042144608,0
0.8547873497009277,0.7890884280204773,0.800458550453186,0.0,0,0,0,0,0,1,1,1,0,152,35,0.4776119402985075,0.9999243,0.00035114962,3.313523e-05,0
0.8426856398582458,0.7862118482589722,0.8358031511306763,0.19999986666675557,1,0,0,0,0,1,1,0,0,87,48,0.5121951219512195,0.9955788,0.00012742513,0.9900892,0
0.8523938655853271,0.7992693185806274,0.8329717516899109,0.04545452479339782,2,0,0,0,0,1,1,0,1,104,25,0.5633802816901409,0.00024097472,0.027131613,0.0017927387,0
0.8472037315368652,0.7727153897285461,0.8184649348258972,0.06249996093752441,0,0,0,0,0,1,1,1,1,107,32,0.4878048780487805,5.7783113e-06,0.000134955,5.169192e-05,0
0.814228355884552,0.8108680844306946,0.8114367723464966,0.0714285204081997,0,0,0,0,0,1,1,1,1,98,24,0.4,0.017441448,0.047342032,0.9998159,0
0.8104799389839172,0.7706857323646545,0.797062873840332,0.0,0,0,0,0,0,1,1,1,1,123,31,0.49382716049382713,6.4458516e-05,0.00028089105,3.1104275e-05,0
0.8499747514724731,0.7851311564445496,0.8326392769813538,0.058823494809708936,0,0,0,0,0,1,1,0,0,109,35,0.430379746835443,8.982758e-06,0.019079655,1.8739234e-05,0
0.8104799389839172,0.752116858959198,0.8065243363380432,0.0,0,0,0,0,0,1,1,1,1,113,31,0.49382716049382713,6.4458516e-05,0.00023681759,4.9279726e-05,0
0.8104799389839172,0.7697663307189941,0.8242381811141968,0.0,0,0,0,0,0,1,1,1,1,102,34,0.49382716049382713,6.4458516e-05,0.001095075,5.317076e-05,0
0.8104799389839172,0.7659703493118286,0.8214124441146851,0.0,0,0,0,0,0,1,1,1,1,121,29,0.49382716049382713,6.4458516e-05,0.003003865,2.1238939e-05,0
0.8864548802375793,0.8603125214576721,0.8631879687309265,0.06451610822061025,1,0,0,0,0,1,1,0,1,79,21,0.5538461538461539,2.3929002e-05,0.0008360065,0.9993299,1
0.8864548802375793,0.8625951409339905,0.8631879687309265,0.06451610822061025,1,0,0,0,0,1,1,0,1,110,21,0.5538461538461539,2.3929002e-05,0.009306744,0.9993299,1
0.8474354147911072,0.7913204431533813,0.82026207447052,0.04166664930556279,0,0,0,0,0,1,1,1,0,102,54,0.45238095238095233,3.4941782e-05,0.0005130651,2.0896983e-05,0
0.8233906626701355,0.784291684627533,0.7768397927284241,0.04761902494332146,0,0,0,0,0,1,1,0,0,93,21,0.4761904761904761,0.99977726,0.0008500493,0.00013435644,0
0.8155508041381836,0.7870690822601318,0.8133982419967651,0.0,0,0,0,0,0,1,1,1,0,88,25,0.45238095238095233,2.1285894e-05,0.0040960293,0.98358095,0
0.8653367161750793,0.823623538017273,0.7891497015953064,0.1764704844291268,0,0,0,0,0,1,1,1,0,100,33,0.5882352941176471,1.6886457e-05,0.01554954,0.013098545,0
0.8350828289985657,0.784511387348175,0.7731418609619141,0.1999998000002,1,0,0,0,0,1,1,1,0,76,39,0.4307692307692308,0.011931144,0.00017381267,0.027224692,0
0.8402111530303955,0.7778536081314087,0.8219740986824036,0.0,0,0,0,0,0,1,1,1,0,118,17,0.3921568627450981,0.006544374,0.0006821711,0.00089133694,0
0.7967643141746521,0.7538341879844666,0.7852057218551636,0.07692301775152481,1,0,0,0,0,1,0,1,0,80,14,0.5238095238095238,0.0014431846,0.0004735185,0.9974654,0
0.8146500587463379,0.7632258534431458,0.7959016561508179,0.07142854591837645,0,0,0,0,0,1,1,1,1,96,53,0.38888888888888884,0.99766845,2.0557978e-05,0.104936466,0
0.8090816140174866,0.7786663770675659,0.0,0.0,0,0,1,0,0,1,1,1,0,84,1,0.4761904761904761,0.02612394,4.9181384e-05,0.0046206536,0
0.8128761649131775,0.7692211866378784,0.8009504675865173,0.1499999250000375,0,0,0,0,0,1,1,0,1,95,23,0.5952380952380952,0.99530834,0.0006962869,0.0023966124,0
0.8267709612846375,0.7899442315101624,0.8181153535842896,0.04761902494332146,0,0,0,0,0,1,1,0,1,97,24,0.45238095238095233,0.019908546,0.00043048937,0.0078734495,0
0.8415918350219727,0.7781075239181519,0.779491662979126,0.1333332444445037,0,0,0,0,0,1,1,0,0,112,53,0.5454545454545454,0.04122158,0.0002195779,0.0010032146,0
0.8065256476402283,0.7606431245803833,0.7989213466644287,0.0799999680000128,1,0,0,0,0,1,0,1,1,95,52,0.40476190476190477,0.99910116,0.00055650796,0.039536364,0
0.8200063705444336,0.7726945877075195,0.0,0.0799999680000128,0,0,0,0,0,1,1,1,0,124,1,0.4761904761904761,0.99797887,7.674582e-05,0.0046206536,0
0.8011181950569153,0.8057199120521545,0.7883275151252747,0.11538457100593423,0,0,0,0,0,1,1,1,0,90,15,0.5405405405405406,9.898654e-05,0.00014182748,0.00022615468,0
0.8503231406211853,0.8004060983657837,0.0,0.13636357438019348,0,0,0,0,0,1,1,0,0,84,1,0.5454545454545454,1.2888054e-05,7.221218e-05,0.0002462294,1
0.8368088603019714,0.7666348814964294,0.0,0.2222220987655007,0,0,0,0,0,1,1,0,0,89,1,0.5769230769230769,0.06033406,0.0008076502,0.0002462294,0
0.85962975025177,0.757660984992981,0.7672451138496399,0.13636357438019348,0,0,0,0,0,1,1,1,1,29,38,0.44999999999999996,0.001319435,0.0001417274,0.00023893245,0
0.8073527216911316,0.7802847623825073,0.8031705021858215,0.0399999840000064,0,0,1,0,0,1,1,1,0,104,32,0.5333333333333333,0.0039900974,0.00045651483,7.0459755e-05,0
0.8919647336006165,0.8666692972183228,0.8802038431167603,0.26086945179589055,0,0,0,0,0,1,1,0,1,104,28,0.6666666666666667,5.213396e-06,0.000533121,0.99991655,1
0.8271343111991882,0.8102752566337585,0.7943518161773682,0.11904759070295459,0,0,0,0,0,1,1,1,0,70,21,0.5454545454545454,3.3828044e-05,0.00030471047,5.9989463e-05,0
0.8343325853347778,0.8037115931510925,0.8297436833381653,0.16666661111112963,0,0,0,0,0,1,1,1,1,95,27,0.46846846846846846,0.99938273,0.000115412375,0.000900964,0
0.8142788410186768,0.7923776507377625,0.8105015754699707,0.11538457100593423,0,0,0,0,0,1,1,1,0,97,38,0.4833333333333333,0.000104878185,0.0021670407,0.00034817282,0
0.8535944223403931,0.7830697298049927,0.8079308271408081,0.16666657407412552,0,0,0,0,0,1,1,1,0,96,32,0.5217391304347826,0.93274575,0.0002586512,0.00019409365,0
0.8738051056861877,0.815873920917511,0.8590402007102966,0.1199999520000192,1,0,0,0,0,1,1,0,1,104,25,0.62,0.013621026,0.45241597,0.00021014013,0
0.830077588558197,0.7937911152839661,0.801813542842865,0.12499994791668836,0,0,0,0,0,1,1,0,0,78,23,0.449438202247191,0.9908242,0.0021624593,9.191361e-05,0
0.8303035497665405,0.7975655794143677,0.8118599057197571,0.0714285204081997,0,0,0,0,0,1,1,1,0,80,30,0.5526315789473684,2.8626684e-05,0.0019301617,5.133304e-05,0
0.7939081788063049,0.7716114521026611,0.7887449860572815,0.2380951247166073,0,0,1,0,0,1,1,1,0,108,56,0.5043478260869565,0.9999025,0.00027827534,0.00026739403,0
0.8237373232841492,0.8048509955406189,0.804445743560791,0.0714285204081997,0,0,0,0,0,1,1,1,0,92,32,0.5106382978723405,1.6639304e-05,0.0012924528,0.0017087914,0
0.8047529458999634,0.8088580369949341,0.7848573327064514,0.12499992187504883,0,0,0,0,0,1,1,1,0,72,73,0.5111111111111111,0.00061648316,0.0015175953,0.000546624,0
0.8262244462966919,0.8069553971290588,0.7933701276779175,0.10526310249310396,0,0,0,0,0,1,1,0,0,87,16,0.4356435643564357,0.9936592,9.477555e-05,6.580315e-05,0
0.8415210247039795,0.8032119274139404,0.8261897563934326,0.11538457100593423,1,0,1,0,0,1,1,1,0,130,22,0.4946236559139785,8.073585e-05,0.00012826912,0.000979816,0
0.8169993758201599,0.8035910129547119,0.7835133075714111,0.05128203813281073,0,0,1,0,0,1,1,1,1,155,32,0.5043478260869565,5.1035324e-05,0.00025258015,0.0016526938,0
0.798699140548706,0.7287611365318298,0.7881073951721191,0.04545452479339782,0,0,1,0,0,1,1,1,0,99,24,0.43333333333333335,0.33749485,0.0003237741,0.02904842,0
0.7784679532051086,0.7749112844467163,0.7791079878807068,0.09523804988664292,0,0,0,0,0,1,1,1,0,74,22,0.55,0.010970268,0.000753188,2.672917e-05,0
0.8321682214736938,0.8024649024009705,0.8344861268997192,0.16666657407412552,0,0,0,0,0,1,1,0,1,76,30,0.627906976744186,9.375944e-05,0.00104451,8.080916e-05,0
0.8321682214736938,0.8154474496841431,0.8344861268997192,0.16666657407412552,0,0,0,0,0,1,1,1,1,100,30,0.627906976744186,9.375944e-05,0.0025205815,8.080916e-05,0
0.8469414710998535,0.8375865817070007,0.8331624269485474,0.0399999840000064,0,0,0,0,0,1,1,0,0,107,50,0.55,2.531633e-05,0.0012122304,8.1895385e-05,0
0.9112513065338135,0.8559086918830872,0.8756526112556458,0.4736839612189678,0,0,0,0,0,1,1,0,1,111,22,0.6804123711340206,9.958373e-06,0.0005697045,0.9975575,1
0.9176155924797058,0.8175655603408813,0.0,0.35714260204099857,0,0,0,0,0,1,1,0,0,84,1,0.693069306930693,6.464968e-05,0.99986386,0.0011755363,0
0.8990719318389893,0.8161002993583679,0.0,0.3529409688582536,0,0,0,0,0,1,1,0,0,80,1,0.6296296296296297,0.00022690573,0.0005602157,0.0011755363,0
0.8315463066101074,0.7378404140472412,0.7734906673431396,0.11111104938275035,0,0,0,0,0,1,1,1,1,98,28,0.4772727272727273,0.000117574076,2.5589243e-05,8.4814266e-05,0
0.8244081735610962,0.765781044960022,0.8097876310348511,0.15624995117189025,0,0,0,0,0,1,1,0,1,96,26,0.4915254237288136,0.99495643,0.0002033303,0.00034106252,0
0.8356891870498657,0.7880892753601074,0.8118526935577393,0.1874999414062683,0,0,0,0,0,1,1,1,0,102,24,0.4,0.9832114,0.00020777063,0.9997539,0
0.839797854423523,0.7972698211669922,0.7700402140617371,0.14285707482996438,0,0,0,0,0,1,1,0,0,70,24,0.5263157894736843,0.043508627,0.00031777617,0.00022134799,0
0.8626012802124023,0.7904806137084961,0.0,0.14285707482996438,0,0,0,0,0,1,1,0,0,111,1,0.42105263157894735,0.8647846,3.5027988e-05,0.0011755363,0
0.8003706932067871,0.7589476704597473,0.811997652053833,0.0,0,0,1,0,0,1,0,1,1,99,37,0.44067796610169496,0.000115664014,0.00013453518,0.07151085,0
0.8486385345458984,0.790583074092865,0.8123555183410645,0.14285707482996438,0,0,1,0,0,1,0,0,0,111,22,0.576271186440678,0.0006101933,0.0015909096,0.00053498603,0
0.8079714775085449,0.7406944632530212,0.792474091053009,0.0,0,0,0,0,0,1,0,1,0,86,17,0.4716981132075472,0.9977114,0.0026239073,0.011972341,0
0.8079714775085449,0.7449032664299011,0.792474091053009,0.0,0,0,0,0,0,1,0,1,0,94,17,0.4716981132075472,0.9977114,0.20369883,0.011972341,0
0.8144179582595825,0.7388386130332947,0.7927814722061157,0.03846152366864474,0,0,0,0,0,1,0,1,0,120,31,0.5263157894736843,0.99782604,0.005870665,0.025630565,0
0.8650369644165039,0.8020193576812744,0.8494750261306763,0.1499999250000375,0,0,0,0,0,1,0,0,0,109,34,0.5689655172413793,1.0773362e-05,0.00019226175,0.00053014094,0
0.8408369421958923,0.7666036486625671,0.7763574719429016,0.15624995117189025,0,0,0,0,0,1,1,1,1,73,23,0.5471698113207547,0.00014067335,0.00043708755,0.0004810328,0
0.8463391065597534,0.7835673689842224,0.8074684739112854,0.055555524691375174,0,0,0,0,0,1,0,1,0,106,55,0.49523809523809526,0.9973654,0.0054775816,0.00010384502,0
0.806022584438324,0.7649601101875305,0.7750117182731628,0.08823526816609759,0,0,0,0,0,1,1,1,1,95,18,0.45614035087719296,0.0036878122,0.0017750128,0.99965775,0
0.8320001363754272,0.7691092491149902,0.8130244016647339,0.07142854591837645,0,0,0,0,0,1,1,1,1,98,33,0.44859813084112155,0.99915195,0.0008481798,0.00050991273,0
0.8306030035018921,0.7513606548309326,0.7921909093856812,0.0,0,0,0,0,0,1,0,1,1,106,51,0.4615384615384615,0.9997861,0.00043812455,0.98015183,0
0.948387622833252,0.8727811574935913,0.8466394543647766,0.5499997250001375,1,0,0,0,0,1,1,0,0,100,22,0.5593220338983051,1.7177952e-05,0.0015303979,0.001924455,1
0.8858718872070312,0.837824821472168,0.845744788646698,0.1891891380569897,0,0,1,0,0,1,1,1,1,104,25,0.5423728813559322,2.806186e-05,0.00027137957,8.9507004e-05,0
0.8587002754211426,0.8371554613113403,0.8551603555679321,0.15624995117189025,0,0,1,0,0,1,1,0,0,82,24,0.49079754601227,5.0034163e-05,0.9999473,0.00016797446,0
0.8066080808639526,0.796833336353302,0.0,0.20833324652781396,0,0,0,0,0,1,1,1,0,97,1,0.5301204819277108,0.00041300838,0.00051758107,0.004121777,0
0.8348661661148071,0.793321430683136,0.8242377042770386,0.06896549346017466,0,0,1,0,0,1,1,0,0,78,21,0.4509803921568627,0.00048127343,0.0013381126,0.974814,0
0.8262187242507935,0.7743242979049683,0.8154427409172058,0.10526310249310396,0,0,1,0,0,1,1,1,0,109,36,0.5454545454545454,0.9861281,0.0012928772,0.0017411194,0
0.830675482749939,0.7699674367904663,0.7761064767837524,0.08823526816609759,0,0,0,0,0,1,1,1,0,113,30,0.5060240963855422,0.0054781674,0.0022197128,0.0028237428,0
0.7847577333450317,0.7630748748779297,0.0,0.09090904958679565,0,0,0,0,0,1,1,1,0,118,1,0.46540880503144655,0.99920976,0.0015001154,0.004121777,0
0.836588978767395,0.7890717387199402,0.7935905456542969,0.12499994791668836,0,0,0,0,0,1,1,0,0,82,40,0.4698795180722891,0.9939714,0.00028958864,0.00060704484,0
0.8485724329948425,0.81316077709198,0.8281253576278687,0.27272714876038695,1,0,0,0,0,1,1,0,0,105,28,0.47863247863247854,6.145938e-05,0.00058349397,0.017126566,0
0.8678820729255676,0.799721360206604,0.8203205466270447,0.13043472589794528,0,0,0,0,0,1,1,0,0,131,30,0.4705882352941176,3.3035427e-05,0.00028088997,0.00035183397,0
0.8678820729255676,0.8013119697570801,0.8203205466270447,0.13043472589794528,0,0,0,0,0,1,1,1,0,120,30,0.4705882352941176,3.3035427e-05,0.0017888118,0.00035183397,0
0.8355275988578796,0.7971771955490112,0.0,0.1818180991735913,0,0,0,0,0,1,1,1,0,99,1,0.5060240963855422,0.0007258674,0.00033508328,0.004121777,0
0.805472195148468,0.7579147815704346,0.7881731390953064,0.12499994791668836,0,0,0,0,0,1,1,0,1,75,23,0.45783132530120485,0.110548735,0.02956944,0.0031848247,0
0.8281785845756531,0.7923179864883423,0.8161636590957642,0.24999989583337673,1,0,0,0,0,1,1,0,0,106,25,0.5535714285714286,2.2106178e-05,0.00013843708,0.000121935496,0
0.8776702284812927,0.8130856156349182,0.8407807946205139,0.19047609977328583,1,0,0,0,0,1,1,1,0,112,57,0.43999999999999995,0.00016727773,0.0048398534,0.996696,0
0.8602116703987122,0.8225541710853577,0.8586953282356262,0.10344824019026201,0,0,1,0,0,1,1,1,0,86,27,0.5,0.0012228807,0.0002617439,0.00052484154,0
0.8351143002510071,0.776191234588623,0.8117964863777161,0.1599999360000256,0,0,1,0,0,1,1,1,0,98,53,0.48051948051948057,0.9994592,0.0004983023,0.00046657384,0
0.8384209871292114,0.7859457731246948,0.8116663098335266,0.06666664444445185,0,0,0,0,0,1,1,0,1,71,21,0.4779874213836478,0.00016448926,0.0002703494,0.00040565743,0
0.8187906742095947,0.7994425296783447,0.834618866443634,0.09677416233091538,0,0,0,0,0,1,1,0,1,79,27,0.4576271186440678,0.0002749331,0.00069097057,0.00071121746,0
0.8963962197303772,0.8527665734291077,0.8643152713775635,0.1499999250000375,1,0,0,0,0,1,1,0,0,105,28,0.5842696629213483,4.0176033e-06,0.0008091388,0.000104327,1
0.8576608896255493,0.8331998586654663,0.0,0.12499994791668836,0,0,0,0,0,1,1,0,0,92,1,0.5333333333333333,7.0147194e-06,0.00022958848,0.03341701,1
0.8278850317001343,0.8119720220565796,0.8255971074104309,0.08695648393196351,1,0,0,0,0,1,1,0,0,106,25,0.49382716049382713,7.6440065e-06,0.00015772495,5.1393967e-05,0
0.8354408740997314,0.834922194480896,0.8302234411239624,0.043478241965981754,0,0,0,0,0,1,0,1,0,104,53,0.4871794871794872,0.017706681,0.28141785,0.002192608,0
0.8321179747581482,0.7824899554252625,0.8190218806266785,0.13636357438019348,1,0,0,0,0,1,1,0,1,104,25,0.5365853658536586,0.0009061895,0.009803955,0.00015248879,0
0.826043963432312,0.8102591037750244,0.833562433719635,0.08333329861112558,1,0,0,0,0,1,1,0,0,114,26,0.5111111111111111,7.7827135e-05,0.00024966005,7.5216165e-05,0
0.838336169719696,0.8034708499908447,0.8260616064071655,0.04166664930556279,0,0,0,0,0,1,0,1,0,72,47,0.5111111111111111,0.99772114,0.0003422909,7.3895775e-05,0
0.8438122868537903,0.7899171710014343,0.8248572945594788,0.11111104938275035,1,0,0,0,0,1,1,1,0,112,57,0.4931506849315068,0.00022997476,0.22145778,0.98175675,0
0.8444933295249939,0.7956940531730652,0.8124052286148071,0.10526310249310396,1,0,0,0,0,1,1,1,0,137,47,0.4864864864864865,0.00022151184,0.00073368114,0.37225726,0
0.8444933295249939,0.7729148268699646,0.7999647259712219,0.10526310249310396,1,0,0,0,0,1,1,1,0,90,46,0.4705882352941176,0.00022151184,0.00014414395,0.04081166,0
0.8939865231513977,0.8328585028648376,0.8485221266746521,0.1428570408163994,1,0,0,0,0,1,1,1,0,137,47,0.7083333333333333,2.6031237e-06,0.00083877967,0.99894506,1
0.8939865231513977,0.8291019201278687,0.8398128151893616,0.1428570408163994,1,0,0,0,0,1,1,1,0,90,46,0.6666666666666667,2.6031237e-06,0.00023426853,0.03398884,1
0.8905310034751892,0.8256037831306458,0.858791172504425,0.1428570408163994,1,0,0,0,0,1,1,0,1,90,26,0.7083333333333333,3.1141972e-06,0.00052476354,5.184681e-05,1
0.8968680500984192,0.8418399095535278,0.8695928454399109,0.15384603550304962,1,0,0,0,0,1,1,1,0,112,57,0.7083333333333333,1.0308251e-05,0.91052634,0.9932829,1
0.8940156102180481,0.8097455501556396,0.7879167795181274,0.09090900826453795,0,0,0,0,0,1,1,1,0,110,25,0.75,0.9849214,0.004660631,0.005438373,0
0.8906180262565613,0.8348231315612793,0.8398128151893616,0.0,0,0,0,0,0,1,1,1,0,115,46,0.6666666666666667,2.5464087e-05,0.00027024222,0.03398884,1
0.8691114783287048,0.7999280691146851,0.8337404131889343,0.0,0,0,0,0,0,1,1,1,0,150,43,0.7083333333333333,0.9974274,0.0006248941,0.001651508,0
0.8646412491798401,0.8207922577857971,0.8503208756446838,0.0714285204081997,0,0,0,0,0,1,0,1,0,101,54,0.5833333333333333,0.00018636361,6.166908e-05,0.0003346121,0
0.8724821209907532,0.7954434752464294,0.8395810127258301,0.0714285204081997,0,0,0,0,0,1,1,1,0,108,53,0.7083333333333333,0.99651694,0.00198419,0.0098214345,0
0.8719772696495056,0.8095976710319519,0.0,0.0,1,0,0,0,0,1,1,1,0,78,1,0.5416666666666667,4.5038596e-05,2.5964491e-05,0.0011826785,1
0.8322638869285583,0.7802057862281799,0.8359963297843933,0.0714285204081997,1,0,0,0,0,1,1,0,0,87,48,0.5833333333333333,1.6442618e-05,8.924112e-05,0.14734843,0
0.8507996201515198,0.7989349961280823,0.8230177760124207,0.0,1,0,0,0,0,1,1,0,0,89,44,0.5,0.007059329,0.000119055716,0.00235743,0
0.8376377820968628,0.7609866261482239,0.7877631187438965,0.0,0,0,0,0,0,1,1,1,0,133,33,0.6363636363636364,0.00011088111,0.0075506577,0.022517527,0
0.8042958974838257,0.7957567572593689,0.820084273815155,0.0,1,0,0,0,0,1,1,0,1,91,20,0.45833333333333337,0.011000865,6.330567e-05,0.0004607133,0
0.8201533555984497,0.7983368039131165,0.7962561845779419,0.0,0,0,0,0,0,1,0,0,1,91,32,0.625,0.02767075,0.0017831471,0.0012143034,0
0.8402554392814636,0.7770741581916809,0.0,0.0,0,0,0,0,0,1,1,1,0,109,1,0.5833333333333333,0.99752,0.28124422,0.0011826785,0
0.8392054438591003,0.8024479746818542,0.8436533808708191,0.06666662222225185,0,0,0,0,0,1,0,0,0,91,30,0.6666666666666667,6.8895e-05,0.0008459931,0.00010355063,0
0.8141864538192749,0.77674400806427,0.7981464862823486,0.0,1,0,0,0,0,1,1,0,0,96,22,0.5,6.880149e-05,0.0022482588,0.054190405,0
0.9338156580924988,0.8667661547660828,0.8889138102531433,0.3461537130178027,2,0,0,0,0,1,1,0,0,89,23,0.6446280991735537,5.9836325e-06,0.00015633888,0.0005475333,1
0.8295369148254395,0.7912495136260986,0.0,0.04545452479339782,0,0,0,0,0,1,1,0,0,62,1,0.4697986577181208,0.9191776,0.00015481155,0.1080234,0
0.8418096899986267,0.794079601764679,0.8580933809280396,0.1599999360000256,1,0,0,0,0,1,1,0,0,120,25,0.4743589743589743,0.00089131127,0.010673033,0.005133477,0
0.8149170875549316,0.7290557622909546,0.8016534447669983,0.09090904958679565,0,0,1,0,0,1,1,1,0,91,55,0.43113772455089816,0.00060174137,0.009427065,0.072638154,0
0.7999191284179688,0.7646073698997498,0.7806728482246399,0.06060604224059325,0,0,1,0,0,1,1,1,1,129,54,0.5,0.9970868,0.0008959325,0.06712354,0
0.8400078415870667,0.7943409085273743,0.0,0.12499994791668836,0,0,0,0,0,1,1,1,0,56,1,0.49056603773584906,0.56046,0.0037087256,0.1080234,0
0.8407527804374695,0.7675567269325256,0.8131683468818665,0.0,0,0,1,0,0,1,0,1,0,104,17,0.4117647058823529,0.9967632,0.9998436,0.999065,0
0.8202307820320129,0.7980078458786011,0.8278036117553711,0.12499994791668836,0,0,0,0,0,1,1,0,0,83,13,0.5058823529411764,8.6731045e-05,8.806073e-05,0.0068096984,0
0.8360154628753662,0.8011863827705383,0.0,0.043478241965981754,0,0,1,0,0,1,1,0,0,95,1,0.4720496894409938,3.834931e-05,0.0018601364,0.1080234,0
0.8286857008934021,0.7792109847068787,0.8274540305137634,0.06060604224059325,1,0,1,0,0,1,1,1,0,114,20,0.4285714285714286,0.81834376,0.0006131654,0.0033141053,0
0.8390034437179565,0.7950006127357483,0.0,0.2222220987655007,1,0,0,0,0,1,1,0,0,90,1,0.5294117647058824,0.007178489,0.0004595209,0.1080234,0
0.8245561122894287,0.759030282497406,0.8131683468818665,0.10344824019026201,0,0,0,0,0,1,0,1,0,55,17,0.5,0.00010290893,0.016729262,0.999065,0
0.8252187967300415,0.7652462720870972,0.8131683468818665,0.06666664444445185,0,0,0,0,0,1,0,1,0,96,17,0.46601941747572817,0.00012044237,0.0050938795,0.999065,0
0.8386834859848022,0.7859373688697815,0.8131683468818665,0.09523804988664292,0,0,1,0,0,1,0,1,0,109,17,0.41290322580645167,0.9682133,0.00063073105,0.999065,0
0.8311842679977417,0.7725449204444885,0.773867130279541,0.0810810591672813,0,0,0,0,0,1,1,0,0,96,129,0.4705882352941176,0.006146234,0.00022941334,0.0035853116,0
0.814763605594635,0.774590790271759,0.0,0.14285707482996438,0,0,0,0,0,1,1,1,0,100,1,0.46540880503144655,0.068229154,0.0001229424,0.1080234,0
0.8344470858573914,0.7763194441795349,0.8221436142921448,0.03846152366864474,0,0,0,0,0,1,1,0,0,107,10,0.4358974358974359,0.004674486,0.00054749486,0.9970157,0
0.8344470858573914,0.7703010439872742,0.8221436142921448,0.03846152366864474,0,0,0,0,0,1,1,1,0,131,10,0.4358974358974359,0.004674486,0.002117339,0.9970157,0
0.8043012022972107,0.7559748888015747,0.7776511907577515,0.08333329861112558,2,0,0,0,0,1,1,0,1,95,55,0.4084507042253522,0.99732816,0.0016288992,0.018549616,0
0.8078039884567261,0.7681702971458435,0.8071033954620361,0.13043472589794528,0,0,0,0,0,1,0,0,0,100,49,0.5503355704697986,0.0013857345,0.0014463308,0.028214239,0
0.9253348112106323,0.8423750996589661,0.8580862283706665,0.2222220987655007,1,0,0,0,0,1,1,0,0,96,22,0.6727272727272726,1.4920125e-05,0.0034595532,0.99886465,1
0.8284251689910889,0.776035726070404,0.7882865071296692,0.10526310249310396,0,0,0,0,0,1,1,0,0,62,21,0.5652173913043479,1.7754044e-05,0.00019058312,0.00012490335,0
0.8153277635574341,0.7587435841560364,0.8058841824531555,0.0,0,0,0,0,0,1,1,1,1,134,49,0.4285714285714286,0.0065885503,0.0068039284,0.8872659,0
0.8443621397018433,0.760225772857666,0.807580828666687,0.11111104938275035,0,0,0,0,0,1,1,1,0,112,43,0.5172413793103448,0.0073671876,6.7095076e-05,0.00020943693,0
0.8238070011138916,0.7698163986206055,0.8003526926040649,0.099999950000025,0,0,0,0,0,1,1,1,0,97,50,0.4705882352941176,3.005458e-05,0.0014858835,0.0020141248,0
0.8275576233863831,0.7475224137306213,0.7945508360862732,0.12499994791668836,0,0,0,0,0,1,1,1,1,112,52,0.5396825396825398,0.0051645366,0.00091736513,0.13034806,0
0.8136264085769653,0.7370350956916809,0.7692636251449585,0.055555524691375174,0,0,0,0,0,1,1,1,0,104,50,0.4126984126984127,0.00017773277,0.00060932146,0.008144052,0
0.8411043286323547,0.7853842377662659,0.8127294182777405,0.099999950000025,0,0,0,0,0,1,1,1,0,89,55,0.5178571428571428,0.00017633894,3.7278955e-05,0.006529,0
0.819618821144104,0.7840737104415894,0.7876206636428833,0.05263155124655198,0,0,0,0,0,1,1,1,0,76,43,0.5172413793103448,0.091535464,0.9978569,0.0021499663,0
0.7813282012939453,0.7503611445426941,0.0,0.058823494809708936,0,0,0,0,0,1,1,0,0,71,1,0.5210084033613445,0.35456333,0.0046974183,0.18102287,0
0.8290653228759766,0.773530125617981,0.8330575227737427,0.0499999750000125,0,0,0,0,0,1,1,1,0,96,48,0.496,0.9877628,7.4911295e-05,0.00024366095,0
0.8037554025650024,0.7797307968139648,0.8042710423469543,0.0,0,0,0,0,0,1,1,0,0,90,24,0.5396825396825398,6.978367e-05,0.0003119116,0.9996462,0
0.8192185759544373,0.774764358997345,0.0,0.0,0,0,0,0,0,1,1,0,0,79,1,0.4672897196261683,4.835444e-05,8.181818e-05,0.18102287,0
0.8016506433486938,0.7509381771087646,0.8107893466949463,0.0,0,0,0,0,0,1,1,1,1,105,25,0.4719101123595506,0.14322689,0.0034239327,0.0005352533,0
0.8035858273506165,0.7711638808250427,0.7908785343170166,0.0,0,0,0,0,0,1,1,0,1,110,24,0.4545454545454546,0.00033581065,0.00046693624,0.0047279205,0
0.8161394596099854,0.7543448805809021,0.7725053429603577,0.08695648393196351,0,0,0,0,0,1,1,0,0,108,58,0.4285714285714286,0.99264824,0.0006236783,0.00033833014,0
0.8344148397445679,0.7635407447814941,0.8317005634307861,0.029411756055365862,0,0,1,0,0,1,0,1,1,108,23,0.5238095238095238,2.9337718e-05,0.0006892614,0.13973849,0
0.8367899060249329,0.7703384160995483,0.782584547996521,0.05263155124655198,0,0,0,0,0,1,1,1,0,122,25,0.54,4.8855225e-05,0.0016730983,0.0019597688,0
0.8319092988967896,0.7759551405906677,0.8207761645317078,0.03703702331962099,0,0,0,0,0,1,1,1,0,142,52,0.485981308411215,0.00011948282,0.0006467579,0.00011196306,0
0.8701924681663513,0.8425226807594299,0.8577519655227661,0.1499999250000375,1,0,0,0,0,1,1,0,0,106,25,0.8055555555555556,6.660036e-06,0.00031168343,2.5539723e-05,1
0.8309364318847656,0.795222282409668,0.8128300309181213,0.10714281887756469,0,0,0,0,0,1,1,0,0,102,25,0.5833333333333333,0.9997962,0.00021113726,0.001110972,0
0.8321905732154846,0.7952510714530945,0.8211373686790466,0.11111106995886298,0,0,0,0,0,1,1,1,1,95,27,0.4871794871794872,0.99977416,0.0002745141,0.0004575382,0
0.8536564707756042,0.8172361254692078,0.8272834420204163,0.10526310249310396,1,0,0,0,0,1,1,0,0,105,28,0.5352112676056338,5.20786e-06,0.0006734292,0.00010605979,0
0.8383208513259888,0.7873456478118896,0.8363098502159119,0.058823494809708936,1,0,0,0,0,1,1,0,0,87,48,0.5641025641025641,0.0017801166,9.7636344e-05,0.022828383,0
0.8450976610183716,0.7911416292190552,0.820393443107605,0.0,1,0,0,0,0,1,1,0,0,89,44,0.5641025641025641,0.32444817,9.401277e-05,0.03304519,0
0.8433790802955627,0.7893809676170349,0.8309684991836548,0.058823494809708936,1,0,0,0,0,1,1,1,0,112,57,0.45333333333333337,0.0019743734,0.01664655,0.9877307,0
0.83697909116745,0.7826476097106934,0.8103199005126953,0.055555524691375174,1,0,0,0,0,1,1,1,0,137,47,0.48571428571428577,0.002208723,0.00063611555,0.720488,0
0.83697909116745,0.769692063331604,0.7952924966812134,0.055555524691375174,1,0,0,0,0,1,1,1,0,90,46,0.4444444444444444,0.002208723,0.0001204171,0.040267345,0
0.8343420028686523,0.770736575126648,0.8198386430740356,0.055555524691375174,1,0,0,0,0,1,1,0,1,90,26,0.48571428571428577,0.005005682,0.00013855043,0.00081571186,0
0.9721270203590393,0.9023923277854919,0.9103199243545532,0.7777773456792524,2,0,0,0,0,1,1,1,0,74,24,0.5465116279069768,0.0005367168,0.99970716,0.0041444865,1
0.8365715742111206,0.8062626719474792,0.8123934864997864,0.15384609467457896,1,0,0,0,0,1,1,1,0,91,34,0.4787234042553191,0.000316219,0.00018280312,0.00014336259,0
0.8427906632423401,0.7903194427490234,0.8257565498352051,0.16129027055152564,0,0,1,0,0,1,1,1,0,80,36,0.47513812154696133,0.9991062,0.0006202648,0.0012605796,0
0.8254287838935852,0.7806282043457031,0.811826765537262,0.11538457100593423,0,0,0,0,0,1,1,1,1,113,32,0.49710982658959535,0.0042445953,0.00013800855,0.0002593406,0
0.8166475892066956,0.7729402780532837,0.7942497730255127,0.03846152366864474,0,0,0,0,0,1,1,1,0,93,39,0.3972602739726028,0.00015537672,0.00037487719,0.00061709725,0
0.8835092186927795,0.8258039355278015,0.7863029837608337,0.1249999609375122,0,0,0,0,0,1,1,1,0,104,18,0.4590163934426229,0.0012098604,0.00020695511,0.00012669692,0
0.837387204170227,0.7967254519462585,0.7624709606170654,0.030303021120296626,0,0,1,0,0,1,1,1,0,101,22,0.40909090909090906,0.99837047,0.003537587,0.020854868,0
0.7855120301246643,0.7816756367683411,0.7867863178253174,0.2272726239669891,0,0,0,0,0,1,1,1,0,101,25,0.47328244274809156,0.007941192,0.9462192,4.7939062e-05,0
0.8240895867347717,0.7779396772384644,0.8138869404792786,0.03846152366864474,0,0,0,0,0,1,1,1,1,101,49,0.42647058823529416,0.976644,2.7172407e-05,0.0030654133,0
0.8544027209281921,0.8254210352897644,0.8268170952796936,0.03846152366864474,1,0,0,0,0,1,1,0,0,102,36,0.4482758620689655,0.99813557,0.00075774506,0.00046316528,0
0.8101692199707031,0.7666307091712952,0.7873608469963074,0.06896549346017466,0,0,0,0,0,1,1,1,0,97,31,0.505050505050505,0.002021205,5.813269e-05,9.4694464e-05,0
0.8314337134361267,0.7762771248817444,0.7897084951400757,0.0540540394448542,0,0,0,0,0,1,1,1,0,113,30,0.4285714285714286,0.0024386507,0.0013100278,0.0011523621,0
0.859595000743866,0.8061668872833252,0.8075957298278809,0.09999996666667778,0,0,0,0,0,1,1,1,1,102,27,0.5729729729729729,0.13298802,0.0057508727,0.0007581234,0
0.8345814943313599,0.7956861853599548,0.796461820602417,0.07142854591837645,0,0,0,0,0,1,1,1,1,119,34,0.3970588235294118,1.6649916e-05,0.01680882,2.2153992e-05,0
0.819590151309967,0.7796801924705505,0.0,0.1428571088435455,0,0,0,0,0,1,1,1,0,78,1,0.4,0.14954261,0.00045103836,0.00061070075,0
0.8309006094932556,0.7844643592834473,0.8035213947296143,0.12244895460225415,0,0,1,0,0,1,1,0,0,80,23,0.532258064516129,0.0006123088,0.4235378,0.00016699567,0
0.8373425602912903,0.7572928667068481,0.7898615002632141,0.12499997395833876,0,0,1,0,0,1,1,1,0,91,29,0.4321608040201005,0.00038812406,0.00072369166,0.00086698117,0
0.8352628350257874,0.7874748706817627,0.0,0.14285707482996438,0,0,0,0,0,1,1,0,0,96,1,0.44999999999999996,0.00055206765,0.007966482,0.00061070075,0
0.937038004398346,0.8552892208099365,0.8881078958511353,0.5263155124655198,2,0,0,0,0,1,1,0,1,97,25,0.5686274509803921,1.5856689e-05,0.00025803523,0.00013735257,1
0.8827193975448608,0.8336650729179382,0.8705687522888184,0.2380951247166073,0,0,0,0,0,1,1,0,1,100,28,0.4426229508196722,0.0007570194,0.0011896046,0.0002683368,1
0.8151837587356567,0.7715514898300171,0.8168134689331055,0.04545452479339782,1,0,0,0,0,1,1,0,0,125,22,0.40449438202247184,0.00042463068,0.00018545146,0.054922912,0
0.8172973394393921,0.7929099798202515,0.8261634707450867,0.1764704844291268,1,0,0,0,0,1,1,1,0,74,22,0.43137254901960786,0.022953723,0.00034309566,0.038852327,0
0.8172973394393921,0.7821338176727295,0.8261634707450867,0.1764704844291268,1,0,0,0,0,1,1,1,0,76,22,0.43137254901960786,0.022953723,0.00071502855,0.038852327,0
0.8273365497589111,0.7931454181671143,0.8336653113365173,0.09523804988664292,2,0,0,0,0,1,1,0,0,79,25,0.6060606060606061,0.0025870597,8.3655315e-05,0.00083985634,0
0.8609218597412109,0.8094043731689453,0.8215694427490234,0.17391296786392701,2,0,0,0,0,1,1,1,0,108,53,0.45714285714285713,0.9964839,0.0074903,0.0006404814,0
0.8508085012435913,0.8111419677734375,0.839995801448822,0.17391296786392701,1,0,0,0,0,1,1,0,0,92,23,0.4705882352941176,0.0006026155,0.00039124818,0.010360347,0
0.8367246389389038,0.7914093136787415,0.8136701583862305,0.0399999840000064,0,0,0,0,0,1,0,1,0,93,27,0.5081967213114754,0.00012544198,0.00053462473,0.00015063502,0
0.8173254728317261,0.798638105392456,0.8084591627120972,0.0399999840000064,1,0,1,0,0,1,1,0,0,65,25,0.4603174603174603,0.984884,0.00032671788,0.9168295,0
0.8326905369758606,0.7811987996101379,0.8180837631225586,0.030303021120296626,1,0,0,0,0,1,1,1,1,104,24,0.4833333333333333,0.9950482,8.316745e-05,0.0043576383,0
0.8312671780586243,0.7827840447425842,0.7962470650672913,0.03846152366864474,0,0,1,0,0,1,0,0,0,119,11,0.4444444444444444,0.998777,0.0007890806,0.030370781,0
0.8017218112945557,0.779192328453064,0.8038413524627686,0.1212120844811865,0,0,0,0,0,1,1,0,0,122,28,0.40384615384615385,0.009127106,0.0006768166,0.03759092,0
0.7999373078346252,0.734250009059906,0.0,0.0,1,0,1,0,0,1,0,1,0,76,1,0.410958904109589,0.0054436163,0.0006541857,0.011068658,0
0.7953428626060486,0.7562202215194702,0.7712228894233704,0.13043472589794528,0,0,0,0,0,1,1,1,0,120,61,0.48,0.61081535,0.0036846467,0.0003052736,0
0.8254414796829224,0.781905472278595,0.7648524641990662,0.05128203813281073,1,0,1,0,0,1,1,1,0,100,42,0.4369747899159664,0.972123,0.019750433,0.00023638303,0
0.8254414796829224,0.791651725769043,0.7875142097473145,0.05128203813281073,1,0,1,0,0,1,1,1,0,96,40,0.4920634920634921,0.972123,0.018195542,0.0024816957,0
0.9322381019592285,0.8524779081344604,0.8358607888221741,0.19047609977328583,0,0,0,0,0,1,1,1,0,128,25,0.6595744680851063,0.00014394576,0.004144799,0.00078584824,1
0.9172741174697876,0.8507266640663147,0.8101227283477783,0.13636357438019348,0,0,0,0,0,1,1,1,0,113,26,0.574468085106383,0.00011391207,0.00057522155,0.0053666593,1
0.9172741174697876,0.8511120676994324,0.9075992107391357,0.13636357438019348,0,0,0,1,0,1,1,1,1,98,23,0.7529411764705882,0.00011391207,0.0030881139,0.98740596,1
0.8354965448379517,0.8013002276420593,0.8325569033622742,0.09523804988664292,1,0,0,0,0,1,1,0,0,87,26,0.5106382978723405,0.99969673,0.000303909,0.99892944,0
0.8701333999633789,0.7969005703926086,0.0,0.23076905325457442,1,0,0,0,0,1,1,1,0,109,1,0.5319148936170213,8.299237e-05,0.00093680236,0.0009648534,0
0.8172659873962402,0.7867496013641357,0.7869718074798584,0.09523804988664292,0,0,0,0,0,1,1,1,0,103,80,0.5185185185185186,0.8067634,0.00040402138,6.7082634e-05,0
0.8496431112289429,0.8160824179649353,0.0,0.13636357438019348,1,0,1,0,0,1,1,1,0,87,1,0.47887323943661975,0.00018350144,0.0010522843,0.0009648534,0
0.8432493209838867,0.8065618872642517,0.8255956172943115,0.09090904958679565,1,0,0,0,0,1,1,1,0,89,29,0.5121951219512195,0.00029246788,0.0007404717,9.65772e-05,0
0.8133251667022705,0.7598991394042969,0.7743776440620422,0.099999950000025,1,0,0,0,0,1,1,1,0,133,31,0.48936170212765956,0.0037897548,0.0010207501,0.0007262832,0
0.8133251667022705,0.7679426670074463,0.7644609808921814,0.099999950000025,1,0,0,0,0,1,1,1,0,91,31,0.5106382978723405,0.0037897548,0.0018333035,0.0066196253,0
0.8303532600402832,0.7948329448699951,0.8194607496261597,0.07142854591837645,1,0,0,0,0,1,1,0,0,91,27,0.4444444444444444,0.00014538133,0.005542939,5.3978714e-05,0
0.8303532600402832,0.7922404408454895,0.8194607496261597,0.07142854591837645,1,0,0,0,0,1,1,1,0,98,27,0.4444444444444444,0.00014538133,0.0012902543,5.3978714e-05,0
0.8155145049095154,0.7679502964019775,0.7709823846817017,0.0,1,0,0,0,0,1,0,1,0,94,38,0.45977011494252873,0.0019579246,0.0026613905,0.0006995769,0
0.8753685355186462,0.8327972292900085,0.8606871366500854,0.0624999804687561,1,0,0,0,0,1,1,0,0,97,29,0.48936170212765956,0.99853754,0.0010652196,0.0012955635,0
0.8228890895843506,0.7860230803489685,0.7865703105926514,0.0,0,0,0,0,0,1,0,1,1,78,28,0.4782608695652174,0.99950695,9.4858864e-05,0.00013000841,0
0.8179160952568054,0.7622934579849243,0.7794196605682373,0.06666662222225185,1,0,0,0,0,1,0,1,1,59,41,0.4042553191489362,0.018111063,0.0031307782,0.003499292,0
0.8040847182273865,0.7741502523422241,0.794316291809082,0.11111106995886298,1,0,0,0,0,1,1,1,0,87,25,0.48936170212765956,0.99955577,0.09171482,0.0041347956,0
0.7923849821090698,0.7605996131896973,0.7980557084083557,0.13636357438019348,0,0,0,0,0,1,1,1,0,98,21,0.48936170212765956,0.061634097,0.003782763,0.56559616,0
0.7481580376625061,0.7772504687309265,0.7488736510276794,0.0,0,0,0,0,0,1,0,0,0,67,40,0.42553191489361697,0.9894744,0.008555629,0.040442977,0
0.9202287793159485,0.8432440161705017,0.8623506426811218,0.31578930747931183,1,1,1,0,0,1,1,0,1,88,20,0.6,0.00025664436,5.9969763e-05,0.99967563,1
0.8662474155426025,0.8014308214187622,0.7935397624969482,0.0499999750000125,0,1,0,0,0,1,1,1,1,87,32,0.5869565217391304,0.00060120726,0.0031645047,0.0004329863,0
0.9023747444152832,0.8188191652297974,0.7893028855323792,0.39999973333351113,0,1,1,0,0,1,1,1,1,151,34,0.7123287671232876,0.99960047,0.0002394956,0.0029394377,0
0.8108808994293213,0.7935355305671692,0.8569649457931519,0.10714281887756469,0,1,0,0,0,1,1,1,1,114,30,0.4782608695652174,0.0036370216,0.00023640286,0.007862534,0
0.8434622883796692,0.81523197889328,0.8482214212417603,0.099999950000025,0,1,0,0,0,1,1,0,1,91,20,0.5,0.9998542,8.1023136e-05,0.002768261,0
0.8352518677711487,0.7787007689476013,0.0,0.12499992187504883,0,1,0,0,0,1,1,1,0,94,1,0.5217391304347826,0.00021854234,0.0003780213,0.4588592,0
0.8352518677711487,0.7774704098701477,0.0,0.12499992187504883,0,1,0,0,0,1,1,1,0,101,1,0.5217391304347826,0.00021854234,0.00019474945,0.4588592,0
0.8352518677711487,0.777002215385437,0.0,0.12499992187504883,0,1,0,0,0,1,1,1,0,100,1,0.5217391304347826,0.00021854234,6.85365e-05,0.4588592,0
0.8425349593162537,0.7776708602905273,0.0,0.12499992187504883,0,1,0,0,0,1,1,1,0,99,1,0.5217391304347826,0.00015086848,6.092634e-05,0.4588592,0
0.8387057185173035,0.7584006786346436,0.7942399382591248,0.0,0,1,0,0,0,1,1,1,0,102,29,0.44705882352941173,0.9943479,0.0004688486,0.0016803641,0
0.8213199973106384,0.8119395971298218,0.8359127640724182,0.17391296786392701,1,1,0,0,0,1,1,1,0,120,29,0.5581395348837209,0.00074648636,0.0036716692,0.0001678335,0
0.8231474161148071,0.7665192484855652,0.7929514646530151,0.055555524691375174,0,1,0,0,0,1,1,1,0,136,36,0.4565217391304348,0.999398,8.834751e-05,5.7081666e-05,0
0.8641753196716309,0.7942249178886414,0.8024786710739136,0.15789465373965592,0,1,0,0,0,1,1,1,1,112,32,0.5652173913043479,5.0117294e-05,0.00012243235,0.0009970794,0
0.8405089378356934,0.7768372297286987,0.8022514581680298,0.07407404663924198,0,1,0,0,0,1,1,1,1,124,29,0.5,0.028804192,0.00047745171,0.0006841547,0
0.8127550482749939,0.762740969657898,0.7815240025520325,0.09374997070313415,0,1,0,0,0,1,1,1,0,112,40,0.5434782608695652,0.999866,0.0002797968,0.015499805,0
0.8118889927864075,0.7964421510696411,0.0,0.04761902494332146,0,1,0,0,0,1,1,0,0,62,1,0.4782608695652174,0.0014514906,0.0010040768,0.4588592,0
0.8357648253440857,0.7610651850700378,0.8027366399765015,0.15789465373965592,0,1,0,0,0,1,1,1,0,119,33,0.4444444444444444,0.032693136,0.00036212013,3.1900992e-05,0
0.8375087976455688,0.7815430760383606,0.8139275908470154,0.055555524691375174,0,1,0,0,0,1,1,1,0,115,23,0.4782608695652174,0.9974443,0.0041329907,0.0006999301,0
0.9325319528579712,0.8782731294631958,0.9197252988815308,0.31578930747931183,1,0,0,0,0,1,1,0,1,121,25,0.6236559139784946,1.0490195e-05,0.008474326,0.9760643,1
0.8825659155845642,0.8378505706787109,0.0,0.15384603550304962,0,0,0,0,0,1,1,1,1,101,1,0.4736842105263158,0.9949602,0.00023866347,0.00038828285,0
0.8698095083236694,0.8080460429191589,0.8354138135910034,0.19999990000005,1,0,0,0,0,1,1,0,0,112,43,0.45614035087719296,0.004131416,0.9944661,6.786133e-05,0
0.8698095083236694,0.7996957898139954,0.8285227417945862,0.19999990000005,1,0,0,0,0,1,1,0,0,116,41,0.40449438202247184,0.004131416,0.9951487,5.002776e-05,0
0.8570167422294617,0.7918576002120972,0.8186934590339661,0.0499999750000125,0,0,0,0,0,1,1,1,0,97,57,0.4736842105263158,0.32028565,0.00027856993,0.18102565,0
0.8770357966423035,0.8302604556083679,0.0,0.09523804988664292,1,0,0,0,0,1,1,1,0,103,1,0.4719101123595506,0.0003640886,7.956131e-05,0.00038828285,0
0.828895628452301,0.7853712439537048,0.8052747845649719,0.09523804988664292,0,0,0,0,0,1,1,1,0,72,64,0.543859649122807,0.99908316,0.00057372137,0.0354216,0
0.85688716173172,0.7968569993972778,0.0,0.14285707482996438,0,0,0,0,0,1,1,1,1,131,1,0.45614035087719296,0.94840467,0.00037259248,0.00038828285,0
0.8380752205848694,0.8162068724632263,0.8116421103477478,0.1499999250000375,0,0,1,0,0,1,1,1,0,87,26,0.5,0.967656,0.99988294,0.1306298,0
0.80792236328125,0.7691925168037415,0.8058357834815979,0.04166664930556279,0,0,1,0,0,1,0,1,0,68,42,0.5087719298245614,0.95306396,0.78465706,0.00045700083,0
0.8435738682746887,0.8119805455207825,0.8148104548454285,0.1764704844291268,0,0,0,0,0,1,1,1,0,80,25,0.5242718446601942,0.0012429435,0.0007246768,0.005312626,0
0.8400336503982544,0.7685383558273315,0.7993606328964233,0.030303021120296626,0,0,0,0,0,1,1,0,0,114,23,0.45614035087719296,0.07741412,0.00038132933,0.015392274,0
0.8402631878852844,0.7876908183097839,0.7845829725265503,0.18749988281257324,0,0,0,0,0,1,1,1,0,100,57,0.5263157894736843,0.7378273,0.00073215127,0.005378387,0
0.8627750873565674,0.7910961508750916,0.8260863423347473,0.09090904958679565,1,0,0,0,0,1,1,0,0,75,24,0.4158415841584159,0.97673255,0.008661752,0.015973536,0
0.8287280201911926,0.8131065368652344,0.0,0.17391296786392701,0,0,0,0,0,1,1,1,1,96,1,0.4854368932038835,0.012980345,0.00027536825,0.00038828285,0
0.8361031413078308,0.8141994476318359,0.8187487721443176,0.19999986666675557,0,0,0,0,0,1,1,1,0,120,22,0.543859649122807,0.83811486,0.009120631,0.0019307747,0
0.8245671987533569,0.8009213805198669,0.8171513080596924,0.0799999680000128,0,0,0,0,0,1,1,1,0,84,21,0.42105263157894735,0.00015019743,0.0025377732,0.0070472723,0
0.8201258182525635,0.8072564601898193,0.8022547960281372,0.043478241965981754,0,0,1,0,0,1,1,0,0,65,25,0.49122807017543857,0.99498534,0.00055634504,0.9902514,0
0.8085460066795349,0.7978525161743164,0.7909106612205505,0.10526310249310396,0,0,0,0,0,1,0,1,0,78,1,0.5544554455445545,0.019941274,0.0002182119,0.0017087166,0
0.8172900676727295,0.7502124309539795,0.7947614789009094,0.1428570408163994,1,0,0,0,0,1,0,1,0,79,50,0.40816326530612246,0.6570959,0.00027637728,0.012143551,0
0.8983041644096375,0.8433011770248413,0.8700494170188904,0.41176446366796254,2,0,0,0,0,1,1,0,0,94,28,0.5393258426966292,7.239774e-05,0.0018299455,4.4272947e-05,1
0.8164932727813721,0.7806918621063232,0.811950147151947,0.043478241965981754,1,0,0,0,0,1,1,0,1,99,22,0.44859813084112155,2.1344806e-05,0.0031250622,0.00017726388,0
0.8572909832000732,0.8109298944473267,0.0,0.11111104938275035,1,0,0,0,0,1,1,1,1,85,1,0.5081967213114754,0.012853496,0.004797932,0.0008112383,0
0.8323692083358765,0.7989140152931213,0.0,0.11111104938275035,1,0,0,0,0,1,1,1,0,81,1,0.6065573770491803,4.9585266e-05,0.00012887413,0.0008112383,0
0.8379411101341248,0.8070091605186462,0.0,0.099999950000025,1,0,0,0,0,1,1,1,0,146,1,0.4918032786885246,0.0002141441,0.0005611995,0.0008112383,0
0.8243761658668518,0.7992148995399475,0.7876538634300232,0.1499999250000375,2,0,1,0,0,1,1,1,0,84,23,0.47706422018348627,0.00022075183,0.0003243071,9.0336296e-05,0
0.8051295280456543,0.7621059417724609,0.7877252101898193,0.07142854591837645,0,0,0,0,0,1,1,1,0,81,23,0.5376344086021505,0.0010404486,9.592141e-05,0.0003017992,0
0.8108033537864685,0.7725652456283569,0.7956349849700928,0.2380951247166073,2,0,0,0,0,1,1,1,0,97,21,0.4464285714285714,0.00036205852,5.1541974e-05,0.58749187,0
0.8299396634101868,0.7767106294631958,0.7704644799232483,0.21739120982990878,1,0,0,0,0,1,1,0,0,95,21,0.419047619047619,0.027892636,0.00045112814,0.00021773457,0
0.8352116942405701,0.7764757871627808,0.0,0.07692304733728948,1,0,0,0,0,1,1,1,0,102,1,0.5619834710743802,0.019768748,0.0001009873,0.0008112383,0
0.8082895278930664,0.7731244564056396,0.8022971153259277,0.21739120982990878,1,0,0,0,0,1,1,1,0,82,21,0.4918032786885246,0.00054342265,0.95711625,0.99944896,0
0.8458380699157715,0.7932653427124023,0.79698246717453,0.07692304733728948,1,0,0,0,0,1,1,0,0,97,23,0.47540983606557374,0.1429259,0.0001395944,0.99968684,0
0.7976930737495422,0.7518119812011719,0.7555347681045532,0.0499999750000125,0,0,0,0,0,1,1,1,0,83,72,0.4897959183673469,0.9013148,0.00033455624,0.010184374,0
0.8265740871429443,0.7974028587341309,0.0,0.09090904958679565,0,0,0,0,0,1,1,0,0,111,1,0.4705882352941176,0.0053225853,4.753922e-05,0.0008112383,0
0.8047293424606323,0.7624408006668091,0.7653775215148926,0.08571426122449678,0,0,1,0,0,1,1,1,0,90,43,0.5737704918032787,0.9969998,0.0013766381,0.9947891,0
0.8411192297935486,0.7930184006690979,0.8301774859428406,0.12499994791668836,2,0,0,0,0,1,1,1,0,109,40,0.47933884297520657,6.526675e-05,0.00040100573,0.006026611,0
0.9415774345397949,0.8724730014801025,0.0,0.39999973333351113,1,0,0,0,0,1,1,0,0,62,1,0.9142857142857143,4.1848075e-06,0.0003555258,0.00042666338,1
0.8727969527244568,0.7883079648017883,0.8323023915290833,0.19999986666675557,0,0,0,1,0,1,1,1,0,122,35,0.6756756756756757,0.8590405,0.00017988589,0.9994659,0
0.8770156502723694,0.8128988146781921,0.8332840800285339,0.17241373365043666,0,0,0,0,0,1,1,1,0,112,40,0.5428571428571429,0.009015974,0.0004739457,0.00023384167,0
0.8505942225456238,0.789290726184845,0.8007187247276306,0.24999984375009765,0,0,0,0,0,1,1,1,0,111,30,0.5405405405405406,0.9995334,0.004739481,0.010718838,0
0.8352910876274109,0.8035773038864136,0.8257180452346802,0.14285707482996438,0,0,1,0,0,1,1,0,1,88,20,0.4864864864864865,0.6669057,4.3173965e-05,0.00038744792,0
0.8733006119728088,0.7943403124809265,0.7818198800086975,0.1333332444445037,0,0,0,0,0,1,1,1,0,108,28,0.6756756756756757,0.06377799,2.0107647e-05,5.669373e-05,0
0.8797447085380554,0.8347715139389038,0.8282051682472229,0.0799999680000128,0,0,0,0,0,1,1,0,0,103,21,0.7567567567567568,5.5745615e-05,6.7488836e-05,6.0015307e-05,1
0.8256803154945374,0.8028967380523682,0.8236607313156128,0.10526310249310396,0,0,0,0,0,1,1,1,1,94,21,0.5135135135135135,4.8224974e-05,0.0006990942,0.00075091026,0
0.8425188064575195,0.8225552439689636,0.0,0.10526310249310396,0,0,0,0,0,1,1,0,0,67,1,0.5945945945945945,2.900628e-05,0.00010376524,0.00042666338,0
0.8668828010559082,0.7819830775260925,0.8118056058883667,0.06666662222225185,0,0,0,0,0,1,1,1,0,102,29,0.6129032258064516,0.98377234,0.002248703,0.0011154736,0
0.8734921813011169,0.8255323767662048,0.836529552936554,0.11764698961941787,0,0,0,0,0,1,1,1,1,129,25,0.6486486486486487,0.9997856,0.00032832788,0.00037964113,0
0.820256769657135,0.8024911880493164,0.8375167846679688,0.1199999520000192,0,0,0,0,0,1,1,0,1,77,25,0.5161290322580645,5.2943753e-05,7.9436315e-05,0.0006997672,0
0.8641180992126465,0.8290892839431763,0.0,0.055555524691375174,0,0,0,0,0,1,1,0,0,75,1,0.5405405405405406,8.8943096e-05,0.9991202,0.00042666338,0
0.8449433445930481,0.7757786512374878,0.8121320605278015,0.0714285204081997,0,0,0,0,0,1,1,1,1,108,44,0.45945945945945943,0.0057168636,0.00024123743,0.00037529008,0
0.7995299696922302,0.7696518898010254,0.801452100276947,0.0499999750000125,0,0,0,0,0,1,1,0,0,81,21,0.5405405405405406,0.0009920623,0.00016629367,0.66493297,0
0.8063122034072876,0.7542787194252014,0.7693266272544861,0.05263155124655198,0,0,0,0,0,1,1,1,0,85,41,0.5405405405405406,0.0005316062,3.6064663e-05,0.001055267,0
0.8005452752113342,0.7825658917427063,0.8142914175987244,0.1764704844291268,0,0,0,0,0,1,1,1,1,116,36,0.40540540540540543,0.0013159228,7.295179e-05,0.049962882,0
0.8089256286621094,0.7666416764259338,0.0,0.09523804988664292,0,0,0,0,0,1,1,0,0,77,1,0.5945945945945945,0.8860143,4.8480437e-05,0.00042666338,0
0.7985139489173889,0.7392831444740295,0.7805790305137634,0.19999986666675557,0,0,0,0,0,1,1,1,1,93,21,0.6567164179104478,0.0048363614,0.00063362316,0.013139429,0
0.8435364365577698,0.7933853268623352,0.8066263198852539,0.1333332444445037,0,0,0,0,0,1,1,0,1,76,23,0.4324324324324324,0.9985096,0.003841567,0.00051069324,0
0.9492554068565369,0.8756517767906189,0.8775646686553955,0.49999972222237654,0,0,0,0,0,1,1,0,1,77,25,0.6086956521739131,1.0290392e-05,0.000676601,0.00076057046,1
0.9039871096611023,0.8241415619850159,0.0,0.19999990000005,0,0,1,0,0,1,1,0,0,77,1,0.6168224299065421,0.9998783,0.00089864346,0.000117680436,1
0.8111380934715271,0.7894877195358276,0.8249441385269165,0.08333329861112558,0,0,0,0,0,1,1,1,0,108,58,0.4761904761904761,0.009799433,0.00027537122,0.00021713776,0
0.8186808228492737,0.7668941617012024,0.8149173855781555,0.12499994791668836,0,0,0,0,0,1,1,0,0,107,28,0.5272727272727273,5.698482e-05,0.9972589,0.00026584815,0
0.846408486366272,0.7763880491256714,0.8260495066642761,0.043478241965981754,0,0,0,0,0,1,1,0,0,118,26,0.38834951456310685,0.0006000576,0.00014948142,0.000589032,0
0.8232602477073669,0.7765055894851685,0.80965656042099,0.10344824019026201,0,0,0,0,0,1,1,0,0,93,25,0.4545454545454546,0.4374768,6.233373e-05,0.0050562723,0
0.8153311014175415,0.7601994276046753,0.8044407367706299,0.07692304733728948,0,0,0,0,0,1,1,0,1,98,35,0.4444444444444444,2.2011238e-05,0.09816917,0.00086762395,0
0.8352018594741821,0.7753855586051941,0.8098579049110413,0.03846152366864474,0,0,0,0,0,1,0,0,1,113,40,0.4444444444444444,0.00023311033,0.00010236492,0.04688091,0
0.7935671210289001,0.773542046546936,0.810255765914917,0.11764698961941787,0,0,0,0,0,1,1,0,0,69,23,0.4814814814814815,0.0021317303,0.0027069715,0.00012643768,0
0.8148525953292847,0.760114312171936,0.7966764569282532,0.0,0,0,0,0,0,1,1,1,0,112,34,0.4705882352941176,8.874314e-05,0.82410586,0.00016850648,0
0.799458920955658,0.7540864944458008,0.7814116477966309,0.1499999250000375,0,0,0,0,0,1,1,0,0,97,36,0.4920634920634921,0.011965884,0.0004648846,0.0072993226,0
0.8441377282142639,0.7754289507865906,0.8034802675247192,0.0,0,0,0,0,0,1,1,1,1,97,31,0.5504587155963303,0.018558986,0.00047542126,0.056844022,0
0.8566151857376099,0.7726593017578125,0.8261386156082153,0.03846152366864474,0,0,0,0,0,1,1,1,1,110,35,0.4552845528455285,9.803664e-05,0.00063919806,0.0010117354,0
0.7935118675231934,0.7732753157615662,0.8060987591743469,0.04166664930556279,0,0,0,0,0,1,1,1,0,159,31,0.4838709677419355,0.008040215,0.004999403,0.01320486,0
0.7927260398864746,0.7598230242729187,0.8077720403671265,0.11111104938275035,0,0,0,0,0,1,1,0,0,75,23,0.4552845528455285,8.788578e-05,0.008912334,0.000108445456,0
0.8514853715896606,0.7521687746047974,0.7920125722885132,0.0,0,0,1,0,0,1,1,0,1,95,32,0.4603174603174603,9.0139794e-05,6.0297207e-05,0.018705612,0
0.8239965438842773,0.7608770132064819,0.7975207567214966,0.08695648393196351,0,0,0,0,0,1,1,1,1,106,27,0.4035087719298246,0.22922133,0.0002614114,0.0014181401,0
0.8056576251983643,0.759585440158844,0.7846381664276123,0.04166664930556279,0,0,0,0,0,1,1,1,0,117,54,0.4444444444444444,0.0073095215,9.878343e-05,0.0068999357,0
0.8007904887199402,0.766261100769043,0.7901979684829712,0.07407404663924198,0,0,1,0,0,1,1,1,0,100,49,0.4126984126984127,0.00021738082,7.5564996e-05,0.00036424756,0
0.9319794178009033,0.8573811650276184,0.882690966129303,0.46666635555576297,1,0,0,0,0,1,1,0,1,82,25,0.8076923076923077,2.5494275e-05,0.0044510392,0.9981811,1
0.9466830492019653,0.8929049372673035,0.9020122289657593,0.36842085872586383,1,0,0,0,0,1,1,0,1,99,24,0.64,0.00023676043,0.003772965,0.9946635,1
0.8641043901443481,0.8335584998130798,0.8169930577278137,0.11764698961941787,1,0,0,0,0,1,1,0,0,104,23,0.5535714285714286,0.99995387,0.006395008,7.6257355e-05,0
0.85590660572052,0.8009803891181946,0.8422408103942871,0.06249996093752441,0,0,0,0,0,1,1,1,1,118,21,0.5098039215686274,0.015220951,0.00025917916,0.00022662053,0
0.8461901545524597,0.78348308801651,0.8420224189758301,0.17241373365043666,1,0,0,0,0,1,1,1,1,99,23,0.4629629629629629,0.00043537628,0.00012081641,5.209248e-05,0
0.8741704225540161,0.8228415250778198,0.0,0.15789465373965592,0,0,0,0,0,1,1,0,0,70,1,0.5853658536585367,0.99315757,0.700611,0.0028945724,0
0.8279593586921692,0.7914105653762817,0.0,0.11111104938275035,1,0,0,0,0,1,1,0,0,67,1,0.48275862068965514,0.99717736,0.00025448258,0.0028945724,0
0.8479968905448914,0.7978800535202026,0.0,0.11764698961941787,1,0,0,0,0,1,1,0,0,69,1,0.5172413793103448,0.0005735015,2.6163407e-05,0.0028945724,0
0.8722681403160095,0.8080286979675293,0.8589571714401245,0.1428570918367529,1,0,0,0,0,1,1,1,1,114,30,0.5132743362831859,0.07522507,0.00012353547,0.0005823778,0
0.8872306942939758,0.8409364819526672,0.0,0.11764698961941787,0,0,0,0,0,1,1,0,0,88,1,0.4752475247524752,1.6261825e-05,0.00085957715,0.0028945724,0
0.8515878319740295,0.8344976902008057,0.8500637412071228,0.0,0,0,0,0,0,1,1,1,1,94,21,0.4403669724770643,0.0035541158,0.0034865113,5.101634e-05,0
0.8456811308860779,0.8267504572868347,0.8691559433937073,0.11111106995886298,0,0,0,0,0,1,1,0,0,93,25,0.5504587155963303,0.009454144,8.1148835e-05,0.00092855166,1
0.8516191840171814,0.8347864747047424,0.8721034526824951,0.1199999520000192,0,0,0,0,0,1,1,1,0,120,29,0.4752475247524752,0.062486652,0.0058190357,0.00022873508,0
0.8560000061988831,0.8052870631217957,0.0,0.16666657407412552,0,0,0,0,0,1,1,0,0,85,1,0.4807692307692307,0.0011634394,7.409588e-05,0.0028945724,0
0.8794772028923035,0.8243677020072937,0.8448675274848938,0.09090906336088989,0,0,0,0,0,1,1,0,0,111,20,0.49122807017543857,0.00042901014,0.0003475448,0.000107369786,0
0.9508450627326965,0.8486800789833069,0.9041509628295898,0.46153810650914884,0,0,0,0,0,1,1,0,0,62,21,0.72,6.589652e-06,0.0018399984,0.010553228,1
0.8482614755630493,0.8047381639480591,0.7924935221672058,0.12499992187504883,0,0,0,0,0,1,1,1,0,122,25,0.5660377358490566,0.914543,0.008389023,0.00046913658,0
0.8091471791267395,0.8035622239112854,0.7947530150413513,0.058823494809708936,0,0,0,0,0,1,1,1,0,76,43,0.5660377358490566,0.16540094,0.99764735,0.022332868,0
0.8434315323829651,0.7750278115272522,0.8033448457717896,0.08695648393196351,0,0,0,0,0,1,1,1,1,112,52,0.5102040816326531,0.0010856476,0.00035158754,0.74334186,0
0.7940483093261719,0.7672011256217957,0.0,0.0499999750000125,0,0,0,0,0,1,1,1,0,97,1,0.5471698113207547,0.44275272,0.9382478,0.04209055,0
0.8260110020637512,0.7550967931747437,0.8073041439056396,0.0,0,0,0,0,0,1,1,1,0,104,50,0.3962264150943396,0.99773574,0.00078989455,0.009277797,0
0.811783492565155,0.7894653081893921,0.812810480594635,0.05263155124655198,0,0,0,0,0,1,1,0,0,96,22,0.5094339622641509,3.2764816e-05,0.002385362,0.030520177,0
0.8123666048049927,0.7687937617301941,0.7894109487533569,0.04761902494332146,0,0,0,0,0,1,1,0,0,67,27,0.5283018867924528,0.9970137,0.017414069,0.03155822,0
0.8375266790390015,0.7932717204093933,0.8250120878219604,0.0,0,0,0,0,0,1,1,1,0,97,50,0.5,0.9985176,0.0019609584,0.010769866,0
0.7759037017822266,0.7588596940040588,0.0,0.0,0,0,0,0,0,1,1,0,0,71,1,0.5274725274725275,0.9830246,0.004109546,0.04209055,0
0.7871763706207275,0.7783725261688232,0.8188501596450806,0.0,0,0,0,0,0,1,1,0,0,90,24,0.5094339622641509,0.009789288,0.0002837297,0.99646986,0
0.8013712167739868,0.7781872749328613,0.0,0.0,0,0,0,0,0,1,1,0,0,79,1,0.5176470588235293,0.0044288677,6.167179e-05,0.04209055,0
0.8172447085380554,0.7622458934783936,0.8072067499160767,0.058823494809708936,0,0,0,0,0,1,1,1,0,112,43,0.45569620253164556,0.00735989,6.422907e-05,0.0034563472,0
0.809046745300293,0.7709274291992188,0.7836742997169495,0.0,0,0,0,0,0,1,1,1,1,105,25,0.46601941747572817,0.33993903,0.0015562933,0.0013634894,0
0.8250659704208374,0.7934973835945129,0.8147327899932861,0.05263155124655198,0,0,0,0,0,1,1,1,0,89,55,0.5581395348837209,0.014828866,5.2405197e-05,0.96109927,0
0.8111013174057007,0.7769454717636108,0.8193437457084656,0.05263155124655198,0,0,0,0,0,1,1,1,1,134,49,0.3962264150943396,0.99387807,0.003500528,0.8840741,0
0.7980784177780151,0.7868461012840271,0.8252681493759155,0.055555524691375174,0,0,0,0,0,1,1,1,0,96,48,0.5283018867924528,0.98691016,8.408395e-05,0.00035194505,0
0.8127951622009277,0.7896226048469543,0.7944977879524231,0.0,0,0,0,0,0,1,1,0,1,110,24,0.41509433962264153,7.623384e-05,0.000335953,0.014275746,0
0.918376088142395,0.8525793552398682,0.8698835968971252,0.30434769376187226,1,0,0,0,0,1,1,1,1,123,22,0.875,5.7570937e-06,0.019071963,0.002578234,1
0.8654910922050476,0.8256575465202332,0.0,0.1333332444445037,0,0,0,0,0,1,1,0,0,80,1,0.6097560975609756,6.7538465e-05,6.716776e-05,0.018522112,0
0.8369250297546387,0.8162508010864258,0.8465632796287537,0.16666659722225116,1,0,0,0,0,1,1,1,0,74,24,0.5901639344262295,0.0010916679,0.005313843,0.00646238,0
0.8143980503082275,0.7736387252807617,0.8098748922348022,0.07692304733728948,0,0,0,0,0,1,0,1,0,121,17,0.4070796460176991,0.0003607439,0.9979571,0.03639367,0
0.8014125227928162,0.7603878974914551,0.0,0.08333329861112558,0,0,0,0,0,1,1,1,1,83,1,0.5692307692307692,0.008210502,0.99821883,0.018522112,0
0.8094050288200378,0.768890917301178,0.7818825244903564,0.12499994791668836,0,0,1,0,0,1,1,1,1,85,24,0.4173913043478261,0.6209211,0.00031093266,0.0006181132,0
0.8117000460624695,0.7555673718452454,0.7903029322624207,0.1199999520000192,1,0,0,0,0,1,1,0,0,111,23,0.46601941747572817,0.001531147,0.002743773,0.016621578,0
0.825363278388977,0.7645540237426758,0.8062626719474792,0.13636357438019348,0,0,0,0,0,1,1,1,1,112,26,0.5106382978723405,0.00012711156,3.7233585e-05,0.00395417,0
0.8220415711402893,0.7675457000732422,0.7866815328598022,0.07692304733728948,0,0,0,0,0,1,0,1,0,72,47,0.5076923076923077,0.0038786521,0.00022262374,0.00014389506,0
0.8303896188735962,0.7708982229232788,0.7879672050476074,0.18749988281257324,0,0,0,0,0,1,1,1,1,100,23,0.6021505376344086,0.9999453,0.001367761,0.0047659283,0
0.803102433681488,0.7213422060012817,0.7794383764266968,0.14285707482996438,0,0,0,0,0,1,1,1,0,122,36,0.5344827586206897,0.0005688625,7.824351e-05,0.0031009759,0
0.7728970050811768,0.7305653095245361,0.7726008892059326,0.1599999360000256,0,0,0,0,0,1,1,1,1,98,34,0.5076923076923077,0.001992212,0.0022759892,0.15409897,0
0.7914981842041016,0.7583970427513123,0.7885480523109436,0.04166664930556279,0,0,0,0,0,1,1,0,0,117,27,0.3779527559055118,0.0025868914,0.00026748885,0.009237983,0
0.8048871159553528,0.783069908618927,0.7945568561553955,0.13043472589794528,0,0,0,0,0,1,1,1,0,102,25,0.4807692307692307,0.0019279823,0.0002617834,0.0020533046,0
0.8195367455482483,0.7954506874084473,0.7934221029281616,0.13043472589794528,0,0,0,0,0,1,1,1,0,79,80,0.5486725663716814,0.0052383672,0.00028650882,0.00010494397,0
0.8109463453292847,0.7544042468070984,0.7821645140647888,0.0,0,0,0,0,0,1,1,0,1,93,23,0.3709677419354838,0.97772753,3.380885e-05,0.0012762111,0
0.8245751857757568,0.7638078927993774,0.8098748922348022,0.04545452479339782,0,0,0,0,0,1,0,1,0,75,17,0.4307692307692308,0.9909767,0.0010086372,0.03639367,0
0.8245751857757568,0.7657631635665894,0.8098748922348022,0.04545452479339782,0,0,0,0,0,1,0,1,0,69,17,0.4307692307692308,0.9909767,4.632172e-05,0.03639367,0
0.8165543079376221,0.7741418480873108,0.7826830148696899,0.21052620498620792,0,0,0,0,0,1,1,1,0,90,37,0.5528455284552846,0.0050387187,0.0003523631,0.005048139,0
0.7733710408210754,0.7510533928871155,0.7968970537185669,0.0,0,0,0,0,0,1,0,1,1,78,33,0.4444444444444444,0.36784625,7.113599e-05,0.0022355474,0
0.9597722887992859,0.800894021987915,0.8579256534576416,0.5833328472226273,0,0,0,0,0,1,1,1,0,129,54,0.5094339622641509,3.7123857e-05,0.019708438,0.00019264035,1
0.9240344166755676,0.8299172520637512,0.854022204875946,0.2222220987655007,0,0,0,0,0,1,1,0,0,120,25,0.679245283018868,0.9952141,0.0003633666,0.96004784,1
0.9231330156326294,0.823153018951416,0.0,0.29411747404854466,0,0,0,0,0,1,1,1,0,109,1,0.5283018867924528,5.639764e-05,0.24260435,0.15346125,1
0.8981773853302002,0.8230082988739014,0.8273112177848816,0.10526310249310396,0,0,0,0,0,1,1,1,0,77,24,0.6741573033707866,4.2756743e-05,0.0010815314,0.018533956,1
0.8226648569107056,0.8019269108772278,0.0,0.09523804988664292,0,0,0,0,0,1,1,1,0,96,1,0.47916666666666663,0.0027835108,0.9642037,0.15346125,0
0.8636791706085205,0.8006392121315002,0.8415099382400513,0.1499999250000375,0,0,0,0,0,1,0,1,0,83,41,0.6415094339622642,0.60324925,0.008555626,0.0012347236,0
0.8580905795097351,0.8001376986503601,0.8672592043876648,0.16666659722225116,0,0,0,0,0,1,0,1,0,76,39,0.6603773584905661,0.032427188,0.0051150364,0.0020691059,0
0.8024998307228088,0.7434915900230408,0.8021688461303711,0.15789465373965592,0,0,0,0,0,1,1,1,0,89,55,0.4731182795698925,0.15438777,0.00024498225,0.000991755,0
0.8145756125450134,0.7981522083282471,0.8281054496765137,0.04166664930556279,0,0,0,0,0,1,0,1,0,103,65,0.42105263157894735,0.9965995,0.0004922846,7.5126416e-05,0
0.8120750784873962,0.7708274722099304,0.0,0.12499992187504883,0,0,0,0,0,1,1,0,0,83,1,0.4651162790697675,0.0008266043,0.00051535486,0.15346125,0
0.8088703751564026,0.7618505358695984,0.7709488868713379,0.13636357438019348,0,0,0,0,0,1,1,0,0,121,22,0.4691358024691358,0.010160104,0.0060654012,0.0003089406,0
0.8085824251174927,0.7569001913070679,0.7888285517692566,0.099999950000025,0,0,0,0,0,1,1,0,0,82,23,0.4421052631578948,0.0006719857,8.0821635e-05,0.00040236328,0
0.819402813911438,0.7645283937454224,0.7871385812759399,0.1333332444445037,0,0,0,0,0,1,1,0,0,119,34,0.45569620253164556,0.01281292,0.11036325,0.00032557047,0
0.8109999895095825,0.7677751183509827,0.805275022983551,0.10714281887756469,0,0,1,0,0,1,1,1,0,85,55,0.4897959183673469,0.017218476,8.709643e-05,0.00016858909,0
0.7807485461235046,0.7578728795051575,0.0,0.099999950000025,0,0,0,0,0,1,1,0,0,82,1,0.5283018867924528,0.99863017,0.00072377064,0.15346125,0
0.8000513315200806,0.7636082172393799,0.7967476844787598,0.11111104938275035,0,0,0,0,0,1,1,1,0,93,28,0.45833333333333337,0.9897934,9.5356285e-05,0.99996793,0
0.8258336186408997,0.7646064758300781,0.8026143312454224,0.11764698961941787,0,0,0,0,0,1,1,1,0,94,51,0.4719101123595506,0.9794207,0.9817477,0.027528701,0
0.8279370069503784,0.7728956937789917,0.0,0.07692304733728948,0,0,0,0,0,1,1,1,0,75,1,0.4339622641509434,3.4234432e-05,0.0006272996,0.15346125,0
0.843374490737915,0.7773026823997498,0.8085985779762268,0.099999950000025,0,0,1,0,0,1,1,1,0,118,58,0.5283018867924528,0.0015666517,0.001960426,2.807121e-05,0
0.8178938031196594,0.769672155380249,0.0,0.099999950000025,0,0,0,0,0,1,1,0,0,94,1,0.5961538461538461,0.0002342092,0.0001299111,0.15346125,0
0.7920932173728943,0.7606914043426514,0.0,0.10526310249310396,0,0,0,0,0,1,1,1,0,64,1,0.4565217391304348,0.0006512563,0.00021489293,0.15346125,0
0.9201363325119019,0.8149560689926147,0.8774700164794922,0.33333320987658893,0,0,0,0,0,1,1,1,1,70,20,0.45283018867924535,2.0163585e-05,9.66453e-05,0.9955063,1
0.7720473408699036,0.7131538987159729,0.7633163332939148,0.07407404663924198,0,0,0,0,0,1,0,1,0,110,24,0.42307692307692313,4.9737886e-05,0.00015491588,0.00036618905,0
0.8503353595733643,0.7631460428237915,0.8111962676048279,0.0,0,0,0,0,0,1,0,0,1,95,30,0.37956204379562036,0.002689982,8.792308e-05,0.0032765563,0
0.8272656798362732,0.7460559606552124,0.8003397583961487,0.03846152366864474,0,0,0,0,0,1,1,1,0,104,29,0.4358974358974359,0.9898782,0.013712255,0.008362096,0
0.8291264772415161,0.7614367604255676,0.8150807619094849,0.06060604224059325,0,0,0,0,0,1,1,0,0,103,54,0.4444444444444444,0.007499624,0.0007476022,0.0009541677,0
0.8152168989181519,0.7602960467338562,0.0,0.17857136479594116,0,0,0,0,0,1,1,1,0,140,1,0.5054945054945055,0.0024162212,0.001998157,0.21013354,0
0.7770514488220215,0.7264570593833923,0.775031328201294,0.0,0,0,0,0,0,1,0,1,0,109,20,0.36809815950920244,0.9957599,0.00022894322,0.10560592,0
0.8109328150749207,0.7888694405555725,0.8025453090667725,0.0,0,0,0,0,0,1,0,1,1,53,55,0.37878787878787873,0.99830973,0.0065711183,0.0004330608,0
0.8025805354118347,0.7669634222984314,0.8031868934631348,0.14814809327848397,0,0,0,0,0,1,1,1,1,90,24,0.4385964912280702,0.9754539,0.00015930251,0.0015146289,0
0.789156973361969,0.7281022071838379,0.7540651559829712,0.0,0,0,0,0,0,1,0,0,0,38,22,0.4074074074074075,0.0010990975,0.0002594179,0.0022339139,0
0.7969087958335876,0.7938992381095886,0.8013161420822144,0.0,0,0,0,0,0,1,0,1,0,37,15,0.4318181818181818,0.00053411885,0.0042122914,0.014874695,0
0.8080906867980957,0.763462483882904,0.7923298478126526,0.03448274673008733,0,0,0,0,0,1,0,1,0,88,43,0.41509433962264153,0.9816004,0.011019515,0.0010833457,0
0.8318150639533997,0.7463870644569397,0.7813751697540283,0.029411756055365862,0,0,0,0,0,1,0,0,0,71,22,0.3846153846153846,0.0006358596,0.32806572,0.0061487434,0
0.795234739780426,0.7650358080863953,0.7913461923599243,0.0,0,0,0,0,0,1,0,0,0,99,23,0.3191489361702128,0.0003581347,0.0027331046,6.904507e-05,0
0.7938231229782104,0.7683591842651367,0.8048306107521057,0.1428570918367529,0,0,0,0,0,1,1,1,0,133,31,0.4276729559748428,5.556413e-05,8.3445244e-05,3.2747248e-05,0
0.8267296552658081,0.7374014854431152,0.7976812720298767,0.0,0,0,0,0,0,1,0,1,0,91,18,0.3905325443786982,0.65345395,0.00011908856,0.059613917,0
0.8130114078521729,0.7704837322235107,0.7824264764785767,0.0,0,0,0,0,0,1,0,0,0,105,37,0.3850931677018633,0.99945956,0.030183423,5.326451e-05,0
0.9161752462387085,0.8571698069572449,0.8696746230125427,0.24999984375009765,2,0,0,0,0,1,1,0,0,125,22,0.7216494845360825,1.9509196e-05,0.001194281,0.9997254,1
0.7828492522239685,0.7657609581947327,0.0,0.1428570408163994,1,0,0,0,0,1,1,1,0,93,1,0.5102040816326531,0.0016356645,3.3832486e-05,0.0029413966,0
0.8457740545272827,0.8148955702781677,0.8260631561279297,0.06249996093752441,1,0,0,0,0,1,1,1,0,86,20,0.5454545454545454,1.2448559e-05,0.00035767697,2.5926256e-05,0
0.7609354853630066,0.7692530155181885,0.7893481850624084,0.0,0,0,0,0,0,1,1,1,0,74,31,0.5714285714285714,0.9773153,0.00028004966,0.99912447,0
0.7999469041824341,0.7917383909225464,0.8207756876945496,0.0,1,0,0,0,0,1,1,0,1,91,20,0.4367816091954023,0.00012340037,0.00025760563,0.00049167976,0
0.9683996438980103,0.852756679058075,0.8555372357368469,0.6874995703127685,1,0,0,0,0,1,1,0,0,99,23,0.4918032786885246,0.0002986371,0.0017955424,8.632587e-05,1
0.9452215433120728,0.867048978805542,0.8887060284614563,0.49999972222237654,1,0,0,0,0,1,1,1,1,116,25,0.49504950495049505,0.0003596846,0.00038380767,0.00018386294,1
0.9683996438980103,0.8720032572746277,0.8508232831954956,0.6874995703127685,1,0,0,1,0,1,1,1,0,136,24,0.5517241379310345,0.0002986371,0.009357177,6.891007e-05,1
0.9544622898101807,0.8515087366104126,0.8555372357368469,0.2380951247166073,0,0,0,0,0,1,1,0,0,136,23,0.4918032786885246,0.00034338995,0.0010738899,8.632587e-05,1
0.8275800943374634,0.7610809803009033,0.8440232276916504,0.0799999680000128,0,0,0,0,0,1,1,0,0,107,10,0.44285714285714284,0.050000086,0.0004510349,0.99907994,0
0.8275800943374634,0.7589797377586365,0.8440232276916504,0.0799999680000128,0,0,0,0,0,1,1,1,0,131,10,0.44285714285714284,0.050000086,0.0019606452,0.99907994,0
0.8444591760635376,0.7792817950248718,0.8330960869789124,0.28571414965992875,0,0,0,0,0,1,1,1,1,166,31,0.5801526717557253,7.0379814e-05,0.15254371,0.000607187,0
0.8614484071731567,0.7998831272125244,0.8476942777633667,0.09090904958679565,1,0,0,0,0,1,1,1,1,106,27,0.4705882352941176,0.0029776075,0.0016782637,0.00028242698,0
0.8595565557479858,0.7882407307624817,0.8315766453742981,0.07142854591837645,1,0,0,0,0,1,1,1,0,78,22,0.544,0.00023804946,0.0021438983,0.46361965,0
0.8612062335014343,0.7778724431991577,0.7961376309394836,0.11111106995886298,1,0,0,0,0,1,1,1,0,126,35,0.5,0.00053424464,0.0044029634,0.006479409,0
0.8251283168792725,0.771084725856781,0.0,0.1249999609375122,1,0,1,0,0,1,1,1,1,81,1,0.5714285714285714,0.9434036,0.00012996003,0.09034361,0
0.832604169845581,0.7915698289871216,0.8148003220558167,0.16666661111112963,0,0,0,0,0,1,1,0,1,106,20,0.5471698113207547,0.08652526,9.015363e-05,0.0014868976,0
0.8518205881118774,0.8067647814750671,0.0,0.12499994791668836,1,0,0,0,0,1,1,1,1,83,1,0.5,0.0028540897,0.9977163,0.09034361,0
0.8249261379241943,0.7772844433784485,0.0,0.1499999250000375,1,0,0,0,0,1,1,1,0,75,1,0.4590163934426229,0.931562,0.027731717,0.09034361,0
0.8499972224235535,0.7802292704582214,0.7961376309394836,0.10714281887756469,0,0,0,0,0,1,1,1,0,97,35,0.5,0.014328236,0.0025205938,0.006479409,0
0.8196660876274109,0.782629132270813,0.8016871809959412,0.15789465373965592,1,0,0,0,0,1,1,1,0,128,29,0.5,0.01012804,0.00050695456,0.021723272,0
0.8196660876274109,0.7906431555747986,0.8176371455192566,0.15789465373965592,1,0,0,0,0,1,1,0,1,91,31,0.5531914893617021,0.01012804,6.4444794e-05,0.008522139,0
0.8196660876274109,0.7847793698310852,0.8176371455192566,0.15789465373965592,1,0,0,0,0,1,1,1,0,115,31,0.46376811594202894,0.01012804,0.0002469627,0.008522139,0
0.8328009843826294,0.7895665168762207,0.0,0.2222220987655007,1,0,0,0,0,1,1,0,1,79,1,0.46616541353383456,0.99816966,6.448756e-05,0.09034361,0
0.9400898218154907,0.8722817301750183,0.8901136517524719,0.5714281632655976,2,0,0,0,0,1,1,0,0,79,25,0.784,0.00016726855,0.00059485616,0.0002158771,1
0.8601162433624268,0.8109840750694275,0.8251025080680847,0.0,0,0,0,0,0,1,1,1,0,75,24,0.4807692307692307,0.0009709977,0.00022394264,0.00015123955,0
0.8405253291130066,0.8026714324951172,0.8246939778327942,0.07499998125000468,1,0,0,0,0,1,1,0,0,91,20,0.4,0.00037754286,0.00010795061,0.11054524,0
0.8684089779853821,0.8258888721466064,0.0,0.12499994791668836,1,0,0,0,0,1,1,0,0,106,1,0.4695652173913043,0.000577381,0.0028626584,0.005975868,0
0.8474550247192383,0.7935972213745117,0.8371666073799133,0.10344824019026201,1,0,1,0,0,1,1,1,0,141,52,0.43333333333333335,0.0012753607,0.061770275,0.0154565945,0
0.8352506756782532,0.7872620820999146,0.8182703256607056,0.09523804988664292,0,0,1,0,0,1,1,0,0,83,26,0.47787610619469023,8.8218374e-05,0.00012078977,0.04352205,0
0.8264765739440918,0.7745544910430908,0.8066659569740295,0.10526310249310396,1,0,0,0,0,1,1,1,0,109,52,0.47787610619469023,0.9918324,0.0009300688,0.025570758,0
0.8921732902526855,0.8286795020103455,0.0,0.055555524691375174,1,0,0,0,0,1,1,1,0,118,1,0.4603174603174603,2.0133779e-05,0.001604359,0.005975868,0
0.8351055979728699,0.7999714016914368,0.0,0.06666664444445185,0,0,1,0,0,1,1,1,0,88,1,0.4920634920634921,0.0032748587,0.0018994831,0.005975868,0
0.7988903522491455,0.7645832896232605,0.8176565170288086,0.13043472589794528,0,0,0,0,0,1,1,1,0,98,24,0.5132743362831859,0.004578805,0.00043559098,0.0003381231,0
0.8092357516288757,0.7649824023246765,0.7618138790130615,0.13043472589794528,0,0,0,0,0,1,1,1,0,89,30,0.44628099173553715,0.0026823643,0.0008138639,0.00042100862,0
0.8363156914710999,0.7982038855552673,0.80302494764328,0.13636357438019348,1,0,1,0,0,1,1,0,0,65,25,0.4655172413793104,0.0045384895,0.0004411451,0.833387,0
0.8551837801933289,0.8027021288871765,0.8399573564529419,0.1499999250000375,0,0,0,0,0,1,1,0,0,118,26,0.4126984126984127,0.006040824,0.00020583428,0.0003559806,0
0.8337618708610535,0.7740786075592041,0.7937412858009338,0.1428570408163994,0,0,0,0,0,1,1,1,1,87,25,0.5263157894736843,3.4545406e-05,0.00058424444,0.80901784,0
0.8204920887947083,0.7940223813056946,0.810573399066925,0.03846152366864474,0,0,0,0,0,1,1,1,1,90,24,0.4603174603174603,0.0076962593,0.0005967489,0.0017629862,0
0.7882720828056335,0.7645937204360962,0.7834292650222778,0.1599999360000256,0,0,1,0,0,1,1,1,0,81,26,0.4132231404958677,0.99466515,0.009490539,0.00044131995,0
0.8665185570716858,0.828042209148407,0.8538296818733215,0.26086945179589055,0,0,0,0,0,1,1,0,1,89,24,0.4920634920634921,0.08812509,0.0035387962,0.9230079,0
0.9301173686981201,0.8486558198928833,0.8446575403213501,0.30769207100609924,1,0,0,0,0,1,1,0,1,74,20,0.5675675675675675,5.692612e-05,0.0015933566,0.054051243,1
0.8393079042434692,0.7789455056190491,0.8109263181686401,0.2666664888890074,0,0,0,0,0,1,1,0,1,96,22,0.5135135135135135,0.99981886,0.002096791,0.0011240108,0
0.8266216516494751,0.7314403057098389,0.7825408577919006,0.07692304733728948,0,0,0,0,0,1,1,1,0,111,32,0.5135135135135135,8.4595646e-05,0.0012090333,0.0041731317,0
0.8478922843933105,0.75937420129776,0.0,0.18749988281257324,0,0,1,0,0,1,1,0,0,80,1,0.5405405405405406,0.99847454,0.0009284978,0.18613018,0
0.8212856650352478,0.763062059879303,0.7815194725990295,0.13043472589794528,0,0,0,0,0,1,1,0,0,94,26,0.4864864864864865,0.0003552876,0.004537758,0.00027364303,0
0.8142455816268921,0.7557675838470459,0.785709023475647,0.1818180165290759,0,0,0,0,0,1,1,1,0,119,23,0.48484848484848486,0.030338682,0.000187407,0.021417381,0
0.8029812574386597,0.7645313143730164,0.7784591913223267,0.11111104938275035,1,0,0,0,0,1,1,0,0,75,10,0.4864864864864865,0.97485095,0.994138,0.00077364437,0
0.8383904099464417,0.7774721384048462,0.8217917084693909,0.11764698961941787,1,0,0,0,0,1,1,1,0,104,28,0.45945945945945943,9.914916e-05,0.00012751523,0.0020636038,0
0.8260283470153809,0.7355087995529175,0.792497456073761,0.09523804988664292,0,0,0,0,0,1,1,1,1,110,35,0.45945945945945943,0.0007518609,0.000984353,0.0020858462,0
0.8354085087776184,0.7828072905540466,0.823863685131073,0.07407404663924198,1,0,0,0,0,1,1,0,1,87,25,0.45945945945945943,0.000984436,0.0014079836,0.9997669,0
0.8175685405731201,0.7445778250694275,0.7887345552444458,0.06666662222225185,0,0,0,0,0,1,1,1,1,88,30,0.5945945945945945,0.98885906,5.2788546e-05,0.3387567,0
0.7947985529899597,0.7716242074966431,0.788083016872406,0.10526310249310396,1,0,1,0,0,1,0,1,1,70,50,0.5135135135135135,0.83096397,0.00016400604,4.2334334e-05,0
0.7810371518135071,0.7495672106742859,0.7785532474517822,0.11111104938275035,0,0,0,0,0,1,1,1,0,91,54,0.4375,0.9894462,0.00022678898,0.00019451683,0
0.7981817722320557,0.7454692721366882,0.7890255451202393,0.05263155124655198,0,0,0,0,0,1,1,1,0,94,54,0.5161290322580645,0.972244,0.0004996466,2.6796803e-05,0
0.7992024421691895,0.710814356803894,0.7609007358551025,0.0799999680000128,0,0,0,0,0,1,1,1,1,86,17,0.45945945945945943,0.9029891,8.161308e-05,0.0002809542,0
0.8410947918891907,0.7777706980705261,0.7968786954879761,0.16666652777789354,1,0,0,0,0,1,1,1,0,84,55,0.5161290322580645,0.75490963,8.005344e-05,0.00017909668,0
0.8290195465087891,0.7626330852508545,0.78770512342453,0.1428570408163994,0,0,0,0,0,1,1,1,0,113,30,0.40540540540540543,0.99976856,0.99347246,0.00040646052,0
0.806373655796051,0.7494199275970459,0.7868503332138062,0.1428570408163994,0,0,0,0,0,1,1,0,1,106,22,0.3783783783783784,0.99991786,0.0014665158,0.679018,0
0.8290195465087891,0.7443664073944092,0.7739789485931396,0.1428570408163994,0,0,0,0,0,1,1,0,0,134,30,0.4324324324324324,0.99976856,0.0075828023,0.00023475636,0
0.8079155683517456,0.7686043977737427,0.7983816862106323,0.055555524691375174,1,0,0,0,0,1,1,0,0,84,20,0.5079365079365079,0.9998306,0.0006843738,0.99597305,0
0.8259111046791077,0.7723973989486694,0.0,0.19999986666675557,0,0,0,0,0,1,1,0,0,92,1,0.5294117647058824,0.023171175,0.00028464763,0.18613018,0
0.831292986869812,0.7707505822181702,0.0,0.0,1,0,0,0,0,1,1,1,1,113,1,0.4864864864864865,0.0005147193,0.005138043,0.18613018,0
0.801978349685669,0.7615793943405151,0.8001629710197449,0.08695648393196351,1,0,0,0,0,1,1,1,0,80,55,0.5,0.12777576,0.010012357,0.017687045,0
0.8601310849189758,0.8703272938728333,0.8936498761177063,0.20833324652781396,0,0,0,0,0,1,1,1,1,82,23,0.8775510204081632,1.231965e-05,0.002298325,0.00018469364,1
0.8526976704597473,0.811596691608429,0.8426746129989624,0.14285707482996438,1,0,0,0,0,1,1,0,0,120,25,0.5714285714285714,5.953966e-05,0.0065987045,0.0052646664,0
0.839275598526001,0.7811267375946045,0.7846888899803162,0.24999984375009765,0,0,0,0,0,1,1,1,0,150,31,0.525,6.8002705e-06,0.00019887215,0.007727279,0
0.8272316455841064,0.7653733491897583,0.8108116388320923,0.29411747404854466,0,0,0,0,0,1,1,0,0,108,72,0.653061224489796,0.011448011,0.0012919608,0.99957985,0
0.8319399356842041,0.798233151435852,0.8002331256866455,0.11111106995886298,1,0,0,0,0,1,1,0,0,89,23,0.653061224489796,0.00026556154,0.00022414631,0.00012820499,0
0.794611394405365,0.76850426197052,0.7786142230033875,0.2666664888890074,0,0,0,0,0,1,1,1,1,107,36,0.5714285714285714,0.9991867,0.0001213659,0.000217008,0
0.8215057253837585,0.8010894060134888,0.8106462955474854,0.11111106995886298,1,0,1,0,0,1,1,1,0,114,20,0.4897959183673469,0.8831749,0.00030052362,0.003566591,0
0.7906150221824646,0.7984501123428345,0.7958454489707947,0.0714285204081997,0,0,0,0,0,1,0,1,1,100,33,0.5,0.99997115,0.00010786558,0.00015899332,0
0.8404616713523865,0.7827586531639099,0.8135730028152466,0.23529397923883574,0,0,0,0,0,1,1,1,0,107,34,0.6153846153846154,9.126459e-06,0.0063685803,0.0008632774,0
0.8215199708938599,0.7516209483146667,0.785398006439209,0.23076905325457442,0,0,1,0,0,1,1,1,0,77,25,0.5510204081632653,3.543635e-05,0.00018377654,6.1276834e-05,0
0.8310122489929199,0.7882416844367981,0.8053845167160034,0.1818180991735913,0,0,0,0,0,1,1,1,0,99,60,0.5714285714285714,0.00013510673,0.0001286977,0.00019940459,0
0.8634344339370728,0.805060863494873,0.0,0.30769207100609924,0,0,0,0,0,1,1,0,0,90,1,0.6741573033707866,0.9954888,0.0005781278,0.0028154484,0
0.7857001423835754,0.7568143010139465,0.7565257549285889,0.058823494809708936,0,0,0,0,0,1,0,1,0,127,17,0.6122448979591837,0.99937576,0.17150088,0.051566966,0
0.7779439091682434,0.7474242448806763,0.0,0.17391296786392701,0,0,0,0,0,1,1,1,0,104,1,0.46938775510204084,0.9985393,3.0323354e-05,0.0028154484,0
0.7621651291847229,0.755953848361969,0.7463729977607727,0.16666652777789354,0,0,0,0,0,1,1,1,0,114,29,0.5316455696202531,0.9999498,0.0014841207,0.15716365,0
0.7704642415046692,0.7506827712059021,0.7759429812431335,0.16666652777789354,0,0,0,0,0,1,1,1,1,124,36,0.5434782608695652,0.99993885,0.0002921722,0.0006638699,0
0.8169642090797424,0.7685719132423401,0.768552839756012,0.18749988281257324,0,0,0,0,0,1,1,1,0,121,33,0.5609756097560976,0.99942505,0.0069595524,0.0037049218,0
0.8280131816864014,0.7608944177627563,0.0,0.08695648393196351,0,0,1,0,0,1,1,1,1,108,1,0.4545454545454546,0.016429914,0.012972625,0.0028154484,0
0.8471518158912659,0.7885522842407227,0.7623649835586548,0.16666652777789354,0,0,0,0,0,1,1,1,1,130,29,0.5168539325842696,1.6856164e-05,0.00012880022,0.009328966,0
0.8629370927810669,0.841755747795105,0.8514634966850281,0.0,0,0,0,0,0,1,1,1,1,77,25,0.5333333333333333,3.4829278e-05,0.00031227103,0.00061039894,1
0.8700749278068542,0.810260534286499,0.8426517248153687,0.099999950000025,0,0,0,0,0,1,1,0,0,122,46,0.49230769230769234,3.7834006e-06,1.0249572e-05,0.00016702204,0
0.8641370534896851,0.8205494284629822,0.854130208492279,0.18518511659810497,0,0,0,0,0,1,1,0,0,83,22,0.4444444444444444,3.606941e-05,0.0017611248,0.00014796655,0
0.8728201985359192,0.8070077300071716,0.8342058658599854,0.3529409688582536,0,0,0,0,0,1,1,1,0,108,29,0.6,0.9999751,0.0011258479,0.00069612544,0
0.8011925220489502,0.7746222615242004,0.0,0.2631577562327599,0,0,0,0,0,1,1,0,0,62,1,0.5272727272727273,0.9999777,0.00041919577,0.00028111608,0
0.845593273639679,0.8183593153953552,0.8514933586120605,0.1499999250000375,0,0,0,0,0,1,1,0,0,83,21,0.4461538461538461,0.0005203693,0.00034528133,0.00012687645,0
0.8816463947296143,0.8200672268867493,0.0,0.099999950000025,0,0,0,0,0,1,1,0,0,90,1,0.523076923076923,1.3582649e-05,0.2194034,0.00028111608,0
0.8442459106445312,0.7980299592018127,0.0,0.0,0,0,0,0,0,1,1,0,0,64,1,0.5043478260869565,1.7164744e-05,0.00022195186,0.00028111608,0
0.8253777623176575,0.7732630968093872,0.7902482748031616,0.1599999360000256,0,0,0,0,0,1,1,0,1,104,27,0.5688073394495412,0.009841689,0.0004985117,1.726497e-05,0
0.824005663394928,0.7772912383079529,0.8057798147201538,0.13636357438019348,0,0,0,0,0,1,1,0,0,106,23,0.4869565217391304,0.00031403566,4.677575e-05,0.004646795,0
0.8138108849525452,0.7543915510177612,0.7722411155700684,0.1290322164412205,0,0,0,0,0,1,1,1,0,74,47,0.509090909090909,0.6198911,0.0035028437,0.95207345,0
0.8308773636817932,0.7728782296180725,0.8034437298774719,0.17391296786392701,0,0,1,0,0,1,1,0,0,100,22,0.4615384615384615,0.95721006,0.86435324,0.015459293,0
0.7995368242263794,0.7441110610961914,0.7831590175628662,0.07692304733728948,0,0,0,0,0,1,1,0,0,95,21,0.4920634920634921,0.9993298,0.0005565688,0.00017338984,0
0.8347994685173035,0.7588927149772644,0.0,0.19999990000005,0,0,0,0,0,1,1,1,0,92,1,0.5384615384615384,0.0009407836,0.00062192214,0.00028111608,0
0.8247608542442322,0.7956573963165283,0.8029459714889526,0.10714281887756469,0,0,0,0,0,1,1,0,1,89,21,0.4666666666666666,0.9976725,0.00050531793,8.554025e-05,0
0.8328700065612793,0.7668758034706116,0.0,0.19999990000005,0,0,0,0,0,1,1,0,0,94,1,0.45833333333333337,2.9888968e-05,6.1686354e-05,0.00028111608,0
0.7708592414855957,0.7602424025535583,0.0,0.0,0,0,0,0,0,1,1,1,1,117,1,0.5454545454545454,0.60792106,0.0041612247,0.00028111608,0
0.8375608921051025,0.7629113793373108,0.0,0.16666659722225116,0,0,1,0,0,1,1,0,0,91,1,0.523076923076923,0.0001554025,0.00051251345,0.00028111608,0
0.8063977956771851,0.7620037198066711,0.0,0.08695648393196351,0,0,0,0,0,1,1,1,0,88,1,0.5,0.0005246145,0.00018070675,0.00028111608,0
0.9507357478141785,0.8499261736869812,0.8990316390991211,0.24999984375009765,0,0,0,0,0,1,1,0,0,93,52,0.736842105263158,1.3661786e-05,0.0005483908,0.0020302734,1
0.8558595180511475,0.8016729950904846,0.8520564436912537,0.10526310249310396,0,0,0,0,0,1,1,1,0,123,34,0.47916666666666663,0.99942064,0.00019188982,0.00061748154,0
0.8377779722213745,0.7605732083320618,0.0,0.12499992187504883,0,0,0,0,0,1,1,1,1,104,1,0.4385964912280702,0.005029312,0.000322323,0.57505894,0
0.8223578929901123,0.7458416819572449,0.8069347143173218,0.0,0,0,0,0,0,1,0,1,0,74,1,0.38596491228070173,0.00023822676,0.0006937648,0.05219267,0
0.8256288766860962,0.8022308945655823,0.8088207840919495,0.0,0,0,0,0,0,1,0,0,0,98,132,0.49523809523809526,0.99766773,0.00070793525,0.011919327,0
0.8178096413612366,0.7967545986175537,0.8050169348716736,0.0,0,0,1,0,0,1,0,1,1,68,21,0.4035087719298246,0.012499042,2.4609408e-05,0.0058589075,0
0.7920506596565247,0.779071033000946,0.808300256729126,0.06249996093752441,0,0,0,0,0,1,0,0,0,82,44,0.4107142857142857,0.078517556,0.99407685,0.0030198682,0
0.8043323159217834,0.775725245475769,0.8115246891975403,0.0,0,0,1,0,0,1,0,1,1,111,51,0.43999999999999995,9.768477e-05,0.00015221967,0.00069268385,0
0.8097638487815857,0.7559113502502441,0.78104567527771,0.0,0,0,0,0,0,1,0,1,0,100,51,0.4107142857142857,0.045492277,3.542658e-05,7.532746e-05,0
0.8082411885261536,0.768972635269165,0.0,0.0,0,0,0,0,0,1,0,1,0,23,1,0.3669724770642202,0.13566427,8.367091e-05,0.57505894,0
0.858794629573822,0.7965478301048279,0.8137773871421814,0.0714285204081997,0,0,0,0,0,1,1,1,1,87,52,0.4666666666666666,0.0004226102,0.00076700276,0.0010389943,0
0.8216501474380493,0.7553141713142395,0.8069347143173218,0.0,0,0,0,0,0,1,0,1,0,58,1,0.4036697247706422,0.00022429608,5.5521574e-05,0.05219267,0
0.8088127374649048,0.7576291561126709,0.7983461618423462,0.06666662222225185,0,0,0,0,0,1,0,0,0,78,10,0.3783783783783784,0.99758005,4.1143565e-05,0.0011102435,0
0.7814227938652039,0.7359179258346558,0.0,0.0,0,0,0,0,0,1,0,1,0,73,1,0.3669724770642202,0.22471167,0.018786978,0.57505894,0
0.8250532150268555,0.7531993985176086,0.7748587727546692,0.0714285204081997,0,0,0,0,0,1,1,1,1,80,38,0.4807692307692307,0.0011625701,0.00017155561,0.00018811511,0
0.8250532150268555,0.7462047934532166,0.7748587727546692,0.0714285204081997,0,0,0,0,0,1,1,1,1,103,38,0.4807692307692307,0.0011625701,0.0027209523,0.00018811511,0
0.8054124712944031,0.7448827028274536,0.7694966793060303,0.0,0,0,0,0,0,1,0,1,0,79,17,0.4,0.00020399824,8.13756e-05,0.9994386,0
0.8356520533561707,0.7872759103775024,0.7893199920654297,0.055555524691375174,0,0,0,0,0,1,0,1,0,95,14,0.42201834862385323,0.99643207,0.0045735794,0.10628098,0
0.964019775390625,0.8813167810440063,0.8609801530838013,0.49999964285739795,1,0,0,0,0,1,1,1,0,80,51,0.734375,5.9495687e-05,0.9971724,0.33765134,1
0.9369139671325684,0.8735710978507996,0.8612668514251709,0.08333329861112558,0,0,0,0,0,1,1,1,0,97,49,0.703125,7.1039205e-05,0.1368936,0.024346804,1
0.8262648582458496,0.7872331142425537,0.8014333248138428,0.15789465373965592,1,0,0,0,0,1,1,1,0,70,52,0.45833333333333337,0.12486895,0.000110056295,2.2581626e-05,0
0.8058927059173584,0.7891878485679626,0.8094418048858643,0.09090906336088989,0,0,0,0,0,1,0,1,0,109,26,0.4655172413793104,0.9962155,0.060157552,0.016174484,0
0.7939487099647522,0.7775525450706482,0.7643237113952637,0.043478241965981754,0,0,0,0,0,1,0,1,0,95,60,0.4285714285714286,0.9993616,0.0005357804,0.0070685074,0
0.7939487099647522,0.7747836709022522,0.7643237113952637,0.043478241965981754,0,0,0,0,0,1,0,1,0,116,60,0.4285714285714286,0.9993616,0.44446197,0.0070685074,0
0.7883552312850952,0.7557810544967651,0.7799579501152039,0.0,0,0,0,0,0,1,0,0,0,66,23,0.4193548387096774,0.25662893,0.07766011,0.00106092,0
0.8303958177566528,0.7729476094245911,0.8039694428443909,0.10526310249310396,0,0,0,0,0,1,0,1,0,96,24,0.5309734513274336,0.9998041,0.00044988433,0.18324524,0
0.7932724356651306,0.7932472229003906,0.8055895566940308,0.029411756055365862,0,0,0,0,0,1,0,1,0,113,51,0.5142857142857142,0.9929811,0.0001949584,0.009656756,0
0.8264721632003784,0.7870423793792725,0.816077709197998,0.16666657407412552,0,0,0,0,0,1,1,0,0,131,51,0.4339622641509434,0.702998,0.99988294,0.0032098598,0
0.8404900431632996,0.8000145554542542,0.8281858563423157,0.09523804988664292,0,0,0,0,0,1,1,1,0,91,47,0.453125,0.9995442,0.006118588,0.00012289421,0
0.8043413758277893,0.758251965045929,0.7972642779350281,0.04166664930556279,0,0,0,0,0,1,0,1,1,92,18,0.47933884297520657,0.9880064,7.9130456e-05,0.10555574,0
0.8584448099136353,0.8128621578216553,0.8275166749954224,0.06249996093752441,0,0,0,0,0,1,0,1,0,96,40,0.5346534653465347,0.99762315,0.014231703,0.02835404,0
0.8584448099136353,0.8075538277626038,0.8275166749954224,0.06249996093752441,0,0,0,0,0,1,0,1,0,99,40,0.5346534653465347,0.99762315,0.021822123,0.02835404,0
0.810292661190033,0.7854614853858948,0.808096170425415,0.04545452479339782,0,0,0,0,0,1,0,1,0,98,19,0.42201834862385323,0.99992,0.0026622764,0.004755863,0
0.8642793893814087,0.8074413537979126,0.8070055842399597,0.1499999250000375,0,0,0,0,0,1,1,1,0,96,26,0.5,0.0072313305,0.00091639097,0.999897,0
0.8547042608261108,0.8280284404754639,0.8598649501800537,0.1499999250000375,0,0,0,0,0,1,1,0,0,83,21,0.5178571428571428,0.00024866647,0.0014432936,0.99962986,0
0.9362985491752625,0.8693224191665649,0.8647119998931885,0.49999950000050003,1,0,0,1,0,1,1,1,0,107,52,0.826086956521739,3.8436265e-06,0.0046077133,0.00031656207,1
0.8362017273902893,0.7569813132286072,0.0,0.08333326388894677,0,0,0,0,0,1,1,0,0,58,1,0.5581395348837209,0.012427278,8.1345876e-05,0.61189127,0
0.8318347334861755,0.7954561114311218,0.7929408550262451,0.04761902494332146,0,0,0,0,0,1,1,0,0,83,34,0.4761904761904761,5.465492e-05,0.008761165,0.0015486327,0
0.8172219395637512,0.7901950478553772,0.0,0.09523804988664292,0,0,0,0,0,1,1,1,1,95,1,0.5128205128205128,0.00040181848,0.0022295099,0.61189127,0
0.8073158264160156,0.7921139001846313,0.812008798122406,0.058823494809708936,1,0,0,0,0,1,1,1,1,119,56,0.5714285714285714,0.9722943,0.0013612205,0.015157338,0
0.8167951703071594,0.8079814314842224,0.8110517859458923,0.04166664930556279,1,0,0,0,0,1,1,0,1,81,24,0.5217391304347826,0.012809602,0.00043332545,0.042013217,0
0.8012309074401855,0.7431592345237732,0.7628307342529297,0.0,0,0,0,0,0,1,1,1,0,106,41,0.39130434782608686,0.29543293,0.003927703,0.9951202,0
0.8012309074401855,0.7465725541114807,0.7690482139587402,0.0,0,0,0,0,0,1,1,1,0,88,40,0.4565217391304348,0.29543293,0.000280593,0.99990916,0
0.8846142292022705,0.8413787484169006,0.8567156791687012,0.1818180165290759,0,0,0,0,0,1,1,1,1,85,17,0.5057471264367817,0.99902046,0.008114047,0.07592279,0
0.8360884189605713,0.8663043975830078,0.8616684079170227,0.04761902494332146,1,0,0,0,0,1,1,0,0,90,25,0.673913043478261,0.0046269335,0.5799267,0.00043076504,1
0.8055182695388794,0.7686140537261963,0.7811163067817688,0.04166664930556279,0,0,0,0,0,1,1,1,0,109,22,0.4565217391304348,0.0005138714,0.00047812847,0.9996809,0
0.7943224906921387,0.7719606757164001,0.8060732483863831,0.0,1,0,0,0,0,1,0,1,0,104,54,0.5227272727272727,0.3705874,0.023311207,0.00045374542,0
0.7924042344093323,0.7435404062271118,0.7628307342529297,0.0,0,0,0,0,0,1,1,1,0,104,41,0.39130434782608686,0.5910173,0.0663525,0.9951202,0
0.8342056274414062,0.7767292857170105,0.7752718329429626,0.12499992187504883,0,0,0,0,0,1,1,1,1,108,52,0.4565217391304348,0.999731,0.176167,0.0002126431,0
0.8484178185462952,0.7813487648963928,0.7564428448677063,0.1999998000002,1,0,0,0,0,1,0,1,0,91,17,0.5116279069767442,0.0009161247,0.31471124,0.0060783667,0
0.8484178185462952,0.7827482223510742,0.7564428448677063,0.1999998000002,1,0,0,0,0,1,0,1,0,75,17,0.5116279069767442,0.0009161247,0.0005419286,0.0060783667,0
0.7944600582122803,0.7555099129676819,0.8029581904411316,0.03846152366864474,0,0,0,0,0,1,1,1,0,97,47,0.4819277108433735,0.001031965,0.00033901917,0.00016246393,0
0.7975429892539978,0.7825748920440674,0.7948116064071655,0.0,1,0,0,0,0,1,0,1,1,120,22,0.5,0.012137366,0.002427481,0.9523663,0
0.8182328343391418,0.7909801602363586,0.8011054992675781,0.06249996093752441,1,0,0,0,0,1,0,0,0,91,30,0.55,7.9622485e-05,0.00027952206,0.9960575,0
0.7911134362220764,0.7644466161727905,0.7787860631942749,0.030303021120296626,0,0,0,0,0,1,1,1,0,98,21,0.4415584415584416,0.043718103,0.00016820799,0.0007306263,0
0.9308068752288818,0.8710374236106873,0.881310224533081,0.5384611242606736,0,0,0,1,0,1,1,1,0,102,61,0.673913043478261,5.121787e-05,0.0002436588,0.0006624463,1
0.8934955596923828,0.8579497933387756,0.8394429683685303,0.1428570408163994,0,0,0,0,0,1,0,1,0,105,39,0.4782608695652174,7.344233e-05,0.0014759968,2.0092823e-05,1
0.9070277214050293,0.8685752153396606,0.8626858592033386,0.0714285204081997,0,0,0,0,0,1,0,1,0,105,56,0.6086956521739131,5.4359203e-05,0.0018946023,0.00035988455,1
0.9043841361999512,0.8546798825263977,0.8135800361633301,0.23076905325457442,0,0,0,0,0,1,0,1,0,122,24,0.5434782608695652,0.000104793115,0.04173853,0.011125119,1
0.821674644947052,0.8482629656791687,0.8736684322357178,0.0,0,0,0,0,0,1,0,1,1,85,25,0.5679012345679013,0.0071400534,0.00030104007,0.008675675,1
0.915723443031311,0.8486411571502686,0.0,0.21428556122459913,0,0,0,0,0,1,0,1,0,107,1,0.5434782608695652,6.598372e-05,0.025198013,0.17069557,1
0.8851100206375122,0.8741875290870667,0.871074914932251,0.15384603550304962,0,0,0,0,0,1,1,0,1,97,22,0.6304347826086957,0.00036530924,0.0008595947,0.99905413,1
0.8768501877784729,0.8651280403137207,0.8786171078681946,0.0,0,0,0,0,0,1,0,0,0,93,52,0.4615384615384615,0.002441516,0.0011275735,0.9966786,1
0.8948225378990173,0.8475497961044312,0.8383670449256897,0.2727270247936138,0,0,0,0,0,1,1,0,0,69,24,0.5277777777777778,0.24154077,4.381585e-05,0.97654915,0
0.8504140377044678,0.8205162286758423,0.8331416845321655,0.1428570408163994,0,0,0,0,0,1,0,1,0,89,52,0.5869565217391304,0.99986076,0.9994485,0.99979097,1
0.8846672177314758,0.8183956742286682,0.8387847542762756,0.24999979166684028,0,0,0,0,0,1,1,0,0,95,58,0.5869565217391304,9.932991e-05,0.00025997893,0.99414426,0
0.8170903325080872,0.8052091002464294,0.8115837574005127,0.0,0,0,0,0,0,1,0,0,0,70,76,0.4819277108433735,0.0005682904,6.39157e-05,0.0006077977,0
0.8878394961357117,0.807639479637146,0.0,0.23076905325457442,0,0,0,0,0,1,1,0,0,65,1,0.5066666666666666,0.074941285,0.9926829,0.17069557,0
0.8496904969215393,0.8534915447235107,0.8534092903137207,0.18749988281257324,0,0,0,0,0,1,0,1,0,100,49,0.5227272727272727,0.071550064,0.97157604,0.00022384187,0
0.8407395482063293,0.7996139526367188,0.798999547958374,0.1333332444445037,0,0,0,0,0,1,0,1,0,83,16,0.4878048780487805,0.0003718797,0.0019693873,0.545978,0
0.8589792251586914,0.8279929161071777,0.8372422456741333,0.0714285204081997,0,0,1,0,0,1,0,1,1,90,31,0.5217391304347826,0.9420779,0.0020918013,0.009093298,0
0.8920674324035645,0.8264667987823486,0.0,0.12499992187504883,0,0,0,0,0,1,1,0,0,96,1,0.45569620253164556,4.8205937e-05,0.0022048664,0.007633538,0
0.9078337550163269,0.8194477558135986,0.8197723031044006,0.0,0,0,0,0,0,1,1,1,0,88,42,0.5263157894736843,2.0094061e-05,0.0005178796,0.00041649764,1
0.8010212182998657,0.7827239632606506,0.7854121923446655,0.04166664930556279,0,0,0,0,0,1,0,1,0,106,53,0.3146067415730337,0.9999019,0.10893368,0.9959616,0
0.8010212182998657,0.7900116443634033,0.7854121923446655,0.04166664930556279,0,0,0,0,0,1,0,1,0,117,53,0.3146067415730337,0.9999019,0.00047897306,0.9959616,0
0.845896303653717,0.7695331573486328,0.7860181927680969,0.0,0,0,0,0,0,1,0,1,0,102,25,0.4782608695652174,2.7546434e-05,0.00061995664,0.0007479101,1
0.9050756096839905,0.8300687074661255,0.8346363306045532,0.0,0,0,0,0,0,1,1,0,0,109,73,0.5,2.753351e-05,6.221636e-05,0.038887814,1
0.8174521923065186,0.7760279178619385,0.0,0.055555524691375174,0,0,0,0,0,1,0,1,0,32,1,0.3188405797101449,0.9999598,0.019418932,0.007633538,0
0.8494478464126587,0.7799952626228333,0.7938613295555115,0.0,0,0,0,0,0,1,0,1,0,123,50,0.48888888888888893,0.0024260846,9.167176e-05,0.00041718685,0
0.833250105381012,0.8116360306739807,0.7770043611526489,0.026666663111111585,0,0,0,0,0,1,0,1,0,99,17,0.45833333333333337,0.0062906235,0.018995564,0.010509444,1
0.8451336622238159,0.8009598851203918,0.8135626316070557,0.0,0,0,0,0,0,1,0,1,0,89,53,0.4130434782608695,0.0016540787,0.0004938531,0.0011703281,0
0.8284275531768799,0.7742701768875122,0.7933820486068726,0.0,0,0,0,0,0,1,0,1,0,117,15,0.42500000000000004,0.00015312416,3.554861e-05,0.00093832286,0
0.8556528091430664,0.7697864770889282,0.7899381518363953,0.06249996093752441,0,0,0,0,0,1,0,1,0,100,1,0.5063291139240507,8.8020475e-05,0.00022340784,0.007665665,1
0.8270294666290283,0.7897930145263672,0.8123357892036438,0.0,0,0,0,0,0,1,0,1,0,103,21,0.4705882352941176,6.258408e-05,1.1336166e-05,0.99951553,0
0.8457855582237244,0.7879124879837036,0.8269006013870239,0.05263155124655198,0,0,0,0,0,1,1,1,0,130,52,0.4,0.03691423,6.9762136e-05,0.0037071423,0
0.8350546360015869,0.8053457736968994,0.7931089401245117,0.0,0,0,0,0,0,1,0,1,0,101,19,0.4242424242424242,0.006079923,7.779434e-05,0.002397909,1
0.8192530274391174,0.7583391070365906,0.7712673544883728,0.0,0,0,0,0,0,1,0,1,0,101,48,0.4565217391304348,7.421616e-05,0.057229202,0.0003635661,0
0.8273703455924988,0.7502799034118652,0.7979881167411804,0.0,0,0,0,0,0,1,0,1,0,107,41,0.4130434782608695,0.0026490262,0.98439145,3.5438567e-05,0
0.8451166749000549,0.7644258737564087,0.7959256768226624,0.0,0,0,0,0,0,1,0,1,0,119,54,0.4722222222222222,0.00038414067,0.011316981,0.0021698158,0
0.7859875559806824,0.7450889945030212,0.7856610417366028,0.0,0,0,0,0,0,1,0,1,0,81,20,0.3695652173913043,0.99995196,0.00018700318,0.71955985,0
0.8844538331031799,0.8301834464073181,0.0,0.12499992187504883,0,0,0,0,0,1,0,0,0,74,1,0.5434782608695652,2.8542292e-05,0.00043537398,0.2838687,1
0.8416504263877869,0.80268794298172,0.821074903011322,0.08333326388894677,0,0,0,0,0,1,0,1,0,97,32,0.45283018867924535,0.06498474,0.00013836671,0.9932209,0
0.8367902636528015,0.7974497079849243,0.8216144442558289,0.08333326388894677,0,0,0,0,0,1,0,0,0,89,31,0.45283018867924535,0.090056196,2.3393493e-05,0.00489489,0
0.8215831518173218,0.7613210678100586,0.7741912603378296,0.11111104938275035,0,0,0,0,0,1,0,1,0,105,53,0.49056603773584906,0.9978909,0.00034833016,0.0051561976,0
0.808867335319519,0.7899920344352722,0.8113127946853638,0.0499999750000125,0,0,0,0,0,1,0,0,0,88,16,0.49056603773584906,0.96302164,0.01822436,0.15121362,0
0.801586389541626,0.7758656144142151,0.8126100897789001,0.05263155124655198,0,0,0,0,0,1,0,0,0,85,22,0.4329896907216495,0.047590647,0.00032908792,0.0001933102,0
0.8389488458633423,0.7836737632751465,0.8260219693183899,0.0499999750000125,0,0,0,0,0,1,0,0,0,126,18,0.5471698113207547,0.00034360494,0.4683877,0.024157662,0
0.7675674557685852,0.7427175641059875,0.7813639044761658,0.0,0,0,0,0,0,1,0,1,0,102,25,0.45833333333333337,0.08123174,0.00021635107,4.910882e-05,0
0.8413711786270142,0.8012770414352417,0.8656642436981201,0.10526310249310396,0,0,0,0,0,1,0,0,0,107,10,0.4716981132075472,0.99991107,0.00050264614,0.99838376,0
0.8413711786270142,0.8020780682563782,0.8656642436981201,0.10526310249310396,0,0,0,0,0,1,0,1,0,131,10,0.4716981132075472,0.99991107,0.00231799,0.99838376,0
0.8034068942070007,0.7603409290313721,0.7759802937507629,0.1333332444445037,0,0,0,0,0,1,0,1,0,84,55,0.4040404040404041,0.99278235,0.00027779423,6.9447444e-05,0
0.8292964100837708,0.7856938242912292,0.7915610671043396,0.11764698961941787,0,0,0,0,0,1,0,1,0,81,51,0.4444444444444444,0.0059172814,6.146112e-05,0.0011757831,0
0.8267085552215576,0.8088826537132263,0.0,0.0,0,0,0,0,0,1,0,0,0,112,1,0.4285714285714286,0.9989004,0.0026030294,0.2838687,0
0.7597748637199402,0.7375372648239136,0.7326183319091797,0.04545452479339782,0,0,0,0,0,1,0,1,0,66,41,0.40506329113924056,0.9378729,0.99798894,0.00063852844,0
0.7597748637199402,0.7447234392166138,0.7326183319091797,0.04545452479339782,0,0,0,0,0,1,0,1,0,74,41,0.40506329113924056,0.9378729,0.99445784,0.00063852844,0
0.8642271757125854,0.7802736163139343,0.0,0.09523804988664292,0,0,0,0,0,1,1,0,0,111,1,0.4040404040404041,0.0012738926,2.3463039e-05,0.031031705,0
0.8504105806350708,0.7826376557350159,0.0,0.099999950000025,1,0,0,0,0,1,1,0,0,80,1,0.5454545454545454,0.00020022388,0.0007138824,0.031031705,0
0.8328137993812561,0.7851231098175049,0.8076794147491455,0.0799999680000128,0,0,0,0,0,1,1,0,1,111,22,0.43999999999999995,0.0009840773,0.0001644218,0.8780114,0
0.8521825075149536,0.7478728890419006,0.7648822069168091,0.055555524691375174,0,0,0,0,0,1,1,1,1,98,28,0.5765765765765766,0.0064797266,6.3073676e-05,4.3183638e-05,0
0.805008053779602,0.7278673052787781,0.7606052160263062,0.0,0,0,0,0,0,1,0,0,0,93,33,0.4273504273504274,0.0057411385,0.00024421435,0.99894136,0
0.8464533686637878,0.7948023676872253,0.0,0.043478241965981754,0,0,0,0,0,1,1,0,0,73,1,0.4873949579831933,4.8726033e-05,0.002147274,0.031031705,0
0.8261345028877258,0.7613654136657715,0.8062981963157654,0.058823512110731724,0,0,0,0,0,1,1,0,1,96,26,0.4074074074074075,0.025735471,0.00013025239,7.30558e-05,0
0.8213574886322021,0.7757388353347778,0.799604058265686,0.05714284081633119,0,0,0,0,0,1,1,1,0,102,24,0.3893805309734514,0.99672514,0.00030376916,0.9997383,0
0.829262912273407,0.7451123595237732,0.8013613820075989,0.0,0,0,0,0,0,1,0,1,1,63,15,0.35051546391752575,0.45975465,0.00010310104,0.9997776,0
0.7968086004257202,0.7316229939460754,0.7668713927268982,0.0,0,0,0,0,0,1,0,1,0,133,25,0.4098360655737705,0.96784455,0.0037933097,0.08733151,0
0.8668088912963867,0.7962960004806519,0.8347454071044922,0.03225805411030513,1,0,0,0,0,1,1,1,1,104,24,0.44999999999999996,0.9906282,0.000106488194,0.0015576704,0
0.7864845991134644,0.7586101293563843,0.0,0.0,0,0,0,0,0,1,0,1,0,85,1,0.36065573770491793,0.04114206,0.00022344326,0.031031705,0
0.7824655771255493,0.7456119656562805,0.7703641653060913,0.0,0,0,1,0,0,1,0,0,0,75,19,0.5333333333333333,3.9742514e-05,0.0019381237,0.025245726,0
0.7946811318397522,0.7279334664344788,0.0,0.0,0,0,1,0,0,1,1,1,0,118,1,0.4329896907216495,0.0057445597,2.7552047e-05,0.031031705,0
0.8270987868309021,0.7643625140190125,0.7787343859672546,0.11538457100593423,0,0,0,0,0,1,1,1,0,90,24,0.4426229508196722,0.000102743725,0.00019158817,0.00071270857,0
0.8759192824363708,0.8146287202835083,0.0,0.2666664888890074,1,0,0,0,0,1,1,1,0,94,1,0.5106382978723405,0.0003132984,0.97552913,0.0016885784,0
0.8458203673362732,0.8072113394737244,0.8141224384307861,0.23529397923883574,0,0,0,0,0,1,1,1,0,89,39,0.48,0.9872822,4.6103432e-05,0.05117708,0
0.8595533967018127,0.8131065964698792,0.0,0.23529397923883574,0,0,0,0,0,1,1,1,1,104,1,0.4933333333333333,0.0642542,0.0007759047,0.0016885784,0
0.8556914925575256,0.8046999573707581,0.0,0.23529397923883574,0,0,0,0,0,1,1,1,0,105,1,0.5333333333333333,0.8777655,0.00026703373,0.0016885784,0
0.8584542274475098,0.812974214553833,0.8427674174308777,0.23529397923883574,1,0,0,0,0,1,1,1,0,89,24,0.56,0.0041428907,0.00018970901,0.003549626,0
0.8763261437416077,0.8172501921653748,0.8361601233482361,0.17391296786392701,0,0,1,0,0,1,1,1,0,91,19,0.5985401459854014,0.99413943,0.00011581149,0.0005706243,0
0.827682614326477,0.7910595536231995,0.0,0.2222220987655007,1,0,0,0,0,1,1,1,0,106,1,0.42028985507246375,0.99322695,0.00041362242,0.0016885784,0
0.8590090274810791,0.801972508430481,0.0,0.2380951247166073,0,0,0,0,0,1,1,1,0,112,1,0.4576271186440678,0.9411744,0.018921997,0.0016885784,0
0.8306553363800049,0.8026909828186035,0.0,0.2380951247166073,0,0,0,0,0,1,1,1,0,110,1,0.5333333333333333,0.033066195,0.056336172,0.0016885784,0
0.8532333970069885,0.7911410331726074,0.8213173747062683,0.24999987500006252,0,0,0,1,0,1,1,1,1,94,53,0.624113475177305,0.7524945,5.525623e-05,0.00018749828,0
0.8427289724349976,0.8324398994445801,0.8582692742347717,0.0,0,0,0,0,0,1,0,1,0,136,19,0.5454545454545454,0.00051536615,6.071955e-05,8.759029e-05,1
0.8786242604255676,0.8084738254547119,0.8269515633583069,0.0,0,0,0,0,0,1,0,1,0,126,53,0.46,0.0044781677,0.00010234063,0.0010945883,1
0.853462815284729,0.8228352069854736,0.7693415880203247,0.0499999750000125,1,0,0,0,0,1,0,1,0,108,24,0.4842105263157894,0.0022606615,4.3921304e-05,0.0015326615,1
0.8369741439819336,0.7817634344100952,0.7893118858337402,0.0,1,0,0,0,0,1,0,1,0,99,58,0.4444444444444444,0.0017205977,3.8648832e-05,0.00265627,0
0.8532717227935791,0.8094595074653625,0.8255504965782166,0.0,0,0,0,0,0,1,1,1,0,85,54,0.5636363636363637,0.9517869,8.817695e-05,0.00022595433,0
0.7950038313865662,0.7746074199676514,0.7742318511009216,0.0,0,0,0,0,0,1,0,1,0,105,13,0.4,0.023524014,0.9765563,0.0008655765,0
0.8271473050117493,0.8012913465499878,0.0,0.0,0,0,0,0,0,1,0,1,1,82,1,0.4181818181818182,0.99992347,0.00011990309,0.9982527,0
0.7966410517692566,0.7696656584739685,0.7829059958457947,0.0,0,0,0,0,0,1,0,1,0,94,53,0.4363636363636364,0.9997503,4.496597e-05,0.000979381,0
0.7916414141654968,0.7595201730728149,0.7813564538955688,0.0,0,0,0,0,0,1,0,0,0,34,29,0.12244897959183676,0.0111655155,0.03984937,0.062386286,0
0.8123717308044434,0.7864481806755066,0.7958812713623047,0.0,0,0,0,0,0,1,0,1,0,88,43,0.4181818181818182,0.99987245,0.17642236,0.0008826463,0
0.8505611419677734,0.8131827116012573,0.0,0.0,0,0,0,0,0,1,0,1,1,113,1,0.4363636363636364,0.0006291617,7.8036705e-05,0.9982527,1
0.813368558883667,0.7768203020095825,0.781986653804779,0.0,0,0,0,0,0,1,0,1,1,126,32,0.39603960396039606,0.99833834,0.00067388796,0.0005016345,0
0.790619432926178,0.7638246417045593,0.7710001468658447,0.0,0,0,0,0,0,1,0,1,0,108,49,0.38834951456310685,0.99960977,2.4851232e-05,2.9167284e-05,0
0.859431803226471,0.8159152269363403,0.8304927349090576,0.0,0,0,0,0,0,1,0,1,1,90,46,0.4554455445544554,0.01981594,0.00033680222,0.00039425603,0
0.8375865817070007,0.7912396192550659,0.8268689513206482,0.0,0,0,0,0,0,1,0,1,1,104,20,0.3818181818181819,0.00687848,0.00013146353,0.00038796887,0
0.8060957789421082,0.7493979930877686,0.7817132472991943,0.0,0,0,0,0,0,1,0,1,0,65,21,0.13043478260869568,0.11034613,0.07512315,0.11136494,0
0.812174916267395,0.7730883955955505,0.0,0.0,0,0,0,0,0,1,0,1,1,73,1,0.3055555555555556,0.00016162118,0.045994796,0.9982527,0
0.8016493916511536,0.7628809809684753,0.7964887022972107,0.0,0,0,0,0,0,1,0,1,1,69,14,0.3853211009174312,0.53869617,0.035030473,0.42384148,0
0.8868723511695862,0.7879335880279541,0.0,0.0,0,0,0,0,0,1,0,0,0,52,1,0.13888888888888884,0.7981953,0.000101337064,0.19258666,1
0.8430553674697876,0.7776907086372375,0.7986972332000732,0.0714285204081997,0,0,0,0,0,1,0,1,0,107,18,0.4516129032258065,0.002238368,0.0008828341,0.04913899,0
0.9089991450309753,0.823847234249115,0.8557357788085938,0.39999973333351113,0,0,0,0,0,1,1,1,0,99,48,0.5833333333333333,0.00059771625,0.017216636,4.849049e-05,1
0.8708139061927795,0.8005067706108093,0.823578953742981,0.15384603550304962,0,0,0,0,0,1,1,1,0,82,54,0.5,0.13691384,0.004645855,0.0013596885,0
0.8301185369491577,0.7855175733566284,0.8052317500114441,0.0,0,0,0,0,0,1,0,1,0,67,20,0.36111111111111116,0.99997544,0.00020357501,0.9995402,0
0.8300811648368835,0.7672150135040283,0.8014432191848755,0.0,0,0,0,0,0,1,0,1,1,67,30,0.16901408450704225,0.21780397,0.016348017,0.036168657,1
0.8300811648368835,0.7663543224334717,0.8014432191848755,0.0,0,0,0,0,0,1,0,1,1,76,30,0.16901408450704225,0.21780397,0.06433595,0.036168657,1
0.8300811648368835,0.7660301923751831,0.8014432191848755,0.0,0,0,0,0,0,1,0,1,1,66,30,0.16901408450704225,0.21780397,0.3332467,0.036168657,1
0.9453938007354736,0.8523866534233093,0.8384040594100952,0.5999994000006,0,0,0,0,0,1,1,1,1,101,23,0.6388888888888888,3.4712946e-05,0.05000219,0.0070548193,1
0.8259408473968506,0.8146561980247498,0.8124152421951294,0.0,0,0,0,0,0,1,0,1,0,73,32,0.33333333333333337,0.9998153,0.013904751,0.87825793,0
0.8319482207298279,0.7583760023117065,0.7711197733879089,0.1818180165290759,0,0,0,0,0,1,1,1,0,82,55,0.48484848484848486,0.99996054,0.00019622124,0.17860365,0
0.8209142088890076,0.7444473505020142,0.7800610661506653,0.16666652777789354,0,0,0,0,0,1,1,1,0,86,21,0.45614035087719296,0.9963116,0.0075352485,0.12782261,0
0.8528182506561279,0.7959674596786499,0.8032984733581543,0.0714285204081997,0,0,0,0,0,1,1,0,0,82,17,0.4722222222222222,0.9999546,0.007954021,0.00088408816,0
0.8351280689239502,0.7780983448028564,0.0,0.0,0,0,0,0,0,1,0,1,0,35,1,0.3157894736842105,0.987048,0.017629629,0.19258666,0
0.9731292724609375,0.886552095413208,0.9284284114837646,0.41176446366796254,1,0,0,1,0,1,1,0,0,135,22,0.9538461538461537,1.992943e-05,0.9993235,0.9874719,1
0.9586042761802673,0.8898876309394836,0.8289575576782227,0.35714260204099857,1,0,0,0,0,1,1,1,0,92,17,0.7560975609756098,2.7092703e-05,0.99779046,0.0007731156,1
0.9059823751449585,0.8365504741668701,0.8438595533370972,0.05263155124655198,1,0,0,0,0,1,0,1,0,93,50,0.5765765765765766,2.3786753e-05,0.99886394,0.9997799,1
0.9060978293418884,0.8287100791931152,0.8658890724182129,0.09523804988664292,1,0,0,0,0,1,0,1,1,93,24,0.5692307692307692,0.0010896017,0.9999169,0.006847394,1
0.7980830073356628,0.7982994318008423,0.7674298286437988,0.01960783929258053,1,0,0,0,0,1,0,1,0,65,17,0.44705882352941173,0.0001151918,0.9996723,0.5389462,1
0.8867228627204895,0.828828752040863,0.864550769329071,0.0,0,0,0,0,0,1,0,1,0,82,20,0.4307692307692308,5.3588672e-05,0.002187195,0.0054146727,1
0.8659957647323608,0.83796626329422,0.8628817200660706,0.0399999840000064,1,0,0,0,0,1,0,1,0,110,23,0.41538461538461535,3.2913955e-05,0.9972874,0.9999248,1
0.8523080945014954,0.8347163796424866,0.8309682011604309,0.03846152366864474,1,0,0,0,0,1,0,1,0,87,36,0.4074074074074075,0.0028632064,0.024293603,0.0005045673,1
0.8558260798454285,0.8395581245422363,0.8520625233650208,0.04761902494332146,0,0,0,0,0,1,0,1,0,120,42,0.4615384615384615,0.00016153276,0.0053319917,0.99971503,1
0.820694625377655,0.8173640966415405,0.8396356105804443,0.030303021120296626,1,0,0,0,0,1,0,1,0,78,40,0.42105263157894735,0.000560298,0.03190947,0.99722904,1
0.8347247838973999,0.837943434715271,0.84378981590271,0.040816318200751385,1,0,0,0,0,1,0,1,1,95,36,0.5692307692307692,0.00032121225,0.52028006,0.00041575273,1
0.8616329431533813,0.8180094957351685,0.8379957675933838,0.07407404663924198,1,0,0,0,0,1,0,1,0,71,47,0.4031007751937985,0.00012118628,0.0017983494,5.77237e-05,1
0.8752522468566895,0.7991067171096802,0.804108202457428,0.0,0,0,0,0,0,1,0,1,0,97,65,0.37168141592920356,0.0003893141,0.99983144,2.5490866e-05,1
0.9941104054450989,0.8937375545501709,0.899939239025116,0.899999550000225,2,0,0,0,0,1,1,0,0,87,24,0.6368159203980099,0.0071464474,0.98627996,0.9997465,1
0.818202555179596,0.7777225375175476,0.8160815834999084,0.10344824019026201,0,0,0,0,0,1,0,1,0,103,26,0.4409448818897638,2.7804623e-05,0.00020220553,0.99996257,0
0.818202555179596,0.7555104494094849,0.0,0.10344824019026201,0,0,0,0,0,1,0,1,1,117,1,0.33333333333333337,2.7804623e-05,0.0064610466,0.16554232,0
0.8388357162475586,0.7910458445549011,0.0,0.09374997070313415,0,0,1,0,0,1,1,1,0,113,1,0.43386243386243384,0.881963,0.0010837971,0.16554232,0
0.8299919962882996,0.7686475515365601,0.7984093427658081,0.03225805411030513,0,0,0,0,0,1,0,1,0,110,50,0.4580152671755725,0.99350715,0.0023453794,0.03400423,0
0.7769631147384644,0.742127537727356,0.7839344143867493,0.06451610822061025,0,0,0,0,0,1,0,1,0,92,45,0.44692737430167595,0.9967051,0.00025146423,0.99819404,0
0.790659487247467,0.7462748885154724,0.7833380699157715,0.06060604224059325,0,0,0,0,0,1,0,1,0,86,21,0.4083333333333334,0.9990784,0.0025489551,0.99827886,0
0.8238838315010071,0.7772998213768005,0.7960467338562012,0.0,0,0,0,0,0,1,0,1,0,99,31,0.39344262295081966,0.9994246,7.9654055e-05,0.00014410031,0
0.8238838315010071,0.7930874824523926,0.0,0.0,0,0,0,0,0,1,0,1,0,107,1,0.39344262295081966,0.9994246,4.1136864e-05,0.16554232,0
0.8219875693321228,0.8244914412498474,0.8449562788009644,0.03571427295918823,0,0,0,0,0,1,1,1,1,101,31,0.4246575342465754,0.0062423935,4.671512e-05,0.31021917,0
0.8224266767501831,0.7557609677314758,0.7939186692237854,0.0270270197224271,0,0,0,0,0,1,0,1,0,77,19,0.41538461538461535,0.027678942,4.7519865e-05,0.9939659,0
0.8188364505767822,0.7980355620384216,0.8048015236854553,0.16666661111112963,0,0,0,0,0,1,1,1,0,120,23,0.4273504273504274,0.9999275,0.99116266,0.03705634,0
0.7871929407119751,0.7714548110961914,0.7976663708686829,0.05063290498317658,0,0,1,0,0,1,0,1,0,91,25,0.4380165289256198,0.0044855443,0.00050509826,0.09390984,0
0.8450624942779541,0.8069660663604736,0.8355097770690918,0.1290322164412205,0,0,0,0,0,1,1,1,0,129,54,0.5252525252525253,0.018801184,0.0063026496,0.008070712,0
0.8191882967948914,0.753139078617096,0.0,0.0,0,0,0,0,0,1,0,0,0,80,1,0.13793103448275867,0.9969368,0.001140042,0.16554232,0
0.9314675331115723,0.9178197383880615,0.9411196708679199,0.19047609977328583,2,0,0,0,0,1,1,1,0,78,25,1.0,0.012785975,0.0011939736,0.0068089184,1
0.9326127767562866,0.847572922706604,0.8909385800361633,0.043478241965981754,0,0,0,0,0,1,0,0,0,88,58,0.5037037037037038,4.783276e-05,0.00047513293,0.00022741834,1
0.9362450838088989,0.8411368131637573,0.831322431564331,0.04166664930556279,1,0,0,0,0,1,0,1,0,92,14,0.4390243902439024,0.00020428083,0.00020739432,0.06429396,1
0.9537455439567566,0.8692288994789124,0.899847686290741,0.2222220987655007,1,0,0,0,0,1,1,1,0,87,52,0.6764705882352942,1.9967933e-05,0.003037022,1.9618334e-05,1
0.9125379323959351,0.8177611231803894,0.8514939546585083,0.04761902494332146,0,0,0,0,0,1,0,1,0,70,38,0.42647058823529416,4.0024497e-05,0.0028020546,0.0019241134,1
0.9047507643699646,0.8238644003868103,0.8252132534980774,0.0399999840000064,0,0,0,0,0,1,0,1,1,74,32,0.4852941176470588,1.7193584e-05,0.00016411692,0.99636024,1
0.881737232208252,0.8207148909568787,0.8861926794052124,0.06896549346017466,0,0,0,0,0,1,0,1,0,64,19,0.4193548387096774,8.2488325e-05,0.0008597536,0.0001645447,1
0.8902013301849365,0.0,0.0,0.03571427295918823,0,0,0,0,0,1,0,1,0,1,1,0.09523809523809523,0.00020871582,0.72630435,0.72630435,1
0.8971644639968872,0.8159308433532715,0.7681753039360046,0.0,0,0,0,0,0,1,0,1,0,83,23,0.4117647058823529,2.1051796e-05,0.00031558826,0.0013263291,1
0.8982151746749878,0.8407225012779236,0.7945225238800049,0.04166664930556279,0,0,0,0,0,1,0,1,0,97,12,0.39639639639639634,0.023346737,0.01318413,0.00028445915,1
0.8883976936340332,0.8302192687988281,0.8584374785423279,0.0499999750000125,0,0,0,0,0,1,0,0,0,73,20,0.3370786516853933,5.71332e-05,0.0008625932,0.005668124,1
0.8882713913917542,0.8551888465881348,0.8821351528167725,0.0,0,0,0,0,0,1,0,1,0,92,21,0.37606837606837606,9.765901e-05,0.00026166867,0.0041392148,1
0.894760012626648,0.8651978373527527,0.8751618266105652,0.0499999750000125,0,0,0,0,0,1,0,1,0,78,20,0.4297520661157025,1.883634e-05,0.00014895493,2.6284464e-05,1
0.8292753100395203,0.8231594562530518,0.8748441934585571,0.04761902494332146,0,0,0,0,0,1,0,1,0,78,48,0.4852941176470588,0.0043699853,0.0006073411,2.8827175e-05,1
0.9038885235786438,0.8388285040855408,0.0,0.099999950000025,1,0,0,0,0,1,0,0,0,50,1,0.38235294117647056,0.00058467314,0.08474692,0.72630435,1
0.7907111048698425,0.7315166592597961,0.7912879586219788,0.0,0,0,0,0,0,1,0,1,1,85,16,0.3711340206185567,3.4007735e-05,4.5042372e-05,0.0001228788,0
0.9575995206832886,0.8874925971031189,0.0,0.4736839612189678,2,1,1,0,0,1,1,1,1,110,1,0.5471698113207547,9.14602e-06,0.99066275,0.15053132,1
0.9127580523490906,0.8779302835464478,0.9045791029930115,0.3749998437500651,2,1,1,0,0,1,1,0,1,96,25,0.8867924528301887,8.765463e-05,0.99894243,0.99992144,1
0.7564355134963989,0.7404068112373352,0.7695598602294922,0.0,0,1,0,0,0,1,0,0,0,43,34,0.20618556701030932,0.24572216,0.0040218784,0.050143722,0
0.8446106314659119,0.8080353736877441,0.8123037815093994,0.24999984375009765,1,1,0,0,0,1,1,1,0,96,52,0.5161290322580645,0.99897814,0.002210457,0.12244111,0
0.8636821508407593,0.835580587387085,0.8328415751457214,0.12499992187504883,1,1,0,0,0,1,1,1,0,69,58,0.5346534653465347,0.002536782,0.0005713164,0.08762542,0
0.8368586301803589,0.8167913556098938,0.8571417331695557,0.14285707482996438,1,1,0,0,0,1,1,0,0,79,25,0.5609756097560976,0.9956949,0.0004818166,0.023725525,0
0.7426179051399231,0.751413106918335,0.7544761300086975,0.0,0,1,0,0,0,1,0,1,0,110,55,0.48275862068965514,0.9989293,0.005864467,0.005617862,0
0.8544709086418152,0.8227954506874084,0.0,0.1599999360000256,1,1,1,0,0,1,1,1,0,76,1,0.5283018867924528,0.9967744,0.035668716,0.15053132,0
0.7674283385276794,0.7491345405578613,0.7549030184745789,0.0,0,1,0,0,0,1,0,0,0,43,28,0.1515151515151515,0.13129814,0.031888142,0.1902054,0
0.8304797410964966,0.8169677257537842,0.8603752851486206,0.07999998400000319,1,1,0,0,0,1,1,0,0,92,24,0.6138613861386139,0.08196644,0.0010130759,0.018825987,0
0.8416311740875244,0.8110323548316956,0.7920576333999634,0.15789465373965592,1,1,0,0,0,1,1,0,0,81,32,0.5714285714285714,0.999161,0.00014213393,0.019945871,0
0.7976890802383423,0.7872611880302429,0.7640408873558044,0.11111104938275035,0,1,0,0,0,1,0,0,0,88,10,0.4615384615384615,0.9999453,0.00021003166,0.9856141,0
0.8356395959854126,0.8208819627761841,0.0,0.1428570408163994,1,1,0,0,0,1,1,1,0,85,1,0.5142857142857142,0.024703419,0.000116318064,0.15053132,0
0.844290018081665,0.8163836598396301,0.0,0.10526310249310396,1,1,0,0,0,1,1,1,1,83,1,0.5660377358490566,0.99928576,0.00038602107,0.15053132,0
0.8245508074760437,0.8101940751075745,0.8026524186134338,0.14285707482996438,1,1,0,0,0,1,1,0,0,88,24,0.5283018867924528,0.99974793,0.00038219255,0.14573215,0
0.7581360936164856,0.7386196255683899,0.7495172619819641,0.0,0,1,0,0,0,1,0,1,1,61,31,0.18867924528301885,0.7006846,0.0884067,0.108249635,0
0.7857506275177002,0.7659654021263123,0.7769858837127686,0.04761902494332146,0,1,0,0,0,1,0,1,0,73,21,0.45283018867924535,0.00035434004,4.5141078e-05,1.6940268e-05,0
0.9603429436683655,0.8645142912864685,0.8865034580230713,0.666665925926749,2,0,0,0,0,1,0,1,0,69,58,0.5393258426966292,3.147889e-05,0.00080550386,0.0041307756,1
0.9125241637229919,0.8738259673118591,0.8876118063926697,0.3333331111112593,2,0,0,0,0,1,0,0,0,89,25,0.6666666666666667,9.670194e-06,0.5247014,0.9895272,1
0.9177485108375549,0.8631272315979004,0.0,0.6666661111115741,2,0,0,0,0,1,0,1,1,88,1,0.6888888888888889,3.9596118e-05,0.92378366,0.09905986,1
0.7865473628044128,0.7648084163665771,0.7912551760673523,0.058823494809708936,0,0,0,0,0,1,0,1,0,84,18,0.4,0.99969196,0.0022641458,0.0051966934,0
0.8669539093971252,0.7952573299407959,0.821327805519104,0.0499999750000125,0,0,0,0,0,1,0,0,0,88,24,0.4878048780487805,0.9999597,0.0091321,0.99881244,0
0.8399660587310791,0.8002998232841492,0.0,0.13636357438019348,1,0,1,0,0,1,0,1,1,110,1,0.5333333333333333,0.8823824,0.00020239466,0.09905986,0
0.793113648891449,0.76312255859375,0.7817253470420837,0.0499999750000125,0,0,0,0,0,1,0,0,0,87,14,0.40506329113924056,0.9996594,0.02017614,0.2795149,0
0.8780919313430786,0.80534827709198,0.8102859854698181,0.21428556122459913,1,0,0,0,0,1,0,0,0,95,39,0.5555555555555556,0.9989772,0.00056128483,0.00018535269,0
0.7728391289710999,0.7464563250541687,0.7775520086288452,0.06249996093752441,0,0,0,0,0,1,0,1,0,97,19,0.4444444444444444,0.99828136,0.00040329294,0.9920615,0
0.8163037896156311,0.7717418670654297,0.8075094819068909,0.06666662222225185,0,0,0,0,0,1,0,1,0,72,16,0.5128205128205128,0.99997735,0.0046350705,0.8281994,0
0.7383230924606323,0.6866737604141235,0.0,0.0,0,0,0,0,0,1,0,1,0,108,1,0.40506329113924056,0.99996424,0.00039015932,0.09905986,0
0.8100398778915405,0.764126718044281,0.7968750596046448,0.06249996093752441,0,0,0,0,0,1,0,0,0,88,10,0.4444444444444444,0.99981004,0.0003356265,0.02164343,0
0.7723947167396545,0.7471915483474731,0.7780260443687439,0.0,0,0,0,0,0,1,0,0,0,90,13,0.4225352112676056,0.99986196,0.0025729483,0.9941954,0
0.7851017713546753,0.7567588686943054,0.7747918367385864,0.06249996093752441,0,0,0,0,0,1,0,1,0,91,25,0.4666666666666666,0.9999627,0.004026222,0.00013014911,0
0.8148829936981201,0.7652859091758728,0.0,0.16666652777789354,0,0,0,0,0,1,1,1,0,128,1,0.5217391304347826,1.3563753e-05,0.0029815196,0.18492545,0
0.9177163243293762,0.8365813493728638,0.8104454874992371,0.3999996000004,0,0,0,0,0,1,1,0,0,82,17,0.6956521739130435,3.449893e-05,0.004252405,0.003374948,1
0.908761203289032,0.8324423432350159,0.8463346362113953,0.16666652777789354,0,0,0,0,0,1,1,1,0,82,54,0.6086956521739131,0.0002787173,0.007844571,0.0010875813,1
0.8957401514053345,0.8168241381645203,0.8305703401565552,0.22222197530891633,0,0,0,0,0,1,1,1,0,89,40,0.43478260869565216,0.000257151,0.00015128279,0.00045504255,0
0.8698274493217468,0.8199267387390137,0.8210833668708801,0.0999999000001,0,0,0,0,0,1,0,1,0,73,32,0.3555555555555555,0.0036246944,0.0027656886,0.0010691256,1
0.8415332436561584,0.7842215895652771,0.8008973598480225,0.07692301775152481,0,0,0,0,0,1,0,1,0,107,18,0.43478260869565216,0.062950395,0.00096190436,0.019958172,1
0.8065837025642395,0.7080644965171814,0.7685346603393555,0.09090900826453795,0,0,0,0,0,1,0,1,1,107,26,0.39130434782608686,0.9989838,0.00014812643,0.040781323,0
0.7990540862083435,0.7749127745628357,0.7775810956954956,0.0999999000001,0,0,0,0,0,1,0,1,1,66,21,0.5945945945945945,0.9999337,5.822759e-05,0.011336043,0
0.7845792174339294,0.7330971956253052,0.7812453508377075,0.06666662222225185,0,0,0,0,0,1,0,0,0,73,12,0.4117647058823529,0.5112506,0.014916035,0.39266178,0
0.8035098314285278,0.743883490562439,0.7957141995429993,0.0,0,0,0,0,0,1,0,1,0,107,1,0.43478260869565216,0.999858,0.0003044321,0.025711168,0
0.8358232975006104,0.7614415884017944,0.7702541351318359,0.1818180165290759,0,0,0,0,0,1,1,1,0,86,21,0.5652173913043479,0.99888986,0.005140793,0.9980001,0
0.7862655520439148,0.7198498845100403,0.7887467741966248,0.0714285204081997,0,0,0,0,0,1,0,1,0,102,19,0.5217391304347826,0.99917585,0.00025451192,0.9985654,0
0.8268111348152161,0.7803308963775635,0.8102443218231201,0.21428556122459913,0,0,0,0,0,1,1,1,0,112,25,0.5777777777777777,0.997256,0.00037911965,0.9633137,0
0.8270800113677979,0.7750305533409119,0.7935653328895569,0.22222197530891633,0,0,0,0,0,1,0,1,0,98,17,0.4878048780487805,0.9793702,0.004680942,0.37209025,0
0.8270800113677979,0.7721489071846008,0.7935653328895569,0.22222197530891633,0,0,0,0,0,1,0,1,0,104,17,0.4878048780487805,0.9793702,8.624258e-05,0.37209025,0
0.7781375646591187,0.7367522120475769,0.7540479898452759,0.0,0,0,0,0,0,1,0,1,0,128,56,0.34782608695652173,0.9997578,0.00013507009,0.00027857607,0
0.7781375646591187,0.7432937026023865,0.7540479898452759,0.0,0,0,0,0,0,1,0,1,0,101,56,0.34782608695652173,0.9997578,0.00082584796,0.00027857607,0
0.8154235482215881,0.7504054307937622,0.7983009219169617,0.07692301775152481,0,0,0,0,0,1,0,0,0,95,17,0.5652173913043479,0.9830261,0.78942555,0.08118355,0
0.8430135250091553,0.7678006887435913,0.7994989156723022,0.20833324652781396,0,0,0,0,0,1,1,1,0,128,31,0.5964912280701755,0.00031363437,0.0004978848,8.788551e-05,0
0.8756647109985352,0.7655161023139954,0.8237658143043518,0.23076905325457442,0,0,0,0,0,1,1,1,1,104,21,0.6538461538461539,0.016822224,0.00043388153,3.9284616e-05,0
0.8491107821464539,0.7762330174446106,0.787531316280365,0.11111104938275035,0,0,0,0,0,1,1,1,1,93,37,0.4954128440366973,0.9995448,0.00038736736,0.0014510661,0
0.8244485259056091,0.7416101098060608,0.0,0.21428556122459913,0,0,0,0,0,1,1,1,0,119,1,0.5283018867924528,0.97740585,0.002171295,0.0062181447,0
0.8244485259056091,0.7424771785736084,0.0,0.21428556122459913,0,0,0,0,0,1,1,1,0,115,1,0.5087719298245614,0.97740585,0.00029597373,0.0062181447,0
0.7811086773872375,0.7510079741477966,0.7834640145301819,0.1818180991735913,0,0,0,0,0,1,1,1,0,97,38,0.46601941747572817,0.026598224,0.010470515,0.016957961,0
0.818335771560669,0.776759684085846,0.8355391025543213,0.13043472589794528,0,0,0,0,0,1,1,0,0,114,26,0.5263157894736843,0.005976131,0.00029134596,0.00012277644,0
0.8062557578086853,0.7754629254341125,0.7856923341751099,0.14285707482996438,0,0,0,0,0,1,1,1,0,97,21,0.4736842105263158,0.99859625,4.4473625e-05,0.03116581,0
0.8204659819602966,0.7564149498939514,0.7851846218109131,0.0799999680000128,0,0,1,0,0,1,1,1,0,75,56,0.5087719298245614,0.9160156,0.0013941803,0.0031994684,0
0.836602509021759,0.7450964450836182,0.7980154156684875,0.055555524691375174,0,0,1,0,0,1,0,1,0,58,17,0.45871559633027525,0.99918824,0.00089283317,0.9949004,0
0.8084776401519775,0.782828688621521,0.7955480217933655,0.13043472589794528,0,0,0,0,0,1,1,1,0,82,21,0.48,0.99605185,0.5758446,0.9996352,0
0.8300682902336121,0.7738436460494995,0.0,0.1764704844291268,0,0,0,0,0,1,1,0,0,64,1,0.475,0.082737334,0.00011034758,0.0062181447,0
0.8040300011634827,0.7319982051849365,0.7549523115158081,0.16666652777789354,0,0,0,0,0,1,1,1,0,118,36,0.5964912280701755,0.0043164953,0.0001326237,0.0024915407,0
0.8154213428497314,0.7600911259651184,0.7854417562484741,0.17391296786392701,0,0,0,0,0,1,1,1,0,119,13,0.4035087719298246,0.9998927,0.0008769115,0.84140503,0
0.8225473165512085,0.7459976673126221,0.7628968358039856,0.08823526816609759,0,0,0,0,0,1,1,0,1,97,18,0.4736842105263158,0.008238302,0.0068831826,0.9989248,0
0.8784897923469543,0.831021249294281,0.8722788095474243,0.16666657407412552,1,0,0,0,0,1,1,1,1,99,55,0.7027027027027026,0.0130929025,0.00049112365,0.9995834,1
0.8289939165115356,0.7673646211624146,0.8122710585594177,0.2999997000003,1,0,0,0,0,1,1,0,0,128,49,0.4736842105263158,0.00031921867,0.00051383895,0.025774078,0
0.8042411804199219,0.7850788235664368,0.8059885501861572,0.1333332444445037,1,0,0,0,0,1,1,1,0,112,52,0.5,0.03887909,0.002405921,4.6863945e-05,0
0.8281675577163696,0.7974693775177002,0.8357546329498291,0.12499992187504883,0,0,0,0,0,1,1,1,0,74,25,0.4615384615384615,0.9986455,0.00025195995,0.9922466,0
0.758144736289978,0.7695993781089783,0.7643766403198242,0.0,0,0,0,0,0,1,0,0,0,19,8,0.16949152542372878,0.3044859,0.40778667,0.5317693,0
0.854129433631897,0.7924037575721741,0.0,0.06666662222225185,0,0,0,0,0,1,1,1,0,115,1,0.42105263157894735,0.9997954,0.006651115,0.75202286,0
0.8363979458808899,0.777834951877594,0.7881770730018616,0.08333326388894677,0,0,0,0,0,1,1,1,0,101,20,0.48484848484848486,0.9999261,0.003927661,0.00035149782,0
0.826946496963501,0.7942435145378113,0.8222371339797974,0.0,0,0,0,0,0,1,1,1,0,87,28,0.5789473684210527,0.9997981,0.0003073575,0.06342322,0
0.8523980975151062,0.8150976300239563,0.8415427207946777,0.06666662222225185,0,0,0,0,0,1,1,0,0,65,18,0.3835616438356164,0.0008172224,0.00018583135,0.43394983,0
0.7789297103881836,0.7779524922370911,0.8101915121078491,0.03571427295918823,0,0,0,0,0,1,1,1,0,92,21,0.4,0.9997911,0.0018155694,0.03507144,0
0.8188149929046631,0.760238528251648,0.8046650886535645,0.24999979166684028,1,0,0,0,0,1,1,1,0,87,48,0.5263157894736843,0.004683593,0.0007827072,0.0009154177,0
0.8259326219558716,0.8003031015396118,0.0,0.06249996093752441,0,0,0,0,0,1,1,1,1,113,1,0.4473684210526315,0.9944746,0.0051339236,0.75202286,0
0.846732497215271,0.7705508470535278,0.0,0.16666652777789354,1,0,0,0,0,1,0,1,0,86,1,0.6052631578947368,0.0015471434,0.0014430007,0.75202286,0
0.7806106209754944,0.7315933108329773,0.7500132322311401,0.0,0,0,0,0,0,1,0,1,0,93,48,0.3661971830985915,0.9986744,0.06386147,0.9997031,0
0.8519158959388733,0.756150484085083,0.8124637007713318,0.21428556122459913,1,0,0,0,0,1,1,1,0,96,53,0.5789473684210527,0.99577516,0.009183166,7.9171994e-05,0
0.8555309176445007,0.8171617984771729,0.83945232629776,0.1764704844291268,0,0,0,0,0,1,1,1,0,118,63,0.4736842105263158,0.9936924,0.00035930128,0.00080018415,0
0.7745541334152222,0.735323429107666,0.7522027492523193,0.0,0,0,0,0,0,1,0,0,1,59,24,0.15384615384615385,0.17825969,0.0035697978,0.098976545,0
0.9446492791175842,0.8820471167564392,0.8961663842201233,0.611110771605127,1,0,0,1,0,1,1,0,0,111,23,0.8,3.8595645e-06,0.016707417,0.9992077,1
0.9450955986976624,0.855144202709198,0.8860034346580505,0.7058819377165072,1,0,0,0,0,1,1,0,0,125,53,0.47482014388489213,3.918549e-06,0.0009789587,4.460094e-05,1
0.827774167060852,0.7808204293251038,0.8095993399620056,0.2380951247166073,0,0,0,0,0,1,1,1,0,89,55,0.5166666666666666,0.82101214,0.0008069426,0.0005208784,0
0.8321117162704468,0.7901029586791992,0.0,0.19354832466183075,0,0,0,0,0,1,1,1,0,110,1,0.496,0.9910602,0.029477214,0.037587833,0
0.8095271587371826,0.7470584511756897,0.781029999256134,0.043478241965981754,0,0,0,0,0,1,0,1,0,90,23,0.3285714285714286,0.99918693,0.000573644,0.9989172,0
0.8199785351753235,0.7669275999069214,0.8140208125114441,0.03124999023437805,0,0,0,0,0,1,1,1,1,70,20,0.4576271186440678,0.48108035,4.6595997e-05,0.003704984,0
0.7580477595329285,0.7480728030204773,0.7884114980697632,0.03124999023437805,0,0,0,0,0,1,0,1,1,105,22,0.44285714285714284,0.68325967,0.00010253262,0.99992037,0
0.7595046162605286,0.7345021367073059,0.7553393244743347,0.1199999520000192,0,0,0,0,0,1,0,1,0,105,53,0.5428571428571429,0.0008545587,0.0039545572,0.00048140404,0
0.7978521585464478,0.7589396238327026,0.7859993577003479,0.03846152366864474,0,0,0,0,0,1,0,1,1,53,55,0.34693877551020413,0.99759066,0.011098012,0.00049125974,0
0.8011603951454163,0.7621986269950867,0.7913985252380371,0.2380951247166073,0,0,0,0,0,1,1,1,0,110,26,0.46601941747572817,5.3442924e-05,7.10576e-05,1.5588992e-05,0
0.8047193884849548,0.7877586483955383,0.7897022366523743,0.21052620498620792,0,0,0,0,0,1,1,0,0,161,72,0.5555555555555556,0.9993436,0.000105251274,0.0004936592,0
0.7833985090255737,0.7749818563461304,0.0,0.199999920000032,0,0,1,0,0,1,1,1,0,105,1,0.5426356589147288,0.99972254,0.0033690785,0.037587833,0
0.8268640637397766,0.8011947870254517,0.8011721968650818,0.19047609977328583,0,0,0,0,0,1,1,1,0,87,32,0.5864661654135339,0.9998702,0.0029600041,0.00030596973,0
0.8386313915252686,0.7965001463890076,0.8230022192001343,0.27272714876038695,0,0,0,0,0,1,1,1,0,81,54,0.6142857142857143,0.9999317,0.00014777122,0.00019752186,0
0.8323602080345154,0.7754230499267578,0.7773768305778503,0.31818167355378474,0,0,0,0,0,1,1,0,0,94,18,0.375,0.9999541,0.0027488633,0.98782223,0
0.8203995823860168,0.7807399034500122,0.0,0.30434769376187226,0,0,0,0,0,1,1,1,0,108,1,0.4776119402985075,0.9966222,0.006953749,0.037587833,0
0.8014017343521118,0.7657203078269958,0.7991253733634949,0.0,0,0,0,0,0,1,1,1,0,88,23,0.44285714285714284,0.0049400944,0.00031984225,0.00028944836,0
0.8116158246994019,0.7784737348556519,0.8010643124580383,0.09677416233091538,0,0,0,0,0,1,1,0,0,75,31,0.4285714285714286,0.12246218,0.9999622,0.24687265,0
0.7830104827880859,0.7309291958808899,0.7765186429023743,0.08695648393196351,0,0,0,0,0,1,1,1,0,85,27,0.56,0.03116374,0.000137022,0.00021336152,0
0.7901718616485596,0.7823349237442017,0.7809609770774841,0.17142852244899356,0,0,1,0,0,1,1,0,0,109,25,0.5571428571428572,0.023037758,0.0013035863,0.9954444,0
0.7902853488922119,0.7546266913414001,0.0,0.1818180991735913,0,0,0,0,0,1,1,0,0,62,1,0.584070796460177,0.0001521546,0.0006013609,0.037587833,0
0.8216333389282227,0.7730193138122559,0.779281735420227,0.16666659722225116,0,0,0,0,0,1,1,1,0,84,19,0.46875,0.98480403,0.00034465716,0.1352471,0
0.7767491936683655,0.7349140644073486,0.7602681517601013,0.21052620498620792,0,0,0,0,0,1,1,1,1,96,54,0.5,0.9998054,0.013312607,0.05732928,0
0.7893949151039124,0.7467593550682068,0.7773206233978271,0.17391296786392701,0,0,0,0,0,1,1,1,1,107,31,0.48571428571428577,0.99996376,0.0011566707,0.09414591,0
0.8312517404556274,0.7825349569320679,0.7979522347450256,0.1874999414062683,0,0,0,0,0,1,1,0,0,108,21,0.5172413793103448,0.8140056,4.7220114e-05,0.00014316438,0
0.806613564491272,0.7736173272132874,0.8164153099060059,0.09090906336088989,0,0,0,0,0,1,1,0,0,88,25,0.4375,0.9891209,0.9974043,0.0008047201,0
0.9267345070838928,0.8824063539505005,0.8983431458473206,0.2666664888890074,1,0,0,0,0,1,1,1,0,90,50,1.0,6.88023e-06,0.00021651613,3.0756903e-05,1
0.9283468127250671,0.8796533942222595,0.871484100818634,0.08333326388894677,1,0,0,0,0,1,1,1,0,84,30,0.4324324324324324,0.9187863,0.00030354827,3.5990794e-05,1
0.8491030335426331,0.7851991653442383,0.8158169984817505,0.11111098765445816,0,0,0,0,0,1,1,1,0,110,26,0.4666666666666666,0.9996985,0.008346916,0.97693455,0
0.8499534726142883,0.7941010594367981,0.7910056710243225,0.1428570408163994,0,0,0,0,0,1,1,1,0,81,26,0.4810126582278481,0.9981103,0.00012497786,0.006807926,0
0.8723212480545044,0.7834343910217285,0.7856764793395996,0.1818180165290759,0,0,0,0,0,1,1,1,0,103,26,0.5111111111111111,0.9997068,0.00038349262,0.00016141792,0
0.8468639850616455,0.7971043586730957,0.8249531984329224,0.21428556122459913,0,0,0,0,0,1,1,1,0,104,33,0.5675675675675675,0.9998481,6.6366534e-05,0.99945027,0
0.8363634943962097,0.7442482113838196,0.790431797504425,0.0,0,0,0,0,0,1,0,1,0,77,8,0.39344262295081966,0.99993575,0.004923138,0.9998356,0
0.8322514295578003,0.776218831539154,0.0,0.08333326388894677,0,0,1,0,0,1,1,0,0,76,1,0.46875,0.9976497,0.003157505,0.1746668,0
0.809330940246582,0.7592054009437561,0.7768197655677795,0.0,0,0,0,0,0,1,0,1,0,102,34,0.3728813559322034,0.99958545,0.000378773,0.00013067447,0
0.8241606950759888,0.7710803747177124,0.8119480013847351,0.055555524691375174,0,0,1,0,0,1,1,1,1,104,30,0.5277777777777778,0.8213863,0.00056900765,0.010152988,0
0.8419262766838074,0.7825555801391602,0.8228471279144287,0.18749988281257324,0,0,0,0,0,1,1,1,1,112,26,0.4222222222222223,0.001814325,0.00011659397,0.9977297,0
0.8258463740348816,0.782986581325531,0.804003894329071,0.0799999680000128,0,0,1,0,0,1,1,0,0,81,22,0.5121951219512195,0.99993443,0.00044094515,0.00018214303,0
0.8322733640670776,0.7750030755996704,0.8056924939155579,0.06666662222225185,0,0,0,0,0,1,1,1,0,131,52,0.4,0.99975973,0.014466271,0.99990153,0
0.8618093729019165,0.7942196726799011,0.8308801651000977,0.1999998000002,0,0,0,0,0,1,1,1,0,90,29,0.5866666666666667,0.9956071,0.011308418,0.5345381,0
0.7922585010528564,0.7402159571647644,0.774208664894104,0.0,0,0,0,0,0,1,0,1,0,107,10,0.48888888888888893,0.99971646,5.086826e-05,1.9867144e-05,0
0.8677803874015808,0.7721455693244934,0.778671383857727,0.2999997000003,0,0,0,0,0,1,1,0,0,127,46,0.5777777777777777,0.07281998,0.99223834,0.0075478456,0
0.8386771082878113,0.7917813062667847,0.8161478042602539,0.058823494809708936,0,0,0,0,0,1,1,1,0,91,59,0.4666666666666666,6.3558786e-05,0.00899957,0.99984825,0
0.8214879631996155,0.8024486303329468,0.7768933773040771,0.1333332444445037,0,0,0,0,0,1,1,1,0,88,32,0.48888888888888893,0.000664926,5.190705e-05,0.00308008,0
0.7707251310348511,0.736531138420105,0.7731418013572693,0.0,0,0,0,0,0,1,0,1,0,113,26,0.4878048780487805,0.058197893,9.3487426e-05,6.103741e-05,0
0.7983971238136292,0.7524786591529846,0.7839329838752747,0.0,0,0,0,0,0,1,0,1,0,55,19,0.3703703703703704,0.000958978,0.05764269,0.0046117455,0
0.8144689202308655,0.779731035232544,0.0,0.06249996093752441,0,0,1,0,0,1,1,0,0,107,1,0.48888888888888893,0.9931252,0.0015064521,0.1746668,0
0.821474015712738,0.7739881873130798,0.8115833401679993,0.058823494809708936,0,0,0,0,0,1,1,1,0,95,54,0.49411764705882355,0.9998901,0.0024988642,0.0005707933,0
0.8709279894828796,0.7784960865974426,0.7668790817260742,0.23076914201186846,1,0,0,0,0,1,1,0,0,94,18,0.42500000000000004,0.0058971103,0.00414209,0.016877357,1
0.846092164516449,0.8282790780067444,0.8430876731872559,0.2812499121094024,1,0,0,0,0,1,1,0,0,108,21,0.6956521739130435,0.9975459,9.1770584e-05,0.00067381596,0
0.800508439540863,0.7805323600769043,0.0,0.2121211478420764,0,0,0,0,0,1,1,1,0,110,1,0.4615384615384615,0.9626245,0.00666843,0.058520604,0
0.8024038076400757,0.7598219513893127,0.8013004064559937,0.16363633388430293,1,0,0,0,0,1,1,0,0,78,48,0.4833333333333333,0.00068203476,0.000527961,0.00038208268,0
0.8053217530250549,0.7776409983634949,0.7733238339424133,0.1818180991735913,0,0,0,0,0,1,1,0,0,161,72,0.5562130177514792,0.99960583,0.00010997356,0.0006659373,0
0.7714911103248596,0.7554172873497009,0.0,0.16666661111112963,0,0,1,0,0,1,1,1,0,131,1,0.4870466321243523,0.17276832,0.0006043057,0.058520604,0
0.8061109781265259,0.7533982992172241,0.7924283146858215,0.13793098692034933,0,0,0,0,0,1,1,1,0,95,55,0.4516129032258065,0.07560819,0.008869331,0.005453303,0
0.77569979429245,0.74073725938797,0.7773067355155945,0.15624995117189025,1,0,1,0,0,1,1,0,0,85,21,0.44329896907216493,0.030630846,5.7724403e-05,0.99374545,0
0.8185359835624695,0.7900283932685852,0.7972099184989929,0.18181814049587713,0,0,0,0,0,1,1,0,0,87,21,0.5137614678899083,0.006291951,0.7993666,0.0007988057,0
0.7935324907302856,0.7819980978965759,0.0,0.17857136479594116,1,0,1,0,0,1,1,1,0,105,1,0.4666666666666666,0.9977507,0.0050422866,0.058520604,0
0.8448765873908997,0.7647230625152588,0.7991671562194824,0.23076914201186846,0,0,0,0,0,1,1,0,0,125,53,0.43478260869565216,0.00424262,0.0027308203,0.00092509104,0
0.8519027233123779,0.7937871813774109,0.8189191222190857,0.23076914201186846,0,0,0,0,0,1,1,0,0,111,23,0.5575757575757576,0.06157896,0.0030377293,0.92719525,0
0.790659487247467,0.7670711278915405,0.769106388092041,0.1891891380569897,0,0,1,0,0,1,1,0,0,109,25,0.5079365079365079,0.0020835141,0.001034816,0.08206748,0
0.8595781326293945,0.7784565687179565,0.8342506885528564,0.23076905325457442,0,0,0,0,0,1,1,1,0,141,19,0.657142857142857,0.99903464,0.0021447912,0.99900097,0
0.8595781326293945,0.7716628909111023,0.8195850849151611,0.23076905325457442,0,0,0,0,0,1,1,1,0,127,18,0.5714285714285714,0.99903464,0.002518874,0.9997255,0
0.7999707460403442,0.7740194797515869,0.0,0.11764698961941787,0,0,0,0,0,1,1,1,0,116,1,0.6285714285714286,0.15856218,0.0003186503,0.0008114999,0
0.8362538814544678,0.7765061259269714,0.8028871417045593,0.1428570408163994,0,0,0,0,0,1,1,0,0,96,24,0.5428571428571429,0.005724095,0.00038406363,0.012169779,0
0.8039612770080566,0.7588237524032593,0.0,0.08333329861112558,0,0,0,0,0,1,1,1,0,75,1,0.5714285714285714,0.004824651,0.000601911,0.0008114999,0
0.8214655518531799,0.7658204436302185,0.0,0.09523804988664292,0,0,0,0,0,1,1,1,0,111,1,0.48571428571428577,0.002633056,0.31915015,0.0008114999,0
0.8082702159881592,0.7853014469146729,0.8115336894989014,0.10526310249310396,0,0,0,0,0,1,1,1,0,99,15,0.5964912280701755,0.0024635808,0.00017970055,0.9981817,0
0.8115156888961792,0.7679102420806885,0.7786268591880798,0.08333329861112558,0,0,0,0,0,1,1,1,0,126,27,0.5714285714285714,0.0015048063,0.00048630885,0.07033276,0
0.8410246968269348,0.7670164704322815,0.7873749136924744,0.06666662222225185,0,0,0,0,0,1,1,0,0,73,23,0.6285714285714286,0.025544537,0.003914046,0.0554649,0
0.8060754537582397,0.7715469598770142,0.779528021812439,0.06249996093752441,0,0,0,0,0,1,1,0,1,94,29,0.5714285714285714,0.9987155,0.2607285,0.21867491,0
0.8186904191970825,0.7433436512947083,0.7869258522987366,0.05263155124655198,0,0,0,0,0,1,1,0,0,83,21,0.5555555555555556,0.8746363,0.00039180208,0.038837537,0
0.8512654304504395,0.8017067313194275,0.8181884288787842,0.11764698961941787,0,0,1,0,0,1,1,0,0,83,26,0.5714285714285714,6.330834e-05,0.00016447062,0.00013843342,0
0.8259661793708801,0.7646749019622803,0.8273059129714966,0.06249996093752441,0,0,1,0,0,1,1,1,0,112,57,0.48571428571428577,0.01812277,0.06356496,0.001853482,0
0.8181859850883484,0.7772859334945679,0.7925643920898438,0.11111104938275035,0,0,0,0,0,1,1,0,0,90,22,0.45714285714285713,0.0053563905,1.594516e-05,8.015389e-05,0
0.7853977084159851,0.7124157547950745,0.0,0.11764698961941787,0,0,0,0,0,1,1,1,1,92,1,0.6,0.9987245,0.00083168905,0.0008114999,0
0.8385835886001587,0.7864077687263489,0.0,0.1333332444445037,0,0,0,0,0,1,1,1,0,117,1,0.45714285714285713,0.00070889323,0.0015244031,0.0008114999,0
0.81381756067276,0.7536072134971619,0.0,0.04166664930556279,0,0,0,0,0,1,1,1,0,96,1,0.5245901639344263,0.99648416,9.691884e-05,0.0008114999,0
0.8306717276573181,0.777661919593811,0.0,0.0499999750000125,0,0,0,0,0,1,1,0,0,90,1,0.6285714285714286,0.0015467643,0.00021130884,0.0008114999,0
0.9056653380393982,0.8649595379829407,0.8684912919998169,0.14814809327848397,0,0,1,1,0,1,1,0,0,121,51,0.6607142857142857,0.009422102,0.09478134,0.0029692387,1
0.9021683931350708,0.8619928359985352,0.8777450919151306,0.13043472589794528,0,0,1,0,0,1,1,0,0,104,26,0.6486486486486487,0.98244977,0.012344567,0.43953001,1
0.8330417275428772,0.784616231918335,0.0,0.11111104938275035,0,0,0,0,0,1,1,0,0,70,1,0.5617977528089888,0.99957865,9.811499e-06,0.004365268,0
0.857685923576355,0.8382052183151245,0.0,0.033333322222225924,0,0,1,0,0,1,1,1,1,146,1,0.5178571428571428,0.9958383,0.01533149,0.004365268,1
0.857685923576355,0.8368373513221741,0.0,0.033333322222225924,0,0,1,0,0,1,1,1,1,133,1,0.5178571428571428,0.9958383,0.907052,0.004365268,1
0.7899648547172546,0.723052978515625,0.7905927896499634,0.11764698961941787,0,0,0,0,0,1,1,1,0,94,50,0.5052631578947369,0.9990736,0.0066081136,0.9974286,0
0.8003484010696411,0.7488837838172913,0.7903416752815247,0.04166664930556279,0,0,0,0,0,1,1,0,0,89,21,0.5287356321839081,0.1803868,0.00027255144,0.007329578,0
0.7858842611312866,0.7232978940010071,0.7914665937423706,0.0499999750000125,0,0,0,0,0,1,1,1,0,103,31,0.5,0.0008038909,0.9760774,5.467426e-05,0
0.7906116843223572,0.758090615272522,0.0,0.10526310249310396,0,0,0,0,0,1,1,1,0,105,1,0.4651162790697675,0.033065632,0.0009542488,0.004365268,0
0.8210033178329468,0.7550137639045715,0.0,0.04545452479339782,0,0,0,0,0,1,1,1,0,84,1,0.48484848484848486,0.99681026,0.00441182,0.004365268,0
0.8210033178329468,0.7517199516296387,0.0,0.04545452479339782,0,0,0,0,0,1,1,1,0,90,1,0.48484848484848486,0.99681026,0.0024565298,0.004365268,0
0.8210033178329468,0.7496516704559326,0.0,0.04545452479339782,0,0,0,0,0,1,1,1,0,92,1,0.48484848484848486,0.99681026,8.287535e-05,0.004365268,0
0.8476125597953796,0.8134369850158691,0.0,0.0,0,0,0,0,0,1,1,1,0,123,1,0.5357142857142857,0.0045201955,0.44998682,0.004365268,0
0.8309603333473206,0.7821565270423889,0.8005347847938538,0.04166664930556279,0,0,0,0,0,1,1,1,0,115,52,0.5454545454545454,0.99721175,0.0065393327,0.0020859293,0
0.799842119216919,0.7876986265182495,0.8219140768051147,0.11111104938275035,0,0,0,0,0,1,1,1,0,122,20,0.5185185185185186,0.0007036568,0.017833488,0.09740769,0
0.819072425365448,0.771454930305481,0.7783409953117371,0.08333329861112558,0,0,1,0,0,1,1,0,0,83,27,0.49411764705882355,0.0028577012,0.0071246335,0.0004939226,0
0.8667323589324951,0.8082875609397888,0.8453410267829895,0.07142854591837645,0,0,0,0,0,1,1,1,0,100,23,0.5272727272727273,0.2823975,0.0061530126,0.024467994,0
0.9017249941825867,0.8558986186981201,0.864272952079773,0.14285707482996438,0,0,0,0,0,1,1,1,1,116,43,0.688,0.00018893424,0.98656553,0.0001278712,1
0.9164856672286987,0.8432071805000305,0.8479632139205933,0.2380951247166073,0,0,0,0,0,1,1,1,1,126,49,0.8166666666666668,0.0011276009,0.061841406,0.014945593,1
0.8912248611450195,0.8119325637817383,0.859877347946167,0.0,0,0,0,0,0,1,0,1,1,109,20,0.5042016806722689,0.05151128,8.0519465e-05,0.32520103,1
0.8841425776481628,0.8120649456977844,0.8303375244140625,0.0,0,0,0,0,0,1,0,1,0,63,32,0.5555555555555556,0.00048285397,0.9959359,0.00022837115,1
0.8429029583930969,0.7998932003974915,0.7945290803909302,0.055555524691375174,0,0,0,0,0,1,1,0,0,91,33,0.4603174603174603,0.00048171592,0.00632586,6.56665e-05,0
0.8224307894706726,0.7497140765190125,0.7619048953056335,0.0,0,0,0,0,0,1,0,1,0,114,33,0.3738317757009347,0.99368614,0.00022799513,0.00011876382,0
0.8224307894706726,0.743228554725647,0.7619048953056335,0.0,0,0,0,0,0,1,0,1,0,102,33,0.3738317757009347,0.99368614,9.4295836e-05,0.00011876382,0
0.8667716979980469,0.7854129076004028,0.0,0.07692301775152481,0,0,0,0,0,1,1,1,0,94,1,0.45977011494252873,5.3079944e-05,0.9906341,0.09218935,0
0.8619940280914307,0.8090943694114685,0.0,0.0,0,0,0,0,0,1,0,1,0,82,1,0.5333333333333333,2.2206359e-05,8.364922e-05,0.09218935,1
0.8480769991874695,0.785964846611023,0.8136420249938965,0.06666662222225185,0,0,0,0,0,1,1,1,0,89,24,0.47272727272727283,0.0015838916,0.0001269417,0.0056850924,0
0.8082137703895569,0.7694199085235596,0.0,0.0,0,0,0,0,0,1,0,1,0,90,1,0.5238095238095238,3.619628e-05,0.00012211538,0.09218935,0
0.8546184301376343,0.7755542397499084,0.787512481212616,0.0499999750000125,0,0,0,0,0,1,1,1,0,102,46,0.4536082474226804,0.0037736061,0.000415117,6.11827e-05,0
0.8388630747795105,0.8000083565711975,0.8281698822975159,0.058823494809708936,0,0,0,0,0,1,1,1,0,125,22,0.4247787610619469,4.5293906e-05,0.030079052,0.0010811485,0
0.8271716833114624,0.8165319561958313,0.8093363642692566,0.06666662222225185,0,0,0,0,0,1,1,0,0,143,53,0.41666666666666663,0.00073861785,0.00039923642,0.013318276,0
0.9545292854309082,0.8702517747879028,0.8919867277145386,0.7999992000008,1,1,1,0,0,1,1,1,0,115,50,0.44705882352941173,0.0005432286,0.0030704453,4.2313975e-05,1
0.9179596900939941,0.8840023279190063,0.9293615818023682,0.07894734764543482,0,1,1,0,0,1,1,1,0,110,25,0.5740740740740741,1.7586804e-05,0.00011781781,3.7753867e-05,1
0.8192737102508545,0.8026798963546753,0.0,0.0,0,1,0,0,0,1,1,0,0,99,1,0.4444444444444444,0.004045346,4.8196955e-05,0.056829005,0
0.79810631275177,0.7604460716247559,0.8129986524581909,0.05263155124655198,0,1,0,0,0,1,1,0,0,91,21,0.5,0.011701617,0.101712205,0.008165704,0
0.8266460299491882,0.7933974862098694,0.0,0.0,0,1,0,0,0,1,1,0,0,108,1,0.5185185185185186,0.007248762,0.4370142,0.056829005,0
0.826204776763916,0.7886483669281006,0.8166329860687256,0.12499992187504883,0,1,0,0,0,1,1,1,0,99,28,0.4329896907216495,0.9409869,0.00013147423,0.0034435068,0
0.8209318518638611,0.7998545169830322,0.0,0.04166664930556279,0,1,0,0,0,1,1,0,0,91,1,0.4117647058823529,8.900878e-05,0.00014671002,0.056829005,0
0.8141056895256042,0.7671967148780823,0.8010437488555908,0.030303021120296626,0,1,0,0,0,1,1,1,0,101,28,0.4301075268817204,0.04758422,0.99286336,6.960176e-05,0
0.8198731541633606,0.7907449007034302,0.8087402582168579,0.06249996093752441,0,1,0,0,0,1,1,0,1,89,23,0.6067415730337078,0.993133,0.0012947525,0.0003172446,0
0.8100435733795166,0.7962297201156616,0.8164777159690857,0.04761902494332146,0,1,0,0,0,1,1,1,0,91,49,0.5048543689320388,0.03625059,0.00011850874,0.00033064286,0
0.8279387950897217,0.8196595311164856,0.8271662592887878,0.0,0,1,0,0,0,1,1,0,0,101,57,0.5319148936170213,0.010953551,0.00020123228,0.0013864893,0
0.8036648631095886,0.7572299242019653,0.8129231929779053,0.11111104938275035,0,1,1,0,0,1,1,0,0,83,26,0.4536082474226804,0.0001871941,0.00011664034,0.0024434624,0
0.7985270619392395,0.7640112638473511,0.76666259765625,0.0714285204081997,0,1,0,0,0,1,1,1,0,129,56,0.4423076923076923,0.9999467,0.0040455484,0.0026286785,0
0.8331249952316284,0.7782787084579468,0.8052372336387634,0.1764704844291268,1,1,0,0,0,1,1,1,1,110,56,0.5252525252525253,0.9809491,0.0012978304,0.0003839703,0
0.8255510330200195,0.793708086013794,0.8139840960502625,0.03448274673008733,0,0,1,0,0,1,1,0,0,81,22,0.47863247863247854,0.9999547,0.0006186008,5.54962e-05,0
0.8332518339157104,0.7855820655822754,0.7943015694618225,0.06666664444445185,0,0,1,0,0,1,1,1,0,117,52,0.4509803921568627,0.00011363883,0.9870929,0.0003734483,0
0.8389816880226135,0.8032729029655457,0.0,0.04761902494332146,0,0,0,0,0,1,1,1,0,108,1,0.5079365079365079,0.0065362775,0.0027876562,0.075039454,0
0.8286432027816772,0.7759438753128052,0.7956294417381287,0.0,0,0,0,0,0,1,1,1,0,90,29,0.5106382978723405,0.0010675201,0.0042547616,0.0028599931,0
0.7900962233543396,0.74428391456604,0.7980493307113647,0.099999950000025,0,0,1,0,0,1,1,1,1,104,30,0.4920634920634921,0.9999691,0.001008684,0.0011732857,0
0.8592397570610046,0.8127627968788147,0.8314480781555176,0.13636357438019348,0,0,1,0,0,1,1,0,0,99,25,0.4705882352941176,0.9951432,0.6529492,0.00014782666,0
0.8324436545372009,0.8151518106460571,0.8086628317832947,0.07692304733728948,0,0,0,0,0,1,1,1,0,124,14,0.485981308411215,0.008919978,0.020743912,0.40013987,0
0.7921388745307922,0.7615545392036438,0.7846598029136658,0.06451610822061025,0,0,1,0,0,1,1,1,0,151,51,0.4873949579831933,0.91928804,0.98468834,0.123873696,0
0.8413213491439819,0.8253139853477478,0.8086628317832947,0.07407404663924198,0,0,0,0,0,1,1,1,0,176,14,0.485981308411215,0.0015279155,0.01012999,0.40013987,0
0.8413213491439819,0.8320245146751404,0.8121852874755859,0.07407404663924198,0,0,0,0,0,1,1,1,0,122,16,0.4715447154471545,0.0015279155,0.014735956,0.47359803,0
0.8255871534347534,0.7761812210083008,0.8044838905334473,0.07692304733728948,0,0,0,0,0,1,1,1,0,107,53,0.5203252032520325,0.0008470717,0.044500824,0.00026094526,0
0.8165559768676758,0.7627240419387817,0.7553146481513977,0.05263155124655198,0,0,0,0,0,1,1,1,0,88,32,0.4576271186440678,0.00011482536,6.4192274e-05,0.006855176,0
0.8304105997085571,0.7521284222602844,0.7682141661643982,0.08333326388894677,0,0,0,0,0,1,1,1,0,101,18,0.4666666666666666,0.99633706,7.642891e-05,0.9998996,0
0.8192528486251831,0.7917376160621643,0.7859706878662109,0.0399999840000064,0,0,1,0,0,1,1,0,0,83,27,0.4761904761904761,0.0040095383,0.008735631,0.039177034,0
0.8002091646194458,0.7436326742172241,0.7946975231170654,0.16666657407412552,0,0,0,0,0,1,1,1,0,108,29,0.5,4.7669088e-05,0.0024592292,0.0015939142,0
0.8326762318611145,0.8054574728012085,0.8284565210342407,0.07407404663924198,0,0,1,0,0,1,1,0,0,97,36,0.5079365079365079,0.9952982,0.00019764986,0.00611021,0
0.7845399379730225,0.755208432674408,0.0,0.05263155124655198,0,0,1,0,0,1,1,0,0,107,1,0.4603174603174603,0.029895682,0.0011714317,0.075039454,0
0.8229634761810303,0.7690072655677795,0.0,0.11764698961941787,0,0,0,0,0,1,1,0,0,92,1,0.5833333333333333,0.116311535,0.0003463933,0.075039454,0
0.7933638691902161,0.7597943544387817,0.7889559864997864,0.16666657407412552,0,0,0,0,0,1,1,0,0,86,37,0.5137614678899083,8.4803614e-05,0.0012686666,0.013339548,0
0.9280248284339905,0.8467221856117249,0.0,0.49999950000050003,0,0,0,0,0,1,1,1,0,74,1,0.6111111111111112,0.018791243,3.9810217e-05,0.12832485,1
0.9164930582046509,0.8502987027168274,0.8789787888526917,0.2631577562327599,0,0,0,0,0,1,1,0,0,100,54,0.5555555555555556,1.4817192e-05,0.982213,4.317879e-05,1
0.8965305089950562,0.8172935247421265,0.0,0.2857140816327988,0,0,0,0,0,1,1,1,0,96,1,0.6111111111111112,0.38199463,0.0006231375,0.12832485,0
0.8972822427749634,0.8112391233444214,0.0,0.19999986666675557,0,0,0,0,0,1,1,1,0,122,1,0.5740740740740741,0.999752,0.014534542,0.12832485,0
0.8972822427749634,0.8121138215065002,0.0,0.19999986666675557,0,0,0,0,0,1,1,1,0,114,1,0.5740740740740741,0.999752,0.18400899,0.12832485,0
0.8507640361785889,0.8034406900405884,0.0,0.06666662222225185,0,0,0,0,0,1,1,1,0,86,1,0.537037037037037,0.91955256,0.00028011182,0.12832485,0
0.8316563367843628,0.7921684980392456,0.8073928356170654,0.06249996093752441,0,0,0,0,0,1,1,1,0,75,51,0.42553191489361697,0.00062977866,7.605067e-05,0.030380026,0
0.8450523018836975,0.8009651303291321,0.830361545085907,0.14285707482996438,0,0,1,0,0,1,1,0,0,110,24,0.5740740740740741,0.063135654,0.0012267142,0.003954637,0
0.8359937071800232,0.7862907648086548,0.8135771751403809,0.12499992187504883,0,0,0,0,0,1,1,1,0,89,52,0.5473684210526315,0.9987816,0.0010283715,0.027152104,0
0.8141578435897827,0.7800164222717285,0.8062453269958496,0.1333332444445037,0,0,0,0,0,1,1,1,0,109,28,0.5,0.99580044,0.0037338422,0.052158304,0
0.8500384092330933,0.8038449883460999,0.0,0.11764698961941787,0,0,0,0,0,1,1,1,0,97,1,0.5555555555555556,0.9998747,0.024330813,0.12832485,0
0.8420382738113403,0.7787383794784546,0.0,0.1428570408163994,0,0,0,0,0,1,1,1,0,109,1,0.5436893203883495,0.007838579,0.0021715728,0.12832485,0
0.8420382738113403,0.7909497022628784,0.0,0.1428570408163994,0,0,0,0,0,1,0,1,0,116,1,0.5436893203883495,0.007838579,0.0004979878,0.12832485,0
0.8420382738113403,0.7787383794784546,0.0,0.1428570408163994,0,0,0,0,0,1,0,1,0,109,1,0.5436893203883495,0.007838579,0.0021715728,0.12832485,0
0.8420382738113403,0.7988162636756897,0.0,0.1428570408163994,0,0,0,0,0,1,1,1,0,100,1,0.5436893203883495,0.007838579,0.00036969103,0.12832485,0
0.8420382738113403,0.7932338118553162,0.0,0.1428570408163994,0,0,0,0,0,1,1,1,0,120,1,0.5436893203883495,0.007838579,0.0013566111,0.12832485,0
0.8271519541740417,0.8019782900810242,0.0,0.099999950000025,0,0,0,0,0,1,1,0,0,58,1,0.5185185185185186,0.9997286,0.00012716834,0.12832485,0
0.8415810465812683,0.8035246729850769,0.0,0.09090904958679565,0,0,0,0,0,1,1,1,0,69,1,0.48888888888888893,0.97721887,0.00034366583,0.12832485,0
0.8561558127403259,0.8097842931747437,0.8189470767974854,0.15789465373965592,0,0,0,0,0,1,1,0,0,85,25,0.4554455445544554,0.9997292,0.00031962595,0.9999411,0
0.8551689982414246,0.7921542525291443,0.8262961506843567,0.16666657407412552,0,0,0,0,0,1,1,1,0,96,33,0.537037037037037,0.18685836,0.003113203,0.034216437,0
0.7289975881576538,0.7172481417655945,0.7554478049278259,0.0,0,0,0,0,0,1,0,0,1,65,23,0.0,0.108496375,0.055833496,0.3238335,0
0.915992021560669,0.8654301166534424,0.0,0.2222220987655007,1,1,0,0,0,1,1,1,0,76,1,0.6593406593406592,0.0011693458,0.9996024,0.2535051,0
0.8655393719673157,0.8375245928764343,0.845907986164093,0.09090904958679565,1,1,0,0,0,1,0,1,0,107,13,0.4651162790697675,0.00012860337,0.9977508,0.048581332,0
0.9224345684051514,0.8552442193031311,0.8063122630119324,0.15789465373965592,1,1,1,0,0,1,1,1,1,108,25,0.6419753086419753,6.294033e-05,0.0002987181,7.530265e-05,0
0.9123029112815857,0.8605743646621704,0.7554854154586792,0.10526310249310396,1,1,0,0,0,1,0,1,0,90,17,0.62,0.00017369467,0.02488376,0.028514236,0
0.9123029112815857,0.7362469434738159,0.7554854154586792,0.10526310249310396,1,1,0,0,0,1,0,1,0,55,17,0.62,0.00017369467,0.00034903808,0.028514236,0
0.8828635811805725,0.8653802871704102,0.8758518099784851,0.0799999680000128,1,1,0,0,0,1,0,1,0,84,18,0.46,0.0042129913,0.9997181,0.0004878012,0
0.9073716402053833,0.8687198758125305,0.8002671003341675,0.099999950000025,1,1,0,0,0,1,0,1,0,94,11,0.8,0.00013341177,0.15318042,0.0005661733,0
0.8860214352607727,0.8469952344894409,0.8608481287956238,0.099999950000025,1,1,0,0,0,1,0,1,0,98,22,0.48,2.5010766e-05,0.0058132303,0.9024041,0
0.962804913520813,0.9268527626991272,0.9258701205253601,0.4444441975310014,0,0,0,0,0,1,1,1,1,96,26,0.7868852459016393,8.369916e-05,0.98071206,0.9992711,1
0.9247742295265198,0.8434868454933167,0.8613367080688477,0.46666635555576297,0,0,0,0,0,1,1,1,0,74,54,0.625,6.0570173e-06,0.1937936,0.0038080034,1
0.9054094552993774,0.8622085452079773,0.0,0.41176446366796254,0,0,0,0,0,1,1,1,0,86,1,0.6071428571428572,8.014617e-05,0.019178675,0.15832831,1
0.9016531109809875,0.8335591554641724,0.0,0.39999973333351113,0,0,0,0,0,1,1,1,0,66,1,0.679245283018868,0.4827828,0.00037262056,0.15832831,1
0.8615280389785767,0.8231683969497681,0.0,0.41176446366796254,0,0,0,0,0,1,1,1,0,79,1,0.6071428571428572,0.004706181,0.0002586858,0.15832831,0
0.8814582824707031,0.8251022100448608,0.8622422814369202,0.1818180991735913,0,0,0,0,0,1,1,1,1,106,25,0.5979381443298969,0.02223264,0.9919303,0.9825517,0
0.8411267399787903,0.8136880993843079,0.0,0.21739120982990878,0,0,0,0,0,1,1,1,0,65,1,0.5535714285714286,0.93380463,0.24508189,0.15832831,0
0.8411267399787903,0.8069004416465759,0.0,0.21739120982990878,0,0,0,0,0,1,1,1,0,82,1,0.5535714285714286,0.93380463,0.052366957,0.15832831,0
0.8411267399787903,0.8101482391357422,0.0,0.21739120982990878,0,0,0,0,0,1,1,1,0,74,1,0.5535714285714286,0.93380463,0.0038229737,0.15832831,0
0.8789942264556885,0.8132120370864868,0.8458482027053833,0.24999987500006252,0,0,0,0,0,1,1,1,1,137,55,0.6304347826086957,0.0039149625,0.0008273755,0.0032243256,0
0.8286585807800293,0.7715480923652649,0.8100517988204956,0.16666657407412552,0,0,0,0,0,1,1,0,0,95,51,0.4807692307692307,0.99976236,0.030177448,0.0015616005,0
0.7059223651885986,0.6774774193763733,0.7146608233451843,0.0,0,0,0,0,0,1,0,0,0,81,30,0.3783783783783784,0.99480385,0.018300377,0.0005665278,1
0.9219232201576233,0.8532955050468445,0.8832651972770691,0.1333332444445037,0,0,0,0,0,1,1,1,0,88,53,0.6388888888888888,4.3257256e-05,0.0004738813,0.0012356046,1
0.9136135578155518,0.8607914447784424,0.0,0.1999998000002,0,0,0,0,0,1,0,1,0,103,1,0.5526315789473684,0.00092942594,0.0008714693,0.16527514,1
0.9191389679908752,0.8661854267120361,0.8602187037467957,0.15384603550304962,0,0,0,0,0,1,1,1,0,93,14,0.696969696969697,0.0004929971,6.1995044e-05,0.00037949422,1
0.8901546001434326,0.8386803865432739,0.8387885689735413,0.06249996093752441,0,0,0,0,0,1,0,1,0,102,39,0.6052631578947368,0.0011867126,0.00027844816,8.2908184e-05,1
0.8724231719970703,0.8305715322494507,0.8232229948043823,0.0,0,0,0,0,0,1,0,1,0,117,15,0.5,0.016114349,0.0018491584,0.0007366253,1
0.8791748881340027,0.8494471907615662,0.8701478242874146,0.0499999750000125,0,0,0,0,0,1,0,1,0,73,23,0.5789473684210527,0.99996674,0.000110254194,0.23291573,1
0.8978320360183716,0.8320541977882385,0.8601080775260925,0.1428570408163994,0,0,0,0,0,1,0,1,1,115,53,0.5789473684210527,6.330703e-05,0.012546581,0.00029744863,1
0.9030053615570068,0.83427894115448,0.0,0.11111098765445816,0,0,0,0,0,1,0,1,1,129,1,0.5538461538461539,0.009548338,0.0006631781,0.16527514,1
0.884182870388031,0.8542134165763855,0.8645128011703491,0.06249996093752441,0,0,0,0,0,1,1,1,1,85,50,0.5,0.00014998355,0.05671795,3.2865046e-05,1
0.8617851734161377,0.829108476638794,0.8669496178627014,0.03846152366864474,0,0,0,0,0,1,0,1,1,97,18,0.48571428571428577,3.675637e-05,0.0008666374,0.0007025616,1
0.9029712080955505,0.8350009918212891,0.0,0.11111098765445816,0,0,0,0,0,1,0,1,0,106,1,0.4931506849315068,0.00051272573,0.000895319,0.16527514,1
0.8696482181549072,0.8377587199211121,0.8572690486907959,0.0499999750000125,0,0,0,0,0,1,0,1,0,89,23,0.47887323943661975,0.00024256368,0.00029314982,0.000111259375,1
0.8821262121200562,0.861266553401947,0.8707353472709656,0.06666662222225185,0,0,0,0,0,1,0,1,1,80,14,0.5,0.03656441,0.00015734944,5.698919e-05,1
0.8501505255699158,0.8125521540641785,0.8126126527786255,0.1333332444445037,0,0,0,0,0,1,0,1,0,97,21,0.5263157894736843,0.033264264,0.00014057485,0.99326295,0
0.8844653367996216,0.8538681268692017,0.8719198107719421,0.0,0,0,0,0,0,1,1,1,0,90,51,0.5263157894736843,0.020050429,0.00019059748,6.356634e-05,1
0.8362884521484375,0.8183637857437134,0.8333826065063477,0.19999986666675557,0,0,0,0,0,1,0,1,1,112,53,0.5423728813559322,5.383996e-05,0.00019750837,0.003422477,0
0.8473486304283142,0.8095022439956665,0.8368788957595825,0.12499992187504883,0,0,0,0,0,1,0,1,1,96,56,0.5517241379310345,0.0002729339,0.0012593878,0.0010249192,0
0.8948792815208435,0.8441208004951477,0.849177360534668,0.0,0,0,0,0,0,1,0,1,0,96,53,0.4473684210526315,0.000105082145,8.198266e-05,0.0025287045,1
0.8799200057983398,0.8570315837860107,0.0,0.0,0,0,0,0,0,1,0,1,1,79,1,0.5263157894736843,0.050365664,0.0002188188,0.16527514,1
0.8635857105255127,0.8062974810600281,0.8061643242835999,0.0,0,0,0,0,0,1,0,1,1,79,38,0.48484848484848486,0.0029458134,0.0009483806,0.4326187,1
0.8285697102546692,0.7956876754760742,0.8195273876190186,0.1333332444445037,0,0,0,0,0,1,0,1,0,81,55,0.5625,0.058531724,0.0021825666,0.031556074,0
0.8397004008293152,0.8232288360595703,0.0,0.11111098765445816,0,0,0,0,0,1,1,1,0,120,1,0.6190476190476191,2.815532e-05,0.9963606,0.20188469,1
0.8397004008293152,0.8240365386009216,0.0,0.11111098765445816,0,0,0,0,0,1,1,1,0,96,1,0.6190476190476191,2.815532e-05,0.09013901,0.20188469,1
0.8266558051109314,0.8064032196998596,0.8370630741119385,0.08333326388894677,0,0,0,0,0,1,1,1,0,100,54,0.7142857142857143,6.485232e-05,0.99081624,0.00011862144,1
0.8668451309204102,0.8230899572372437,0.8183575868606567,0.2857138775516035,0,0,0,0,0,1,1,0,0,59,53,0.5238095238095238,0.99137855,4.7820486e-05,4.3661443e-05,0
0.8516132235527039,0.794330894947052,0.8174338936805725,0.22222197530891633,0,0,0,0,0,1,1,1,1,99,49,0.5294117647058824,0.8635532,0.0020350423,0.0023642932,0
0.8672970533370972,0.7750569581985474,0.8112730979919434,0.22222197530891633,0,0,0,0,0,1,1,1,0,115,51,0.5714285714285714,0.32500717,9.9739766e-05,0.0021258232,0
0.84574294090271,0.7870597243309021,0.8146950602531433,0.22222197530891633,0,0,0,0,0,1,1,1,1,81,27,0.5238095238095238,0.013115918,3.0530005e-05,0.00082539406,0
0.8237044215202332,0.7882322072982788,0.8127833604812622,0.07692301775152481,0,0,0,0,0,1,1,1,0,72,56,0.4242424242424242,0.014407022,8.3582134e-05,0.0011268118,0
0.8260489702224731,0.784221887588501,0.0,0.09090900826453795,0,0,0,0,0,1,1,1,1,116,1,0.5714285714285714,0.97316414,0.00031302567,0.20188469,0
0.7872961759567261,0.7859536409378052,0.805202066898346,0.0,0,0,0,0,0,1,1,1,1,90,54,0.5714285714285714,0.97591466,1.0281715e-05,4.2119522e-05,0
0.8102327585220337,0.7840253114700317,0.7985796928405762,0.0,0,0,0,0,0,1,1,1,0,102,39,0.5945945945945945,0.9999378,0.00018664727,0.049273774,0
0.8406512141227722,0.795508623123169,0.8221900463104248,0.0,0,0,0,0,0,1,1,0,0,84,19,0.5238095238095238,0.0013485544,9.880959e-05,0.0028875675,1
0.7886785268783569,0.7616029381752014,0.7604367136955261,0.0499999750000125,0,0,0,0,0,1,1,1,1,92,54,0.5263157894736843,0.5020408,0.0015096384,0.000887318,0
0.7985163331031799,0.7762107253074646,0.8242119550704956,0.0,0,0,1,0,0,1,0,1,1,95,22,0.6666666666666667,0.0038477695,0.0035138102,0.9263988,0
0.8325839042663574,0.7614196538925171,0.7832748293876648,0.0,0,0,0,0,0,1,1,1,0,98,19,0.4761904761904761,0.97743577,0.001897701,0.003926284,0
0.8140460848808289,0.7687538862228394,0.7877777814865112,0.0,0,0,0,0,0,1,1,0,0,93,20,0.5238095238095238,0.9996313,9.306351e-05,0.1887185,0
0.918724000453949,0.8948027491569519,0.8666534423828125,0.4761902494332146,1,0,0,0,0,1,1,1,1,117,50,1.0,0.00025027376,0.4200431,0.0004949111,1
0.8920437693595886,0.8332244753837585,0.8698080778121948,0.06896549346017466,0,0,0,0,0,1,0,1,1,86,44,0.45679012345679015,0.0032786939,0.005835445,0.0001035312,1
0.78238445520401,0.7794681787490845,0.7900002002716064,0.0,0,0,0,0,0,1,0,1,0,96,27,0.3689320388349514,0.0015375816,3.0936564e-05,0.0013664523,0
0.7950664758682251,0.7340738773345947,0.7952947616577148,0.0,0,0,0,0,0,1,0,1,0,73,28,0.4193548387096774,0.00032919148,0.9522371,0.0011019805,0
0.793412446975708,0.7532386183738708,0.0,0.0,0,0,0,0,0,1,0,1,0,91,1,0.3846153846153846,0.9989372,4.244361e-05,0.150366,0
0.8015720248222351,0.7830647230148315,0.7839860916137695,0.0,0,0,0,0,0,1,0,1,0,91,20,0.375,0.0018589976,4.241782e-05,0.0019080625,0
0.8715624809265137,0.8081313371658325,0.8311459422111511,0.299999850000075,2,0,0,0,0,1,1,1,0,105,52,0.48484848484848486,0.00050360477,0.00011241596,0.00032959098,0
0.8238537907600403,0.7826290130615234,0.7999478578567505,0.13043472589794528,1,0,0,0,0,1,1,1,0,98,53,0.5070422535211268,0.00028455997,0.0005959727,0.0073362337,0
0.8730695843696594,0.7638818025588989,0.7953127026557922,0.3529409688582536,1,0,0,0,0,1,1,1,0,94,58,0.45679012345679015,0.008407677,0.00048724542,0.002561418,0
0.8343584537506104,0.8211230635643005,0.8272892832756042,0.13793098692034933,2,0,1,0,0,1,1,1,0,99,50,0.4379562043795621,0.024409434,0.001091691,0.9961511,0
0.788118839263916,0.7398685812950134,0.0,0.0,0,0,0,0,0,1,0,0,0,97,1,0.38167938931297707,0.00020960526,0.00018764481,0.150366,0
0.8394680619239807,0.796190619468689,0.8247209191322327,0.058823494809708936,0,0,0,0,0,1,1,1,0,105,56,0.4691358024691358,0.008730017,0.99682766,0.012502924,0
0.7862424850463867,0.7635436058044434,0.8136647939682007,0.0,0,0,0,0,0,1,0,1,0,117,61,0.3529411764705882,4.835627e-05,0.99850637,2.6758002e-05,0
0.8039297461509705,0.7830426692962646,0.7722539901733398,0.0,0,0,1,0,0,1,0,1,0,82,52,0.47887323943661975,0.0027453902,0.005076854,0.0012640143,0
0.7851547598838806,0.7711399793624878,0.7271168828010559,0.0,0,0,0,0,0,1,0,1,0,73,15,0.3793103448275862,0.0024076514,0.0005833269,0.00012076379,0
0.8049024343490601,0.7422763705253601,0.0,0.0,0,0,0,0,0,1,0,0,0,60,1,0.15555555555555556,0.86171263,0.0003930646,0.150366,0
0.7606000900268555,0.7195334434509277,0.0,0.0,0,0,0,0,0,1,0,1,0,85,1,0.1635220125786163,0.00750565,0.38973406,0.150366,0
0.9657278656959534,0.8385516405105591,0.8713366389274597,0.5833328472226273,0,0,0,0,0,1,1,1,1,127,56,0.8813559322033897,3.313566e-06,0.74651825,0.9503058,1
0.8821437358856201,0.827659547328949,0.8301732540130615,0.21052620498620792,0,0,0,0,0,1,1,1,0,146,53,0.4576271186440678,0.03622689,0.9966606,2.734002e-05,0
0.8880341053009033,0.8331083655357361,0.871991753578186,0.2380951247166073,0,0,0,0,0,1,1,1,0,108,54,0.4819277108433735,4.187856e-05,0.07657195,0.99670726,1
0.8155571222305298,0.7924442887306213,0.8308432102203369,0.04761902494332146,0,0,0,0,0,1,1,1,0,84,56,0.5084745762711864,0.99724764,0.000117027615,0.00046081567,0
0.8355951905250549,0.7808759808540344,0.8242519497871399,0.058823494809708936,0,0,0,0,0,1,1,1,0,103,53,0.5272727272727273,0.0013120094,0.00046036387,0.0012514639,0
0.8646352291107178,0.7484534978866577,0.7967397570610046,0.11764698961941787,0,0,0,0,0,1,1,1,0,92,28,0.46601941747572817,0.000506116,2.3560218e-05,0.049685366,0
0.8501635193824768,0.7705471515655518,0.7895411252975464,0.0,0,0,0,0,0,1,1,1,0,89,32,0.4576271186440678,0.01847789,0.0030775636,0.008436471,0
0.8501635193824768,0.7637637853622437,0.7895411252975464,0.0,0,0,0,0,0,1,1,1,0,96,32,0.4576271186440678,0.01847789,0.00035540885,0.008436471,0
0.8430495262145996,0.7712326645851135,0.8260721564292908,0.058823494809708936,0,0,0,0,0,1,1,1,0,79,50,0.45283018867924535,0.044250272,0.0001266303,0.0004891847,0
0.7855421900749207,0.7602745294570923,0.8102043867111206,0.055555524691375174,0,0,0,0,0,1,1,1,1,121,50,0.4915254237288136,0.998047,6.842292e-05,0.046847027,0
0.8484902381896973,0.8038153052330017,0.8177734017372131,0.05263155124655198,0,0,0,0,0,1,0,1,0,115,94,0.45614035087719296,6.311553e-05,0.0018053645,0.004828009,0
0.8267276883125305,0.7371222972869873,0.7624311447143555,0.11111106995886298,0,0,1,0,0,1,1,1,0,84,69,0.4915254237288136,0.36975327,0.05567274,0.0008332082,0
0.8274103999137878,0.7634163498878479,0.7955679297447205,0.11111106995886298,0,0,1,0,0,1,1,1,0,111,26,0.4601769911504425,0.8696726,0.0007629065,0.001281938,0
0.8438756465911865,0.7732847332954407,0.8007215261459351,0.1333332444445037,0,0,0,0,0,1,0,1,0,133,21,0.41379310344827597,0.016316302,0.00011550209,5.555743e-05,0
0.8359168171882629,0.7651790976524353,0.805514931678772,0.055555524691375174,0,0,0,0,0,1,1,1,0,110,51,0.47457627118644063,0.99897003,0.00088392326,0.0042831,0
0.8449975848197937,0.7866076827049255,0.8016259670257568,0.058823494809708936,0,0,0,0,0,1,0,1,0,86,57,0.40476190476190477,0.00090951804,5.6510733e-05,0.00080976094,0
0.8896149396896362,0.7875444293022156,0.8403060436248779,0.099999950000025,0,0,0,0,0,1,0,1,0,110,50,0.5607476635514019,0.00010527028,0.0014102629,0.00028223664,0
0.9437005519866943,0.8867092132568359,0.8787568807601929,0.1428570408163994,0,0,0,0,0,1,1,1,0,92,53,0.673076923076923,3.9974588e-05,0.015085679,0.9978181,0
0.7470620274543762,0.7164915204048157,0.7704278230667114,0.021276591217746547,0,1,1,0,0,1,0,0,0,74,24,0.1875,0.18089314,0.00023809526,0.016831478,1
0.7597507238388062,0.7569757103919983,0.7830663323402405,0.0,0,0,0,0,0,1,0,1,0,101,32,0.42592592592592593,0.97904736,0.00013550588,0.006766211,1
0.9214234352111816,0.8345678448677063,0.8724045753479004,0.46153810650914884,0,0,0,0,0,1,1,0,1,116,24,0.49523809523809526,0.0018454895,0.0010192131,1.1809122e-05,1
0.8416909575462341,0.7797637581825256,0.8154730796813965,0.06896549346017466,0,0,0,0,0,1,1,1,0,99,46,0.4672897196261683,0.97235435,8.2328836e-05,0.008564888,0
0.8399526476860046,0.7868961691856384,0.8241384029388428,0.09090900826453795,0,0,0,0,0,1,1,1,0,80,30,0.5555555555555556,0.0006253483,0.0028712589,0.98655707,0
0.8317221403121948,0.7922725677490234,0.8008307218551636,0.043478241965981754,0,0,0,0,0,1,1,0,0,78,23,0.43373493975903604,0.009972189,0.0039635026,8.041869e-05,0
0.8434942960739136,0.777803897857666,0.7976477742195129,0.09090900826453795,0,0,0,0,0,1,1,1,0,92,32,0.5128205128205128,0.0002701561,0.0015281882,0.002658494,0
0.8163735866546631,0.7967835664749146,0.7879838943481445,0.0714285204081997,0,0,0,0,0,1,1,1,0,72,73,0.4590163934426229,0.0009350415,0.00024538304,0.00027584928,0
0.8149875402450562,0.7611007690429688,0.7817186713218689,0.06249996093752441,0,0,0,0,0,1,1,1,1,103,31,0.4672897196261683,0.069328584,0.00020896058,0.0004780115,0
0.8557651042938232,0.7785012722015381,0.7625302672386169,0.2222220987655007,0,0,0,0,0,1,1,1,0,109,29,0.5272727272727273,6.020093e-05,2.9828443e-05,0.012865602,0
0.8378117680549622,0.7398439645767212,0.7896352410316467,0.11111104938275035,0,0,1,0,0,1,1,1,0,99,24,0.4403669724770643,0.5887082,0.00043389,0.051544704,0
0.8274538516998291,0.7926622033119202,0.7795985341072083,0.07692301775152481,0,0,0,0,0,1,1,0,0,75,31,0.4390243902439024,0.00041507563,0.000505874,0.0006059806,0
0.8256210088729858,0.7881984710693359,0.8161787986755371,0.11764698961941787,0,0,0,0,0,1,1,1,0,105,27,0.4807692307692307,0.0010029471,0.005910004,0.0063441596,0
0.8331720232963562,0.7804676294326782,0.8128108978271484,0.058823494809708936,0,0,0,0,0,1,1,1,0,96,32,0.4752475247524752,0.0001407952,0.0003401857,0.00010712619,0
0.8077939748764038,0.7767347693443298,0.8022809624671936,0.06666664444445185,0,0,1,0,0,1,1,0,0,100,33,0.47272727272727283,9.236449e-05,0.00082674465,0.042254258,0
0.8364608287811279,0.7874547839164734,0.8071213364601135,0.10526310249310396,0,0,0,0,0,1,1,1,0,140,52,0.46464646464646464,0.00037712164,0.00026594417,0.000453749,0
0.8231328129768372,0.792624831199646,0.0,0.1499999250000375,0,0,0,0,0,1,1,1,0,96,1,0.4444444444444444,0.99237263,0.8853887,0.084550045,0
0.7971748113632202,0.7277663350105286,0.7783476114273071,0.06249996093752441,0,0,0,0,0,1,1,1,0,97,47,0.42307692307692313,0.0005903882,0.0015621532,0.013256714,0
0.7843661308288574,0.7465305924415588,0.7738061547279358,0.12499992187504883,0,0,0,0,0,1,1,1,1,93,56,0.43999999999999995,0.69103074,0.93493134,0.0012593161,0
0.8453947305679321,0.78929603099823,0.819923996925354,0.099999950000025,0,0,0,0,0,1,1,1,0,114,53,0.4545454545454546,0.001032569,0.0014358511,8.302493e-05,0
0.8150915503501892,0.775223970413208,0.810473620891571,0.13043472589794528,0,0,0,0,0,1,1,0,1,104,28,0.4731182795698925,0.0009899223,0.00074147864,0.98560286,0
0.800552248954773,0.7716476321220398,0.7939192652702332,0.05263155124655198,0,0,0,0,0,1,1,1,0,74,22,0.5272727272727273,0.08749903,0.00020673232,3.0164392e-05,0
