epoch,steps,Accuracy
0,-1,0.9343065693430657
1,-1,0.9659367396593674
2,-1,0.9708029197080292
3,-1,0.9708029197080292
4,-1,0.9708029197080292
5,-1,0.9732360097323601
6,-1,0.9708029197080292
7,-1,0.9732360097323601
8,-1,0.9732360097323601
9,-1,0.9732360097323601
