url,unverified claim,reviewed claim,similarity,ml_preds
https://factual.afp.com/doc.afp.com.32GA6AY,El dióxido de cloro ayuda a sanar la esclerósis múltiple,"Dióxido de cloro ayuda a sanar esclerosis múltiple, ela y otras patologías",1,0.95
https://www.europapress.es/verificaciones/noticia-cuidado-mensajes-recomiendan-inyecciones-dioxido-cloro-20210915164713.html,El dióxido de cloro ayuda a sanar la esclerósis múltiple,El dióxido de cloro tiene propiedades curativas,1,0.9166666666666666
https://poligrafo.sapo.pt/fact-check/video-mostra-centenas-de-pilotos-de-aviao-a-protestarem-contra-as-vacinas-covid-19-no-aeroporto-de-atlanta,Pilotos de aviación se manifiestan en un aeropuerto en contra a la vacunación obligatoria contra el covid-19,Centenas de pilotos de avião protestam contra vacinas Covid-19 no aeroporto de Atlanta.,1,0.9766666666666667
https://leadstories.com/hoax-alert/2022/07/fact-check-delta-pilots-in-video-were-not-protesting-covid19-vaccine.html,Pilotos de aviación se manifiestan en un aeropuerto en contra a la vacunación obligatoria contra el covid-19,Delta Pilots In Video Were Protesting COVID-19 Vax,1,0.97
https://factuel.afp.com/doc.afp.com.32DY8NY,Pilotos de aviación se manifiestan en un aeropuerto en contra a la vacunación obligatoria contra el covid-19,Des pilotes de Delta Airlines manifestent contre les vaccins anti-covid,1,0.9866666666666667
https://factual.afp.com/doc.afp.com.32DE93V,Pilotos de aviación se manifiestan en un aeropuerto en contra a la vacunación obligatoria contra el covid-19,Video muestra a pilotos protestando contra la vacunación covid-19 en Dallas,1,0.95
https://factual.afp.com/doc.afp.com.32EA8QV,Pilotos de aviación se manifiestan en un aeropuerto en contra a la vacunación obligatoria contra el covid-19,#ULTIMA HORA I Huelga de más de 400 pilotos del aeropuerto de Atlanta. Se niegan a poner la vacuna contra el covid-19 de Bill Gates,1,0.8866666666666667
https://newsmobile.in/articles/2022/08/09/fact-check-old-video-of-military-exercise-falsley-linked-to-nancy-pelosis-taiwan-visit/,aviones de guerra americanos han escoltado a Nancy Pelosi en su viaje a Taiwan,Video show missiles being fired around Taiwan in the wake of Nancy Pelosi's visit,0,0.20666666666666667
https://factcheck.afp.com/doc.afp.com.32FU9FT,aviones de guerra americanos han escoltado a Nancy Pelosi en su viaje a Taiwan,Video of China's military drill in response to Pelosi's Taiwan trip,0,0.47349206349206346
https://newschecker.in/fact-check/us-navy-taiwan-nancy-pelosi/,aviones de guerra americanos han escoltado a Nancy Pelosi en su viaje a Taiwan,Video of US Navy aircrafts near Taiwan after Nancy Pelosi visit.,0,0.30333333333333334
https://annielab.org/2022/08/18/misleading-video-shows-2020-u-s-navy-expedition-not-pelosi-being-escorted-to-taiwan/,aviones de guerra americanos han escoltado a Nancy Pelosi en su viaje a Taiwan,A video shows U.S. House Speaker Nancy Pelosi was escorted by a fleet of U.S. Navy warships and fighter jets when she visited Taiwan on Aug. 2.,1,0.8933333333333333
https://www.newtral.es/ucrania-miocarditis-cnn/20220318/,La CNN ha dicho que la guerra de Ucrania está produciendo miocarditis,La CNN dice que la invasión de Ucrania causa miocarditis,1,0.9433333333333334
https://www.usatoday.com/story/news/factcheck/2022/05/27/fact-check-photos-show-swiss-force-not-world-economic-forum-police/9961987002/,El padre del fundador del World Economic Forum era nazi,The World Economic Forum has its own police force,0,0.013333333333333334
https://politica.estadao.com.br/blogs/estadao-verifica/novo-coronavirus-tem-origem-natural-ao-contrario-do-que-afirma-virologista-chinesa/,El coronavirus se ha creado en un laboratorio y su rápida propagación no está causada por causas naturales,Virologista revela que coronavírus foi feito em laboratório e usado como arma biológica,1,0.9133333333333333
https://colombiacheck.com/chequeos/es-falso-que-el-presidente-de-ghana-haya-dicho-que-el-coronavirus-fue-creado-en-un,El coronavirus se ha creado en un laboratorio y su rápida propagación no está causada por causas naturales,Presidente de Ghana dijo que el coronavirus fue creado en un laboratorio,0,0.31666666666666665
https://politica.estadao.com.br/blogs/estadao-verifica/e-falso-que-senadores-republicanos-tenham-descoberto-origem-da-covid-19/,El coronavirus se ha creado en un laboratorio y su rápida propagación no está causada por causas naturales,Senadores revelam que coronavírus surgiu em laboratório chinês,1,0.7835185185185185
https://thelogicalindian.com/fact-check/nobel-laureate-dr-tasuku-honjo-coronavirus-not-natural-laboratory-wuhan-20891,El coronavirus se ha creado en un laboratorio y su rápida propagación no está causada por causas naturales,Nobel laureate Dr Tasuku Honjo has mentioned that the coronavirus is not natural and that he has worked in a laboratory in Wuhan.,1,0.8933333333333333
https://www.univision.com/noticias/viruela-mono-transmision-sexual-origen-desinformacion,la viruela del mono la provoca la vacuna del covid, La viruela del mono es una enfermedad nueva o creada,0,0.35
https://factual.afp.com/doc.afp.com.32BR9RM,la viruela del mono la provoca la vacuna del covid,Viruela del mono es el principal efecto adverso de vacunas contra covid-19,1,0.8166666666666667
https://factual.afp.com/doc.afp.com.32C48Q6,la viruela del mono la provoca la vacuna del covid,"Por si acaso alguien tiene el efecto adverso de la viruela del mono, es la vacuna covid. Y sólo en ese tema se puede ingerir Hidroxicloroquina. Hace décadas que existe la cura de la viruela del mono, no se necesita ninguna vacuna",1,0.9133333333333333
https://maldita.es/malditobulo/20220614/pfizer-vacuna-viruela-satirica/,la viruela del mono la provoca la vacuna del covid,Pfizer anuncia que ha finalizado la vacuna contra la viruela del mono,0,0.19666666666666666
https://efectococuyo.com/cocuyo-chequea/mentira-viruela-del-mono-y-herpes-zoster/,la viruela del mono la provoca la vacuna del covid,La viruela del mono y el herpes zoster son lo mismo y son consecuencia de las vacunas,1,0.77
https://vistinomer.mk/nevistina-e-deka-samo-onie-koi-primile-vakcina-stradaat-od-srcevi-zaboluvanja/,la viruela del mono la provoca la vacuna del covid,"Никој не забележува дека само вакцинираните страдаат од срцеви заболувања и отежнато дишење, додека на нас невакцинираните не ни се случува буквално ништо, ама баш ништо. До вчера беше теорија на заговор, денес веќе се нормализираат таквите зачестени појави на болки во градите и повторно позитивни на некакви си тестови кои само тие, вакцинираните, си ги користат.",0,0.006800250057579047
https://www.newtral.es/viruela-mono-vacuna-covid/20220524/,la viruela del mono la provoca la vacuna del covid,La viruela del mono está vinculada al grafeno y a las vacunas contra la COVID-19. ,0,0.3566666666666667
https://vistinomer.mk/ne-e-vistina-deka-vakcinite-ne-sprechuvaat-zarazni-bolesti/,la viruela del mono la provoca la vacuna del covid,"Објава на Фејсбук тврди дека вакцините се штетни и тоа генерално сите вакцини и за сите болести. Се тврди дека вакцините нè трујат, дека не спречуваат заразни болести, дека примена вакцина значи болест до крајот на животот",0,0.0033659066232356134
https://www.newtral.es/bulos-coronavirus-wuhan-casos-videos-teorias-conspiranoicas/20200225/,la viruela del mono la provoca la vacuna del covid,Le inyectan a un mono el coronavirus,0,0.14333333333333334
https://www.thip.media/health-news-fact-check/fact-check-is-covid-vaccine-causing-japanese-encephalitis-virus/30429/,la viruela del mono la provoca la vacuna del covid,Covid vaccine causing Japanese encephalitis virus,0,0.22333333333333333
https://factual.afp.com/la-imagen-del-mono-fue-tomada-antes-del-estallido-de-la-epidemia-del-nuevo-coronavirus,la viruela del mono la provoca la vacuna del covid,Video Infectan con coronavirus a cientos de monos para encontrar la vacuna,0,0.11
https://www.newtral.es/viruela-del-mono-pfizer/20220629/,la viruela del mono la provoca la vacuna del covid,Pfizer ha anunciado en junio de 2022 una vacuna contra la viruela del mono.,0,0.2
https://vistinomer.mk/ne-e-tochno-deka-omikron-e-proizvod-na-vakcinacijata/,la viruela del mono la provoca la vacuna del covid,Пост тврди дека новиот сој на коронавирусот наречен омикрон е производ на вакцинацијата,0,0.04585350256701941
https://factual.afp.com/doc.afp.com.32BM7TB,la viruela del mono la provoca la vacuna del covid,Vacuna AstraZeneca contra el covid-19 es causante de la viruela del mono,1,0.9633333333333334
https://info-veritas.com/pfizer-vacuna-viruela-del-mono/,la viruela del mono la provoca la vacuna del covid,Pfizer ha creado una vacuna contra la viruela del mono,0,0.27
https://factual.afp.com/doc.afp.com.32C34NV,la viruela del mono la provoca la vacuna del covid,La FDA de Estados Unidos aprobó una vacuna contra la viruela del mono de Pfizer,0,0.18
https://maldita.es/malditobulo/20220801/viruela-mono-no-inventada-vacuna-covid/,la viruela del mono la provoca la vacuna del covid,No hay diferencias entre la viruela del mono y el herpes zóster causado por las vacunas,0,0.12666666666666668
https://maldita.es/malditobulo/20220613/viruela-mono-no-inventada-vacuna-covid/,la viruela del mono la provoca la vacuna del covid,No hay diferencias entre la viruela del mono y el herpes zóster causado por las vacunas,0,0.24666666666666667
https://info-veritas.com/cinco-bulos-viruela-mono/,la viruela del mono la provoca la vacuna del covid,La vacuna de la viruela no sirve para nada,0,0.21333333333333335
https://factual.afp.com/doc.afp.com.32EF6EE,la viruela del mono la provoca la vacuna del covid,Un diario británico publicó en 1987 que las vacunas contra la viruela del mono causaron la propagación del sida,0,0.20333333333333334
https://maldita.es/malditaciencia/20220624/afirmaciones-falsas-vacuna-emergent-viruela/,la viruela del mono la provoca la vacuna del covid,La vacuna para viruela del mono ya lista. La fabrica la misma empresa criminal que fabricó la del ántrax y la del covid: Emergent Biosolutions,0,0.6033333333333334
https://www.newtral.es/vacuna-covid-espanola-viruela-virus-desconocidos/20220705/,la viruela del mono la provoca la vacuna del covid,"Antena 3 informa que la vacuna española contra el coronavirus protege contra la viruela del mono, sida, cáncer, ébola y virus aún no descubiertos.",0,0.17
https://leadstories.com/hoax-alert/2022/09/fact-check-bbc-did-not-change-home-page-color-before-queen-died.html,BBC no ha cambiado su cabecera a negro por la muerte de la reina,BBC Did NOT Change Website Banner From Red To Black Before Queen Elizabeth's Death Was Announced,1,0.9666666666666667
https://factual.afp.com/doc.afp.com.32HY93V,BBC no ha cambiado su cabecera a negro por la muerte de la reina,La BBC cambió sus logotipos en redes sociales a negro horas antes de la muerte de la reina Isabel II,1,0.88
https://maldita.es/malditobulo/20220908/imagen-corporativa-bbc-isabel-ii/,BBC no ha cambiado su cabecera a negro por la muerte de la reina,Cambia el color de la BBC a negro por la muerte de isabel II,1,0.89
https://www.newtral.es/cambio-color-web-bbc-isabel-ii-bulo/20220908/,BBC no ha cambiado su cabecera a negro por la muerte de la reina,La BBC ha cambiado este 8 de septiembre el color de su web de rojo a negro debido al estado de salud de la reina Isabel II.,1,0.9233333333333333
https://colombiacheck.com/chequeos/cuentas-falsas-se-hacen-pasar-por-la-bbc-para-anunciar-la-supuesta-muerte-de-la-reina,BBC no ha cambiado su cabecera a negro por la muerte de la reina,Queen Elizabeth II has died aged 96,0,0.09666666666666666
https://facta.news/notizia-falsa/2022/09/09/bbc-regina-nero/,BBC no ha cambiado su cabecera a negro por la muerte de la reina,"Il sito della BBC, da rosso a nero per la morte della Regina Elisabetta II",1,0.87
https://checamos.afp.com/doc.afp.com.32HZ28L,BBC no ha cambiado su cabecera a negro por la muerte de la reina,A BBC adotou logotipos pretos nas redes horas antes do anúncio da morte da rainha Elizabeth II,1,0.59
https://www.politifact.com/factchecks/2022/sep/09/instagram-posts/no-bbc-radio-station-didnt-resume-normal-programmi/,BBC no ha cambiado su cabecera a negro por la muerte de la reina,"A BBC radio station resumed playing dance music after announcing Queen Elizabeth II had died.
",0,0.014002432947065635
https://fullfact.org/online/bbc-funerals-george-floyd-vera-lynn/,BBC no ha cambiado su cabecera a negro por la muerte de la reina,"The BBC decided not to broadcast the funeral of Dame Vera Lynn live, but did broadcast the funeral of George Floyd in America.",0,0.020092592592592592
https://fullfact.org/online/the-bbc-didnt-edit-the-headline-of-a-scottish-newspaper/,BBC no ha cambiado su cabecera a negro por la muerte de la reina,The BBC altered the headline on the front page of a Scottish newspaper.,0,0.03666666666666667
https://www.antena3.com/noticias/mundo/ataud-reina-isabel-lleva-camara-interior_202209156322fdf560c19f000196cfb3.html#hecho-0,el féretro de la reina isabel no lleva una cámara,Cámara en el interior del féretro de la reina Isabel II,1,0.86
https://verifica.efe.com/isabel-ii-no-arrojaba-comida-ninos-hambrientos-es-escena-indochina-1900/,el féretro de la reina isabel no lleva una cámara,"La reina Isabel II arroja comida a un grupo de niños hambrientos en una colonia británica como si fueran animales, según muestra una antigua grabación.",0,0.013333333333333334
https://maldita.es/malditobulo/20220915/bbc-camara-dentro-ataud-reina-isabel/,el féretro de la reina isabel no lleva una cámara,La BBC ha puesto cámaras dentro del ataúd de la reina Isabel II,1,0.7333333333333333
https://factual.afp.com/doc.afp.com.32JD7LP,el féretro de la reina isabel no lleva una cámara,El féretro de la reina Isabel II es de oro,0,0.15333333333333332
https://www.newtral.es/camara-ataud-isabel-ii-bulo/20220915/,el féretro de la reina isabel no lleva una cámara,Han colocado una cámara dentro del ataúd de Isabel II para grabar a la reina mientras transportan el féretro.,1,0.8033333333333333
https://facta.news/fuori-contesto/2021/04/15/questo-scatto-mostra-la-regina-elisabetta-ii-ridere-per-delle-api-non-per-filippo-in-uniforme/,el féretro de la reina isabel no lleva una cámara,"«Pubblichiamo questa foto, forse una delle più simpatiche. Nel 2003 il Principe Filippo indossa la divisa delle Guardie della Regina. La Regina Elisabetta, gli passa accanto e scoppia a ridere»",0,0.013333333333333334
https://factly.in/kamaraj-was-not-the-only-person-who-had-the-honour-to-sit-in-front-of-the-queen-elizabeth-ii/,el féretro de la reina isabel no lleva una cámara, Indian independence activist & former CM of Madras state Kamaraj was the only person who had the honour of sitting infront of Queen Elizabeth-II,0,0.014542124542124541
https://factual.afp.com/doc.afp.com.32JF92D,el féretro de la reina isabel no lleva una cámara,Los perros de la Reina Isabel II,0,0.056666666666666664
https://factual.afp.com/doc.afp.com.32JD7LP,Este féretro de oro no es el de la reina Isabel II,El féretro de la reina Isabel II es de oro,1,0.9333333333333333
https://www.newtral.es/feretro-oro-reina-isabel/20220915/,Este féretro de oro no es el de la reina Isabel II,Esta imagen muestra el féretro de oro en el que descansa el cuerpo de la reina Isabel II.,1,0.9433333333333334
https://maldita.es/malditobulo/20220915/feretro-oro-reina-isabel/,Este féretro de oro no es el de la reina Isabel II,Foto del féretro de oro de la reina Isabel II,1,0.9566666666666667
https://verifica.efe.com/isabel-ii-no-arrojaba-comida-ninos-hambrientos-es-escena-indochina-1900/,Este féretro de oro no es el de la reina Isabel II,"La reina Isabel II arroja comida a un grupo de niños hambrientos en una colonia británica como si fueran animales, según muestra una antigua grabación.",0,0.09333333333333334
https://www.antena3.com/noticias/mundo/ataud-reina-isabel-lleva-camara-interior_202209156322fdf560c19f000196cfb3.html#hecho-0,Este féretro de oro no es el de la reina Isabel II,Cámara en el interior del féretro de la reina Isabel II,0,0.22333333333333333
https://www.boatos.org/politica/faqueiro-de-ouro-dado-pela-rainha-elizabeth-ii-foi-roubado-por-lula-boato.html,Este féretro de oro no es el de la reina Isabel II,Faqueiro de ouro dado pela rainha Elizabeth II foi roubado por Lula,0,0.1070336917562724
https://www.univision.com/noticias/falso-reina-isabelii-aparece-video-lanzando-monedas-gente-asiatica,Este féretro de oro no es el de la reina Isabel II,La reina Isabel II es la mujer que aparece en un video lanzando monedas a niños asiáticos.,0,0.1
https://www.newtral.es/concierto-guardia-real-isabel-ii/20220912/,Este féretro de oro no es el de la reina Isabel II,Este vídeo muestra a la Guardia Real Británica realizando un concierto de despedida a la reina Isabel II en el Palacio de Buckingham. ,0,0.1
https://factual.afp.com/doc.afp.com.32JF92D,Este féretro de oro no es el de la reina Isabel II,Los perros de la Reina Isabel II,0,0.07666666666666666
https://factual.afp.com/doc.afp.com.32JD7LP,La reina isabel fue enterrada en un ataúd de oro,El féretro de la reina Isabel II es de oro,1,0.8966666666666666
https://verifica.efe.com/isabel-ii-no-arrojaba-comida-ninos-hambrientos-es-escena-indochina-1900/,La reina isabel fue enterrada en un ataúd de oro,"La reina Isabel II arroja comida a un grupo de niños hambrientos en una colonia británica como si fueran animales, según muestra una antigua grabación.",0,0.0
https://www.newtral.es/feretro-oro-reina-isabel/20220915/,La reina isabel fue enterrada en un ataúd de oro,Esta imagen muestra el féretro de oro en el que descansa el cuerpo de la reina Isabel II.,1,0.8633333333333333
https://colombiacheck.com/chequeos/este-video-no-muestra-isabel-ii-del-reino-unido-arrojando-comida-ninos-en-haiti,La reina isabel fue enterrada en un ataúd de oro,Reina Isabel II arrojó comida a niños durante viaje a Haití,0,0.03004016064257028
https://www.boatos.org/politica/faqueiro-de-ouro-dado-pela-rainha-elizabeth-ii-foi-roubado-por-lula-boato.html,La reina isabel fue enterrada en un ataúd de oro,Faqueiro de ouro dado pela rainha Elizabeth II foi roubado por Lula,0,0.010642806267806268
https://maldita.es/malditobulo/20220915/feretro-oro-reina-isabel/,La reina isabel fue enterrada en un ataúd de oro,Foto del féretro de oro de la reina Isabel II,1,0.7841666666666667
https://leadstories.com/hoax-alert/2022/09/fact-check-video-does-not-show-queen-elizabeth-in-coffin.html,La reina isabel fue enterrada en un ataúd de oro,Video of queen elizabeth being placed into coffin,0,0.07646222569271695
https://www.univision.com/noticias/falso-reina-isabelii-aparece-video-lanzando-monedas-gente-asiatica,La reina Isabel II no es quien sale en este video lanzando monedas a niños asiáticos,La reina Isabel II es la mujer que aparece en un video lanzando monedas a niños asiáticos.,1,0.9733333333333334
https://verifica.efe.com/isabel-ii-no-arrojaba-comida-ninos-hambrientos-es-escena-indochina-1900/,La reina Isabel II no es quien sale en este video lanzando monedas a niños asiáticos,"La reina Isabel II arroja comida a un grupo de niños hambrientos en una colonia británica como si fueran animales, según muestra una antigua grabación.",1,0.6833333333333333
https://factuel.afp.com/doc.afp.com.32JD2RZ,La reina Isabel II no es quien sale en este video lanzando monedas a niños asiáticos,La reine Elisabeth II nourrit des enfants noirs comme des poulets,1,0.8166666666666667
https://www.thequint.com/news/webqoof/clip-from-a-movie-shared-as-real-queen-elizabeth-ii-mistreating-african-kids-fact-check,La reina Isabel II no es quien sale en este video lanzando monedas a niños asiáticos,"The video shows Queen Elizabeth II mistreating African children,",1,0.7366666666666667
https://factual.afp.com/doc.afp.com.32J9698,La reina Isabel II no es quien sale en este video lanzando monedas a niños asiáticos,"La reina Isabel II, alimentando niños seres humanos como pollos en un patio",1,0.7033333333333334
https://factual.afp.com/doc.afp.com.32JF92D,La reina Isabel II no es quien sale en este video lanzando monedas a niños asiáticos,Los perros de la Reina Isabel II,0,0.03
https://maldita.es/malditobulo/20220915/bbc-camara-dentro-ataud-reina-isabel/,La reina Isabel II no es quien sale en este video lanzando monedas a niños asiáticos,La BBC ha puesto cámaras dentro del ataúd de la reina Isabel II,0,0.07666666666666666
https://factual.afp.com/doc.afp.com.32JD7LP,La reina Isabel II no es quien sale en este video lanzando monedas a niños asiáticos,El féretro de la reina Isabel II es de oro,0,0.04671111111111111
https://www.politifact.com/factchecks/2022/sep/09/facebook-posts/no-isnt-video-queen-elizabeth-ii-feeding-africans/,La reina Isabel II no es quien sale en este video lanzando monedas a niños asiáticos,"Video shows Queen Elizabeth II “feeding Africans like chickens.”
",1,0.8066666666666666
https://checamos.afp.com/doc.afp.com.32JG32Z,La reina Isabel II no es quien sale en este video lanzando monedas a niños asiáticos,Rainha Elizabeth II jogando comida para crianças africanas como frango,1,0.9033333333333333
https://newsmeter.in/fact-check-malayalam/the-video-shows-the-cruel-past-of-queen-elizabeth-ii-as-she-throws-coins-to-the-poor-children-700511,La reina Isabel II no es quien sale en este video lanzando monedas a niños asiáticos,"The video shows the cruel past of Queen Elizabeth II, as she throws coins to the poor children",1,0.85
https://srilanka.factcrescendo.com/english/video-shot-before-the-birth-of-queen-elizabeth-shared-as-scene-of-the-queen-throwing-food-at-african-kids/,La reina Isabel II no es quien sale en este video lanzando monedas a niños asiáticos,This Video Shows Queen Elizabeth II Throwing Food To Africans.,1,0.75
https://checamos.afp.com/doc.afp.com.32JG32Z,La reina Isabel II arroja comida a niños africanos,Rainha Elizabeth II jogando comida para crianças africanas como frango,1,0.9266666666666666
http://checkyourfact.com/2022/09/14/fact-check-video-queen-elizabeth-children/,La reina Isabel II arroja comida a niños africanos,Queen Elizabeth II throwing food to African children.,1,0.9433333333333334
https://verifica.efe.com/isabel-ii-no-arrojaba-comida-ninos-hambrientos-es-escena-indochina-1900/,La reina Isabel II arroja comida a niños africanos,"La reina Isabel II arroja comida a un grupo de niños hambrientos en una colonia británica como si fueran animales, según muestra una antigua grabación.",1,0.9833333333333333
https://www.altnews.in/no-none-of-the-women-throwing-objects-at-kids-in-viral-video-is-queen-elizabeth-ii/,La reina Isabel II arroja comida a niños africanos,Queen Elizabeth II feeding African kids like chicken,1,0.93
https://factual.afp.com/doc.afp.com.32J9698,La reina Isabel II arroja comida a niños africanos,"La reina Isabel II, alimentando niños seres humanos como pollos en un patio",1,0.98
https://factuel.afp.com/doc.afp.com.32JD2RZ,La reina Isabel II arroja comida a niños africanos,La reine Elisabeth II nourrit des enfants noirs comme des poulets,1,0.8233333333333334
https://colombiacheck.com/chequeos/este-video-no-muestra-isabel-ii-del-reino-unido-arrojando-comida-ninos-en-haiti,La reina Isabel II arroja comida a niños africanos,Reina Isabel II arrojó comida a niños durante viaje a Haití,1,0.87
https://www.boomlive.in/fact-check/politics/fake-news-viral-video-queen-elizabeth-ii-throwing-food-money-at-african-children-video-film-shot-vietnam-factcheck-19207,La reina Isabel II arroja comida a niños africanos,Old video shows Queen Elizabeth II throwing food at African children,1,0.9
https://www.icirnigeria.org/fact-check-video-shot-26-years-before-queen-elizabeth-iis-birth-circulates-online-with-false-claim/,La reina Isabel II arroja comida a niños africanos,THE CLAIM: The video shows Queen Elizabeth II throwing food at African children.,1,0.94
https://factcheckhub.com/video-shot-26-years-before-queen-elizabeth-iis-birth-circulates-online-with-false-claim/,La reina Isabel II arroja comida a niños africanos,THE CLAIM: The video shows Queen Elizabeth II throwing food at African children.,1,0.8707692307692307
https://fullfact.org/news/Queen-didnt-throw-food-at-African-children/,La reina Isabel II arroja comida a niños africanos,"A video shows Queen Elizabeth II throwing food at ""African"" children.",1,0.8200925925925926
https://newschecker.in/fact-check/queen-throwing-food-african-kids-false/,La reina Isabel II arroja comida a niños africanos,Video shows Queen Elizabeth II throwing food at kids in Africa.,1,0.563397435897436
https://factual.afp.com/doc.afp.com.32JD7LP,La reina Isabel II arroja comida a niños africanos,El féretro de la reina Isabel II es de oro,0,0.11333333333333333
https://srilanka.factcrescendo.com/english/video-shot-before-the-birth-of-queen-elizabeth-shared-as-scene-of-the-queen-throwing-food-at-african-kids/,La reina Isabel II arroja comida a niños africanos,This Video Shows Queen Elizabeth II Throwing Food To Africans.,1,0.93
https://factcheck.afp.com/doc.afp.com.32JA4W4,La reina Isabel II arroja comida a niños africanos,Video shows Queen Elizabeth II throwing food to poor children,1,0.8833333333333333
https://factual.afp.com/no-el-palacio-de-buckingham-no-dijo-que-la-reina-haya-dado-positivo-al-nuevo-coronavirus,La reina Isabel II arroja comida a niños africanos,La reina Isabel II de Inglaterra contrajo coronavirus,0,0.010454376163873371
https://www.politifact.com/factchecks/2022/sep/09/facebook-posts/no-isnt-video-queen-elizabeth-ii-feeding-africans/,La reina Isabel II arroja comida a niños africanos,"Video shows Queen Elizabeth II “feeding Africans like chickens.”
",1,0.6760263689808653
https://facta.news/fuori-contesto/2022/09/12/regina-elisabetta-bambini-africani/,La reina Isabel II arroja comida a niños africanos,Il video di Elisabetta II che butta il pane ai bambini africani,1,0.8101449275362319
https://factcheck.afp.com/british-monarchs-first-visit-ethiopia-came-10-years-after-photo-was-taken,La reina Isabel II arroja comida a niños africanos,Queen Elizabeth II bows before Ethiopian Emperor Haile Selassie,1,0.614024154589372
https://www.factcheck.org/2022/02/queen-elizabeth-ii-carries-on-with-official-duties-contrary-to-unsubstantiated-report-of-her-death/,La reina Isabel II está muerta,Queen Elizabeth II has died.,1,0.7542857142857142
https://factual.afp.com/doc.afp.com.32JD7LP,La reina Isabel II está muerta,El féretro de la reina Isabel II es de oro,0,0.28
https://www.dogrula.org/kralice-ii-elizabethin-oldugune-dair-iddialar-asilsiz/,La reina Isabel II está muerta,Kraliçe II. Elizabeth vefat etmiştir. Bu bilgi halktan saklanmaktadır.,0,0.04463446400953616
https://colombiacheck.com/chequeos/cuentas-falsas-se-hacen-pasar-por-la-bbc-para-anunciar-la-supuesta-muerte-de-la-reina,La reina Isabel II está muerta,Queen Elizabeth II has died aged 96,1,0.8
https://factual.afp.com/doc.afp.com.32JF92D,La reina Isabel II está muerta,Los perros de la Reina Isabel II,0,0.26
https://efectococuyo.com/cocuyo-chequea/reina-isabel-ii-desinformaciones-antes-de-su-muerte/,La reina Isabel II está muerta,La Reina Isabel II y las desinformaciones que circularon antes de su muerte,0,0.82
https://www.newtral.es/leonor-tiktok-video-falso/20220803/,Los falsos vídeos de la princesa Leonor bailando en TikTok,Vídeo de la princesa Leonor bailando que ha sido borrado de TikTok.,1,0.9866666666666667
https://info-veritas.com/desinformacion-video-leonor-montaje/,Los falsos vídeos de la princesa Leonor bailando en TikTok,La princesa Leonor aparece bailando en un vídeo de Tik-Tok,1,0.98
https://www.antena3.com/noticias/tecnologia/videos-princesa-leonor-bailando-tik-tok-son-montaje_2022080362ea90598d51040001cef032.html#hecho-0,Los falsos vídeos de la princesa Leonor bailando en TikTok,"""Oh Dios mío encontré el vídeo de Leonor""",1,0.9133333333333333
https://www.newtral.es/leonor-principe-marruecos-moulay-el-hassan/20220830/,Los falsos vídeos de la princesa Leonor bailando en TikTok,"Esta foto muestra a la princesa Leonor junto al príncipe heredero de Marruecos, Moulay El Hassan.",0,0.14
https://info-veritas.com/desinformacion-video-leonor-montaje/,la princesa Leonor aparece en un vídeo de TikTok bailando,La princesa Leonor aparece bailando en un vídeo de Tik-Tok,1,0.85
https://www.newtral.es/leonor-tiktok-video-falso/20220803/,la princesa Leonor aparece en un vídeo de TikTok bailando,Vídeo de la princesa Leonor bailando que ha sido borrado de TikTok.,1,0.9266666666666666
https://www.antena3.com/noticias/tecnologia/videos-princesa-leonor-bailando-tik-tok-son-montaje_2022080362ea90598d51040001cef032.html#hecho-0,la princesa Leonor aparece en un vídeo de TikTok bailando,"""Oh Dios mío encontré el vídeo de Leonor""",1,0.9
https://verifica.efe.com/princesa-leonor-y-heredero-marruecos-no-posaron-juntos-es-un-montaje/,la princesa Leonor aparece en un vídeo de TikTok bailando,"La princesa Leonor posa con la mano en el corazón junto al príncipe heredero de Marruecos, Moulay Hassan, como muestra una fotografía difundida en internet. ",0,0.06333333333333334
https://info-veritas.com/desinformacion-foto-leonor-principe-marruecos-montaje/,la princesa Leonor aparece en un vídeo de TikTok bailando,Princesa Leonor con el príncipe de Marruecos,0,0.030333333333333334
https://www.newtral.es/leonor-principe-marruecos-moulay-el-hassan/20220830/,la princesa Leonor aparece en un vídeo de TikTok bailando,"Esta foto muestra a la princesa Leonor junto al príncipe heredero de Marruecos, Moulay El Hassan.",0,0.043333333333333335
https://maldita.es/malditobulo/20200515/princesa-leonor-movil-60-000-euros/,la princesa Leonor aparece en un vídeo de TikTok bailando,La princesa Leonor tiene un móvil de 60.000 euros,0,0.03333333333333333
https://www.newtral.es/princesa-leonor-movil-60000-euros/20200522/,la princesa Leonor aparece en un vídeo de TikTok bailando,La princesa Leonor se compra un móvil valorado en 60.000 euros,0,0.03333333333333333
https://maldita.es/malditobulo/20220909/irlandeses-bailando-palacio-buckingham/,la princesa Leonor aparece en un vídeo de TikTok bailando,Vídeo de irlandeses bailando frente al palacio de Buckingham tras la muerte de la reina Isabel II,0,0.043373493975903614
https://info-veritas.com/desinformacion-foto-leonor-principe-marruecos-montaje/,la princesa Leonor aparece en un vídeo con el príncipe de marruecos,Princesa Leonor con el príncipe de Marruecos,1,0.9533333333333334
https://verifica.efe.com/princesa-leonor-y-heredero-marruecos-no-posaron-juntos-es-un-montaje/,la princesa Leonor aparece en un vídeo con el príncipe de marruecos,"La princesa Leonor posa con la mano en el corazón junto al príncipe heredero de Marruecos, Moulay Hassan, como muestra una fotografía difundida en internet. ",1,0.8833333333333333
https://info-veritas.com/desinformacion-video-leonor-montaje/,la princesa Leonor aparece en un vídeo con el príncipe de marruecos,La princesa Leonor aparece bailando en un vídeo de Tik-Tok,0,0.22666666666666666
https://www.newtral.es/leonor-principe-marruecos-moulay-el-hassan/20220830/,la princesa Leonor aparece en un vídeo con el príncipe de marruecos,"Esta foto muestra a la princesa Leonor junto al príncipe heredero de Marruecos, Moulay El Hassan.",1,0.8333333333333334
https://www.newtral.es/leonor-tiktok-video-falso/20220803/,la princesa Leonor aparece en un vídeo con el príncipe de marruecos,Vídeo de la princesa Leonor bailando que ha sido borrado de TikTok.,0,0.07333333333333333
https://www.antena3.com/noticias/tecnologia/videos-princesa-leonor-bailando-tik-tok-son-montaje_2022080362ea90598d51040001cef032.html#hecho-0,la princesa Leonor aparece en un vídeo con el príncipe de marruecos,"""Oh Dios mío encontré el vídeo de Leonor""",0,0.14333333333333334
https://www.boatos.org/entretenimento/disney-libera-fotos-primeira-princesa-brasileira-karoline.html,la princesa Leonor aparece en un vídeo con el príncipe de marruecos,“Disney liberou nesta última quinta-feira (27) fotos da primeira princesa BRASILEIRA! A princesa possivelmente se chamará Karoline,0,0.0033333333333333335
https://maldita.es/malditobulo/20200515/princesa-leonor-movil-60-000-euros/,la princesa Leonor aparece en un vídeo con el príncipe de marruecos,La princesa Leonor tiene un móvil de 60.000 euros,0,0.06333333333333334
https://info-veritas.com/desinformacion-foto-leonor-principe-marruecos-montaje/,imagen: la princesa Leonor y el príncipe de marruecos,Princesa Leonor con el príncipe de Marruecos,1,0.9866666666666667
https://verifica.efe.com/princesa-leonor-y-heredero-marruecos-no-posaron-juntos-es-un-montaje/,imagen: la princesa Leonor y el príncipe de marruecos,"La princesa Leonor posa con la mano en el corazón junto al príncipe heredero de Marruecos, Moulay Hassan, como muestra una fotografía difundida en internet. ",1,0.9366666666666666
https://www.newtral.es/leonor-principe-marruecos-moulay-el-hassan/20220830/,imagen: la princesa Leonor y el príncipe de marruecos,"Esta foto muestra a la princesa Leonor junto al príncipe heredero de Marruecos, Moulay El Hassan.",1,0.99
https://www.newtral.es/reina-princesa-infanta-vestidas-bandera-republicana/20211103/,imagen: la princesa Leonor y el príncipe de marruecos,[Imagen de la reina Letizia y sus hijas Leonor y Sofía vestidas con los colores de la bandera republicana],0,0.07
https://www.antena3.com/noticias/tecnologia/videos-princesa-leonor-bailando-tik-tok-son-montaje_2022080362ea90598d51040001cef032.html#hecho-0,imagen: la princesa Leonor y el príncipe de marruecos,"""Oh Dios mío encontré el vídeo de Leonor""",0,0.06670682730923694
https://www.bufale.net/la-foto-della-regina-elisabetta-che-ride-del-principe-filippo-rideva-con-lui-non-di-lui/,imagen: la princesa Leonor y el príncipe de marruecos,Esiste una foto del 2003 che ritrae la Regina Elisabetta che ride del marito in uniforme,0,0.0003013904942033554
https://info-veritas.com/desinformacion-video-leonor-montaje/,imagen: la princesa Leonor y el príncipe de marruecos,La princesa Leonor aparece bailando en un vídeo de Tik-Tok,0,0.020021505376344086
https://maldita.es/malditobulo/20200515/princesa-leonor-movil-60-000-euros/,"No, la princesa Leonor no tiene un móvil de más de 60.000 euros",La princesa Leonor tiene un móvil de 60.000 euros,1,0.8733333333333333
https://www.newtral.es/princesa-leonor-movil-60000-euros/20200522/,"No, la princesa Leonor no tiene un móvil de más de 60.000 euros",La princesa Leonor se compra un móvil valorado en 60.000 euros,1,0.8033333333333333
https://verifica.efe.com/princesa-leonor-y-heredero-marruecos-no-posaron-juntos-es-un-montaje/,"No, la princesa Leonor no tiene un móvil de más de 60.000 euros","La princesa Leonor posa con la mano en el corazón junto al príncipe heredero de Marruecos, Moulay Hassan, como muestra una fotografía difundida en internet. ",0,0.023333333333333334
https://info-veritas.com/desinformacion-foto-leonor-principe-marruecos-montaje/,"No, la princesa Leonor no tiene un móvil de más de 60.000 euros",Princesa Leonor con el príncipe de Marruecos,0,0.013401360544217686
https://maldita.es/malditobulo/20200814/nina-princesa-leonor-chapa-bandera-republicana/,"No, la princesa Leonor no tiene un móvil de más de 60.000 euros",Niña con una chapa de la bandera republicana mira a Leonor,0,0.08666666666666667
https://info-veritas.com/desinformacion-video-leonor-montaje/,"No, la princesa Leonor no tiene un móvil de más de 60.000 euros",La princesa Leonor aparece bailando en un vídeo de Tik-Tok,0,0.04
https://faktencheck.afp.com/http%253A%252F%252Fdoc.afp.com%252F9HB7RX-1,"No, la princesa Leonor no tiene un móvil de más de 60.000 euros",Bei der Flut in Deutschland wurden 600 Kinderleichen gefunden,0,0.06762080858401993
https://en.youturn.in/factcheck/queen-elizabeth-throwing-food-to-kids-video.html,"No, la princesa Leonor no tiene un móvil de más de 60.000 euros",“This is the Queen herself throwing food to African kids like chicken and then you all have the audacity to post and type Rest in….”,0,0.010095238095238095
https://factuel.afp.com/non-le-directeur-de-cabinet-de-brigitte-macron-ne-touche-pas-278000eu-par,"No, la princesa Leonor no tiene un móvil de más de 60.000 euros",Le directeur de cabinet de Brigitte Macron touche 278.000€ par an,0,0.011789385698720648
https://www.lemonde.fr/les-decodeurs/article/2019/04/15/non-nathalie-loiseau-ne-propose-pas-de-baisser-le-smic-a-855-euros_5450507_4355770.html,"No, la princesa Leonor no tiene un móvil de más de 60.000 euros",Nathalie Loiseau propose-t-elle de baisser le Smic pour qu'il soit fixé à 855 euros ?,0,2.4875621890547263e-05
https://faktencheck.afp.com/nein-ursula-von-der-leyen-hat-keinen-lohnverzicht-von-angestellten-gefordert,"No, la princesa Leonor no tiene un móvil de más de 60.000 euros",Ursula von der Leyen fordert einen Lohnverzicht von den Arbeitnehmern der EU.,0,0.028888888888888888
https://maldita.es/malditobulo/20200515/princesa-leonor-movil-60-000-euros/,El móvil de 60.000 euros de la princesa leonor,La princesa Leonor tiene un móvil de 60.000 euros,1,0.9266666666666666
https://www.newtral.es/princesa-leonor-movil-60000-euros/20200522/,El móvil de 60.000 euros de la princesa leonor,La princesa Leonor se compra un móvil valorado en 60.000 euros,1,0.9166666666666666
https://cekfakta.com/focus/6421,El móvil de 60.000 euros de la princesa leonor,Bantuan Uang Rp80 Juta dari Dinas KUKM Babel Melalui Telepon,0,0.003731601731601731
https://cekfakta.com/focus/5344,El móvil de 60.000 euros de la princesa leonor,Peluncuran IPhone 12 bagi bagi 3.000 Ponsel Gratis,0,0.01003257328990228
https://cekfakta.com/focus/4315,El móvil de 60.000 euros de la princesa leonor,Telkomsel Sebut Denny Siregar Monyet,0,0.0034611447184737082
https://www.newtral.es/los-menas-no-reciben-mas-de-600-euros-de-paga-al-mes/20190813/,El móvil de 60.000 euros de la princesa leonor,"Los MENA reciben más de 600 euros de ""paga"" al mes",0,0.00015216910137228861
https://politica.estadao.com.br/blogs/estadao-verifica/postagens-falseiam-patrimonio-de-marisa-leticia/,El móvil de 60.000 euros de la princesa leonor,Testamento de Marisa Letícia passa de mais de R$ 60 milhões,0,0.10629599429614797
https://factual.afp.com/http%253A%252F%252Fdoc.afp.com%252F9R22M8-1,la reina y la princesa se visten con los colores de la bandera republicana,La reina y las princesas de España formaron la bandera republicana con los colores de sus vestidos,1,0.8766666666666667
https://www.newtral.es/reina-princesa-infanta-vestidas-bandera-republicana/20211103/,la reina y la princesa se visten con los colores de la bandera republicana,[Imagen de la reina Letizia y sus hijas Leonor y Sofía vestidas con los colores de la bandera republicana],1,0.9633333333333334
https://factual.afp.com/en-la-foto-original-la-nina-que-aparece-junto-los-reyes-lleva-la-actual-bandera-de-espana,la reina y la princesa se visten con los colores de la bandera republicana,Una niña se acerca a los reyes de España con una bandera republicana,0,0.16333333333333333
https://maldita.es/malditobulo/20210830/nina-bandera-republicana-reyes/,la reina y la princesa se visten con los colores de la bandera republicana,Una niña con la bandera republicana junto a los reyes Felipe VI y Letizia,0,0.16333333333333333
https://maldita.es/malditobulo/20200803/reyes-recibidos-bandera-republicana/,la reina y la princesa se visten con los colores de la bandera republicana,Los reyes junto a miembros de la Conferencia Episcopal vestidos con los colores de la bandera republicana,0,0.42
https://www.verificat.cat/fact-check/la-foto-de-tres-eclesiasticos-recibiendo-los-reyes-con-tunicas-de-colores-es-un-montaje,la reina y la princesa se visten con los colores de la bandera republicana,Tres eclesiásticos recibieron a los reyes con túnicas de los colores de la bandera republicana,0,0.056666666666666664
https://www.verificat.cat/es/fact-check/la-foto-de-tres-eclesiasticos-recibiendo-los-reyes-con-tunicas-de-colores-es-un-montaje,la reina y la princesa se visten con los colores de la bandera republicana,Tres eclesiásticos recibieron a los reyes con túnicas de los colores de la bandera republicana,0,0.043333333333333335
https://maldita.es/malditobulo/20220418/vicepresidenta-yolanda-diaz-vestido-colores-bandera-republicana/,la reina y la princesa se visten con los colores de la bandera republicana,La vicepresidenta segunda y ministra Yolanda Díaz lleva un vestido con los colores de la bandera republicana,0,0.14333333333333334
https://checamos.afp.com/publicacoes-deturpam-cena-de-rainha-elizabeth-ii-e-principe-philip-dando-risada,la reina y la princesa se visten con los colores de la bandera republicana,Príncipe Philip prega peça ao usar uniforme dos guardas da rainha. Rainha Elizabeth passa por ele e explode em risos,0,0.027761914279981835
https://maldita.es/malditobulo/20200814/nina-princesa-leonor-chapa-bandera-republicana/,la reina y la princesa se visten con los colores de la bandera republicana,Niña con una chapa de la bandera republicana mira a Leonor,0,0.09333333333333334
https://factcheck.afp.com/doc.afp.com.32FN4DE,la reina y la princesa se visten con los colores de la bandera republicana,Queen Elizabeth dons jacket with Kenyan party logo,0,0.00018360578062070598
https://www.usatoday.com/story/news/factcheck/2021/04/15/fact-check-prince-philip-did-not-prank-queen-elizabeth-ii/7221307002/,la reina y la princesa se visten con los colores de la bandera republicana,Prince Philip dressed as a palace guard to trick Queen Elizabeth II,0,3.257328990228013e-05
https://info-veritas.com/desinformacion-foto-leonor-principe-marruecos-montaje/,la reina y la princesa se visten con los colores de la bandera republicana,Princesa Leonor con el príncipe de Marruecos,0,0.007096613545816732
https://factual.afp.com/http%253A%252F%252Fdoc.afp.com%252F9R22M8-1,la casa real se viste con la bandera republicana,La reina y las princesas de España formaron la bandera republicana con los colores de sus vestidos,1,0.9333333333333333
https://www.factcheck.org/2021/01/false-claim-of-no-flag-above-white-house/,la casa real se viste con la bandera republicana,"There was no flag flying above the White House on Jan. 20, meaning ""the power has been turned over to the military.""",0,0.0066992399565689465
https://maldita.es/malditobulo/20210830/nina-bandera-republicana-reyes/,la casa real se viste con la bandera republicana,Una niña con la bandera republicana junto a los reyes Felipe VI y Letizia,0,0.12333333333333334
https://www.newtral.es/imagen-pablo-casado-bandera-franco-falsa/20191024/,la casa real se viste con la bandera republicana,Imagen de Pablo Casado con una bandera franquista subido a un coche,0,0.047009857612267246
https://factual.afp.com/en-la-foto-original-la-nina-que-aparece-junto-los-reyes-lleva-la-actual-bandera-de-espana,la casa real se viste con la bandera republicana,Una niña se acerca a los reyes de España con una bandera republicana,0,0.25333333333333335
https://factual.afp.com/las-fotos-del-matematico-catalan-xavier-ros-oton-con-el-lazo-amarillo-simbolo-independentista-no,la casa real se viste con la bandera republicana,"La Casa Real ha manipulado unas fotos para ocultar el lazo amarillo, símbolo independentista catalán",0,0.016862655728604473
https://maldita.es/malditobulo/20200803/reyes-recibidos-bandera-republicana/,la casa real se viste con la bandera republicana,Los reyes junto a miembros de la Conferencia Episcopal vestidos con los colores de la bandera republicana,0,0.24333333333333335
https://www.usatoday.com/story/news/factcheck/2021/07/06/fact-check-u-s-flag-house-protest-against-historic-commission/7825557002/,la casa real se viste con la bandera republicana,Marine painted his house like a flag after being told he couldn't fly one,0,0.024503357442515885
https://www.newtral.es/los-menas-no-reciben-mas-de-600-euros-de-paga-al-mes/20190813/,Los menores extranjeros no acompañados no reciben más de 600 euros al mes,"Los MENA reciben más de 600 euros de ""paga"" al mes",1,0.9566666666666667
https://factual.afp.com/http%253A%252F%252Fdoc.afp.com%252F9TL8YP-1,Los menores extranjeros no acompañados no reciben más de 600 euros al mes,Los menores extranjeros tutelados cobran entre 400 y 1.125 euros mensuales en España,1,0.9533333333333334
https://www.verificat.cat/es/fact-check/los-extranjeros-no-recibiran-dinero-adicional-a-la-hora-de-pedir-la-ayuda-de-250-euros-por-el-alquiler-para-jovenes,Los menores extranjeros no acompañados no reciben más de 600 euros al mes,El Gobierno Socialcomunista regalando el dinero de los españoles a nuestros “amigos” muslims 250€ (bono social) + 200€ (extranjeros),0,0.2
https://factual.afp.com/los-datos-del-cartel-de-vox-en-madrid-sobre-ayudas-menores-extranjeros-no-son-correctos,Los menores extranjeros no acompañados no reciben más de 600 euros al mes,Un MENA menor extranjero no acompañado recibe 4.700 euros al mes en Madrid,0,0.18666666666666668
https://dpa-factchecking.com/belgium/200702-99-648333,Los menores extranjeros no acompañados no reciben más de 600 euros al mes,Une publication Facebook prétend qu’un « migrant » gagne « 800 euros par mois ». Il y est écrit : « BEL RTL. Un migrant touche 800€. Impossible de vivre avec ça. Et les Belges qui vivent avec moins vous en dite quoi ??? »,1,0.83
https://www.verificat.cat/es/fact-check/es-falso-que-se-de-una-ayuda-de-mas-de-1.000-euros-a-los-inmigrantes-que-llegan-irregularmente,Los menores extranjeros no acompañados no reciben más de 600 euros al mes,Los inmigrantes irregulares cobran una nómina de más de 1.000 euros,1,0.79
https://maldita.es/malditobulo/no-no-se-ofrece-una-paga-de-664e-mensuales-a-todo-extranjero-menor-de-23-anos-que-llegue-a-nuestro-pais-y-no-tenga-trabajo-5,Los menores extranjeros no acompañados no reciben más de 600 euros al mes,Se ofrece una paga de 664 euros mensuales a todo extranjero menor de 23 años que llegue a nuestro país y no tenga trabajo.,1,0.8033333333333333
https://maldita.es/malditobulo/20200207/no-no-se-ofrece-una-paga-de-664e-mensuales-a-todo-extranjero-menor-de-23-anos-que-llegue-a-nuestro-pais-y-no-tenga-trabajo-5/,Los menores extranjeros no acompañados no reciben más de 600 euros al mes,Se ofrece una paga de 664 euros mensuales a todo extranjero menor de 23 años que llegue a nuestro país y no tenga trabajo.,1,0.85
https://www.newtral.es/menas-paga-menores-extranjeros-no-acompanados-valencia/20211026/,Los menores extranjeros no acompañados no reciben más de 600 euros al mes,¿Qué a los Menores Extranjeros No Acompañados (MENAS) se les da en la Comunidad Valenciana 1.125€ mensuales?,1,0.91
https://factual.afp.com/los-datos-del-cartel-de-vox-en-madrid-sobre-ayudas-menores-extranjeros-no-son-correctos,los menas reciben 4700 euros al mes,Un MENA menor extranjero no acompañado recibe 4.700 euros al mes en Madrid,1,0.65
https://www.newtral.es/los-menas-no-reciben-mas-de-600-euros-de-paga-al-mes/20190813/,los menas reciben 4700 euros al mes,"Los MENA reciben más de 600 euros de ""paga"" al mes",1,0.8966666666666666
https://fullfact.org/online/lords-allowance-universal-credit/,los menas reciben 4700 euros al mes,A member of the House of Lords will receive £323 per day,0,0.006414393328666033
https://fullfact.org/economy/RMT-strike-salary/,los menas reciben 4700 euros al mes,"The average rail worker earns £44,000.",0,0.020024875621890547
https://facta.news/notizia-falsa/2021/06/18/la-storia-dello-studente-che-guadagna-piu-di-40-mila-euro-lavorando-da-casa-e-falsa/,los menas reciben 4700 euros al mes,«Lo studente rivela come guadagna più di € 40.000 ogni mese lavorando da casa»,0,0.10598820869990225
https://leadstories.com/hoax-alert/2020/12/fact-check-saving-a-quarter-a-day-for-a-year-will-not-get-you-910025.html,los menas reciben 4700 euros al mes,saving a quarter a day for a year will get you $9100.25,0,0.0006654757409865495
https://fullfact.org/health/boris-johnson-quarantine-500/,los menas reciben 4700 euros al mes,People required to self-isolate will receive a support payment of £500 per week.,0,0.061786241460968665
https://fullfact.org/online/850-benefits-week/,los menas reciben 4700 euros al mes,People are getting paid £850 a week in benefits.,0,0.04401847935269104
https://misbar.com/factcheck/2020/04/26/كندا-تمنح-2000-دولار-شهريا-لكل-عائلة-أربع-مرات-ما-صحة-الخبر,los menas reciben 4700 euros al mes,الحكومة الكندية تمنح شيك بمبلغ 2000 دولار لكل عائلة شهرياً لمدة أربعة أشهر.,0,0.06703858098726452
https://www.verificat.cat/fact-check/que-haya-cambio-climatico-en-otros-planetas-no-significa-que-el-de-la-tierra-lo-este-causando-el-sol,cambio climático es por la energía solar,"Es el Sol es el responsable del cambio climático, porque este fenomeno se da en otros planetas sin humanos",1,0.65
https://www.europapress.es/verificaciones/noticia-no-haya-cambio-climatico-otros-planetas-no-significa-tierra-causando-sol-20220913165004.html,cambio climático es por la energía solar,El cambio climático en la Tierra está causado por el Sol,1,0.9866666666666667
https://www.rtve.es/noticias/20220914/sol-no-causa-cambio-climatico/2402157.shtml,cambio climático es por la energía solar,Las erupciones y ciclos solares son las causantes de las olas de calor y el cambio climático,1,0.7566666666666667
https://factuel.afp.com/doc.afp.com.32JF2PD,cambio climático es por la energía solar,Le dérèglement climatique est dû aux variations de l'activité solaire,1,0.8835238095238096
https://www.verificat.cat/fact-check/un-eventual-enfriamiento-del-sol-no-revertiria-los-efectos-del-calentamiento-global,cambio climático es por la energía solar,Un gran mínimo solar va a producirse en las próximas décadas y va a revertir los efectos del cambio climático,0,0.06333333333333334
https://www.verificat.cat/es/fact-check/un-eventual-enfriamiento-del-sol-no-revertiria-los-efectos-del-calentamiento-global,cambio climático es por la energía solar,Un gran mínimo solar va a producirse en las próximas décadas y va a revertir los efectos del cambio climático,0,0.03705516705516705
https://www.newtral.es/la-nasa-no-ha-admitido-que-el-cambio-climatico-sea-causa-de-cambios-en-la-orbita-solar-en-vez-de-por-los-gases-invernadero/20190905/,cambio climático es por la energía solar,La NASA dice que el culpable del cambio climático son los cambios en la órbita solar en vez de la actividad humana,0,0.13
https://factual.afp.com/doc.afp.com.32KD9KU,cambio climático es por la energía solar,"El británico Piers Corbyn dice que el cambio climático es causado por el Sol y la Luna, no por el hombre",1,0.6633333333333333
https://www.usatoday.com/story/news/factcheck/2021/12/03/fact-check-solar-panels-better-than-cornfields-carbon-emissions/8734237002/,cambio climático es por la energía solar,Replacing cornfields with solar panels exacerbates climate change,0,0.0007347754884411776
https://efectococuyo.com/cocuyo-chequea/mentiras-viejas-que-aun-circulan-sobre-el-cambio-climatico-y-el-cofundador-de-weather-channel/,cambio climático es por la energía solar,"El cambio climático no está ocurriendo, no hay un calentamiento global significativo provocado por el hombre ahora",0,0.007294548835468073
https://www.europapress.es/verificaciones/noticia-polo-sur-marcado-nivel-fio-record-significa-eso-cambio-climatico-mentira-20211108111532.html,cambio climático es por la energía solar,El cambio climático es mentira porque el Polo Sur vive su periodo más,0,0.03666666666666667
https://www.tagesschau.de/faktenfinder/weidel-klimawandel-101.html,cambio climático es por la energía solar,Die Sonne ist für den Klimawandel verantwortlich.,1,0.6570617306632335
https://factual.afp.com/doc.afp.com.32BR6BB,cambio climático es por la energía solar,Inuit atribuyen el cambio climático al desplazamiento del eje de la Tierra,0,0.023333333333333334
https://factcheck.afp.com/doc.afp.com.32JY77E-1,cambio climático es por la energía solar,"Climate change is caused by the sun and moon, not emissions",1,0.6232683634800708
https://climatefeedback.org/claimreview/sky-news-australia-interview-falsely-claims-that-global-cooling-is-coming-soon/,cambio climático es por la energía solar,"the Intergovernmental Panel on Climate Change is misleading humanity about climate change and sea levels, and that in fact a new solar-driven cooling period is not far off",0,0.013617949214964141
https://sciencefeedback.co/claimreview/sky-news-australia-interview-falsely-claims-that-global-cooling-is-coming-soon/,cambio climático es por la energía solar,"the Intergovernmental Panel on Climate Change is misleading humanity about climate change and sea levels, and that in fact a new solar-driven cooling period is not far off",0,0.007717864923747277
https://www.rtve.es/noticias/20220831/enganan-sobre-deshielo-polo-norte-datos-sin-contexto/2399409.shtml,el cambio climático no es real,Gráficas que revelan que el cambio climático no existe,1,0.9166666666666666
https://factuel.afp.com/doc.afp.com.32G96NN,el cambio climático no es real,Le réchauffement climatique n'existe pas,1,0.9366666666666666
https://www.verificat.cat/fact-check/que-haya-cambio-climatico-en-otros-planetas-no-significa-que-el-de-la-tierra-lo-este-causando-el-sol,el cambio climático no es real,"Es el Sol es el responsable del cambio climático, porque este fenomeno se da en otros planetas sin humanos",0,0.0037850111270714575
https://www.rtve.es/noticias/20220914/sol-no-causa-cambio-climatico/2402157.shtml,el cambio climático no es real,Las erupciones y ciclos solares son las causantes de las olas de calor y el cambio climático,0,0.10333333333333333
https://efectococuyo.com/cocuyo-chequea/mentiras-viejas-que-aun-circulan-sobre-el-cambio-climatico-y-el-cofundador-de-weather-channel/,el cambio climático no es real,"El cambio climático no está ocurriendo, no hay un calentamiento global significativo provocado por el hombre ahora",1,0.83
https://www.europapress.es/verificaciones/noticia-no-haya-cambio-climatico-otros-planetas-no-significa-tierra-causando-sol-20220913165004.html,el cambio climático no es real,El cambio climático en la Tierra está causado por el Sol,0,0.4533333333333333
https://www.verificat.cat/es/fact-check/fenomenos-como-el-temporal-filomena-no-ponen-en-duda-el-cambio-climatico,el cambio climático no es real,El temporal Filomena pone en duda el cambio climático,0,0.4
https://www.verificat.cat/fact-check/fenomenos-como-el-temporal-filomena-no-ponen-en-duda-el-cambio-climatico,el cambio climático no es real,El temporal Filomena pone en duda el cambio climático,0,0.08756802721088434
https://www.usatoday.com/story/news/factcheck/2021/04/22/fact-check-scientific-consensus-humans-main-cause-climate-change/7336153002/,el cambio climático no es real,Man-made climate change is a hoax,0,0.5333755274261603
https://www.europapress.es/verificaciones/noticia-falso-afirmar-co2-no-tiene-nada-ver-cambio-climatico-20220821174718.html,el cambio climático no es real,El CO2 no tiene nada que ver con el cambio climático,0,0.09666666666666666
https://www.europapress.es/verificaciones/noticia-no-no-cierto-hagas-hagas-no-vas-cambiar-nada-cambio-climatico-20211125134752.html,el cambio climático no es real,Hagas lo que hagas no se va a frenar el cambio climático,0,0.08
https://poligrafo.sapo.pt/fact-check/sempre-houve-alteracoes-climaticas-sim-mas-nunca-foram-tao-rapidas,el cambio climático no es real,Sempre houve alterações climáticas,0,0.013635925607125999
https://www.verificat.cat/fact-check/como-sabemos-que-el-co2-si-causa-el-cambio-climatico,el cambio climático no es real,El CO2 no tiene nada que ver con ningún cambio climático,0,0.02666666666666667
https://www.verificat.cat/es/fact-check/como-sabemos-que-el-co2-si-causa-el-cambio-climatico,el cambio climático no es real,El CO2 no tiene nada que ver con ningún cambio climático,0,0.05333333333333334
https://www.univision.com/noticias/falso-crecimiento-hielo-groenlandia-desmiente-cambio-climatico,el cambio climático no es real,"El récord en crecimiento de la capa de hielo de Groenlandia registrado en un día de verano,  el 29 de agosto de 2022, desmiente el cambio climático ",0,0.17
https://www.europapress.es/verificaciones/noticia-polo-sur-marcado-nivel-fio-record-significa-eso-cambio-climatico-mentira-20211108111532.html,el cambio climático no es real,El cambio climático es mentira porque el Polo Sur vive su periodo más,0,0.4666666666666667
https://climatefactchecks.org/arctic-turning-green-because-of-climate-change-is-not-good-news/,el cambio climático no es real,Global warming is making the Arctic green which is good news. ,0,0.006666666666666667
https://comprovem.afp.com/la-portada-que-relaciona-hitler-amb-espanya-mai-no-ha-sigut-publicada-la-revista-time,portada vogue hitler eva braum,La revista Time va publicar una portada amb la silueta del dictador nazi Adolf Hitler i el contorn d’Espanya com si fos el seu bigoti.,0,0.021684473424948326
https://maldita.es/malditobulo/20220303/revista-time-putin-hitler/,portada vogue hitler eva braum,La nueva portada de Time es Putin con bigote de Hitler,0,0.010143204193837106
https://comprovem.afp.com/doc.afp.com.32487TP,portada vogue hitler eva braum,La revista Time va publicar una portada on apareix el president rus Vladimir Putin amb el bigoti d'Adolf Hitler,0,0.01550722474769965
https://newsmeter.in/fact-check-viral-image-of-trumps-pic-as-hitlers-moustache-on-time-magazine-cover-is-false/,portada vogue hitler eva braum,Viral image of Trumps pic as Hitlers moustache on Time magazine cover,0,0.01739121989121989
https://facta.news/immagine-modificata/2022/08/01/hitler-vogue-zelensky/,portada vogue hitler eva braum,Vogue nel 1939 ha pubblicato una foto di Hitler ed Eva Braun,1,0.7405176767676768
https://www.newtral.es/falsa-portada-time-putin/20220228/,portada vogue hitler eva braum,Portada de la revista Time con Putin convertido en Hitler ,0,0.003476537527170439
https://newsmobile.in/articles/2022/06/25/fact-check-this-time-magazine-cover-comparing-pm-modi-to-hitler-is-not-real/,portada vogue hitler eva braum,Time Magazine Cover Comparing PM Modi With Hitler,0,0.00016903731189445474
https://newschecker.in/fact-check/time-magazine-cover-pm-modi-fake/,portada vogue hitler eva braum,TIME magazine cover shows PM Modi with Hitler moustache.,0,0.006792552389567315
https://dpa-factchecking.com/netherlands/220502-99-129154/,portada vogue hitler eva braum, Angela Merkel is de biologische dochter van Adolf Hitler,0,2.4875621890547263e-05
https://dpa-factchecking.com/netherlands/220502-99-129154,portada vogue hitler eva braum, Angela Merkel is de biologische dochter van Adolf Hitler,0,0.0066915422885572146
https://www.boomlive.in/fact-check/world/ukraine-russia-crisis-war-kyiv-time-magazine-cover-vladimir-putin-as-adolf-hitler-fake-image-16961,portada vogue hitler eva braum,Photo shows TIME magazine covers Vladimir Putin as Adlof Hitler,0,2.4875621890547263e-05
https://factcheckthailand.afp.com/doc.afp.com.326P7QV,portada vogue hitler eva braum,'เซเลนสกี' เผลอใส่เสื้อติดเครื่องหมายนาซีแบบฮิตเลอร์,0,0.26666666666666666
https://www.bufale.net/confondono-la-nonna-della-vicepremier-canadese-con-magda-goebbles/,portada vogue hitler eva braum,"Chrysta Freeland, Vice Premier Canadese, ha una nonna nazista e pure amica di Hitler e Goebbels",0,0.0047262839805231344
https://leadstories.com/hoax-alert/2018/11/fake-news-argentina-alleged-son-of-adolf-hitler-plans-to-write-sequel-to-mein-kampf.html,portada vogue hitler eva braum,Argentina: Alleged son of Adolf Hitler plans to write sequel to Mein Kampf,0,0.0035244335244335244
https://www.polygraph.info/a/factcheck-harry-potter-hitler-latvia/6741803.html,portada vogue hitler eva braum,"“In Latvia, Hitler has become more popular than Harry Potter.”",0,0.006882018479033404
https://www.boomlive.in/fake-news/image-comparing-hitler-with-trump-posing-with-bible-is-morphed-8347,portada vogue hitler eva braum,Image shows US President Donald Trump Holding a Bible poses As Hitler,0,0.0033333333333333335
https://factuel.afp.com/doc.afp.com.32FV4GT,portada vogue hitler eva braum,Cette photo d'Hitler et d'Eva Braun a été publiée dans Vogue en 1939,1,0.8271780303030303
https://www.newtral.es/hitler-vogue-1939-zelenski/20220824/,portada vogue hitler eva braum,Esta foto de Adolf Hitler y Eva Braun se publicó en la revista Vogue en 1939.,1,0.78
http://checkyourfact.com/2022/08/11/fact-check-adolf-hitler-vogue-1939/,portada vogue hitler eva braum,claims Nazi leader Adolf Hitler and his wife Eva Braun appeared on the cover of Vogue in 1939.,1,0.3070475432410333
https://checamos.afp.com/doc.afp.com.32GZ9YA,portada vogue hitler eva braum,"A revista Vogue publicou, em 1939, um ensaio fotográfico de Adolf Hitler e Eva Braun",1,0.73
https://dpa-factchecking.com/austria/220817-99-423578/,portada vogue hitler eva braum,Hitler und Braun waren 1939 auf dem Cover der Vogue zu sehen. ,1,0.6860880695716222
https://dpa-factchecking.com/austria/220817-99-423578,portada vogue hitler eva braum,Hitler und Braun waren 1939 auf dem Cover der Vogue zu sehen. ,1,0.7752248677248677
https://poligrafo.sapo.pt/fact-check/adolf-hitler-e-eva-braun-figuraram-na-capa-da-vogue-tal-como-o-casal-zelensky-descobre-se-nas-redes-sociais,portada vogue hitler eva braum,"Adolf Hitler e Eva Braun figuraram na capa da revista ""Vogue"" tal como o casal Zelensky.",1,0.8166666666666667
https://verifica.efe.com/hitler-braun-zelenski-vogue/,portada vogue hitler eva braum,El reportaje fotográfico para Vogue de Zelenski y su mujer tuvo un antecedente en un posado para esa revista de Hitler y Eva Braun.,1,0.7566666666666667
https://dpa-factchecking.com/germany/220816-99-406563/,portada vogue hitler eva braum,Die «Vogue» hat 1939 ein Foto mit Adolf Hitler und Eva Braun veröffentlicht. 2022 erschienen Aufnahmen mit Wolodymyr Selenskyj und seiner Ehefrau.,1,0.8466666666666667
https://dpa-factchecking.com/germany/220816-99-406563,portada vogue hitler eva braum,Die «Vogue» hat 1939 ein Foto mit Adolf Hitler und Eva Braun veröffentlicht. 2022 erschienen Aufnahmen mit Wolodymyr Selenskyj und seiner Ehefrau.,1,0.8972727272727273
https://factual.afp.com/doc.afp.com.32GX3ZU,portada vogue hitler eva braum,Foto de Hitler en la revista Vogue en 1939 y foto de Zelenski en 2022,1,0.7833333333333333
https://www.antena3.com/noticias/mundo/portada-time-putin-convertido-hitler-como-protagonista-que-viraliza-redes-sociales_20220301621e08e75bbac900016a7872.html#hecho-0,portada vogue hitler eva braum,La portada de 'Time' con la imagen de Putin convertido en Hitler,0,0.13666666666666666
https://correctiv.org/faktencheck/2022/08/15/nein-adolf-hitler-und-eva-braun-waren-1939-nicht-in-der-modezeitschrift-vogue-zu-sehen/,portada vogue hitler eva braum,"Ein Bild zeige, dass Adolf Hitler und Eva Braun 1939 in der Vogue zu sehen waren und Wolodymyr Selenskyj und seine Frau Olena Selenska 2022 in der Zeitschrift.",1,0.6655555555555556
https://dpa-factchecking.com/belgium/220520-99-369666,portada vogue hitler eva braum,"Un lien entre Barack Obama et Eva Braun, la maîtresse d'Hitler.",0,0.04012941904427339
https://dpa-factchecking.com/belgium/220520-99-369666/,portada vogue hitler eva braum,"Un lien entre Barack Obama et Eva Braun, la maîtresse d'Hitler.",0,0.02568497459982895
https://www.newtral.es/la-portada-de-la-revista-time-que-compara-donald-trump-con-hitler-es-un-montaje/20200530/,portada vogue hitler eva braum,Portada de la revista Time que compara Donald Trump con Hitler,0,0.09012863861470535
https://www.newtral.es/la-portada-de-la-revista-time-que-compara-donald-trump-con-hitler-es-un-montaje/20200530/,portada time trump como hitler,Portada de la revista Time que compara Donald Trump con Hitler,1,0.9666666666666667
https://maldita.es/malditobulo/20200601/portada-time-trump-hitler-bigote/,portada time trump como hitler,Portada de la revista Time con la silueta de Donald Trump,1,0.8266666666666667
https://maldita.es/malditobulo/20220303/revista-time-putin-hitler/,portada time trump como hitler,La nueva portada de Time es Putin con bigote de Hitler,0,0.11333333333333333
https://www.antena3.com/noticias/mundo/portada-time-putin-convertido-hitler-como-protagonista-que-viraliza-redes-sociales_20220301621e08e75bbac900016a7872.html#hecho-0,portada time trump como hitler,La portada de 'Time' con la imagen de Putin convertido en Hitler,0,0.22666666666666666
https://www.newtral.es/falsa-portada-time-putin/20220228/,portada time trump como hitler,Portada de la revista Time con Putin convertido en Hitler ,0,0.15
https://factual.afp.com/la-portada-de-time-con-hitler-sobre-espana-no-ha-sido-publicada-por-la-revista,portada time trump como hitler,La revista Time publicó una portada con la silueta de Adolf Hitler y el contorno de España como si fuera su bigote,0,0.18
https://www.newtral.es/portada-time-trump-jail/20220815/,portada time trump como hitler,“La portada de ‘Time’ con Trump y la frase ‘Time to go to jail…’”,0,0.20333333333333334
https://verifica.efe.com/time-portada-putin-hitler-falsa/,portada time trump como hitler,La revista Time ha publicado una portada con una foto que equipara a Putin con Hitler tras la invasión de Ucrania. ,0,0.13333333333333333
https://comprovem.afp.com/la-portada-que-relaciona-hitler-amb-espanya-mai-no-ha-sigut-publicada-la-revista-time,portada time trump como hitler,La revista Time va publicar una portada amb la silueta del dictador nazi Adolf Hitler i el contorn d’Espanya com si fos el seu bigoti.,0,0.2633333333333333
https://factual.afp.com/doc.afp.com.32474KX,portada time trump como hitler,La revista Time publicó una portada en la que aparece el presidente ruso Vladimir Putin con el bigote de Adolf Hitler,0,0.12333333333333334
https://comprovem.afp.com/doc.afp.com.32487TP,portada time trump como hitler,La revista Time va publicar una portada on apareix el president rus Vladimir Putin amb el bigoti d'Adolf Hitler,0,0.14
https://maldita.es/malditobulo/20201107/trump-portada-revista-time-to-go/,portada time trump como hitler,Portada de la revista Time sobre Donald Trump titulada &quot;Time... to go&quot;,0,0.2134782608695652
https://newsmeter.in/fact-check-viral-image-of-trumps-pic-as-hitlers-moustache-on-time-magazine-cover-is-false/,portada time trump como hitler,Viral image of Trumps pic as Hitlers moustache on Time magazine cover,1,0.8466666666666667
https://www.verificat.cat/fact-check/la-portada-de-time-que-compara-putin-amb-hitler-no-es-loriginal-de-la-revista,portada time trump como hitler,Portada falsa Time,0,0.52
https://www.verificat.cat/es/fact-check/la-portada-de-time-que-compara-putin-con-hitler-no-es-el-original-de-la-revista,portada time trump como hitler,Portada falsa Time,0,0.5266666666666666
https://facta.news/immagine-modificata/2022/02/28/no-il-time-non-ha-pubblicato-questa-copertina-con-putin-e-hitler/,portada time trump como hitler,La copertina del Time con Putin e Hitler,0,0.14347826086956522
https://maldita.es/malditobulo/20220212/revista-time-portada-soldado-escudo-oms/,portada time trump como hitler,Portada de Time con un soldado de la OMS,0,0.11076923076923076
https://newsmobile.in/articles/2022/06/25/fact-check-this-time-magazine-cover-comparing-pm-modi-to-hitler-is-not-real/,portada time trump como hitler,Time Magazine Cover Comparing PM Modi With Hitler,0,0.15666666666666668
https://www.boomlive.in/fact-check/time-fake-cover-fact-check-narendra-modi-hitler-edited-photo-18309,portada time trump como hitler,Time magazine cover shows PM Modi as Hitler,0,0.06681159420289855
https://factual.afp.com/la-supuesta-portada-de-la-revista-time-con-hitler-y-trump-es-una-obra-artistica,portada time trump como hitler,Esta fue una portada de la revista Time,1,0.8766666666666667
https://factual.afp.com/doc.afp.com.32GA6AY,dioxido de cloro cura esclerosis multiple,"Dióxido de cloro ayuda a sanar esclerosis múltiple, ela y otras patologías",1,0.87
https://www.newtral.es/bulo-dioxido-de-cloro-coronavirus-peligroso-salud/20200325/,dioxido de cloro cura esclerosis multiple,El dióxido de cloro cura el coronavirus,0,0.12
https://www.bufale.net/vendono-il-diossido-di-cloro-come-cura-universale-ma-e-una-sostanza-pericolosa/,dioxido de cloro cura esclerosis multiple,Il diossido di cloro è in grado di curare diverse malattie,0,0.2633333333333333
https://factual.afp.com/doc.afp.com.32J963F,dioxido de cloro cura esclerosis multiple,El dióxido de cloro cura el cáncer,0,0.04666666666666667
https://www.newtral.es/bulo-dioxido-cloro-efecto-warburg-cancer/20201130/,dioxido de cloro cura esclerosis multiple,El dióxido de cloro cura el cáncer,0,0.023333333333333334
https://factual.afp.com/el-dioxido-de-cloro-no-oxigena-las-celulas-ni-cura-el-covid-19-segun-especialistas,dioxido de cloro cura esclerosis multiple,El dióxido de cloro cura el COVID-19,0,0.03
https://factual.afp.com/doc.afp.com.32C86K9,dioxido de cloro cura esclerosis multiple,El dióxido de cloro cura todos los tipos de hepatitis,0,0.07
https://factual.afp.com/doc.afp.com.32BZ2ZY,dioxido de cloro cura esclerosis multiple,Dióxido de cloro cura afecciones vaginales,0,0.043333333333333335
https://colombiacheck.com/chequeos/dioxido-de-cloro-no-cura-el-covid-19-ni-te-salva-de-vacunarte-como-dijo-natalia-paris,dioxido de cloro cura esclerosis multiple,El dióxido de cloro te salva de vacunarte. Dióxido de cloro cura el COVID19,0,0.016666666666666666
https://factual.afp.com/doc.afp.com.328H9PY,dioxido de cloro cura esclerosis multiple,Dióxido de cloro cura todo tipo de problemas vaginales,0,0.07
https://www.verificat.cat/es/fact-check/no-el-dioxido-de-cloro-y-el-mms-no-curan-el-coronavirus,dioxido de cloro cura esclerosis multiple,El dióxido de cloro y el MMS curan el coronavirus,0,0.0337037037037037
https://factual.afp.com/el-mms-el-dioxido-de-cloro-o-el-clorito-de-sodio-pueden-ser-daninos-para-la-salud-y-no-hay-pruebas,dioxido de cloro cura esclerosis multiple,"El MMS, dióxido de cloro o clorito de sodio curan el coronavirus",0,0.016666666666666666
https://www.europapress.es/verificaciones/noticia-cuidado-mensajes-recomiendan-inyecciones-dioxido-cloro-20210915164713.html,dioxido de cloro cura esclerosis multiple,El dióxido de cloro tiene propiedades curativas,0,0.2633333333333333
https://correctiv.org/faktencheck/medizin-und-gesundheit/2020/02/07/die-einnahme-von-chlordioxid-hilft-nicht-gegen-das-neue-coronavirus/,dioxido de cloro cura esclerosis multiple,Studie: Chlordioxid-Lösungen inaktivieren den Coronavirus,0,0.05462922359026256
https://factual.afp.com/no-hay-pruebas-de-que-el-mms-el-cds-o-el-dioxido-de-cloro-curen-el-coronavirus-pueden-ser-daninos,dioxido de cloro cura esclerosis multiple,"El MMS, CDS o dióxido de cloro curan el nuevo coronavirus",0,0.02666666666666667
https://factchecknederland.afp.com/normale-mondkapjes-veroorzaken-geen-gezondheidsproblemen-door-zuurstoftekort-een-teveel-aan,dioxido de cloro cura esclerosis multiple,Mondkapjes veroorzaken hersenschade door zuurstoftekort,0,0.01089078224512616
https://factcheck.afp.com/http%253A%252F%252Fdoc.afp.com%252F9VP8M4-1,dioxido de cloro cura esclerosis multiple,Chlorine dioxide eradicates Covid-19,0,0.09050368404198561
https://factual.afp.com/no-hay-pruebas-de-que-el-mms-el-dioxido-de-cloro-y-el-clorito-de-sodio-curen-el-coronavirus-pueden,dioxido de cloro cura esclerosis multiple,"El MMS, el dióxido de cloro o clorito de sodio curan el nuevo coronavirus",0,0.016666666666666666
https://www.presseportal.de/pm/133833/4510239,dioxido de cloro cura esclerosis multiple,Mit der Verbreitung des neuartigen Coronavirus 2019-nCoV werden gezielt Unwahrheiten über den Erreger verbreitet. Die orale Aufnahme einer Chlordioxid-Lösung soll beispielsweise gegen das Virus wirksam sein ,0,0.04472062146514722
https://verifica.efe.com/virus-epstein-barr-no-unico-esclerosis-multiple/,dioxido de cloro cura esclerosis multiple,Un estudio publicado en la revista científica Science confirma que la esclerosis múltiple es consecuencia del virus de la mononucleosis o enfermedad del beso.,0,0.18333333333333332
https://colombiacheck.com/chequeos/no-el-dioxido-de-cloro-no-cura-el-coronavirus-covid-19,dioxido de cloro cura esclerosis multiple,El dióxido de cloro y el MMS curan el coronavirus Covid-19,0,0.02
https://factual.afp.com/http%253A%252F%252Fdoc.afp.com%252F9NG2PF-1,dioxido de cloro cura esclerosis multiple,Dióxido de cloro oxigena la sangre y cura el covid-19,0,0.08333333333333333
https://colombiacheck.com/chequeos/dioxido-de-cloro-es-potencialmente-toxico-contrario-lo-que-afirmo-la-actriz-cony-camelo,dioxido de cloro cura esclerosis multiple,Dióxido de cloro no es tóxico,0,0.016666666666666666
https://factual.afp.com/el-mms-cds-o-dioxido-de-cloro-no-curan-el-nuevo-coronavirus-y-pueden-ser-daninos-para-la-salud,dioxido de cloro cura esclerosis multiple,"El CDS, MMS o dióxido de cloro curan el coronavirus según el científico alemán Andreas Kalcker",0,0.056666666666666664
https://factual.afp.com/doc.afp.com.32J963F,dioxido de cloro cura el cancer,El dióxido de cloro cura el cáncer,1,0.9633333333333334
https://www.newtral.es/bulo-dioxido-cloro-efecto-warburg-cancer/20201130/,dioxido de cloro cura el cancer,El dióxido de cloro cura el cáncer,1,0.9833333333333333
https://colombiacheck.com/chequeos/dioxido-de-cloro-no-cura-el-covid-19-ni-te-salva-de-vacunarte-como-dijo-natalia-paris,dioxido de cloro cura el cancer,El dióxido de cloro te salva de vacunarte. Dióxido de cloro cura el COVID19,0,0.16
https://factual.afp.com/el-dioxido-de-cloro-no-oxigena-las-celulas-ni-cura-el-covid-19-segun-especialistas,dioxido de cloro cura el cancer,El dióxido de cloro cura el COVID-19,0,0.16333333333333333
https://www.newtral.es/bulo-dioxido-de-cloro-coronavirus-peligroso-salud/20200325/,dioxido de cloro cura el cancer,El dióxido de cloro cura el coronavirus,0,0.19
https://www.verificat.cat/es/fact-check/no-el-dioxido-de-cloro-y-el-mms-no-curan-el-coronavirus,dioxido de cloro cura el cancer,El dióxido de cloro y el MMS curan el coronavirus,0,0.03666666666666667
https://factual.afp.com/doc.afp.com.32C86K9,dioxido de cloro cura el cancer,El dióxido de cloro cura todos los tipos de hepatitis,0,0.33
https://factual.afp.com/el-mms-el-dioxido-de-cloro-o-el-clorito-de-sodio-pueden-ser-daninos-para-la-salud-y-no-hay-pruebas,dioxido de cloro cura el cancer,"El MMS, dióxido de cloro o clorito de sodio curan el coronavirus",0,0.03666666666666667
https://factual.afp.com/doc.afp.com.32BZ2ZY,dioxido de cloro cura el cancer,Dióxido de cloro cura afecciones vaginales,0,0.11
https://www.europapress.es/verificaciones/noticia-cuidado-mensajes-recomiendan-inyecciones-dioxido-cloro-20210915164713.html,dioxido de cloro cura el cancer,El dióxido de cloro tiene propiedades curativas,0,0.81
https://factual.afp.com/http%253A%252F%252Fdoc.afp.com%252F9NG2PF-1,dioxido de cloro cura el cancer,Dióxido de cloro oxigena la sangre y cura el covid-19,0,0.16666666666666666
https://colombiacheck.com/chequeos/no-el-dioxido-de-cloro-no-cura-el-coronavirus-covid-19,dioxido de cloro cura el cancer,El dióxido de cloro y el MMS curan el coronavirus Covid-19,0,0.07333333333333333
https://factual.afp.com/no-hay-pruebas-de-que-el-mms-el-cds-o-el-dioxido-de-cloro-curen-el-coronavirus-pueden-ser-daninos,dioxido de cloro cura el cancer,"El MMS, CDS o dióxido de cloro curan el nuevo coronavirus",0,0.05
https://factual.afp.com/doc.afp.com.328H9PY,dioxido de cloro cura el cancer,Dióxido de cloro cura todo tipo de problemas vaginales,0,0.16333333333333333
https://factual.afp.com/no-hay-pruebas-de-que-el-mms-el-dioxido-de-cloro-y-el-clorito-de-sodio-curen-el-coronavirus-pueden,dioxido de cloro cura el cancer,"El MMS, el dióxido de cloro o clorito de sodio curan el nuevo coronavirus",0,0.043333333333333335
https://colombiacheck.com/chequeos/dioxido-de-cloro-es-potencialmente-toxico-contrario-lo-que-afirmo-la-actriz-cony-camelo,dioxido de cloro cura el cancer,Dióxido de cloro no es tóxico,0,0.24333333333333335
https://maldita.es/malditaciencia/20210423/dioxido-de-cloro-cura-covid-100-por-cien-casos-investigacion-revista-cientifica-estudio/,dioxido de cloro cura el cancer,Una investigación científica demuestra que el dióxido de cloro cura la COVID en el 100% de los casos,0,0.13
https://factual.afp.com/el-mms-cds-o-dioxido-de-cloro-no-curan-el-nuevo-coronavirus-y-pueden-ser-daninos-para-la-salud,dioxido de cloro cura el cancer,"El CDS, MMS o dióxido de cloro curan el coronavirus según el científico alemán Andreas Kalcker",0,0.15333333333333332
https://colombiacheck.com/chequeos/no-este-pantallazo-no-prueba-que-tribunal-de-colombia-ordeno-suspender-el-plan-de,dioxido de cloro cura el cancer,Tribunal de Cundinamarca aprueba el dióxido de cloro.,0,0.12687317958267677
https://www.thip.media/health-news-fact-check/fact-check-do-cancer-therapies-cause-cancer/34500/,dioxido de cloro cura el cancer,Cancer therapies cause cancer,0,0.03605834314778908
https://dabegad.com/%d8%ad%d9%82%d9%8a%d9%82%d8%a9-%d9%88%d9%81%d8%a7%d8%a9-%d8%a7%d8%a8-%d8%a8%d8%a7%d9%84%d8%b3%d8%b1%d8%b7%d8%a7%d9%86/,dioxido de cloro cura el cancer,مريض مصاب بمرض السرطان، يموت في المستشفى ويترك ثلاث اطفال، أمانة عليك لاتخرج قبل ان تكتب الله يرحمه,0,0.016800250057579045
https://fit.thequint.com/fit-webqoof/turmeric-fact-or-fiction-immunity-covid-anti-cancer-treatment,dioxido de cloro cura el cancer,Turmeric cures cancer,0,0.0571484422373767
https://www.thequint.com/fit/fit-webqoof/turmeric-fact-or-fiction-immunity-covid-anti-cancer-treatment,dioxido de cloro cura el cancer,Turmeric cures cancer,0,0.033815108904043364
https://verify-sy.com/ar/details/9753/%D9%85%D8%A7-%D8%AD%D9%82%D9%8A%D9%82%D8%A9-%D8%A7%D9%84%D8%A7%D8%AF%D8%B9%D8%A7%D8%A1%D8%A7%D8%AA-%D8%A7%D9%84%D9%85%D8%AA%D8%AF%D8%A7%D9%88%D9%84%D8%A9-%D8%AD%D9%88%D9%84-%D8%A7%D9%83%D8%AA%D8%B4%D8%A7%D9%81-%D8%AF%D9%88%D8%A7%D8%A1-%D9%8A%D8%B4%D9%81%D9%8A-%D9%85%D9%86-%D8%A7%D9%84%D8%B3%D8%B1%D8%B7%D8%A7%D9%86%D8%9F,dioxido de cloro cura el cancer," ""شفاء جميع مرضى السرطان"" و""نهاية مرض السرطان"" و""أول دواء يشفي تماماً من السرطان""",0,0.01714073467323347
https://verify-sy.com/ar/details/9753/%D9%85%D8%A7-%D8%AD%D9%82%D9%8A%D9%82%D8%A9-%D8%A7%D9%84%D8%A7%D8%AF%D8%B9%D8%A7%D8%A1%D8%A7%D8%AA-%D8%A7%D9%84%D9%85%D8%AA%D8%AF%D8%A7%D9%88%D9%84%D8%A9-%D8%AD%D9%88%D9%84-%D9%85%D8%B1%D8%B6-%D8%A7%D9%84%D8%B3%D8%B1%D8%B7%D8%A7%D9%86-%D9%88%D8%B4%D9%81%D8%A7%D8%A1-%D8%AC%D9%85%D9%8A%D8%B9-%D9%85%D8%B1%D8%B6%D8%A7%D9%87%D8%9F,dioxido de cloro cura el cancer," ""شفاء جميع مرضى السرطان"" و""نهاية مرض السرطان"" و""أول دواء يشفي تماماً من السرطان""",0,0.027061369593868387
https://leadstories.com/hoax-alert/2022/08/fact-check-not-true-that-radiation-and-chemotherapy-causes-cancer.html,dioxido de cloro cura el cancer,Chemotherapy and Radiation Actually Cause Cancer,0,0.010837889681099274
https://www.vishvasnews.com/english/health/fact-check-false-claims-of-curing-cancer-getting-viral/,dioxido de cloro cura el cancer,False claims of curing cancer,0,0.0445145066573638
https://www.vishvasnews.com/english/viral/fact-check-viral-message-stating-baking-soda-cures-cancer-is-fake/,dioxido de cloro cura el cancer,Baking soda cures cancer ,0,0.15690418679549117
https://www.tagesschau.de/faktenfinder/spike-proteine-krebs-101.html,dioxido de cloro cura el cancer,Corona-Impfstoffe lösen Krebs aus,0,0.01679019824070905
https://dabegad.com/%d8%ad%d9%82%d9%8a%d9%82%d8%a9-%d9%85%d8%a7%d8%af%d8%a9-%d9%85%d8%b3%d8%aa%d8%ae%d8%b1%d8%ac%d8%a9-%d9%85%d9%86-%d8%a7%d9%84%d8%ae%d9%86%d8%a7%d9%81%d8%b3-%d8%aa%d8%b3%d8%a8%d8%a8-%d8%a7%d9%84%d8%b3/,dioxido de cloro cura el cancer,"هل سبق و أن اكلت حشرات من قبل؟الاجابة هي: نعم!!!!!اذا سألت شخص في اي مكان هل اكلت حشرات طبيعه سوف يقول لك: لا!! و باشمئزاز.. ولكن هل تعلم ما هو الـ : ;sin124 e124 sin120 ,E120 (الصبغة الحمراء) نعم .. تلك الحشرة هي “الدودة القرمزية” تلك الخنفساء تعرف بالـ ( Cochineal ) في الإنجليزية. وهي موجودة في كل منتجات المرتديلا .. الهوت دوغ .. و الكاشير ولكن حتى ينخدع المستهلك فهي تكتب على شكل هذا الرمز E120 اذهب الآن و أحضر أي لحم معلّب لديك في المنزل و انظر بنفسك وستشاهد بمنتهى البساطة أنه ضمن مكوناتها المركب E120 فلنتعرف اذن على المركب الغذائي E120 ___________________ هو ببساطة مجرد ملون وحافظ غذائي يستخدم في تلوين المرتديلا (الكاشير) باللون الاحمر المميز و المحبب و الذي يجعل الشخص يشعر وكـأنه يـأكل اللحم ولكن في الواقع هذا اللون الاحمر مستخرج من حشرة تعيش على الصبار حشره صغيره يمكن سحقها ببساطة باليد او باي شيء ثقيل فاذا هشمت خرج منها اللون الاحمر.. وبعد ما كانت تستخدم بشكل بدائي بأصباغ المنسوجات، تحولت الآن لسلعة اكثر أهميه. فجعلوها مركب غذائي معترف به في اوروبا ويصدر تحت مسمى E120 حتى لا يعرف به العامة من الناس ان ما يأكلوه يحتوي على الخنافس و الحشرات علما انه لايوجد فقط بالمرتديلا و خلافه .. بل بمعظم المعلبات و حتى بالعصير و الحلوى الحمراء للاطفال. فالمركب الغذائي المشار اليه ليس مسموح به بكثير من الدول لما يسببه من حساسية للأطفال و امراض مسرطنة. ولنعود لحكاية الحشرة التي ناكل مسحوقها و ما هي أخطارها الغذائية ؟ يكفي ان تكتب اسم هذا المركب الكيميائي في محرك البحث “جوجل” google و بجانبه كلمة سرطان او مخاطر لتعرف كم المواضيع المكتوبه عن هذا المركب بالذات .. و ندخله نحن في معظم السلطات و السندويتشات على اعتبار انه رخيص الثمن و يعطي طعم قريب للحم او الدجاج المبهر .. هذا من جانب اما من جانب اخر فهو يسبب الحساسية للاطفال خصوصا ان كثير من الاطفال تعجبهم المرتديلا بمذاقها المميز فان اكلوها بكثرة كانت عوارض الحساسية اسرع بالظهور دون ان ننتبه ان الحساسية تلك سببها كثرة تناول المرتديلا أو الكاشير ……… عدة فيديوهات على اليوتيوب لكيفية تحضير الملوّن الأحمر من الحشرة حتى بالغرب بدأوا يفضحوا الموضوع حتى تمتنع مصانع الطعام من استخدامهكما انه معروف ان مركبات المونو جلوتومات والنيترات الموجوده فى اللانشون وغيرها من المواد الصتاعيه الغذائيه تسبب السرطان … فهل قبل ان نأكل نعرف ماذا نأكل",0,0.0066992399565689465
https://semakanfakta.afp.com/doc.afp.com.32GC69A,dioxido de cloro cura el cancer,Meggosok H2O2 pada kulit boleh merawat kanser,0,0.08792099919957536
https://noticias.uol.com.br/confere/ultimas-noticias/2018/07/26/suco-de-cenoura-nao-cura-cancer.htm,dioxido de cloro cura el cancer,Suco de laranja cura câncer,0,0.08666666666666667
https://www.boomlive.in/world/chlorine-dioxide-covid-19-treatment-fake-news-fact-check-16451,dioxido de cloro cura el cancer,Chlorine dioxide is a treatment for Covid-19,0,0.3035964912280702
https://factual.afp.com/doc.afp.com.32DH2LL,robot soldado creado para la guerra,Nuevo robot soldado con inteligencia artificial creado en Estados Unidos para la guerra,1,0.99
https://www.boomlive.in/cgi-video-shared-as-military-robot-participating-in-live-demo-with-humans/,robot soldado creado para la guerra,A Military Robot With AI At Work,1,0.7679383116883117
https://maldita.es/malditobulo/20220624/robot-combate-animacion-generada-ordenador/,robot soldado creado para la guerra,Vídeo de un robot soldado entrenando para el combate,1,0.5566666666666666
https://leadstories.com/hoax-alert/2021/06/fact-check-photo-does-not-show-militarized-robot-its-a-worlds-fair-animatronic-caveman.html,robot soldado creado para la guerra,Photo shows a militarized humanoid robot,0,0.13712962962962963
https://factly.in/digitally-created-military-robot-is-portrayed-as-the-worlds-most-intelligent-robot/,robot soldado creado para la guerra, Video showing the most intelligent robot in the world,0,0.05054421768707482
https://www.dogrula.org/savasci-bir-robotu-gosteren-video-parodiden-ibaret/,robot soldado creado para la guerra,"Videoda elinde silah tutan, dayanıklı bir askeri robot görülmektedir.",0,0.024444444444444442
https://www.factcrescendo.com/fact-check-future-wars-to-be-fought-with-army-robots-to-avoid-human-intervention/,robot soldado creado para la guerra,Claim future wars to be fought with army robots to avoid human intervention,0,0.06518600864219648
https://www.snopes.com/fact-check/armed-robot-video/,robot soldado creado para la guerra,A video shows an armed robot turning on humans.,0,0.00335820895522388
https://www.altnews.in/promo-of-video-game-shared-as-robot-developed-by-japan/,robot soldado creado para la guerra,Female robot developed by Japan,0,0.04152652902652903
https://dpa-factchecking.com/switzerland/210428-99-390349,robot soldado creado para la guerra,"19 robots ménagers à gagner, dans le cadre d'un concours.",0,0.00014751581863791231
https://factly.in/video-of-a-digitally-created-robot-is-falsely-shared-as-training-video-of-robot-used-by-the-us-to-kill-al-baghdadi/,robot soldado creado para la guerra, Training Video of robot used by the US in the operation to kill Al Baghdadi in Syria.,0,0.010711465187508854
https://teyit.org/videonun-insanlara-silah-dogrultan-bir-robotu-gosterdigi-iddiasi,robot soldado creado para la guerra,Videonun insanlara silah doğrultan bir robotu gösterdiği iddiası,0,0.024480088066940277
http://checkyourfact.com/2021/04/07/fact-check-video-show-robots-actually-exist/,robot soldado creado para la guerra,Claims to show real advanced robots.,0,0.017024087024087024
https://factcheck.afp.com/http%253A%252F%252Fdoc.afp.com%252F9LB23Z-1,robot soldado creado para la guerra,Video shows a robot in a mall in China monitoring mask-wearing,0,0.00010101010101010101
https://fullfact.org/economy/robots-and-your-job/,robot soldado creado para la guerra,The governor of the Bank of England has said that 15 million jobs in the UK could be stolen by robots.,0,0.03333333333333333
https://www.malumatfurus.org/boston-dynamics-robot-video,robot soldado creado para la guerra,Paylaşılan Videoların Boston Dynamics'in Ürettiği Robot Askerlere Ait Olduğu İddiası,0,0.0075
https://www.malumatfurus.org/savas-robotlarinda-sehitlik-kavrami,robot soldado creado para la guerra,Savaş Robotlarında Şehitlik Kavramı Başlıklı Yüksek Lisans Tezi Kapak Görseli,0,0.028699173894420074
https://politica.estadao.com.br/blogs/estadao-verifica/foto-de-soldados-americanos-em-aviao-e-de-2013-e-nao-tem-relacao-com-ataque-de-misseis-do-ira/,robot soldado creado para la guerra,Imagem mostra soldados americanos indo para guerra no Irã,0,0.003897306397306397
https://checamos.afp.com/doc.afp.com.324T2C8,robot soldado creado para la guerra,Crianças despedindo-se de soldados ucranianos que vão para a guerra contra a Rússia em 2022,0,0.006666666666666667
https://politica.estadao.com.br/blogs/estadao-verifica/video-de-soldado-que-filma-carro-explodindo-e-antigo/,robot soldado creado para la guerra,Soldados fazendo transmissão ao vivo da guerra,0,0.009135051002454144
https://poligrafo.sapo.pt/fact-check/sim-a-ucrania-criou-uma-linha-telefonica-para-soldados-russos-que-queiram-abandonar-a-guerra,robot soldado creado para la guerra,Ucrânia criou uma linha telefónica para soldados russos que queiram abandonar a guerra,0,0.006781609195402299
https://factual.afp.com/http%253A%252F%252Fdoc.afp.com%252F9VD8N7-1,robot soldado creado para la guerra,Soldados rinden tributo a millones de caballos muertos en la guerra,0,0.0
https://checamos.afp.com/doc.afp.com.324B94M,robot soldado creado para la guerra,Este vídeo mostra soldados ucranianos se despedindo de suas mulheres para ir à guerra,0,0.0
https://www.newtral.es/dos-ninos-despidiendo-soldados-ucranianos/20220228/,robot soldado creado para la guerra,Dos niños despiden a soldados ucranianos que se dirigen a la guerra contra Rusia.,0,0.0033333333333333335
https://poligrafo.sapo.pt/fact-check/soldados-russos-filmaram-este-video-durante-salto-de-paraquedas-na-guerra-da-ucrania,robot soldado creado para la guerra,Soldados russos filmaram este vídeo durante salto de paraquedas na guerra da Ucrânia?,0,0.01013358339091238
https://colombiacheck.com/chequeos/no-foto-de-nino-armado-con-fusil-no-es-del-soldado-liberado-por-el-eln,robot soldado creado para la guerra,Soldado liberado por el ELN era un infiltrado de la guerrilla,0,0.0
https://factual.afp.com/la-foto-de-un-soldado-cargando-un-burro-es-de-la-guerra-de-argelia-no-de-la-segunda-guerra-mundial,robot soldado creado para la guerra,"Esta foto es de la Segunda Guerra Mundial, un soldado carga en hombros a un burro en un campo minado",0,0.003401360544217687
https://factual.afp.com/doc.afp.com.324F2TH,robot soldado creado para la guerra,Foto de dos niños ucranianos despidiendo a soldados que se dirigen a la guerra contra Rusia,0,0.0
https://poligrafo.sapo.pt/fact-check/foto-de-soldados-com-armas-de-paintball-prova-que-guerra-e-uma-farsa-nao-era-um-exercicio-militar,robot soldado creado para la guerra,Fotografia da Reuters com soldados a usar armas de paintball prova que guerra é uma farsa,0,0.03003257328990228
https://www.newtral.es/video-soldados-bailando-rusia-ucrania/20220308/,robot soldado creado para la guerra,"Aquí vemos a soldados de Rusia y Ucrania bailando alegremente el 24 de febrero, cuando empezó la guerra",0,0.0
https://tamil.factcrescendo.com/factcheck-israel-army-created-new-robo-soldiers/,robot soldado creado para la guerra,Claim: Israel Army created new Robo soldiers,1,0.6619589802163092
https://maldita.es/malditobulo/20220212/revista-time-portada-soldado-escudo-oms/,robot soldado creado para la guerra,Portada de Time con un soldado de la OMS,0,0.0
https://fatabyyano.net/%d8%b4%d9%82%d9%88%d9%82-%d8%a7%d9%84%d8%a8%d8%b7%d9%8a%d8%ae-%d8%aa%d8%b3%d8%a8%d8%a8-%d8%a7%d9%84%d8%b3%d8%b1%d8%b7%d8%a7%d9%86/,benjamín lópez cáncer,شقوق البطيخ تسبب السرطان,0,0.026699239956568945
https://dabegad.com/%d8%ad%d9%82%d9%8a%d9%82%d8%a9-%d8%b3%d8%b1%d8%b7%d8%a7%d9%86-%d8%a7%d9%84%d8%af%d9%88%d8%a7%d8%ac%d9%86/,benjamín lópez cáncer,عايز الصور دي تلف الفيس واهم حاجه ربات البيوت يشوفوهادي صور لفرخة عندها سرطان Marekالحل هو الاعدام علي طول (متتاكلش),0,3.257328990228013e-05
https://dabegad.com/%d8%ad%d9%82%d9%8a%d9%82%d8%a9-%d9%88%d9%81%d8%a7%d8%a9-%d8%a7%d8%a8-%d8%a8%d8%a7%d9%84%d8%b3%d8%b1%d8%b7%d8%a7%d9%86/,benjamín lópez cáncer,مريض مصاب بمرض السرطان، يموت في المستشفى ويترك ثلاث اطفال، أمانة عليك لاتخرج قبل ان تكتب الله يرحمه,0,0.00013358339091238113
https://leadstories.com/hoax-alert/2020/01/fake-news-apricot-seeds-did-not-cure-mans-cancer.html,benjamín lópez cáncer,Apricot Seeds Cure Man's Cancer,0,0.0
https://www.thequint.com/fit/fit-webqoof/turmeric-fact-or-fiction-immunity-covid-anti-cancer-treatment,benjamín lópez cáncer,Turmeric cures cancer,0,0.01583103764921947
https://fit.thequint.com/fit-webqoof/turmeric-fact-or-fiction-immunity-covid-anti-cancer-treatment,benjamín lópez cáncer,Turmeric cures cancer,0,0.03360881542699725
https://leadstories.com/hoax-alert/2021/11/fact-check-asparagus-does-not-cure-cancer.html,benjamín lópez cáncer,Asparagus cures cancer,0,0.013641388716899525
https://dabegad.com/%d8%ad%d9%82%d9%8a%d9%82%d8%a9-%d8%a3%d9%86-%d8%a7%d9%84%d8%b3%d8%b1%d8%b7%d8%a7%d9%86-%d8%a3%d9%83%d8%a8%d8%b1-%d9%83%d8%b0%d8%a8%d8%a9-%d9%81%d9%8a-%d8%a7%d9%84%d8%aa%d8%a7%d8%b1%d9%8a%d8%ae/,benjamín lópez cáncer,السرطان أكبر كذبة في تاريخ البشرية لأنة عبارة عن نقص مادةاللاتريل في الجسم وتكفي 20 نواة مشمش لعلاجه,0,0.006789330046659037
https://colombiacheck.com/chequeos/las-afirmaciones-falsas-de-post-de-facebook-que-asegura-que-las-mascarillas-incuban-el,benjamín lópez cáncer,Los tapabocas incuban el cáncer,0,0.04754604263925224
https://factuel.afp.com/ar/This%20is%20not%20an%20Egyptian%20girl%2012-20,benjamín lópez cáncer,فتاة مصرية إسماعيلية مصابة بالسرطان,0,0.011120113717128642
https://www.thip.media/health-news-fact-check/fact-check-do-cancer-therapies-cause-cancer/34500/,benjamín lópez cáncer,Cancer therapies cause cancer,0,0.003862433862433862
https://politica.estadao.com.br/blogs/estadao-verifica/vacinas-covid-cancer-falso/,benjamín lópez cáncer,Vacinas contra a covid causam câncer,0,0.015084173402355221
https://www.vishvasnews.com/english/health/fact-check-misleading-post-suggests-black-garlic-cures-cancer-health-experts-say-there-is-insufficient-scientific-evidence/,benjamín lópez cáncer,Black garlic cures cancer,0,0.0033907822451261604
https://www.newtral.es/bulo-dioxido-cloro-efecto-warburg-cancer/20201130/,benjamín lópez cáncer,El dióxido de cloro cura el cáncer,0,0.013522403374757725
https://www.politifact.com/factchecks/2022/sep/27/facebook-posts/fact-checking-claims-tree-fruit-soursop-cures-canc/,benjamín lópez cáncer,"Soursop cures cancer.
",0,0.04676190476190476
https://noticias.uol.com.br/confere/ultimas-noticias/2018/07/26/suco-de-cenoura-nao-cura-cancer.htm,benjamín lópez cáncer,Suco de laranja cura câncer,0,0.022323659354972394
https://noticias.uol.com.br/comprova/ultimas-noticias/2018/10/25/medico-de-bolsonaro-falou-em-cancer-de-intestino-em-tom-de-brincadeira.htm,benjamín lópez cáncer,Jair Bolsonaro tem câncer de instestino,0,0.10165402418711825
https://www.boomlive.in/world/no-bitter-melon-does-not-cure-cancer-8653,benjamín lópez cáncer,Bitter melon can cure cancer.,0,0.0066992399565689465
https://pesacheck.org/true-machakos-county-government-has-built-a-cancer-care-and-research-centre-4a975c2f689a,benjamín lópez cáncer,Machakos county built a cancer centre,0,0.0078035871064843845
https://www.boatos.org/brasil/benjamin-lopez-5-anos-cancer-ossos-pede-oracoes.html,benjamín lópez cáncer,"Por favor, apenas uma oração do Pai Nosso para Benjamín López da Pré-escola Imaculada. Ele tem 5 anos e foi diagnosticado com câncer ósseo.",1,0.9433333333333334
https://www.newtral.es/benjamin-lopez-cancer-nino-colegio-inmaculada/20221007/,benjamín lópez cáncer,"Benjamín López, del preescolar del Colegio La Inmaculada de San Juan (Argentina), tiene 5 años y le diagnosticaron cáncer de hueso. Es necesario pasar el mensaje a otros diez contactos.",1,0.8866666666666667
https://www.usatoday.com/story/news/factcheck/2021/05/16/fact-check-speech-attributed-netanyahu-internet-hoax/5109498001/,benjamín lópez cáncer,"Benjamin Netanyahu gave a ""last chance"" speech to leaders of Hamas",0,0.01
https://factcheck.afp.com/doc.afp.com.32BY6MH,benjamín lópez cáncer,Video shows Benjamin Diokno berating Karen Davila,0,0.03335820895522388
https://www.malumatfurus.org/elektrigi-benjamin-franklinin-kesfetmesi-ve-kose-yazarlari,benjamín lópez cáncer,Elektriği Benjamin Franklin’in Keşfettiği İddiası,0,0.06336590662323562
https://faktencheck.afp.com/nein-die-impfung-des-premierministers-israels-war-nicht-vorgetaeuscht,benjamín lópez cáncer,Benjamin Netanjahu täuschte seine Corona-Impfung vor.,0,0.02017239144052846
http://checkyourfact.com/2019/06/24/fact-check-benjamin-franklin-fool-criticize-condemn-complain/,benjamín lópez cáncer,"Claims Benjamin Franklin said, ""Any fool can criticize, condemn and complain – and most fools do.""",0,0.006666666666666667
https://factual.afp.com/un-texto-en-el-que-netanyahu-habria-agradecido-hamas-fue-publicado-por-un-bloguero-en-2014,benjamín lópez cáncer,Benjamin Netanyahu afirmó que Israel le debe una enorme gratitud a Hamás,0,0.02681420566854958
http://checkyourfact.com/2021/12/24/fact-check-netanyahu-biafra-statement/,benjamín lópez cáncer,"Claims Benjamin Netanyahu said, ""Biafra is due to stand as a nation.""",0,0.06
http://checkyourfact.com/2021/05/14/fact-check-benjamin-netanyahu-speech-knesset-thanking-hamas-israel/,benjamín lópez cáncer,Benjamin Netanyahu gave a speech about how Hamas united Israel.,0,0.01
https://cekfakta.com/focus/9140,benjamín lópez cáncer,Video “Perdana Menteri Israel Benjamin Netanyahu: Cara Membunuh Orang Islam”,0,0.0033659066232356134
https://www.snopes.com/fact-check/ben-franklin-beer-quote/,benjamín lópez cáncer,"Benjamin Franklin once said: ""Beer is proof that God loves us and wants us to be happy.""",0,0.006666666666666667
https://factly.in/edited-tweet-shared-as-israeli-pm-benjamin-netanyahu-thanking-pm-modi-and-rss/,benjamín lópez cáncer,"Benjamin Netanyahu thanks PM Modi, RSS and all Indians in a social media post",0,0.003492063492063492
https://www.newsweek.com/fact-check-donald-trumps-claim-benjamin-netanyahu-was-first-congratulate-joe-biden-1658125,benjamín lópez cáncer,Israel's Benjamin Netanyahu was first to congratulate Joe Biden on election win,0,0.009284134881149807
http://checkyourfact.com/2019/10/17/fact-check-benjamin-franklin-failing-prepare/,benjamín lópez cáncer,"claims Benjamin Franklin said, ""By failing to prepare, you are preparing to fail.""",0,0.0
https://www.polygraph.info/a/fact-check-benjamin-glynn-deported-singapore/31442244.html,benjamín lópez cáncer,"“But [Benjamin Glynn’s] refusal to wear [a mask] … saw him treated like a terrorist, as he tells RT.”",0,2.4875621890547263e-05
https://misbar.com/factcheck/2021/12/02/a-fabricated-picture-shared-as-the-moroccan-king-at-the-buraq-wall,benjamín lópez cáncer,The picture shows the Moroccan King with Benjamin Nétanyahou at the Al-Buraq Wall.,0,0.05333333333333334
https://thelogicalindian.com/fact-check/benjamin-netanyahu-28427,benjamín lópez cáncer,Israels PM Benjamin Netanyahu has tweeted that Indias enemies are within the nation.,0,0.036699239956568944
https://www.boomlive.in/world/fake-news-benjamin-netanyahu-israel-palestine-hamas-speech-uniting-13227,benjamín lópez cáncer,Israeli Prime Minister Benjamin Netanyahu thanked Hamas for uniting the Jews.,0,0.02681418248530458
https://factual.afp.com/falsas-teorias-sobre-el-arresto-y-la-muerte-de-george-floyd,benjamín lópez cáncer,"La verdad detrás del asesinato de George Floyd. Es un falso policía, es el actor Benjamin Ray Bailey.",0,0.00030685647797857164
https://checamos.afp.com/os-dias-da-semana-se-repetem-4-vezes-em-fevereiro-de-2021-mas-isso-nao-acontece-so-cada-823-anos,2023 tendra 366 dias,O calendário de fevereiro de 2021 só se repete a cada 823 anos,0,0.11696326358981149
https://factual.afp.com/los-dias-de-la-semana-se-repiten-4-veces-en-febrero-de-2021-pero-esto-no-ocurre-solo-cada-823-anos,2023 tendra 366 dias,"En febrero de 2021 los días de la semana se repetirán cuatro veces, algo que acontece cada 823 años",0,0.007353590167569405
https://factual.afp.com/http%253A%252F%252Fdoc.afp.com%252F9PP43V-1,2023 tendra 366 dias,El calendario de octubre de 2021 se repetirá en 823 años,0,0.01147219152374906
https://factual.afp.com/doc.afp.com.32JZ4D3-1,2023 tendra 366 dias,"El 2023 tendrá 366 días, según estudio basado en hallazgos del telescopio James Webb",1,0.66
https://newschecker.in/gu/fact-checks-gu/gujarat-gram-panchayat-election-date-fake-schedule/,2023 tendra 366 dias,ગ્રામ પંચાયતની ચૂંટણી જાહેર 2021,0,0.020984954242283232
https://checamos.afp.com/doc.afp.com.9WT22F,2023 tendra 366 dias,O calendário de fevereiro de 2022 só se repetira em 823 anos,0,0.06764759098428452
https://periksafakta.afp.com/http%253A%252F%252Fdoc.afp.com%252F9LK3UX-1,2023 tendra 366 dias,Pemilu serempak akan ditunda sampai tahun 2027,0,0.01003257328990228
https://www.newtral.es/bulo-octubre-823-anos-5-sabados-domingos-lunes/20211008/,2023 tendra 366 dias,"El mes de octubre de este año 2021 tendrá 5 viernes, 5 sábados y 5 domingos. Esto ocurre solamente una vez cada 823 años ",0,0.014234316974189042
https://factly.in/telugu-old-video-is-shared-as-voter-fraud-in-the-2021-west-bengal-assembly-elections/,2023 tendra 366 dias,2021 వెస్ట్ బెంగాల్ అసెంబ్లీ ఎన్నికలలో జరిగిన రిగ్గింగ్ ఘటన వీడియో,0,3.257328990228013e-05
https://factual.afp.com/http%253A%252F%252Fdoc.afp.com%252F9VB94Y-1,2023 tendra 366 dias,El calendario de febrero de 2022 se repetirá dentro de 823 años,0,0.05065759718527621
https://www.boombd.com/fake-news/false-claim-of-new-updated-messenger-2021-with-special-features-11545,2023 tendra 366 dias,নতুন ম্যাসেঞ্জার 2021 আপডেটে আপনাকে স্বাগতম,0,3.257328990228013e-05
https://www.vishvasnews.com/punjabi/society/fact-check-old-video-clip-of-mamata-banerjees-aug-2020-lockdown-rules-shared-as-recent/,2023 tendra 366 dias,ਅਗਸਤ 2021 ਵਿੱਚ ਬੰਗਾਲ ਵਿੱਚ ਮੁਕੰਮਲ ਲਾਕ ਡਾਊਨ,0,0.0
https://maldita.es/malditobulo/20220110/bulo-823-anos-dias-semana-febrero-repiten-cuatro-veces/,2023 tendra 366 dias,Cada 823 años febrero tiene 4 días de la semana en todo el mes,0,0.004064666372628274
https://newschecker.in/ml/fact-check-ml/bakery-picture-is-of-2021/,2023 tendra 366 dias,രാഹുൽ ഗാന്ധി ഈ അടുത്ത ദിവസങ്ങളിൽ ഒരു ബേക്കറിയിൽ.,0,3.257328990228013e-05
https://factly.in/telugu-agriculture-infrastructure-and-development-cess-will-not-increase-the-burden-on-petrol-and-diesel-consumers/,2023 tendra 366 dias,కేంద్ర ప్రభుత్వం ప్రవేశపెట్టిన 2021-22 బడ్జెట్ లో పెట్రోల్ ధర రూ.2.5 మరియు డీజిల్ ధర రూ.4 పెంచారు,0,0.0033659066232356134
https://www.snopes.com/fact-check/are-there-69420-days-until-4-20-69/,2023 tendra 366 dias,"There are 69,420 days until April 20th, 2069.",0,0.013365906623235613
https://colombiacheck.com/chequeos/trino-de-gobernadora-del-valle-sobre-confinamiento-total-el-fin-de-semana-es-de-enero-de,2023 tendra 366 dias,Valle tendrá confinamiento total del 9 al 11 de abril de 2021,0,0.01
https://www.newtral.es/pablo-iglesias-no-va-a-ganar-200-000-euros-anuales-ni-tendra-un-sueldo-vitalicio/20200119/,2023 tendra 366 dias,Pablo Iglesias va a ganar 200.000 euros anuales y tendrá un sueldo vitalicio,0,0.01753257328990228
https://www.fastcheck.cl/2021/06/02/en-el-contexto-de-america-latina-chile-tuvo-una-de-las-menores-contracciones-de-su-economia-el-ano-2020-y-tendra-una-de-las-mayores-recuperaciones-durante-este-2021-real/,2023 tendra 366 dias,"“En el contexto de América Latina, Chile tuvo una de las menores contracciones de su economía el año 2020 y tendrá una de las mayores recuperaciones durante este 2021”",0,0.007777777777777777
https://factual.afp.com/el-alzheimer-no-se-diagnostica-con-una-prueba-unica-segun-expertos,2023 tendra 366 dias,Esta prueba permite saber si se tendrá alzhéimer,0,0.02335820895522388
https://factual.afp.com/http%253A%252F%252Fdoc.afp.com%252F9RW7UX-3,2023 tendra 366 dias,Si se deroga la LUC los presos que se fuguen no tendrán consecuencias,0,0.013609531706546631
https://maldita.es/malditobulo/20210816/antequera-malaga-lote-vacunas-caducado/,2023 tendra 366 dias,Diario Sur publica que los vacunados en Antequera entre el 11 y el 13 de agosto tendrán que volver a vacunarse por un lote de vacunas caducado,0,3.257328990228013e-05
https://factual.afp.com/la-informacion-sobre-la-radicacion-de-evo-morales-en-san-miguel-de-allende-surge-de-un-portal,2023 tendra 366 dias,Evo Morales vivirá en San Miguel de Allende; tendrá una beca mensual de 150 mil pesos,0,0.0007718410747383531
https://factual.afp.com/doc.afp.com.32E38PP,2023 tendra 366 dias,Junta vecinal tendrá que ser aprobada por concejo municipal y un alcalde,0,0.010024875621890549
https://maldita.es/malditobulo/20220110/dni-mascotas-vigor-5-enero/,2023 tendra 366 dias,Las mascotas tendrán un DNI ya que son considerados miembros de la unidad familiar,0,0.01206140350877193
https://maldita.es/malditobulo/20220328/biden-europa-gas-ruso/,2023 tendra 366 dias,"Vídeo de Joe Biden en el que dice que el coste que tendrá sobre Europa cortar el gas ruso es ""el precio"" que está ""dispuesto a pagar""",0,0.0012280701754385963
https://maldita.es/clima/bulo/20220328/biden-europa-gas-ruso/,2023 tendra 366 dias,"Vídeo de Joe Biden en el que dice que el coste que tendrá sobre Europa cortar el gas ruso es ""el precio"" que está ""dispuesto a pagar""",0,0.0033659066232356134
https://www.newtral.es/el-exministro-de-defensa-de-canada-no-dijo-a-una-ciudadana-que-se-quejo-del-trato-a-terroristas-que-pronto-tendra-uno-en-su-casa/20190823/,2023 tendra 366 dias,El exministro de Defensa de Canadá dice a una ciudadana que se quejó del trato a terroristas que pronto tendrá uno en su casa,0,3.257328990228013e-05
https://www.verificat.cat/fact-check/laura-borras-no-tiene-garantizada-su-nomina-de-forma-vitalicia-si-cumple-dos-anos-como-presidenta-del-parlament,2023 tendra 366 dias,"“Laura Borràs, si aguanta hasta marzo, tendrá el 50% de su nómina, o el 40%, garantizada de forma vitalicia”",0,0.013823193255053913
https://efectococuyo.com/cocuyo-chequea/reino-unido-suspendio-vacunacion-covid-19-falso/,reino unido para de vacunar niños,Reino Unido suspendió la vacunación contra COVID-19 en los niños por ser tremendamente peligrosa,1,0.7933333333333333
https://www.newtral.es/reino-unido-vacuna-ninos-covid/20221005/,reino unido para de vacunar niños,Reino Unido ha detenido la vacunación contra la covid en niños de 5 a 11 años por un aumento de muertes en este grupo de población. ,1,0.8266666666666667
https://colombiacheck.com/chequeos/cifras-sobre-muertes-de-vacunados-por-covid-en-reino-unido-son-sacadas-de-contexto,reino unido para de vacunar niños,9 de cada 10 vacunados contra covid-19 mueren en Reino Unido,0,0.023333333333333334
https://maldita.es/malditobulo/20210804/abortos-mujeres-vacuna-covid-19-bebes-reino-unido/,reino unido para de vacunar niños,Ha aumentado un 5.400% el número de abortos en mujeres que se vacunaron contra la COVID-19 en Reino Unido,0,0.0033333333333333335
https://www.newtral.es/bulo-reino-unido-oleada-muertes-vacuna/20201207/,reino unido para de vacunar niños,El gobierno del Reino Unido se prepara para una oleada de muertes por vacunas del COVID-19,0,0.03333333333333333
https://factual.afp.com/doc.afp.com.9X39EG,reino unido para de vacunar niños,La vacunación en Reino Unido está bajo investigación criminal,0,0.12
https://factual.afp.com/doc.afp.com.9XQ8R6,reino unido para de vacunar niños,Reino Unido admite que los vacunados tienen dañado sistema inmune,0,0.11333333333333333
https://www.rtve.es/noticias/20220830/reino-unido-recomienda-vacunacion-embarazadas/2399199.shtml,reino unido para de vacunar niños,El Reino Unido no recomiende la vacunación contra la COVID-19 a embarazadas,0,0.12333333333333334
https://maldita.es/malditobulo/20201211/no-supuesta-noticia-primera-mujer-vacunarse-coronavirus-reino-unido-estado-critico-montaje/,reino unido para de vacunar niños,La primera mujer en recibir la vacuna en Reino Unido se encuentra en estado crítico,0,0.03004016064257028
https://verifica.efe.com/vacunas-covid-no-causan-muerte-50-ninos/,reino unido para de vacunar niños,Unos 50 niños han muerto a causa de la vacuna de la covid-19 en Europa y Estados Unidos.,0,0.06333333333333334
https://www.europapress.es/verificaciones/noticia-no-no-ilegal-vacunar-ninos-contra-covid-19-afirma-mensaje-circula-telegram-20211215125725.html,reino unido para de vacunar niños,Es ilegal vacunar a los niños,0,0.06666666666666667
https://maldita.es/malditobulo/20220906/reino-unido-vacuna-covid-embarazadas/,reino unido para de vacunar niños,El gobierno del Reino Unido dice que la vacuna no es segura para las mujeres embarazadas o lactantes y no la recomienda,0,0.03666666666666667
https://www.aosfatos.org/noticias/posteos-sacan-de-contexto-datos-al-vincular-vacunas-con-enfermedades-oculares-en-el-reino-unido/,reino unido para de vacunar niños,Las vacunas causan enfermedades oculares y cegan a las personas en el Reino Unido,0,0.0303030303030303
https://efectococuyo.com/cocuyo-chequea/es-un-riesgo-vacunar-a-ninos-contra-covid-19/,reino unido para de vacunar niños,Es un riesgo vacunar niños contra COVID-19,0,0.043333333333333335
https://factual.afp.com/nada-prueba-que-la-primera-mujer-vacunada-contra-el-covid-19-en-reino-unido-sea-actriz,reino unido para de vacunar niños,"Margaret Keenan, la primera mujer que recibió la vacuna contra el covid-19 en Reino Unido es una actriz",0,0.013333333333333334
https://www.newtral.es/abortos-por-vacunas-covid-reino-unido/20210723/,reino unido para de vacunar niños,Datos del Reino Unido muestran un aumento del 5.400% en el número de mujeres que han perdido a su bebé después de recibir vacunas COVID (...) Es la última actualización sobre el número de niños no nacidos como consecuencia de que las madres hayan recibido la vacuna,0,0.02
https://factual.afp.com/cnn-no-publico-en-octubre-un-video-de-la-primera-mujer-que-recibio-la-vacuna-contra-el-covid-19,reino unido para de vacunar niños,CNN publicó en octubre pasado la imagen de la mujer que recibió la primera vacuna contra el covid-19 en Reino Unido,0,1.3280212483399734e-05
https://factcheck.kz/glavnoe/pravda-i-manipulyaciya-v-zayavlenii-glavy-%e2%80%8eligi-zashhitnikov-pacientov-saverskogo/,reino unido para de vacunar niños,вакцина дети коронавирус,0,0.27666666666666667
https://www.newtral.es/no-existe-evidencia-cientifica-de-que-las-vacunas-causen-autismo/20181005/,reino unido para de vacunar niños,Las vacunas causan autismo,0,0.07427777777777778
https://politica.estadao.com.br/blogs/estadao-verifica/video-mostra-estudantes-correndo-de-gas-lacrimogeneo-e-nao-de-vacinacao-obrigatoria/,reino unido para de vacunar niños,"Na África, crianças fogem da vacinação forçada",0,0.2839259259259259
https://colombiacheck.com/chequeos/este-video-no-es-de-un-padre-desesperado-porque-su-hijo-murio-tras-ser-vacunado-por-covid,reino unido para de vacunar niños,niño muere por vacuna anti covid,0,0.1
https://apa.at/faktencheck/warnung-vor-kinder-grippe-impfung/,reino unido para de vacunar niños,"Laut Gesundheitsminister Rudi Anschober ist es geplant, ab Herbst alle Kinder in Österreich mit einem Nasenspray gegen Grippe zu impfen. Der Nasenspray enthält toxische Stoffe, „gentechnisch veränderte Bestandteile” sowie Zellen von Affen und Hunden.",0,0.007115859051342922
https://www.altnews.in/government-wrongly-claims-no-country-vaccinating-children-clarifies-later/,reino unido para de vacunar niños,No country in the world is vaccinating children against coronavirus,0,0.061974526761725254
https://healthfeedback.org/how-we-know-vaccines-do-not-cause-autism-why-this-belief-persists/,reino unido para de vacunar niños,vaccines cause autism,0,0.004844707874231745
https://factchecknederland.afp.com/onjuiste-beweringen-over-vaccins-voor-jonge-kinderen-circuleren-op-sociale-media,reino unido para de vacunar niños,Deze lijst met vaccin-ingrediënten bevat giftige en kankerverwekkende stoffen,0,0.035127875200933786
https://www.thip.media/health-news-fact-check/fact-check-will-kids-in-the-uk-no-longer-offered-covid-vaccines/35484/,reino unido para de vacunar niños,Children in the UK no longer be jabbed with COVID vaccines,1,0.8833333333333333
https://thelogicalindian.com/fact-check/no-coronavirus-vaccine-for-children-28592,reino unido para de vacunar niños,No country in the World is giving Vaccines to children.,0,0.03706349206349206
https://dpa-factchecking.com/netherlands/210512-99-571129,reino unido para de vacunar niños,"Verplichte vaccinatie voor kinderen op komst in Duitsland"" en ""families met ongevaccineerde kinderen worden buitengesloten",0,0.14411920913880094
https://verifica.efe.com/hospitalizados-covid-19-vacunados/,reino unido para de vacunar niños,La mayoría de hospitalizados por coronavirus están inmunizado con la pauta completa o incluso con la tercera dosis.,0,0.013401360544217686
https://vistinomer.mk/vo-avstralija-sudiite-ne-se-oslobodeni-od-vakcinacija/,reino unido para de vacunar niños,"Во постот се вели дека во Австралија, поточно во Викторија, Мелбурн – судиите се ослободени од вакцинација.",0,0.0033659066232356134
https://factcheck.afp.com/doc.afp.com.32JN4VX-1,reino unido para de vacunar niños,UK government banned Covid vaccine for children age 5-11,1,0.7666666666666667
https://www.thequint.com/news/webqoof/fact-check-no-country-in-the-world-vaccinating-children-against-covid-19,reino unido para de vacunar niños,No country in the world has started vaccinating children,0,0.09333333333333334
https://factual.afp.com/la-foto-de-una-marcha-multitudinaria-fue-tomada-en-la-habana-un-1-de-mayo-no-en-colombia,protesta moldavia otan,Protesta masiva en Colombia,0,0.0469019998107002
https://www.vishvasnews.com/politics/fact-check-the-old-picture-of-west-bengal-is-now-viral-in-the-name-of-farmers-rally/,protesta moldavia otan,Kisan Protest,0,0.03015361612044232
https://www.butac.it/voto-di-protesta/,protesta moldavia otan,"Il Voto di Protesta è una forma di voto legittimo e Costituzionale, regolato dal DPR 361 del 1957, che permette di poter denunciare correttamente il proprio dissenso ai Partiti Politici presenti nelle liste elettorali.",0,0.023412698412698413
https://teyit.org/analiz-italyadaki-asi-karsiti-protestoyu-gosterdigi-iddia-edilen-fotograf,protesta moldavia otan,İtalya'daki aşı karşıtı protestoyu gösterdigi iddia edilen fotoğraf,0,3.257328990228013e-05
https://newsmobile.in/articles/2020/12/04/fact-check-2019-picture-shared-as-farmers-demanding-restoration-of-article-370-heres-the-truth/,protesta moldavia otan,picture of farmers' protest,0,0.017024875621890548
https://www.butac.it/protestano-in-nome-di-unamerica-ignorata/,protesta moldavia otan,...abbiamo visto un video di delle nostre delle nostre amiche che cercando di tirare giù dalle finestre dei membri di antifa che si mischiavano nella folla per entrare la...,0,0.006666666666666667
https://verificat.afp.com/acest-video-arata-o-demonstratie-pe-un-bulevard-aglomerat-din-rusia-nu-din-olanda,protesta moldavia otan,Acest video arată un protest din Olanda,0,0.020433671314290615
https://newsmeter.in/fact-check/fact-check-2019-video-of-pro-caa-rally-falsely-linked-to-farmers-protest-673647,protesta moldavia otan,video of farmers’ protest,0,0.06
https://newschecker.in/fact-check/old-images-of-a-religious-leader-falsely-shared-in-context-of-ongoing-farmers-protest/,protesta moldavia otan,Fraud protestor in Kisan Andolan,0,0.01945902492420395
https://defacto-observatoire.fr/Medias/Factuel/Fact-checks/Non-cette-video-ne-montre-pas-une-manifestation-en-Italie-contre-la-hausse-des-prix-du-gaz-et-de-l-electricite/,protesta moldavia otan,Des manifestants italiens protestent contre les prix de l'énergie,0,0.015329442075458275
https://factuel.afp.com/doc.afp.com.32JT8XW-1,protesta moldavia otan,Des manifestants italiens protestent contre les prix de l'énergie,0,0.01719666298953646
https://newsmobile.in/articles/2020/06/03/fact-check-old-picture-from-barcelona-shared-as-a-recent-one-from-the-us/,protesta moldavia otan,Picture of protest from the US,0,0.006087447905629723
https://newsmobile.in/articles/2020/12/16/fact-check-video-showing-protesters-raising-pro-khalistan-slogans-is-not-from-ongoing-farmers-agitation-heres-the-truth/,protesta moldavia otan,Video of farmers' protest,0,0.006666666666666667
https://oko.press/debunking/masowe-protesty-w-rosji/,protesta moldavia otan,Będą masowe protesty w związku z trudnościami gospodarczymi i to może doprowadzić do zakończenia wojny i zmiany władzy,0,0.011024636781965773
https://sprawdzam.afp.com/zdjecie-nie-przedstawia-protestow-przeciwko-restrykcjom-w-czasie-pandemii-ale-manifestacje-przeciwko,protesta moldavia otan,Protest w Rumunii przeciwko lockdownowi,0,0.030893925306059198
https://newsmobile.in/articles/2020/09/25/fact-check-rail-roko-picture-from-2015-shared-as-recent-one-from-farmers-protest/,protesta moldavia otan,picture of farmers protesting,0,0.006666666666666667
https://newsmobile.in/articles/2020/09/21/fact-check-dont-fall-for-this-old-picture-it-has-nothing-to-do-with-recent-farmers-agitation/,protesta moldavia otan,picture of Kisan protest,0,0.013604396332925716
https://www.newtral.es/protestas-otan-moldavia-bulo/20221005/,protesta moldavia otan,Este vídeo muestra una protesta en Moldavia para impedir el paso de un convoy militar de la OTAN que se dirige a Ucrania en 2022.,1,0.9166666666666666
https://factcheck.afp.com/image-has-been-doctored-suggest-filipino-protesters-were-demanding-payment,protesta moldavia otan,Filipino protesters demanding payment,0,0.03
https://factual.afp.com/doc.afp.com.32KF9PA,protesta moldavia otan,"Protesta por envío de armas de la OTAN a Ucrania, en Moldavia, en 2022",1,0.9666666666666667
https://facta.news/fuori-contesto/2022/10/05/moldavia-armi-ucraina/,protesta moldavia otan,"MOLDAVIA: UN CONVOGLIO DI ARMI E VEICOLI BLINDATI VERSO L'UCRAINA, SOPERVISIONATO DA SOLDATI AMERICANI E FRANCESI BLOCCATO DALLA POPOLAZIONE MOLDAVA.",1,0.7081103360811669
https://faktograf.hr/2022/07/28/putin-nije-poslao-poruku-da-je-spreman-moldaviju-rasturiti-u-komadice/,protesta moldavia otan,Predsjednik Rusije Vladimir Putin poslao je poruku da je spreman ratovati i u Moldaviji jer se previše približila EU te da ih je spreman rasturiti u komadiće.,0,0.038070525312816704
https://factuel.afp.com/doc.afp.com.32JV8XQ,protesta moldavia otan,Cette vidéo montre une manifestation de Moldaves contre une livraison d'armes à l'Ukraine,1,0.8933333333333333
https://piaui.folha.uol.com.br/lupa/2022/02/07/verificamos-manifestacao-canada-moscou/,protesta moldavia otan,"Quase 2 milhões nas ruas de 'Otawa' protestando contra a vacina e a imprensa podre do Brasil, calada!",0,0.13345285905526869
https://lupa.uol.com.br/jornalismo/2022/02/07/verificamos-manifestacao-canada-moscou,protesta moldavia otan,"Quase 2 milhões nas ruas de 'Otawa' protestando contra a vacina e a imprensa podre do Brasil, calada!",0,0.0608383785843954
https://factual.afp.com/http%253A%252F%252Fdoc.afp.com%252F9HL298-1,protesta moldavia otan,Foto de una protesta en Cuba,0,0.03695674680910115
http://checkyourfact.com/2022/02/03/fact-check-ottawa-million-protesters-convoy/,protesta moldavia otan,2.3 million protesters arrived to support protests in Ottawa.,0,0.012045454545454545
https://colombiacheck.com/chequeos/video-que-pide-orar-por-colombia-contra-la-maquinaria-progresista-usa-montaje-de-boric-en,protesta moldavia otan,Foto de Gabriel Boric en protestas es un montaje,0,0.010503953761282752
https://kallxo.com/krypometer/rrena-e-labit-per-mjeker-e-floke/,protesta moldavia otan,Protesta me mosprerjen e flokëve dhe mjekrës,0,0.006666666666666667
https://factual.afp.com/este-joven-fue-detenido-en-manifestaciones-estudiantiles-en-2013-en-chile,protesta moldavia otan,Detenido en protesta en Chile,0,0.011421987887166913
https://factual.afp.com/fotografias-de-violentas-detenciones-erroneamente-asociadas-las-actuales-protestas-en-chile,protesta moldavia otan,Detenidos en protesta en Chile,0,0.0319582247102986
https://factual.afp.com/doc.afp.com.32KR8YC,protesta moldavia otan,"Protesta en el malecón de La Habana, Cuba",0,0.03146443576444051
https://cinjenice.afp.com/doc.afp.com.9XX6ML,protesta moldavia otan,Kamiondžije iz Južne Karoline idu u Otavu da se pridruže protestu,0,0.013412698412698413
https://www.politifact.com/factchecks/2022/oct/06/facebook-posts/claims-about-obama-foundation-keeping-classified-r/,The Obama Foundation stored classified documents in an abandoned furniture warehouse.,"“The Obama Foundation stored classified documents in an abandoned furniture warehouse.”
",1,0.9633333333333334
https://www.newsweek.com/fact-check-was-donald-trump-allowed-destroy-classified-documents-1733150,The Obama Foundation stored classified documents in an abandoned furniture warehouse.,Donald Trump was allowed to destroy classified documents,0,0.003467656376356771
https://factuel.afp.com/ar/us-government-document-shared-alongside-false-claim-obama-funded-al-qaeda,The Obama Foundation stored classified documents in an abandoned furniture warehouse.,‏الرئيس ترمب يرفع السرية عن وثائق تدين إدارة أوباما بتمويل تنظيم القاعدة.,0,0.006724115578459495
https://www.politifact.com/factchecks/2020/apr/08/donald-trump/trump-said-obama-admin-left-him-bare-stockpile-wro/,The Obama Foundation stored classified documents in an abandoned furniture warehouse.,The Obama administration left Trump with a “stockpile with a cupboard that was bare.”,0,0.00048505572441742646
https://leadstories.com/hoax-alert/2018/11/fake-news-trump-diverts-obama-library-funding-to-veterans-administration.html,The Obama Foundation stored classified documents in an abandoned furniture warehouse.,Trump Diverts Obama Library Funding to Veteran’s Administration,0,6.802721088435374e-05
http://checkyourfact.com/2022/08/25/fact-check-fbi-seizes-trumps-home/,The Obama Foundation stored classified documents in an abandoned furniture warehouse.,claims the FBI seized former President Trump's home.,0,0.012222222222222221
https://www.factcheck.org/2022/08/trumps-dubious-standing-order-to-declassify-documents/,The Obama Foundation stored classified documents in an abandoned furniture warehouse.,"Trump ""had a “standing order … that documents removed from the Oval Office and taken to the [Mar-a-Lago] residence were deemed to be declassified the moment he removed them.”",0,0.007845804988662131
https://factuel.afp.com/cet-article-annoncant-larrestation-dobama-pour-espionnage-est-base-sur-un-document-detourne,The Obama Foundation stored classified documents in an abandoned furniture warehouse.,Un document annonçant l'arrestation d'Obama,0,0.00014751581863791231
https://leadstories.com/hoax-alert/2019/06/fake-news-trump-cancels-funding-obama-free-house-and-library.html,The Obama Foundation stored classified documents in an abandoned furniture warehouse.,Donald Trump cancelled funding for Obama's free house and library,0,0.04902132391418105
https://factcheck.afp.com/us-government-document-shared-alongside-false-claim-obama-funded-al-qaeda,The Obama Foundation stored classified documents in an abandoned furniture warehouse.,Memorandum shows US declaring Obama a funder of Al-Qaeda,0,0.01
https://observers.france24.com/en/americas/20210122-donald-trump-declassify-secret-documents,The Obama Foundation stored classified documents in an abandoned furniture warehouse.,Donald Trump is going to declassify secret documents,0,0.01698924731182796
https://www.politifact.com/north-carolina/statements/2017/jun/09/north-carolina-republican-party/james-comey-hearings-did-former-fbi-director-admit/,The Obama Foundation stored classified documents in an abandoned furniture warehouse.,Says former FBI Director James Comey admitted to leaking classified information.,0,3.257328990228013e-05
http://www.politifact.com/factchecks/2017/jun/09/north-carolina-republican-party/james-comey-hearings-did-former-fbi-director-admit/,The Obama Foundation stored classified documents in an abandoned furniture warehouse.,Says former FBI Director James Comey admitted to leaking classified information.,0,0.0
https://www.snopes.com/fact-check/obama-wasnt-arrested/,The Obama Foundation stored classified documents in an abandoned furniture warehouse.,Former U.S. President Barack Obama was arrested for espionage.,0,0.01763020229966518
https://observers.france24.com/fr/am%C3%A9riques/20210119-non-donald-trump-ne-d%C3%A9classifiera-pas-des-documents-secrets-avant-la-fin-de-son-mandat,The Obama Foundation stored classified documents in an abandoned furniture warehouse.,Donald Trump va déclassifier des documents secrets avant la fin de son mandat,0,0.0033333333333333335
https://www.newtral.es/fact-check-paises-bajos-eutanasia-consentimiento-vox/20210324/,30% de medicos holandeses hacen eutanasias sin consentimiento,"“El 30% de los médicos allí (en Países Bajos) según un informe, el Informe Remmelink, dice que han realizado eutanasias sin el consentimiento de las personas”",1,0.9933333333333333
https://factual.afp.com/holanda-no-prepara-la-aprobacion-de-una-pastilla-de-la-eutanasia-para-mayores-de-70-anos,30% de medicos holandeses hacen eutanasias sin consentimiento,Holanda aprobará una pastilla de la eutanasia que no necesitará prescripción médica,0,0.55
https://www.europapress.es/verificaciones/noticia-gobierno-nueva-zelanda-no-aprobado-eutanasia-pacientes-covid-19-20220128161330.html,30% de medicos holandeses hacen eutanasias sin consentimiento,Nueva Zelanda aprueba la eutanasia para pacientes con COVID-19,0,0.09408805798332477
https://www.newtral.es/eutanasia-covid-nueva-zelanda/20220126/,30% de medicos holandeses hacen eutanasias sin consentimiento,Nueva Zelanda aprueba la eutanasia para los enfermos de COVID-19,0,0.09004016064257027
https://verifica.efe.com/nueva-zelanda-eutanasia-no-pacientes-graves-covid/,30% de medicos holandeses hacen eutanasias sin consentimiento,Nueva Zelanda ha aprobado una ley de eutanasia para enfermos graves de covid y concede incentivos económicos a los médicos para que practiquen la muerte asistida de estos pacientes.,0,0.08383333333333333
https://factual.afp.com/doc.afp.com.9Z446P,30% de medicos holandeses hacen eutanasias sin consentimiento,Nueva Zelanda aprueba eutanasia por covid,0,0.07742307692307691
https://cekfakta.com/focus/8967,30% de medicos holandeses hacen eutanasias sin consentimiento,Pemerintah New Zealand Mengizinkan Euthanasia Secara Spesifik bagi Pasien COVID-19,0,0.013365906623235613
https://www.thip.media/health-news-fact-check/fact-check-has-new-zealand-approved-euthanasia-for-covid-19-patients/28321/,30% de medicos holandeses hacen eutanasias sin consentimiento,New Zealand Govt allowed Euthanasia for COVID-19 patients,0,0.01003257328990228
https://factuel.afp.com/doc.afp.com.9ZK8XP,30% de medicos holandeses hacen eutanasias sin consentimiento,La Nouvelle-Zélande autorise l'euthanasie pour les patients Covid,0,0.05006802721088435
https://factual.afp.com/doc.afp.com.32AV63Y,30% de medicos holandeses hacen eutanasias sin consentimiento,Documentos de Pfizer revelan mortalidad del 3% en sus vacunas anticovid,0,0.04129553577586631
https://factcheck.afp.com/doc.afp.com.323T3ME,30% de medicos holandeses hacen eutanasias sin consentimiento,Euthanasia approved for Covid patients in New Zealand,0,0.0492672671674533
https://www.open.online/2020/04/02/coronavirus-la-bufala-del-dottore-italiano-arrestato-per-aver-ucciso-3000-pazienti-covid-19/,30% de medicos holandeses hacen eutanasias sin consentimiento,L’Italia arresta un medico per l’uccisione intenzionale di oltre 3.000 pazienti con coronavirus,0,0.027978030202835555
https://factcheckthailand.afp.com/http%253A%252F%252Fdoc.afp.com%252F9J99JG-1,30% de medicos holandeses hacen eutanasias sin consentimiento,รัฐบาลไทยเพิ่มภาษีผ้าอนามัยแบบสอดเป็นอัตรา 30%,0,0.17002487562189056
https://factual.afp.com/no-la-adolescente-holandesa-noa-pothoven-no-murio-por-eutanasia,30% de medicos holandeses hacen eutanasias sin consentimiento,La adolescente holandesa Noa Pothoven murió por eutanasia.,0,0.13833333333333334
https://maldita.es/malditobulo/20200306/no-el-ministerio-de-igualdad-no-ha-publicado-ningun-consentimiento-legal-para-mantener-relaciones-sexuales/,30% de medicos holandeses hacen eutanasias sin consentimiento,Formulario de consentimiento sexual,0,0.0
https://maldita.es/malditobulo/20220803/no-el-ministerio-de-igualdad-no-ha-publicado-ningun-consentimiento-legal-para-mantener-relaciones-sexuales/,30% de medicos holandeses hacen eutanasias sin consentimiento,Formulario de consentimiento sexual,0,0.0
https://maldita.es/malditobulo/20220531/no-el-ministerio-de-igualdad-no-ha-publicado-ningun-consentimiento-legal-para-mantener-relaciones-sexuales/,30% de medicos holandeses hacen eutanasias sin consentimiento,Formulario de consentimiento sexual,0,0.0
https://www.rtve.es/noticias/20220729/no-obligacion-contrato-consentimiento-relaciones-sexuales-nueva-ley-solosiessi/2392881.shtml,30% de medicos holandeses hacen eutanasias sin consentimiento,"La Ley del 'solo sí es sí' obliga a un contrato de consentimiento para tener sexo
",0,0.020467132642805638
https://www.univision.com/noticias/falso-ninos-enviados-escuela-vacunados-sin-consentimiento-padres,30% de medicos holandeses hacen eutanasias sin consentimiento,Los niños enviados a la escuela serán vacunados sin el consentimiento de los padres,0,0.006756199253895107
https://maldita.es/malditobulo/20201002/oms-ninos-escuela-consentimiento-vacunacion/,30% de medicos holandeses hacen eutanasias sin consentimiento,Según la OMS la presencia de su hijo en la escuela cuenta como consentimiento para su vacunación,0,0.01679635989646539
https://factual.afp.com/el-autor-del-video-que-denuncia-la-falta-de-insumos-en-espana-no-es-medico,30% de medicos holandeses hacen eutanasias sin consentimiento,"Médico español denuncia eutanasia forzada a ancianos con coronavirus, COVID-19",0,0.13362798727498448
https://maldita.es/malditaciencia/20221006/bulos-policia-sant-joan-moro-covid/,30% de medicos holandeses hacen eutanasias sin consentimiento,La Policía Local de Sant Joan de Moró dice que la vacuna es experimental y necesita una receta médica y un consentimiento informado,0,0.013508336006031858
https://verifica.efe.com/ley-solo-si-es-si-contrato-consentimiento-sexual/,30% de medicos holandeses hacen eutanasias sin consentimiento,Con la ley de solo sí es sí los hombres tendrán que disponer de un contrato de consentimiento sexual para mantener relaciones con una mujer.,0,0.006832322887313921
https://www.univision.com/noticias/vacunas-covid-no-matan-gente-experimentos-humanos,30% de medicos holandeses hacen eutanasias sin consentimiento,Se están cometiendo “crímenes de guerra” y experimentos humanos sin consentimiento con las vacunas contra el covid-19,0,0.040121042830540035
https://www.newtral.es/ocumento-consentimiento-relaciones-sexuales-ministerio-igualdad-bulo/20200306/,30% de medicos holandeses hacen eutanasias sin consentimiento,El Ministerio de Igualdad publica un documento de consentimiento para relaciones sexuales,0,0.01
https://observador.pt/factchecks/a-holanda-e-responsavel-pelo-massacre-de-srebrenica/,30% de medicos holandeses hacen eutanasias sin consentimiento,Conhecemos a Holanda e os holandeses do massacre de Srebrenica. Sabemos como é podre o caráter deles desde o massacre de 8 mil bósnios.,0,0.022995102146851146
https://maldita.es/malditobulo/20220923/irene-montero-ninos-relaciones-sexuales-consentimiento-pederastia/,30% de medicos holandeses hacen eutanasias sin consentimiento,"Irene Montero: ""Los niños pueden amar o tener relaciones sexuales con quien les de la gana, basadas, eso sí, en el consentimiento""",0,0.0
https://maldita.es/feminismo/20220923/irene-montero-ninos-relaciones-sexuales-consentimiento-pederastia/,30% de medicos holandeses hacen eutanasias sin consentimiento,"Irene Montero: ""Los niños pueden amar o tener relaciones sexuales con quien les de la gana, basadas, eso sí, en el consentimiento""",0,0.0033333333333333335
https://maldita.es/feminismo/20220927/irene-montero-ninos-relaciones-sexuales-consentimiento-pederastia/,30% de medicos holandeses hacen eutanasias sin consentimiento,"Irene Montero: &quot;Los niños pueden amar o tener relaciones sexuales con quien les de la gana, basadas, eso sí, en el consentimiento&quot;",0,3.257328990228013e-05
https://www.rtve.es/noticias/20220729/no-obligacion-contrato-consentimiento-relaciones-sexuales-nueva-ley-solosiessi/2392881.shtml,contrato de consentimiento para tener sexo,"La Ley del 'solo sí es sí' obliga a un contrato de consentimiento para tener sexo
",1,0.9766666666666667
https://maldita.es/malditobulo/20200306/no-el-ministerio-de-igualdad-no-ha-publicado-ningun-consentimiento-legal-para-mantener-relaciones-sexuales/,contrato de consentimiento para tener sexo,Formulario de consentimiento sexual,1,0.85
https://maldita.es/malditobulo/20220803/no-el-ministerio-de-igualdad-no-ha-publicado-ningun-consentimiento-legal-para-mantener-relaciones-sexuales/,contrato de consentimiento para tener sexo,Formulario de consentimiento sexual,1,0.97
https://maldita.es/malditobulo/20220531/no-el-ministerio-de-igualdad-no-ha-publicado-ningun-consentimiento-legal-para-mantener-relaciones-sexuales/,contrato de consentimiento para tener sexo,Formulario de consentimiento sexual,1,0.9733333333333334
https://verifica.efe.com/ley-solo-si-es-si-contrato-consentimiento-sexual/,contrato de consentimiento para tener sexo,Con la ley de solo sí es sí los hombres tendrán que disponer de un contrato de consentimiento sexual para mantener relaciones con una mujer.,1,0.9566666666666667
https://maldita.es/malditobulo/20220923/irene-montero-ninos-relaciones-sexuales-consentimiento-pederastia/,contrato de consentimiento para tener sexo,"Irene Montero: ""Los niños pueden amar o tener relaciones sexuales con quien les de la gana, basadas, eso sí, en el consentimiento""",0,0.08883623647550966
https://maldita.es/feminismo/20220923/irene-montero-ninos-relaciones-sexuales-consentimiento-pederastia/,contrato de consentimiento para tener sexo,"Irene Montero: ""Los niños pueden amar o tener relaciones sexuales con quien les de la gana, basadas, eso sí, en el consentimiento""",0,0.06337349397590361
https://maldita.es/feminismo/20220927/irene-montero-ninos-relaciones-sexuales-consentimiento-pederastia/,contrato de consentimiento para tener sexo,"Irene Montero: &quot;Los niños pueden amar o tener relaciones sexuales con quien les de la gana, basadas, eso sí, en el consentimiento&quot;",0,0.010108187853454634
https://maldita.es/malditobulo/20220927/irene-montero-ninos-relaciones-sexuales-consentimiento-pederastia/,contrato de consentimiento para tener sexo,"Irene Montero: ""Los niños pueden amar o tener relaciones sexuales con quien les de la gana, basadas, eso sí, en el consentimiento""",0,0.1320526322978991
https://www.univision.com/noticias/falso-ninos-enviados-escuela-vacunados-sin-consentimiento-padres,contrato de consentimiento para tener sexo,Los niños enviados a la escuela serán vacunados sin el consentimiento de los padres,0,0.00673469387755102
https://www.newtral.es/ocumento-consentimiento-relaciones-sexuales-ministerio-igualdad-bulo/20200306/,contrato de consentimiento para tener sexo,El Ministerio de Igualdad publica un documento de consentimiento para relaciones sexuales,1,0.8233333333333334
https://maldita.es/malditobulo/20220706/caronazin-cuenta-trol-escritora-colombiana-carolina-sanin/,contrato de consentimiento para tener sexo,Cuenta de Twitter @CaroNazin que dice que todo abrazo que un hijo quiera darle a su madre debe tener consentimiento de esta porque sino es acoso,0,4.991024911343637e-05
https://maldita.es/malditobulo/20201002/oms-ninos-escuela-consentimiento-vacunacion/,contrato de consentimiento para tener sexo,Según la OMS la presencia de su hijo en la escuela cuenta como consentimiento para su vacunación,0,0.21136917524814405
https://www.univision.com/noticias/vacunas-covid-no-matan-gente-experimentos-humanos,contrato de consentimiento para tener sexo,Se están cometiendo “crímenes de guerra” y experimentos humanos sin consentimiento con las vacunas contra el covid-19,0,0.007244572158365261
https://www.newtral.es/contrato-consentimiento-sexual-ley-del-solo-si-es-si/20220730/,contrato de consentimiento para tener sexo,"Con la nueva ley del ‘solo sí es sí’, los hombres no tendrán presunción de inocencia, serán culpables hasta que se demuestre lo contrario. La imagen que aparece en pantalla es un contrato de consentimiento sexual, que los hombres deberán llevar si no quieren líos.",1,0.9366666666666666
https://www.newtral.es/bulos-dioxido-de-cloro-corte-internacional-derechos-humanos/20210113/,contrato de consentimiento para tener sexo,La Corte Internacional de Derechos Humanos reglamenta el uso de dióxido de cloro para toda persona que así lo requiera y bajo su consentimiento. ,0,0.011767676767676767
https://maldita.es/malditaciencia/20221006/bulos-policia-sant-joan-moro-covid/,contrato de consentimiento para tener sexo,La Policía Local de Sant Joan de Moró dice que la vacuna es experimental y necesita una receta médica y un consentimiento informado,0,0.0010568480659968826
https://www.politifact.com/factchecks/2022/oct/06/facebook-posts/no-aileen-cannon-judge-trump-documents-case-wasnt-/,aileen canon arrested,"Aileen Cannon has been arrested.
",1,0.71
https://dabegad.com/%d8%ad%d9%82%d9%8a%d9%82%d8%a9-%d8%a7%d9%84%d9%82%d8%a8%d8%b6-%d8%b9%d9%84%d9%89-%d8%a7%d8%a8%d9%88%d8%aa%d8%b1%d9%8a%d9%83%d8%a9/,aileen canon arrested,لحظة اعتقال ابو تريكة,0,0.10549020788588907
https://pesacheck.org/true-narok-senator-ledama-olekina-was-arrested-for-hate-speech-8a60e15cd1f3,aileen canon arrested,Senator Ledama arrested,0,0.010438812127377017
https://fatabyyano.net/%d9%87%d8%b0%d9%87-%d8%a7%d9%84%d8%b5%d9%88%d8%b1%d8%a9-%d9%84%d9%8a%d8%b3%d8%aa-%d9%84%d8%a7%d8%b9%d8%aa%d9%82%d8%a7%d9%84-%d8%a7%d9%84%d9%85%d8%ba%d9%86-%d8%b3%d9%8a%d9%81-%d9%86%d8%a8%d9%8a%d9%84/,aileen canon arrested,اعتقال المغن سيف نبيل,0,0.05901155226888125
https://pesacheck.org/False.-headline-elgeyo-marakwet-senator-kipchumba-murkomen-was-not-under-arrest-as-senate-debated-6e6290ec10d9,aileen canon arrested,Senator Murkomen arrested,0,0.00012104283054003725
https://www.altnews.in/photographs-of-children-sitting-in-dickey-shared-with-child-kidnapping-rumours/,aileen canon arrested,Photographs of arrested child-kidnappers,0,0.0033333333333333335
https://leadstories.com/hoax-alert/2021/06/fact-check-dwayne-the-rock-johnson-was-not-arrested-for-child-porn.html,aileen canon arrested,the rock arrested for child porn,0,0.043333333333333335
https://factcheck.afp.com/no-pope-was-not-arrested-child-trafficking,aileen canon arrested,Pope Francis was arrested,0,0.006679946879150066
https://pesacheck.org/true-babu-owino-has-been-arrested-over-a-shooting-incident-in-kilimani-c5991867f4e9,aileen canon arrested,Babu Owino has been arrested ,0,0.016666666666666666
https://russian.leadstories.com/fact-check/2022/03/post.html,aileen canon arrested,Путин арестован,0,0.003641388716899525
https://fatabyyano.net/%d9%87%d8%b0%d9%87-%d8%a7%d9%84%d9%85%d8%b4%d8%a7%d9%87%d8%af-%d8%a7%d9%84%d9%85%d8%aa%d8%af%d8%a7%d9%88%d9%84%d8%a9-%d9%85%d8%b1%d9%83%d8%a8%d8%a9%d8%8c-%d9%88%d9%84%d8%a7-%d8%b5%d8%ad%d8%a9-%d9%84/,aileen canon arrested,اعتقال الحكم الغامبي بكاري جاساما,0,3.257328990228013e-05
https://www.factcrescendo.com/fact-check-gang-of-child-kidnappers-arrested/,aileen canon arrested,claim gang of child kidnappers arrested,0,0.006816387641214101
https://pesacheck.org/true-senior-magistrate-was-arrested-for-allegedly-killing-her-husband-cc53975ea836,aileen canon arrested,Senior Magistrate arrested,0,0.006855736708091058
https://www.vishvasnews.com/english/viral/fact-check-woman-appearing-in-the-video-is-a-fake-asi-from-gurdaspur/,aileen canon arrested,Gurdaspur lady ASI arrested,0,0.05634125169632343
https://leadstories.com/hoax-alert/2022/06/fact-check-amber-heard-was-not-arrested-for-perjury-cocaine.html,aileen canon arrested,Amber Heard arrested for perjury cocaine,0,0.01
https://dabegad.com/%d8%ad%d9%82%d9%8a%d9%82%d8%a9-%d8%a7%d9%84%d9%82%d8%a8%d8%b6-%d8%b9%d9%84%d9%8a-%d8%a7%d9%84%d8%ac%d9%85%d8%a7%d8%b9%d8%a9-%d8%a7%d9%84%d8%a7%d8%b1%d9%87%d8%a7%d8%a8%d9%8a%d9%87-%d8%a7%d9%84%d9%85/,aileen canon arrested,القبض على 92 من جماعة ارهابية والمتسببين فى حريق الرويعى,0,3.257328990228013e-05
https://dabegad.com/%d8%ad%d9%82%d9%8a%d9%82%d8%a9-%d8%a7%d9%84%d9%82%d8%a8%d8%b6-%d8%b9%d9%84%d9%89-%d9%88%d8%ac%d8%af%d9%8a-%d8%ba%d9%86%d9%8a%d9%85/,aileen canon arrested,عاجـل : وجدي غنيم في قبضة الآمن المصري .تم تسليم وجدي غنيم الي السلطات المصرية منذ قليل عن طريق الآنتربول الدولي وتسليمه للجهات المختصة,0,0.01003257328990228
https://info-veritas.com/pfizer-vacuna-viruela-del-mono/,viruela de mono la provoca vacuna covid pfizer,Pfizer ha creado una vacuna contra la viruela del mono,0,0.73
https://factual.afp.com/doc.afp.com.32C34NV,viruela de mono la provoca vacuna covid pfizer,La FDA de Estados Unidos aprobó una vacuna contra la viruela del mono de Pfizer,0,0.3
https://maldita.es/malditobulo/20220614/pfizer-vacuna-viruela-satirica/,viruela de mono la provoca vacuna covid pfizer,Pfizer anuncia que ha finalizado la vacuna contra la viruela del mono,0,0.23
https://www.newtral.es/viruela-del-mono-pfizer/20220629/,viruela de mono la provoca vacuna covid pfizer,Pfizer ha anunciado en junio de 2022 una vacuna contra la viruela del mono.,0,0.15666666666666668
https://factual.afp.com/doc.afp.com.32BR9RM,viruela de mono la provoca vacuna covid pfizer,Viruela del mono es el principal efecto adverso de vacunas contra covid-19,1,0.7133333333333334
https://factual.afp.com/doc.afp.com.32H24NY,viruela de mono la provoca vacuna covid pfizer,Documentos de Pfizer clasifican a la viruela del mono como una enfermedad ampollosa autoinmune y un efecto adverso de la vacuna contra el covid-19,1,0.98
https://www.newtral.es/viruela-mono-vacuna-covid/20220524/,viruela de mono la provoca vacuna covid pfizer,La viruela del mono está vinculada al grafeno y a las vacunas contra la COVID-19. ,1,0.9233333333333333
https://factual.afp.com/doc.afp.com.32BM7TB,viruela de mono la provoca vacuna covid pfizer,Vacuna AstraZeneca contra el covid-19 es causante de la viruela del mono,1,0.8566666666666667
https://www.rtve.es/noticias/20220817/vacunacion-masiva-viruela-mono/2396788.shtml,viruela de mono la provoca vacuna covid pfizer,En España se esté produciendo una vacunación masiva contra la viruela del mono,0,0.2966666666666667
https://colombiacheck.com/chequeos/viruela-del-mono-no-es-consecuencia-de-las-vacunas-contra-el-covid-19,viruela de mono la provoca vacuna covid pfizer,Viruela del mono es consecuencia de la vacunación anticovid,1,0.9633333333333334
https://factual.afp.com/doc.afp.com.32C48Q6,viruela de mono la provoca vacuna covid pfizer,"Por si acaso alguien tiene el efecto adverso de la viruela del mono, es la vacuna covid. Y sólo en ese tema se puede ingerir Hidroxicloroquina. Hace décadas que existe la cura de la viruela del mono, no se necesita ninguna vacuna",1,0.8566666666666667
https://efectococuyo.com/cocuyo-chequea/mentira-viruela-del-mono-y-herpes-zoster/,viruela de mono la provoca vacuna covid pfizer,La viruela del mono y el herpes zoster son lo mismo y son consecuencia de las vacunas,0,0.3
https://maldita.es/malditobulo/20220801/viruela-mono-no-inventada-vacuna-covid/,viruela de mono la provoca vacuna covid pfizer,No hay diferencias entre la viruela del mono y el herpes zóster causado por las vacunas,0,0.07333333333333333
https://maldita.es/malditobulo/20220613/viruela-mono-no-inventada-vacuna-covid/,viruela de mono la provoca vacuna covid pfizer,No hay diferencias entre la viruela del mono y el herpes zóster causado por las vacunas,0,0.08666666666666667
https://facta.news/notizia-falsa/2021/05/28/no-i-vaccini-anti-covid-non-provocano-una-reazione-magnetica/,viruela de mono la provoca vacuna covid pfizer,Il vaccino Pfizer anti Covid-19 provoca una reazione magnetica,0,0.08060076799207234
https://www.newtral.es/hepatitis-infantil-vacuna-covid-19-antena-3/20220509/,viruela de mono la provoca vacuna covid pfizer,Antena 3: alerta internacional por brote de hepatitis en niños y adolescentes provocado por las vacunas de la COVID-19 de Pfizer,0,0.15333333333333332
https://factual.afp.com/doc.afp.com.32EF6EE,viruela de mono la provoca vacuna covid pfizer,Un diario británico publicó en 1987 que las vacunas contra la viruela del mono causaron la propagación del sida,0,0.13
https://factual.afp.com/doc.afp.com.32BR9RM,la viruela de mono es un efecto de la vacuna contra el covid,Viruela del mono es el principal efecto adverso de vacunas contra covid-19,1,0.9533333333333334
https://factual.afp.com/doc.afp.com.32H24NY,la viruela de mono es un efecto de la vacuna contra el covid,Documentos de Pfizer clasifican a la viruela del mono como una enfermedad ampollosa autoinmune y un efecto adverso de la vacuna contra el covid-19,1,0.9733333333333334
https://factual.afp.com/doc.afp.com.32C48Q6,la viruela de mono es un efecto de la vacuna contra el covid,"Por si acaso alguien tiene el efecto adverso de la viruela del mono, es la vacuna covid. Y sólo en ese tema se puede ingerir Hidroxicloroquina. Hace décadas que existe la cura de la viruela del mono, no se necesita ninguna vacuna",1,0.9
https://www.newtral.es/viruela-mono-vacuna-covid/20220524/,la viruela de mono es un efecto de la vacuna contra el covid,La viruela del mono está vinculada al grafeno y a las vacunas contra la COVID-19. ,1,0.8933333333333333
https://factual.afp.com/doc.afp.com.32BM7TB,la viruela de mono es un efecto de la vacuna contra el covid,Vacuna AstraZeneca contra el covid-19 es causante de la viruela del mono,1,0.9933333333333333
https://info-veritas.com/pfizer-vacuna-viruela-del-mono/,la viruela de mono es un efecto de la vacuna contra el covid,Pfizer ha creado una vacuna contra la viruela del mono,0,0.2866666666666667
https://factual.afp.com/doc.afp.com.32C34NV,la viruela de mono es un efecto de la vacuna contra el covid,La FDA de Estados Unidos aprobó una vacuna contra la viruela del mono de Pfizer,0,0.24
https://www.newtral.es/viruela-del-mono-pfizer/20220629/,la viruela de mono es un efecto de la vacuna contra el covid,Pfizer ha anunciado en junio de 2022 una vacuna contra la viruela del mono.,0,0.24333333333333335
https://maldita.es/malditobulo/20220614/pfizer-vacuna-viruela-satirica/,la viruela de mono es un efecto de la vacuna contra el covid,Pfizer anuncia que ha finalizado la vacuna contra la viruela del mono,0,0.4666666666666667
https://www.rtve.es/noticias/20220817/vacunacion-masiva-viruela-mono/2396788.shtml,la viruela de mono es un efecto de la vacuna contra el covid,En España se esté produciendo una vacunación masiva contra la viruela del mono,0,0.83
https://colombiacheck.com/chequeos/viruela-del-mono-no-es-consecuencia-de-las-vacunas-contra-el-covid-19,la viruela de mono es un efecto de la vacuna contra el covid,Viruela del mono es consecuencia de la vacunación anticovid,1,0.9266666666666666
https://www.newtral.es/maria-mirande-vacunas-fenomeno-ade/20210806/,la viruela de mono es un efecto de la vacuna contra el covid,El fenómeno ADE es un efecto adverso de las vacunas contra la COVID-19 que se está viendo ya,0,0.10666666666666667
https://efectococuyo.com/cocuyo-chequea/mentira-viruela-del-mono-y-herpes-zoster/,la viruela de mono es un efecto de la vacuna contra el covid,La viruela del mono y el herpes zoster son lo mismo y son consecuencia de las vacunas,0,0.86
https://www.verificat.cat/fact-check/los-datos-no-confirman-que-las-mujeres-sufran-el-75-de-efectos-secundarios-de-las-vacunas-de-la-covid-19,la viruela de mono es un efecto de la vacuna contra el covid,Un 75% de muertes y efectos secundarios de las vacunas contra la covid-19 son en mujeres,0,0.04357919768403639
https://www.verificat.cat/es/fact-check/los-datos-no-confirman-que-las-mujeres-sufran-el-75-de-efectos-secundarios-de-las-vacunas-de-la-covid-19,la viruela de mono es un efecto de la vacuna contra el covid,Un 75% de muertes y efectos secundarios de las vacunas contra la covid-19 son en mujeres,0,0.10333333333333333
https://factual.afp.com/doc.afp.com.32EF6EE,la viruela de mono es un efecto de la vacuna contra el covid,Un diario británico publicó en 1987 que las vacunas contra la viruela del mono causaron la propagación del sida,0,0.44666666666666666
https://verifica.efe.com/el-paro-cardiaco-de-eriksen-no-tiene-relacion-con-las-vacunas-contra-la-covid/,la viruela de mono es un efecto de la vacuna contra el covid,El futbolista Eriksen sufrió un colapso como efecto de una vacuna contra la covid-19.,0,0.16
https://verifica.efe.com/viruela-mono-no-efecto-secundario-vacuna-coronavirus/,la viruela de mono es un efecto de la vacuna contra el covid,"La viruela del mono es un efecto secundario de la vacuna del coronavirus, debido a que la de AstraZeneca llevaba entre sus componentes adenovirus de chimpancé y provoca unos sarpullidos muy similares.",1,0.9733333333333334
https://efectococuyo.com/cocuyo-chequea/efectos-negativos-de-vacunas-covid-19-historia-falso/,la viruela de mono es un efecto de la vacuna contra el covid,La vacuna contra el covid-19 ha tenido más efectos negativos que cualquier otra vacuna en la historia,0,0.13694444444444442
https://www.poynter.org/tfcn/2021/claims-that-bill-gates-is-going-to-block-the-sun-lack-context/,bill gates is going to block the sun,Bill Gates is going to block the sun,1,0.6866666666666666
https://www.newsweek.com/fact-check-bill-gates-block-sun-conspiracy-theory-scopex-1573108,bill gates is going to block the sun,Bill Gates Trying to Block the Sun,1,0.97
https://www.usatoday.com/story/news/factcheck/2021/04/23/fact-check-bill-gates-not-trying-block-suns-rays/7310134002/,bill gates is going to block the sun,Bill Gates is working to block the sun to prevent global warming,1,0.99
https://demagog.org.pl/fake_news/smugi-na-niebie-to-chemtrails-i-geoinzynieria-fake-news/,bill gates is going to block the sun,Hiszpania zezwoliła na zrzut chemtrails,1,0.6287776084163315
https://facta.news/fuori-contesto/2020/06/03/bill-gates-non-vuole-oscurare-il-sole-per-fermare-il-surriscaldamento-globale/,bill gates is going to block the sun,Bill Gates vuole oscurare il Sole per fermare il surriscaldamento globale,1,0.8133333333333334
https://www.univision.com/noticias/enganoso-bill-gates-atenuar-el-sol,bill gates is going to block the sun,Bill Gates busca “atenuar el Sol”,1,0.8433333333333334
https://dpa-factchecking.com/belgium/210528-99-781129,bill gates is going to block the sun," L'élite dispensée du port du masque, à New York.",0,0.007001445922498554
https://www.dogrulukpayi.com/dogruluk-kontrolu/bill-gates-in-insan-cipleme-projesinin-durduruldugu-iddiasi,bill gates is going to block the sun,Bill Gates’in insan çipleme projesinin durdurulduğu iddiası,0,0.0033333333333333335
https://factuel.afp.com/non-bill-gates-ne-veut-pas-tuer-des-milliers-de-personnes-en-bloquant-le-soleil,bill gates is going to block the sun,"Bill Gates veut ""tuer des milliers"" de personnes ""en bloquant le soleil""",1,0.94
https://leadstories.com/hoax-alert/2021/08/fact-check-bill-gates-is-not-before-a-military-tribunal.html,bill gates is going to block the sun,Bill Gates is facing a military tribunal,0,0.013333333333333334
https://faktograf.hr/2020/10/13/bill-gates-ne-planira-zaprasivanje-stratosfere/,bill gates is going to block the sun,Chemtrails više nije teorija? – Bill Gates najavio zaprašivanje milijuna tona čestica u stratosferu,0,0.04731829573934837
https://factuel.afp.com/doc.afp.com.32BK62Y,bill gates is going to block the sun,"Bill Gates a ""fomenté"" la variole du signe",0,0.056679946879150074
https://semakanfakta.afp.com/ciapan-mengenai-hari-raya-aidiladha-ditular-kembali-sebagai-petikan-palsu-dari-bill-gates,bill gates is going to block the sun,Bill Gates membuat ciapan mengenai Hari Raya Aidiladha,0,0.18015419265419266
https://factcheck.kz/claim-checking/verdict/faktchek-vse-grexi-billa-gejtsa-sataninskaya-vakcinaciya-chipirovanie-i-prochee/,bill gates is going to block the sun,Билл Гейтс будет чипировать людей,0,0.140042194092827
https://sprawdzam.afp.com/nie-amerykanski-miliarder-nie-ma-takich-planow,bill gates is going to block the sun,Bill Gates planuje ograniczyć liczbę ludności,0,0.07078584588018551
https://www.newtral.es/isabel-diaz-ayuso-madrid-es-la-comunidad-con-menos-deuda-de-espana/20190926/,Madrid es la comunidad que menos inversión por habitante recibió,Madrid es la comunidad con menos deuda de España,0,0.12
https://www.newtral.es/factcheck-madrid-datos-creacion-empresas-isabel-diaz-ayuso/20200820/,Madrid es la comunidad que menos inversión por habitante recibió,"""Casi 1.500 empresas se crearon en la Comunidad de Madrid sólo en el mes de junio. Aún estamos lejos de los mejores registros, pero son los mejores datos de España""",0,0.02666666666666667
https://www.newtral.es/factcheck-madrid-inversion-estado-ayuso/20210709/,Madrid es la comunidad que menos inversión por habitante recibió,"“En los últimos Presupuestos Generales del Estado, Madrid fue la que menos inversión por habitante recibió”",1,0.9833333333333333
https://www.newtral.es/fact-check-madrid-crea-empleo-isabel-diaz-ayuso/20210422/,Madrid es la comunidad que menos inversión por habitante recibió,“La única comunidad que está creando empleo es Madrid ahora mismo”,0,0.02
https://www.newtral.es/abandono-escolar-madrid-ayuso-factcheck/20220930/,Madrid es la comunidad que menos inversión por habitante recibió,"“Y los resultados están ahí, con la tasa de abandono escolar más baja del país”",0,0.0033333333333333335
https://maldita.es/malditobulo/20210330/comunidad-madrid-40-contagios-en-espana/,Madrid es la comunidad que menos inversión por habitante recibió,La Comunidad de Madrid representa el 40% de los contagios en España,0,0.010156885710927608
https://www.newtral.es/fact-check-madrid-unica-rastrea-coronavirus-aguas-residuales-ayuso/20210423/,Madrid es la comunidad que menos inversión por habitante recibió," “Nosotros somos la única comunidad autónoma que está analizando, a través de más de 190 pozos de agua, todos los puntos de la Comunidad de Madrid para ver cómo evoluciona el virus”",0,0.01673469387755102
https://www.newtral.es/calculadora-impuestos-madrid-ayuso-factcheck/20220420/,Madrid es la comunidad que menos inversión por habitante recibió,"“Con la primera calculadora de impuestos en España el contribuyente madrileño sabrá exactamente, de su declaración, cuánto paga en sanidad, educación…”",0,0.012007421150278292
https://maldita.es/malditobulo/20200515/cofares-no-vendio-mascarillas-ffp2-coronavirus-comunidad-madrid-bulo/,Madrid es la comunidad que menos inversión por habitante recibió,La Comunidad de Madrid ha comprado las mascarillas a Cofares por 50 millones,0,0.0033333333333333335
https://www.newtral.es/pib-capita-madrid-factcheck/20220711/,Madrid es la comunidad que menos inversión por habitante recibió,"""Probablemente lo que sucede es que una renta media en Madrid duplica a las rentas medias de las comunidades gobernadas por los socialistas""",0,0.03666666666666667
https://www.newtral.es/fake-la-falsa-cadena-de-whatsapp-sobre-ayudas-al-alquiler-en-madrid/20190115/,Madrid es la comunidad que menos inversión por habitante recibió,7.000 personas que han recibido una ayuda para el alquiler en la Comunidad de Madrid son inmigrantes,0,0.0079074710075765
https://maldita.es/malditobulo/20200626/iva-comunidad-madrid-hamburguesas/,Madrid es la comunidad que menos inversión por habitante recibió,Madrid se queda con el 50% del IVA de las otras comunidades autónomas,0,0.016648778663322192
https://www.newtral.es/el-falso-cartel-sobre-ayudas-a-la-vivienda-de-la-comunidad-de-madrid/20190313/,Madrid es la comunidad que menos inversión por habitante recibió,El cartel sobre ayudas a la vivienda de la Comunidad de Madrid,0,0.003754084553393231
https://www.newtral.es/fact-check-madrid-no-vivienda-publica-okupada-okupas-rocio-monasterio/20210521/,Madrid es la comunidad que menos inversión por habitante recibió,“La Comunidad de Madrid tiene que tomar medidas porque tiene sus viviendas públicas okupadas. No puede haber una comunidad que tenga su parque de viviendas okupado”,0,0.0033333333333333335
https://www.newtral.es/alvarez-de-toledo-madrid-esta-destinando-el-mayor-presupuesto-de-su-historia-a-sanidad/20200327/,Madrid es la comunidad que menos inversión por habitante recibió,Madrid está destinando el mayor presupuesto de su historia a Sanidad,0,0.006792297394707034
https://www.newtral.es/manuela-carmena-somos-el-ayuntamiento-mas-transparente-del-mundo-se-nos-ha-premiado-especificamente-por-eso/20190506/,Madrid es la comunidad que menos inversión por habitante recibió,El ayuntamiento de Madrid ha sido premiado por Naciones Unidas por su transparencia,0,0.0034309623430962342
https://www.newtral.es/factcheck-madrid-inversion-estado-ayuso/20210709/,Madrid presupuestos menos inversión por habitante,"“En los últimos Presupuestos Generales del Estado, Madrid fue la que menos inversión por habitante recibió”",1,0.98
https://www.newtral.es/alvarez-de-toledo-madrid-esta-destinando-el-mayor-presupuesto-de-su-historia-a-sanidad/20200327/,Madrid presupuestos menos inversión por habitante,Madrid está destinando el mayor presupuesto de su historia a Sanidad,0,0.006706827309236948
https://factual.afp.com/http%253A%252F%252Fdoc.afp.com%252F9ND6TN-1,Madrid presupuestos menos inversión por habitante,Nuevas concertinas en Madrid bajo los puentes para los sin techo,0,0.0033333333333333335
https://www.newtral.es/isabel-diaz-ayuso-madrid-es-la-comunidad-con-menos-deuda-de-espana/20190926/,Madrid presupuestos menos inversión por habitante,Madrid es la comunidad con menos deuda de España,0,0.06366666666666668
https://www.newtral.es/fake-la-falsa-cadena-de-whatsapp-sobre-ayudas-al-alquiler-en-madrid/20190115/,Madrid presupuestos menos inversión por habitante,7.000 personas que han recibido una ayuda para el alquiler en la Comunidad de Madrid son inmigrantes,0,0.010165656220647254
https://www.newtral.es/tiempo-espera-cirugia-ayuso-pp-fact-check/20210625/,Madrid presupuestos menos inversión por habitante,"""Somos la región (Madrid) con menor tiempo de espera en cirugía""",0,0.07
https://www.newtral.es/fact-check-madrid-no-vivienda-publica-okupada-okupas-rocio-monasterio/20210521/,Madrid presupuestos menos inversión por habitante,“La Comunidad de Madrid tiene que tomar medidas porque tiene sus viviendas públicas okupadas. No puede haber una comunidad que tenga su parque de viviendas okupado”,0,0.006666666666666667
https://www.newtral.es/pib-capita-madrid-factcheck/20220711/,Madrid presupuestos menos inversión por habitante,"""Probablemente lo que sucede es que una renta media en Madrid duplica a las rentas medias de las comunidades gobernadas por los socialistas""",0,0.043333333333333335
https://www.newtral.es/factcheck-escudero-listas-de-espera-diagnosticas/20210717/,Madrid presupuestos menos inversión por habitante,"“Somos la única comunidad que publica los datos periódicamente de la situación de las listas de espera tanto quirúrgica, como diagnóstica, como de primeras consultas”",0,0.003463535632998514
https://www.newtral.es/falso-ayuso-nueva-york-madrid/20201010/,Madrid presupuestos menos inversión por habitante,"“Mire Nueva York, siempre fue el paradigma y el gran ejemplo del rastreo y ahora está en las mismas circunstancias y mucho peor que Madrid”",0,0.01
https://www.newtral.es/madrid-reduce-deuda-publica-isabel-diaz-ayuso/20220511/,Madrid presupuestos menos inversión por habitante,“Madrid da confianza a los mercados y reduce la deuda pública en más de 6.000 euros por habitante”,0,0.11555555555555555
https://www.newtral.es/fact-check-madrid-crea-empleo-isabel-diaz-ayuso/20210422/,Madrid presupuestos menos inversión por habitante,“La única comunidad que está creando empleo es Madrid ahora mismo”,0,9.762900976290097e-05
https://www.newtral.es/factcheck-madrid-datos-creacion-empresas-isabel-diaz-ayuso/20200820/,Madrid presupuestos menos inversión por habitante,"""Casi 1.500 empresas se crearon en la Comunidad de Madrid sólo en el mes de junio. Aún estamos lejos de los mejores registros, pero son los mejores datos de España""",0,0.012165656220647254
https://factual.afp.com/los-datos-del-cartel-de-vox-en-madrid-sobre-ayudas-menores-extranjeros-no-son-correctos,Madrid presupuestos menos inversión por habitante,Un MENA menor extranjero no acompañado recibe 4.700 euros al mes en Madrid,0,0.020888888888888887
https://www.newtral.es/el-falso-cartel-sobre-ayudas-a-la-vivienda-de-la-comunidad-de-madrid/20190313/,Madrid presupuestos menos inversión por habitante,El cartel sobre ayudas a la vivienda de la Comunidad de Madrid,0,0.009285801052773653
https://www.newtral.es/fact-check-presupuesto-sanidad-madrid-ignacio-aguado/20201217/,Madrid presupuestos menos inversión por habitante,"“Desde que Ciudadanos está en la Comunidad de Madrid, en el Parlamento y ahora en el Gobierno, el presupuesto de la Sanidad Pública de la Comunidad de Madrid ha crecido más de un 30%”.",0,0.049234693877551014
https://www.newtral.es/fact-check-madrid-empleo-toni-canto/20210414/,Madrid presupuestos menos inversión por habitante,“La Comunidad de Madrid ahora mismo es la que más empleo está creando de toda España”,0,0.00016565622064725473
https://www.newtral.es/alvarez-de-toledo-madrid-esta-destinando-el-mayor-presupuesto-de-su-historia-a-sanidad/20200327/,Madrid mayor inversión sanidad,Madrid está destinando el mayor presupuesto de su historia a Sanidad,1,0.9333333333333333
https://maldita.es/malditaciencia/20220922/yoduro-plata-granizo-comunidad/,Madrid mayor inversión sanidad,Yoduro de plata antigranizo Comunidad de Madrid,0,0.006703296703296703
https://maldita.es/malditaciencia/20220913/yoduro-plata-granizo-comunidad/,Madrid mayor inversión sanidad,Yoduro de plata antigranizo Comunidad de Madrid,0,0.00336996336996337
https://www.bufale.net/protesta-a-madrid-contro-le-restrizioni-del-piano-sanitario-ma-era-gia-una-bufala-nel-2020/,Madrid mayor inversión sanidad,A Madrid si è recentemente tenuta una grande protesta contro il piano di contrasto alla Pandemia da COVID19,0,0.0176010101010101
https://www.newtral.es/tiempo-espera-cirugia-ayuso-pp-fact-check/20210625/,Madrid mayor inversión sanidad,"""Somos la región (Madrid) con menor tiempo de espera en cirugía""",0,0.0769632375656472
https://www.newtral.es/personal-sanitario-madrid-factcheck/20220713/,Madrid mayor inversión sanidad,“Madrid tiene 5.000 sanitarios más que antes de la pandemia: hemos pasado de 80.000 a 85.000”,0,0.03942904953145917
https://www.aap.com.au/factcheck/video-shows-huge-madrid-protest-but-its-not-over-covid-19/,Madrid mayor inversión sanidad,"A video shows thousands in Madrid protesting the health system and ""new world order"" amid the COVID-19 Pandemic.",0,0.00010101010101010101
https://leadstories.com/hoax-alert/2021/09/fact-check-pfizer-lab-in-madrid-was-not-on-fire.html,Madrid mayor inversión sanidad,Pfizer Lab in Madrid on Fire,0,0.013608815426997246
https://cekfakta.com/focus/7425,Madrid mayor inversión sanidad,“Real Madrid Pindah ke Liga Inggris”,0,0.006666666666666667
https://observador.pt/factchecks/fact-check-laboratorio-da-farmaceutica-pfizer-em-madrid-em-chamas/,Madrid mayor inversión sanidad,"""Laboratório Pfizer em Madrid em CHAMAS""",0,0.01822147643824667
https://www.newtral.es/fact-check-presupuesto-sanidad-madrid-ignacio-aguado/20201217/,Madrid mayor inversión sanidad,"“Desde que Ciudadanos está en la Comunidad de Madrid, en el Parlamento y ahora en el Gobierno, el presupuesto de la Sanidad Pública de la Comunidad de Madrid ha crecido más de un 30%”.",1,0.7033333333333334
https://sprawdzam.afp.com/ar/this-video-shows-2019-demonstration-in-Spain,Madrid mayor inversión sanidad,‏مظاهرات في مدريد ضد القيود المفروضة,0,0.0033333333333333335
https://factual.afp.com/ar/this-video-shows-2019-demonstration-in-Spain,Madrid mayor inversión sanidad,‏مظاهرات في مدريد ضد القيود المفروضة,0,0.0033333333333333335
https://factuel.afp.com/ar/this-video-shows-2019-demonstration-in-Spain,Madrid mayor inversión sanidad,‏مظاهرات في مدريد ضد القيود المفروضة,0,0.0033333333333333335
https://cinjenice.afp.com/ar/this-video-shows-2019-demonstration-in-Spain,Madrid mayor inversión sanidad,‏مظاهرات في مدريد ضد القيود المفروضة,0,0.0033333333333333335
https://www.newtral.es/factcheck-escudero-listas-de-espera-diagnosticas/20210717/,Madrid mayor inversión sanidad,"“Somos la única comunidad que publica los datos periódicamente de la situación de las listas de espera tanto quirúrgica, como diagnóstica, como de primeras consultas”",0,0.02666666666666667
https://dabegad.com/%d8%ad%d9%82%d9%8a%d9%82%d8%a9-%d8%b3%d8%ae%d8%b1%d9%8a%d8%a9-%d8%a7%d9%84%d9%84%d8%a7%d8%b9%d8%a8-%d9%81%d8%a7%d9%84%d9%83%d9%88-%d9%85%d9%86-%d8%b1%d9%8a%d8%a7%d9%84-%d9%85%d8%af%d8%b1%d9%8a%d8%af/,Madrid mayor inversión sanidad,فالكو: أنا رفضت الانتقال لريال مدريد عشان التيشرت البينك بتاعهم .. انا مش عايز ابقى شبه النمر الوردي,0,0.013365906623235613
https://www.newtral.es/bulo-madrid-ifema-busca-celadores/20200730/,Madrid mayor inversión sanidad,Madrid está buscando 50 celadores para IFEMA,0,0.0134926283620106
https://www.dogrulukpayi.com/dogruluk-kontrolu/madrid-deki-pfizer-laboratuvarinin-yandigi-iddiasi,Madrid mayor inversión sanidad,Pfizer’in İspanya’nın Madrid şehrindeki laboratuvarında yangın çıktı.,0,0.006666666666666667
https://www.newtral.es/paro-juvenil-andalucia-olona/20220608/,españa tasa de paro juvenil mas baja de la historia,"""(Andalucía tiene) un 36% de paro juvenil de menos de 25 años. El doble que en el resto de España""",0,0.10333333333333333
https://chequeado.com/ultimas-noticias/vidal-la-tasa-de-mortalidad-infantil-de-2018-es-la-mas-baja-registrada-en-la-historia-de-la-provincia/,españa tasa de paro juvenil mas baja de la historia,La tasa de mortalidad infantil de 2018 es la más baja registrada en la historia de la Provincia,0,0.1
https://www.newtral.es/carolina-espana-pp-critica-al-gobierno-por-los-datos-de-empleo-temporalidad-y-paro-juvenil/20181106/,españa tasa de paro juvenil mas baja de la historia,el paro juvenil está subiendo,0,0.043666666666666666
https://chequeado.com/ultimas-noticias/larreta-tenemos-la-mortalidad-infantil-mas-baja-de-la-historia/,españa tasa de paro juvenil mas baja de la historia,Tenemos la mortalidad infantil más baja de la historia,0,0.15666666666666668
https://www.newtral.es/paro-juvenil-prepandemia-nadia-calvino/20210909/,españa tasa de paro juvenil mas baja de la historia,“El paro juvenil ya está por debajo de los niveles prepandemia”,0,0.18666666666666668
https://www.newtral.es/isabel-diaz-ayuso-espana-milenios-nacion/20220504/,españa tasa de paro juvenil mas baja de la historia,“[España] una nación con dos milenios de historia”,0,9.762900976290097e-05
https://chequeado.com/ultimas-noticias/binner-la-mortalidad-infantil-mas-baja-de-la-historia-y-el-82-movil/,españa tasa de paro juvenil mas baja de la historia,la mortalidad infantil más baja de la historia y el 82% móvil,0,0.05334661354581673
https://www.newtral.es/no-hay-datos-que-avalen-que-camela-es-el-segundo-grupo-que-mas-discos-ha-vendido-en-la-historia-de-espana/20190411/,españa tasa de paro juvenil mas baja de la historia,Camela es el segundo grupo que más discos ha vendido en la historia de España,0,0.014444444444444447
https://www.newtral.es/pablo-iglesias-jamas-en-la-historia-de-espana-ninguna-formacion-politica-ha-aceptado-un-veto/20190826/,españa tasa de paro juvenil mas baja de la historia,PaJamás en la historia de España ninguna formación política ha aceptado un veto,0,1.3280212483399734e-05
https://www.newtral.es/fact-check-mayor-momento-paro-espinosa-monteros/20210521/,españa tasa de paro juvenil mas baja de la historia,“Tiene una Ministra de Trabajo que preside el mayor momento de desempleo de la historia de España”,1,0.63
https://www.newtral.es/ratio-alumnos-andalucia-factcheck/20220728/,españa tasa de paro juvenil mas baja de la historia,"“Las medias de ratio son las más bajas de la historia (...) Por tanto, creo sinceramente que se ha hecho un esfuerzo notable en materia de educación”",0,0.01
https://www.boomlive.in/fact-check/politics/viral-video-love-jihad-school-going-girl-fake-news-16077,españa tasa de paro juvenil mas baja de la historia,See how these Muslim men lure juvenile Hindu girls in the name of love jihad,0,0.0
https://www.newtral.es/fact-check-consejo-cnmc-cnmv-garcia-egea/20210218/,españa tasa de paro juvenil mas baja de la historia,“Una CNMV que ha sido nombrada entre Partido Socialista y Podemos cuando eso nunca ha ocurrido en la historia de España”,0,0.0
https://www.newtral.es/tasa-paro-juvenil-yolanda-diaz/20211207/,españa tasa de paro juvenil mas baja de la historia,"""Tenemos 16.000 jóvenes menos (en paro) que cuando hemos llegado al Ministerio de Trabajo. Llegamos al Ministerio de Trabajo y la cifra de paro juvenil era del 41%. Hoy es del 30%.""",1,0.8566666666666667
https://www.newtral.es/albert-rivera-la-natalidad-de-espana-es-la-mas-baja-de-europa/20190404/,españa tasa de paro juvenil mas baja de la historia,“La natalidad de España es la más baja de Europa”,0,0.024465949820788535
https://www.factcrescendo.com/fact-check-jamia-shooters-mark-sheet-authenticity/,españa tasa de paro juvenil mas baja de la historia,Juvenile Jamia shooter's marksheet is not authentic,0,0.020057448911792827
https://observador.pt/factchecks/fact-check-foto-dos-anos-80-mostra-michael-jackson-cheio-de-manchas-provocadas-por-vitiligo/,españa tasa de paro juvenil mas baja de la historia,"“Não julgue antes de conhecer o problema do outro. Cada ser é um ser, E cada história é uma história.”",0,2.4875621890547263e-05
https://info-veritas.com/pfizer-vacuna-viruela-del-mono/,pfizer aprueba una vacuna para la viruela de mono,Pfizer ha creado una vacuna contra la viruela del mono,1,0.9933333333333333
https://maldita.es/malditobulo/20220614/pfizer-vacuna-viruela-satirica/,pfizer aprueba una vacuna para la viruela de mono,Pfizer anuncia que ha finalizado la vacuna contra la viruela del mono,1,0.8566666666666667
https://factual.afp.com/doc.afp.com.32C34NV,pfizer aprueba una vacuna para la viruela de mono,La FDA de Estados Unidos aprobó una vacuna contra la viruela del mono de Pfizer,1,0.9533333333333334
https://www.newtral.es/viruela-del-mono-pfizer/20220629/,pfizer aprueba una vacuna para la viruela de mono,Pfizer ha anunciado en junio de 2022 una vacuna contra la viruela del mono.,1,0.9133333333333333
https://www.rtve.es/noticias/20220817/vacunacion-masiva-viruela-mono/2396788.shtml,pfizer aprueba una vacuna para la viruela de mono,En España se esté produciendo una vacunación masiva contra la viruela del mono,0,0.19666666666666666
https://factual.afp.com/doc.afp.com.32H24NY,pfizer aprueba una vacuna para la viruela de mono,Documentos de Pfizer clasifican a la viruela del mono como una enfermedad ampollosa autoinmune y un efecto adverso de la vacuna contra el covid-19,0,0.24333333333333335
https://facta.news/notizia-satirica/2021/08/31/no-pfizer-non-sta-producendo-lantidoto-contro-il-suo-stesso-vaccino/,pfizer aprueba una vacuna para la viruela de mono,Pfizer sta producendo l’antidoto contro il suo stesso vaccino,1,0.023627026159524958
https://factuel.afp.com/fertilite-allergie-surinfection-attention-ces-affirmations-trompeuses-sur-les-vaccins-arnm,pfizer aprueba una vacuna para la viruela de mono,Le vaccin Pfizer cause une surinfection et rend stérile,0,0.05697596518545135
https://factual.afp.com/la-nueva-cepa-de-gran-bretana-no-es-consecuencia-de-la-vacuna-pfizerbiontech,pfizer aprueba una vacuna para la viruela de mono,La vacuna Pfizer es responsable de la nueva cepa de coronavirus,0,0.04033333333333333
https://www.thip.media/health-news-fact-check/fact-check-did-fda-approve-the-pfizer-vaccine-for-monkeypox/31533/,pfizer aprueba una vacuna para la viruela de mono,FDA approved the Pfizer vaccine for monkeypox.,1,0.8866666666666667
https://factcheck.afp.com/doc.afp.com.32FY3CM,pfizer aprueba una vacuna para la viruela de mono,Monkeypox only prevalent in countries administering Pfizer Covid vaccine,0,0.04973440718416795
https://www.20minutes.fr/sante/3112783-20210831-vaccination-non-pfizer-mis-marche-antidote-vaccin,pfizer aprueba una vacuna para la viruela de mono,Pfizer annonce la mise sur le marché d'un antidote à son vaccin,1,0.7367521367521367
https://maldita.es/malditobulo/20201203/voluntaria-vacuna-covid-19-pfizer-erupcion-heridas-piel-plantas-pies/,pfizer aprueba una vacuna para la viruela de mono,Voluntaria de la vacuna de Pfizer sufre una erupción medicamentosa fija como efecto adverso,0,0.14190878900216247
https://factual.afp.com/doc.afp.com.328X8MA,foro economico mundial propiedad privada insostenible,"Fundador del FEM, Klaus Schwab, dijo que tener propiedades es insostenible",1,0.9633333333333334
https://www.verificat.cat/es/fact-check/el-texto-del-foro-economico-mundial-que-habla-del-final-de-la-privacidad-es-ficcion,foro economico mundial propiedad privada insostenible,El Foro Económico Mundial quiere acabar con la privacidad de la población,1,0.6866666666666666
https://factual.afp.com/doc.afp.com.32CA7RT,foro economico mundial propiedad privada insostenible,El Foro Económico Mundial tiene su propia fuerza paramilitar y detuvo a periodistas,0,0.006706827309236948
https://www.newtral.es/casado-la-comision-europea-dice-que-el-deficit-y-la-deuda-son-insostenibles/20190423/,foro economico mundial propiedad privada insostenible,"""La Comisión Europea dice que el déficit y la deuda son insostenibles""",1,0.7766666666666666
https://www.newtral.es/factcheck-pensionistas-trabajador-cotizantes-ourense-pablo-casado/20210831/,foro economico mundial propiedad privada insostenible,"“No puede ser que en Ourense haya dos pensionistas por cada cotizante, eso es insostenible”",0,0.05
https://www.newtral.es/no-el-foro-economico-mundial-no-situa-a-espana-con-la-mejor-sanidad-del-mundo-como-dice-el-ministerio-en-un-tuit/20200213/,foro economico mundial propiedad privada insostenible,"""El Foro Económico Mundial sitúa a España con la mejor sanidad del mundo""",0,0.02666666666666667
https://www.verificat.cat/fact-check/el-text-del-forum-economic-mundial-que-parla-del-final-de-la-privacitat-es-ficcio,foro economico mundial propiedad privada insostenible,El Fòrum Econòmic Mundial vol acabar amb la privacitat de la població,1,0.65008547008547
https://factual.afp.com/http%253A%252F%252Fdoc.afp.com%252F9VA8FV-1,foro economico mundial propiedad privada insostenible,"Con la elección de Boric, empezó la toma de la propiedad privada en Chile",0,0.02295748899801539
https://projetocomprova.com.br/publica%C3%A7%C3%B5es/bolsonaro-nao-tem-presenca-confirmada-no-forum-economico-mundial-de-2021/,foro economico mundial propiedad privada insostenible,"Bolsonaro será a atração principal no Fórum Econômico Mundial em Davos, na Suiça",0,0.07333333333333333
https://politica.estadao.com.br/blogs/estadao-verifica/bolsonaro-nao-tem-presenca-confirmada-no-forum-economico-mundial-de-2021/,foro economico mundial propiedad privada insostenible,"Bolsonaro será atração principal do Fórum Econômico Mundial em Davos, na Suíça",0,0.00472830521974114
https://factual.afp.com/doc.afp.com.32CA7KQ,foro economico mundial propiedad privada insostenible,"El fundador del Foro Económico Mundial, Klaus Schwab, predijo en uno de sus libros una ""epidemia organizada""",0,0.007352530970547216
https://observador.pt/factchecks/fact-check-forum-economico-mundial-recrutou-guerreiros-da-informacao-para-controlar-mensagens-nas-redes-sociais/,foro economico mundial propiedad privada insostenible,"""Fórum Económico Mundial contratou 'guerreiros da informação'"".",0,0.01
https://checamos.afp.com/doc.afp.com.32DX6QZ,foro economico mundial propiedad privada insostenible,Pai do fundador do Fórum Econômico Mundial era confidente de Hitler,0,0.08584943789226844
https://factual.afp.com/http%253A%252F%252Fdoc.afp.com%252F9TP4ZM-1,foro economico mundial propiedad privada insostenible,"El fundador del Foro Económico Mundial, Klaus Schwab, fue arrestado por la policía suiza en Ginebra.",0,0.0034309623430962342
https://factual.afp.com/doc.afp.com.32GM6WU,foro economico mundial propiedad privada insostenible,Jane Goodall sugiriendo al Foro Económico Mundial que todos nuestros problemas se resolverían si la población de la Tierra se redujera en un 90%,0,0.0035840693936720915
https://www.newtral.es/ivan-duque-presidente-mundial-the-economist/20220131/,foro economico mundial propiedad privada insostenible,The Economist nombra a Iván Duque presidente mundial del año.,0,0.0
https://www.newtral.es/factcheck-espana-tasa-propiedad-vivienda-espinosa-monteros/20211008/,foro economico mundial propiedad privada insostenible,“España es el país del mundo con mayor tasa de propiedad de vivienda”,0,0.007086876321590858
https://www.bufale.net/no-la-polizia-privata-del-world-economic-forum-non-esiste/,foro economico mundial propiedad privada insostenible,Il World Economic Forum ha una polizia privata?,0,0.03929128456019729
https://factual.afp.com/no-hay-registro-de-las-frases-atribuidas-cuatro-constituyentes-chilenos-en-un-meme,foro economico mundial propiedad privada insostenible,"Constituyentes chilenos de La Lista del Pueblo proponen liberar a todos los ladrones, acabar con la propiedad privada y otras afirmaciones",0,0.003444444444444445
https://www.newtral.es/zapatero-imputado-dolores-delgado-audiencia-nacional-acodap-bulo/20220418/,zapatero y delgado imputados por fraude fiscal,José Luis Rodríguez Zapatero y Dolores Delgado han sido imputados por la Audiencia Nacional por fraude fiscal y blanqueo de capitales,1,0.9166666666666666
https://factual.afp.com/doc.afp.com.328N9R2,zapatero y delgado imputados por fraude fiscal,El expresidente español José Luis Rodríguez Zapatero y la fiscal general Dolores Delgado han sido imputados por blanqueo de capitales y fraude fiscal,1,0.9
https://verifica.efe.com/zapatero-delgado-no-imputados-audiencia-nacional-evasion-fraude-fiscal/,zapatero y delgado imputados por fraude fiscal,"La Audiencia Nacional ha imputado al expresidente del Gobierno español José Luis Rodríguez Zapatero y a la fiscal general del Estado, Dolores Delgado, por blanqueo de capitales, evasión y fraude fiscal.",1,0.8966666666666666
https://www.verificat.cat/fact-check/el-juez-inhabilitado-que-acusa-magistrados-de-tener-cuentas-en-paraisos-fiscales-lo-hace-sin-pruebas-y-esta-investigado-por-calumnias,zapatero y delgado imputados por fraude fiscal,"“El juzgado de instrucción n.º 1 de Madrid imputa, incoa Diligencias Penales, contra José Luis Rodríguez Zapatero, Dolores Delgado Garcia, el juez Joaquín Elías Gadea Francés, Yolanda Rodríguez Vidales y Emilio Miró Rodríguez, por presunto delito de fraude fiscal y otros”",1,0.77
https://www.verificat.cat/es/fact-check/el-juez-inhabilitado-que-acusa-magistrados-de-tener-cuentas-en-paraisos-fiscales-lo-hace-sin-pruebas-y-esta-investigado-por-calumnias,zapatero y delgado imputados por fraude fiscal,"“El juzgado de instrucción n.º 1 de Madrid imputa, incoa Diligencias Penales, contra José Luis Rodríguez Zapatero, Dolores Delgado Garcia, el juez Joaquín Elías Gadea Francés, Yolanda Rodríguez Vidales y Emilio Miró Rodríguez, por presunto delito de fraude fiscal y otros”",1,0.8033333333333333
https://www.verificat.cat/fact-check/el-jutge-inhabilitat-que-acusa-magistrats-de-tenir-comptes-en-paradisos-fiscals-ho-fa-sense-proves-i-esta-investigat-per-calumnies,zapatero y delgado imputados por fraude fiscal,"“El jutjat d'instrucció núm. 1 de Madrid imputa, incoa Diligències Penals, contra José Luis Rodríguez Zapatero, Dolores Delgado Garcia, el jutge Joaquín Elías Gadea Francés, Yolanda Rodríguez Vidales i Emilio Miró Rodríguez, per presumpte delicte de frau fiscal i altres”",1,0.7
https://maldita.es/malditobulo/20220928/shakira-inocente-fraude-fiscal/,zapatero y delgado imputados por fraude fiscal,Shakira ha sido declarada inocente por fraude fiscal,0,0.013333333333333334
https://piaui.folha.uol.com.br/lupa/2019/08/28/salles-seca-queimadas-amazonia/,zapatero y delgado imputados por fraude fiscal,"Foram imputados ao mês de junho de 2019, (...) 3,5 mil alertas de desmatamento",0,0.0033907822451261604
https://www.newtral.es/juanma-moreno-los-dos-unicos-alcaldes-que-tiene-cs-en-andalucia-espartinas-y-mijas-han-sido-imputados/20181127/,zapatero y delgado imputados por fraude fiscal,"Los dos únicos alcaldes que tiene CS en Andalucía, Espartinas y Mijas, han sido imputados",0,9.762900976290097e-05
https://factual.afp.com/el-fiscal-general-barr-no-denuncio-fraude-en-eeuu-cuestiono-el-voto-por-correo-antes-de-las,zapatero y delgado imputados por fraude fiscal,El fiscal general de EEUU denuncia que ha habido fraude electoral,0,0.00029465394165114836
https://factuel.afp.com/manque-de-moyens-de-la-justice-financiere-des-chiffres-errones-malgre-une-realite-tangible,zapatero y delgado imputados por fraude fiscal,Le PNF n'a plus que 3 enquêteurs pour lutter contre la fraude fiscale,0,0.0408820184790334
https://chequeado.com/ultimas-noticias/sandra-russo-boudou-todavia-no-ha-sido-imputado-de-nada/,zapatero y delgado imputados por fraude fiscal,[Boudou] todavía no ha sido imputado de nada,0,0.05015873015873016
https://factual.afp.com/doc.afp.com.32CR3RH,zapatero y delgado imputados por fraude fiscal,Rodolfo Hernández está inhabilitado para ejercer cargos públicos hasta 2023 por la imputación de la Fiscalía,0,0.0066992399565689465
https://www.newtral.es/ana-pastor-jose-luis-rodriguez-zapatero-congelo-las-pensiones/20191108/,zapatero y delgado imputados por fraude fiscal,José Luis Rodríguez Zapatero congeló las pensiones,0,0.00022379163362137736
https://www.newtral.es/bulo-william-barr-fiscal-eeuu-voto-por-correo/20201109/,zapatero y delgado imputados por fraude fiscal,El fiscal general estadounidense acaba de denunciar un fraude en el voto por correo en EE.UU.,0,0.0
https://colombiacheck.com/chequeos/efe-no-publico-que-alvaro-uribe-y-rodolfo-hernandez-estan-involucrados-en-un-caso-de,zapatero y delgado imputados por fraude fiscal,Rodolfo Hernández y Álvaro Uribe cometieron fraude fiscal,0,0.03020651291601012
https://www.newtral.es/bulo-fiesta-casa-zapatero-fiesta-coronavirus/20201004/,zapatero y delgado imputados por fraude fiscal,La casa de José Luis Rodríguez Zapatero ha sido desalojada por una fiesta con 200 personas,0,0.0
https://maldita.es/malditobulo/20211126/zapatero-alentando-expansionismo-marroqui/,zapatero y delgado imputados por fraude fiscal,Zapatero alentando el expansionismo marroquí en 2003,0,0.0
https://maldita.es/malditobulo/20220628/zapatero-alentando-expansionismo-marroqui/,zapatero y delgado imputados por fraude fiscal,Zapatero alentando el expansionismo marroquí en 2003,0,0.0
https://factual.afp.com/http%253A%252F%252Fdoc.afp.com%252F9T778G-1,zapatero y delgado imputados por fraude fiscal,Rodríguez Zapatero fue abucheado en noviembre de 2021 en Venezuela,0,0.0
https://efectococuyo.com/cocuyo-chequea/personas-vacunadas-riesgo-covid-19/,"más de 900,000 peruanos padecerían de hepatitis por vacuna covid-19",Personas vacunadas siguen en riesgo de padecer complicaciones por COVID-19,0,0.10366666666666667
https://cekfakta.com/focus/10203,"más de 900,000 peruanos padecerían de hepatitis por vacuna covid-19",Hepatitis Misterius disebabkan oleh Vaksin Covid-19,1,0.8133333333333334
https://www.thip.media/health-news-fact-check/fact-check-is-hepatitis-b-100-curable/34222/,"más de 900,000 peruanos padecerían de hepatitis por vacuna covid-19",Hepatitis B is 100% curable,0,0.06374880884314847
https://correctiv.org/faktencheck/medizin-und-gesundheit/2019/11/28/nein-eine-pille-gegen-hepatitis-c-kostet-in-deutschland-aktuell-nicht-100-000-euro/,"más de 900,000 peruanos padecerían de hepatitis por vacuna covid-19","Pille gegen Hepatitis C kostet in Deutschland 100.000 Euro, in Indien 800 Euro",0,0.012442742046230486
https://correctiv.org/faktencheck/gesundheit-2/2019/11/28/nein-eine-pille-gegen-hepatitis-c-kostet-in-deutschland-aktuell-nicht-100-000-euro/,"más de 900,000 peruanos padecerían de hepatitis por vacuna covid-19","Pille gegen Hepatitis C kostet in Deutschland 100.000 Euro, in Indien 800 Euro",0,0.005461609970758787
https://factcheck.afp.com/hepatitis-b-vaccine-safe-newborns,"más de 900,000 peruanos padecerían de hepatitis por vacuna covid-19",Hepatitis B vaccine is dangerous for newborns,0,0.023401360544217688
https://healthfeedback.org/claimreview/children-under-six-much-higher-risk-of-hepatitis-b-related-complications-than-adults-vaccination-safe-and-effective-preventing-infection-disease-liz-wheeler/,"más de 900,000 peruanos padecerían de hepatitis por vacuna covid-19",“If you don't have hepatitis B then your baby's not going to have hepatitis B”; “there's 16 times the amount of aluminum that the FDA says can poison a baby”,0,0.020253212396069538
https://factual.afp.com/la-vacuna-desarrollada-por-un-laboratorio-peruano-aun-no-se-ha-probado-en-humanos,"más de 900,000 peruanos padecerían de hepatitis por vacuna covid-19","La “vacuna peruana” contra el covid-19 es mejor que las de Pfizer, AstraZeneca y Moderna",0,0.24333333333333335
https://www.boomlive.in/world/posts-falsely-claim-hepatitis-b-vaccine-is-dangerous-for-babies-8801,"más de 900,000 peruanos padecerían de hepatitis por vacuna covid-19",Hepatitis B vaccine is dangerous for newborn babies.,0,0.060637046053966324
https://colombiacheck.com/chequeos/en-dinamarca-las-personas-que-reciben-ayuda-social-si-pueden-votar,Dinamarca quien recibe ayuda social no puede votar,En Dinamarca toda persona que recibe algún tipo de ayuda social está inhabi,1,0.9666666666666667
https://www.newtral.es/dinamarca-no-retira-derecho-voto-beneficiarios-ayudas/20190724/,Dinamarca quien recibe ayuda social no puede votar,En Dinamarca toda persona que recibe algún tipo de ayuda social está inhabilitada para votar. De esta forma se evita el clientelismo político y que los ciudadanos que reciben ayudas se conviertan en votantes cautivos. RT si quieres que se aplique en España.,1,0.96
https://checamos.afp.com/doc.afp.com.32G38H8,Dinamarca quien recibe ayuda social no puede votar,Dinamarca proibe cidadãos que recebem ajudas sociais de votar,1,0.9066666666666666
https://www.verificat.cat/es/fact-check/dinamarca-no-tiene-ninguna-ley-que-obligue-a-los-inmigrantes-a-tributar-para-obtener-ayudas-publicas,Dinamarca quien recibe ayuda social no puede votar,Entra en VIGOR en Dinamarca la ley que obliga a quitar las ayudas Públicas a los inmigrantes que NO aporten al sistema público,1,0.9233333333333333
https://politica.estadao.com.br/blogs/estadao-verifica/dinamarca-tem-maior-mercado-de-organicos-do-mundo-mas-essa-modalidade-de-agricultura-nao-abastece-toda-a-populacao/,Dinamarca quien recibe ayuda social no puede votar,Dinamarca será 100% orgânica até 2020,0,0.039697396388387644
https://factual.afp.com/ninguna-ley-danesa-obliga-los-agricultores-tener-un-5-de-terreno-con-flores-para-las-abejas,Dinamarca quien recibe ayuda social no puede votar,En Dinamarca la ley obliga a tener flores en el 5% del campo,0,0.021333333333333336
https://www.newtral.es/bulo-video-parlamento-dinamarca-infantas-vacuna-montaje/20210304/,Dinamarca quien recibe ayuda social no puede votar,"El Parlamento de Dinamarca riéndose de Pedro Sánchez y la defensa de su Gobierno sobre la ""ejemplar monarquía española"". No pueden controlar la risa.",0,0.0038676281885679648
https://poligrafo.sapo.pt/fact-check/video-de-41-segundo-prova-que-um-grupo-de-muculmanos-atacou-a-policia-na-dinamarca,Dinamarca quien recibe ayuda social no puede votar,Vídeo de 41 segundos prova que um grupo de muçulmanos atacou a polícia na Dinamarca?,0,0.0
https://www.verificat.cat/es/fact-check/dinamarca-no-te-cap-llei-que-obligui-els-immigrants-a-tributar-per-obtenir-ajudes-publiques,Dinamarca quien recibe ayuda social no puede votar,Entra en VIGOR a Dinamarca la llei que obliga a treure les ajudes Públiques als immigrants que NO aporten al sistema públic,1,0.69
https://www.verificat.cat/fact-check/dinamarca-no-te-cap-llei-que-obligui-els-immigrants-a-tributar-per-obtenir-ajudes-publiques,Dinamarca quien recibe ayuda social no puede votar,Entra en VIGOR a Dinamarca la llei que obliga a treure les ajudes Públiques als immigrants que NO aporten al sistema públic,1,0.86
https://maldita.es/malditobulo/20210520/video-parlamento-dinamarca-risas-monarquia-ejemplar-espanola-subtitulos-manipulados/,Dinamarca quien recibe ayuda social no puede votar,"Esta es la reacción del Parlamento de Dinamarca sobre la ""ejemplaridad de la monarquía española""",0,0.00016565622064725473
https://maldita.es/malditobulo/20220524/video-parlamento-dinamarca-risas-monarquia-ejemplar-espanola-subtitulos-manipulados/,Dinamarca quien recibe ayuda social no puede votar,"Esta es la reacción del Parlamento de Dinamarca sobre la ""ejemplaridad de la monarquía española""",0,0.00016565622064725473
https://maldita.es/malditobulo/20210928/parlamento-dinamarca-video-debate-reconocer-cataluna-pais-independiente-subtitulos-manipulados/,Dinamarca quien recibe ayuda social no puede votar,Debate sobre el apoyo del Parlamento de Dinamarca a la independencia de Cataluña,0,0.016917792972784004
https://maldita.es/malditobulo/20220520/parlamento-dinamarca-video-debate-reconocer-cataluna-pais-independiente-subtitulos-manipulados/,Dinamarca quien recibe ayuda social no puede votar,Debate sobre el apoyo del Parlamento de Dinamarca a la independencia de Cataluña,0,0.013526991272258053
https://www.newtral.es/dinamarca-flores-ley/20220226/,Dinamarca quien recibe ayuda social no puede votar,"En Dinamarca los agricultores tienen que cultivar el 5% de sus terrenos con flores de campo para las abejas, por ley",0,0.06716666666666667
https://www.univision.com/noticias/enganoso-beneficios-desempleo-por-despido-no-vacunarte-covid-19,Dinamarca quien recibe ayuda social no puede votar,Los trabajadores que no quieran vacunarse que pueden recibir subsidio por desempleo si son despedidos. ,0,0.006967822045985322
https://factual.afp.com/doc.afp.com.32KM8WH,Dinamarca quien recibe ayuda social no puede votar,Dinamarca prohibió la vacunación contra el covid-19 para las personas menores de 50 años,0,0.013418803418803419
https://observador.pt/factchecks/fact-check-a-dinamarca-passou-de-200-para-26-novos-casos-de-coronavirus-num-so-dia/,Dinamarca quien recibe ayuda social no puede votar,"""A Dinamarca foi até agora o único país europeu a dar a volta à curva de infetados. Passou de 200 ao dia para 26 no último dia.""",0,0.01427752318965708
https://www.newtral.es/bulo-montajes-ataque-risa-parlamento-danes-cataluna/20210308/,Dinamarca quien recibe ayuda social no puede votar,El vídeo del Parlamento de Dinamarca riéndose de la petición de apoyo a la independencia de Cataluña,0,0.010068027210884354
https://checamos.afp.com/doc.afp.com.32G38H8,Dinamarca recibir ayuda social te impide votar,Dinamarca proibe cidadãos que recebem ajudas sociais de votar,1,0.87
https://colombiacheck.com/chequeos/en-dinamarca-las-personas-que-reciben-ayuda-social-si-pueden-votar,Dinamarca recibir ayuda social te impide votar,En Dinamarca toda persona que recibe algún tipo de ayuda social está inhabi,1,0.9766666666666667
https://www.newtral.es/dinamarca-no-retira-derecho-voto-beneficiarios-ayudas/20190724/,Dinamarca recibir ayuda social te impide votar,En Dinamarca toda persona que recibe algún tipo de ayuda social está inhabilitada para votar. De esta forma se evita el clientelismo político y que los ciudadanos que reciben ayudas se conviertan en votantes cautivos. RT si quieres que se aplique en España.,1,0.99
https://www.verificat.cat/es/fact-check/dinamarca-no-tiene-ninguna-ley-que-obligue-a-los-inmigrantes-a-tributar-para-obtener-ayudas-publicas,Dinamarca recibir ayuda social te impide votar,Entra en VIGOR en Dinamarca la ley que obliga a quitar las ayudas Públicas a los inmigrantes que NO aporten al sistema público,1,0.8633333333333333
https://www.verificat.cat/es/fact-check/dinamarca-no-te-cap-llei-que-obligui-els-immigrants-a-tributar-per-obtenir-ajudes-publiques,Dinamarca recibir ayuda social te impide votar,Entra en VIGOR a Dinamarca la llei que obliga a treure les ajudes Públiques als immigrants que NO aporten al sistema públic,1,0.52
https://www.verificat.cat/fact-check/dinamarca-no-te-cap-llei-que-obligui-els-immigrants-a-tributar-per-obtenir-ajudes-publiques,Dinamarca recibir ayuda social te impide votar,Entra en VIGOR a Dinamarca la llei que obliga a treure les ajudes Públiques als immigrants que NO aporten al sistema públic,1,0.7666666666666667
https://www.altnews.in/false-claim-of-denmark-passed-a-low-banning-voting-from-muslims-is-viral/,Dinamarca recibir ayuda social te impide votar,Denmark has abolished the Muslim right to vote,1,0.7763144654088051
https://www.stopfake.org/ru/fejk-v-danii-na-vyborah-mogut-golosovat-tolko-nalogoplatelshhiki/,Dinamarca recibir ayuda social te impide votar,В Дании на выборах могут голосовать только налогоплательщики,1,0.79
https://leadstories.com/hoax-alert/2021/09/fact-check-denmark-is-getting-rid-of-many-of-its-covid19-restrictions-but-it-has-a-high-vaccination-rate.html,Dinamarca recibir ayuda social te impide votar,Denmark has abolished all COVID measures,0,0.020024875621890547
https://factly.in/denmark-did-not-pass-legislation-barring-muslims-from-voting-in-elections/,Dinamarca recibir ayuda social te impide votar,Denmark has passed legislation barring Muslims from voting in elections,0,0.1576190476190476
https://dpa-factchecking.com/netherlands/220429-99-93833,marine le pen obtuvo 14 millones de votos,"Marine Le Pen stond eerst op 14 miljoen stemmen, maar kreeg er toen uiteindelijk toch minder toebedeeld.",1,0.29487339743589747
https://factuel.afp.com/doc.afp.com.328X87B,marine le pen obtuvo 14 millones de votos,"2 millions de voix pour Marine Le Pen ""disparaissent""",1,0.6941025641025641
https://faktencheck.afp.com/doc.afp.com.328Y9KQ,marine le pen obtuvo 14 millones de votos,Stimmzettel für Marine Le Pen waren beschädigt und ungültig,1,0.670779418267773
https://www.boatos.org/mundo/biden-recebeu-21-mil-votos-pessoas-mortas-pensilvania.html,marine le pen obtuvo 14 millones de votos,21 mil falecidos votaram em Joe Biden na Pensilvânia!,0,0.0034285714285714284
https://www.newtral.es/fraude-le-pen-recuento-votos/20220428/,marine le pen obtuvo 14 millones de votos,Tongo en Francia: Marine Le Pen “pierde” más de un millón de votos durante el recuento ,1,0.73
https://defacto-observatoire.fr/Medias/Les-Surligneurs/Fact-checks/Le-programme-de-Marine-Le-Pen-passe-au-crible/,marine le pen obtuvo 14 millones de votos,Le programme de Marine Le Pen passé au crible,0,0.14666666666666667
https://demagog.org.pl/wypowiedzi/jaroslaw-gowin-o-obietnicach-marine-le-pen/,marine le pen obtuvo 14 millones de votos,"Przypomnę, że Marine Le Pen zapowiadała wystąpienie Francji z NATO.",0,0.056666666666666664
https://factuel.afp.com/non-la-manif-pour-tous-na-pas-appele-voter-pour-marine-le-pen-la-presidentielle-2017,marine le pen obtuvo 14 millones de votos,La Manif pour tous a appelé à voter pour Marine Le Pen à la présidentielle 2017,0,0.017453703703703704
https://www.lemonde.fr/les-decodeurs/article/2016/11/28/la-fausse-citation-de-marine-le-pen-sur-francois-hollande-et-hitler_5039607_4355770.html,marine le pen obtuvo 14 millones de votos,"Marine Le Pen a-t-elle dit : « Hitler a fait moins de dégâts en France que Hollande, dans le même laps de temps » ?",0,0.006767676767676768
https://politica.estadao.com.br/blogs/estadao-verifica/e-falso-que-urnas-tenham-anulado-72-mi-votos-em-2018-boato-antigo-voltou-a-circular/,marine le pen obtuvo 14 millones de votos,"7,2 milhões de votos anulados pelas urnas",0,0.010376492194674014
https://dpa-factchecking.com/austria/220504-99-156089,marine le pen obtuvo 14 millones de votos,"Screenshots zeigen, dass bei der französischen Präsidentschaftswahl über 2 Millionen Stimmen für Marine Le Pen verschwunden sind.",1,0.86
https://dpa-factchecking.com/austria/220504-99-156089/,marine le pen obtuvo 14 millones de votos,"Screenshots zeigen, dass bei der französischen Präsidentschaftswahl über 2 Millionen Stimmen für Marine Le Pen verschwunden sind.",1,0.89
https://napravoumiru.afp.com/doc.afp.com.32932FM,marine le pen obtuvo 14 millones de votos,Podle údajů televize France 2 při volbách zmizely miliony hlasů pro Marine Le Pen,1,0.010149710504549214
https://www.usatoday.com/story/news/factcheck/2020/12/30/fact-check-fals-president-than-were-registered-u-s/4010087001/,marine le pen obtuvo 14 millones de votos,Trump got 74 million votes and there are only 133 million registered voters in the USA,0,0.0033659066232356134
https://www.20minutes.fr/elections/presidentielle/3277139-20220425-resultats-presidentielle-2022-marine-pen-felicite-emmanuel-macron-publiquement-entorse-tradition-republicaine,marine le pen obtuvo 14 millones de votos,Marine Le Pen a rompu avec une tradition républicaine en ne félicitant pas publiquement Emmanuel Macron,0,0.04713262495080677
https://leadstories.com/hoax-alert/2020/11/fact-check-the-number-voters-in-michigan-did-not-exceed-the-number-of-registered-voters.html,marine le pen obtuvo 14 millones de votos,8.1 million people voted in Michigan in the general election when there were only 7.8 million registered voters,0,0.0074285714285714285
https://factcheck.thedispatch.com/p/fact-checking-donald-trumps-speech,marine le pen obtuvo 14 millones de votos,Pennsylvania had more votes than it did voters.,0,0.006724115578459495
https://www.factcheck.org/2018/02/4-million-democratic-votes-werent-discounted/,marine le pen obtuvo 14 millones de votos,“BREAKING: 4 Million Democrat Votes Were Just Declared Fraudulent.”,0,0.020032573289902277
https://maldita.es/malditobulo/20220328/biden-europa-gas-ruso/,biden dijo en Bruselas que está “dispuesto a pagar” el coste para la UE de cortar el gas ruso,"Vídeo de Joe Biden en el que dice que el coste que tendrá sobre Europa cortar el gas ruso es ""el precio"" que está ""dispuesto a pagar""",1,0.9366666666666666
https://maldita.es/clima/bulo/20220328/biden-europa-gas-ruso/,biden dijo en Bruselas que está “dispuesto a pagar” el coste para la UE de cortar el gas ruso,"Vídeo de Joe Biden en el que dice que el coste que tendrá sobre Europa cortar el gas ruso es ""el precio"" que está ""dispuesto a pagar""",1,0.8733333333333333
https://factchequeado.com/verificaciones/20220503/biden-cortar-gas-ruso/,biden dijo en Bruselas que está “dispuesto a pagar” el coste para la UE de cortar el gas ruso,"Biden: ""Cortar el gas ruso dañará a Europa pero ese es el precio que estoy dispuesto a pagar""",1,0.7833333333333333
https://observador.pt/factchecks/fact-check-joe-biden-disse-estar-disposto-a-pagar-o-preco-do-bloqueio-europeu-ao-gas-russo/,biden dijo en Bruselas que está “dispuesto a pagar” el coste para la UE de cortar el gas ruso,"""Joe Biden: 'Cortar o gás russo vai doer à Europa, mas eu estou disposto a pagar esse preço'.""",1,0.9433333333333334
https://www.newtral.es/bruselas-pedro-sanchez-ruina-economica/20220209/,biden dijo en Bruselas que está “dispuesto a pagar” el coste para la UE de cortar el gas ruso,Bruselas alerta que el Gobierno de Pedro Sánchez lleva a los españoles a la ruina económica. ,0,0.006716576915780103
https://fullfact.org/online/EU-budget-collapse/,biden dijo en Bruselas que está “dispuesto a pagar” el coste para la UE de cortar el gas ruso,The EU admits its budget will collapse without financial contribution from the UK.,0,0.09454253844620363
https://www.politifact.com/factchecks/2022/jun/06/tweets/no-biden-didnt-give-americans-cheapest-gas-prices-/,biden dijo en Bruselas que está “dispuesto a pagar” el coste para la UE de cortar el gas ruso,"Biden gave Americans “the cheapest gas prices on Earth.”
",0,0.014761957461160649
https://fullfact.org/economy/EU-UK-energy-price-cap-comparison/,biden dijo en Bruselas que está “dispuesto a pagar” el coste para la UE de cortar el gas ruso,The EU price cap on gas is 43.99 euros per mega watt hour. The UK is £263.99 per mega watt hour.,0,0.004470020619351275
https://www.stopfake.org/ru/manipulyatsiya-v-evrope-nachalas-panika-iz-za-sokrashheniya-postavok-rossijskogo-gaza-express/,biden dijo en Bruselas que está “dispuesto a pagar” el coste para la UE de cortar el gas ruso,"В Европе началась паника из-за сокращения поставок российского газа, — Express",0,0.02737107463487714
https://www.stopfake.org/ru/fejk-ukraintsev-v-es-proveryayut-na-tuberkulez-iz-za-biorazrabotok-nato/,biden dijo en Bruselas que está “dispuesto a pagar” el coste para la UE de cortar el gas ruso,Украинцев в ЕС «проверяют на туберкулез из-за биоразработок НАТО»,0,0.0033659066232356134
https://www.stopfake.org/ru/fejk-soros-zayavil-chto-evrope-vygodno-esli-ot-ukrainy-ostanetsya-pepelishhe/,biden dijo en Bruselas que está “dispuesto a pagar” el coste para la UE de cortar el gas ruso,"Джордж Сорос заявил, что Европе выгодно, если от Украины останется пепелище",0,3.257328990228013e-05
https://www.stopfake.org/ru/fejk-vatikan-pervym-v-evrope-zaplatil-rossii-za-gaz-rublyami/,biden dijo en Bruselas que está “dispuesto a pagar” el coste para la UE de cortar el gas ruso,Ватикан первым в Европе заплатил России за газ рублями,0,0.006955599125062007
https://www.politifact.com/article/2021/dec/09/context-joe-bidens-fair-share-comments-gas-prices/,biden dijo en Bruselas que está “dispuesto a pagar” el coste para la UE de cortar el gas ruso,"Says Joe Biden said, ""We’re going to keep at it to ensure the American people are paying their fair share for gas.""",0,0.08728138912809982
https://www.polygraph.info/a/us-lng-eu-russia-gazprom/28942400.html,biden dijo en Bruselas que está “dispuesto a pagar” el coste para la UE de cortar el gas ruso,"“Brussels surely understands that replacing the Russian pipeline gas with American LNG does not increase, but reduces the energy security of the EU.”",0,0.11928916637366359
https://www.newtral.es/pacma-dragon-san-jorge-manifestacion/20220427/,partido animalista manifestacion contra la muerte del dragon,Esta imagen muestra una manifestación de PACMA con una pancarta contra la muerte del dragón de San Jorge,1,0.9366666666666666
https://factual.afp.com/este-saqueo-ocurrio-en-2015-anos-antes-de-las-manifestaciones-por-la-muerte-de-george-floyd,partido animalista manifestacion contra la muerte del dragon,Saqueos en manifestaciones tras la muerte de George Floyd en Estados Unidos,0,0.006666666666666667
https://colombiacheck.com/index.php/chequeos/este-video-no-es-de-protestas-en-cuba-sino-de-la-celebracion-por-la-copa-america-en,partido animalista manifestacion contra la muerte del dragon,Video muestra las manifestaciones en Cuba,0,0.0049543761638733705
https://colombiacheck.com/chequeos/este-video-no-es-de-protestas-en-cuba-sino-de-la-celebracion-por-la-copa-america-en,partido animalista manifestacion contra la muerte del dragon,Video muestra las manifestaciones en Cuba,0,0.004287709497206704
https://factual.afp.com/esta-foto-no-muestra-una-manifestacion-en-colombia-sino-una-marcha-en-venezuela-en-2017,partido animalista manifestacion contra la muerte del dragon,Foto muestra manifestaciones en Colombia,0,0.010833333333333334
https://factual.afp.com/las-imagenes-muestran-protestas-antirracismo-en-alemania-no-contra-las-medidas-por-el-covid-19,partido animalista manifestacion contra la muerte del dragon,Manifestación en Berlín contra las medidas por el COVID-19,0,0.010455064821962701
https://maldita.es/malditobulo/20210713/video-manifestacion-cuba-celebracion-copa-america-buenos-aires-argentina/,partido animalista manifestacion contra la muerte del dragon,Vídeo de una manifestación en contra del Gobierno en Cuba,0,0.040291057990261184
https://www.newtral.es/el-video-de-la-supuesta-manifestacion-en-teruel-contra-pedro-sanchez-fue-grabado-en-madrid/20200107/,partido animalista manifestacion contra la muerte del dragon,Vídeo de la manifestación en Teruel contra Pedro Sánchez,0,0.013485502434705622
https://maldita.es/malditobulo/20210714/foto-la-habana-protesta-dictadura-narcocastrista-diada-cataluna-2016/,partido animalista manifestacion contra la muerte del dragon,Imagen de una manifestación contra el Gobierno en La Habana,0,0.013490219044260942
https://factual.afp.com/la-monja-que-aparece-esposada-fue-arrestada-en-estados-unidos-por-protestar-contra-la-detencion-de,partido animalista manifestacion contra la muerte del dragon,La foto muestra a monjas detenidas por participar de una manifestación contra la detención de niños migrantes en Estados Unidos,0,0.0033333333333333335
https://factual.afp.com/doc.afp.com.32EG97Z,partido animalista manifestacion contra la muerte del dragon,Manifestación contra la cumbre de la OTAN y contra la guerra en Ucrania,0,0.017582052988449236
https://www.newtral.es/bulos-video-manifestacion-vacuna-grecia/20210727/,partido animalista manifestacion contra la muerte del dragon,Toma aérea muestra manifestación masiva contra la vacunación COVID en Grecia,0,0.01
https://verifica.efe.com/manifestacion-antivacunas-canada-protesta-moscu-1991/,partido animalista manifestacion contra la muerte del dragon,"Una foto muestra a miles de manifestantes en una manifestación contra la vacunación obligatoria de caminoneros en Ottawa, Canadá.",0,0.0033333333333333335
https://factual.afp.com/la-foto-de-una-muchedumbre-muestra-una-celebracion-de-hinchas-del-liverpool-en-2005,partido animalista manifestacion contra la muerte del dragon,"Manifestación en Europa, Berlín, contra las medidas por el covid-19",0,0.016832153941651152
https://colombiacheck.com/chequeos/no-es-cierto-que-las-protestas-en-cuba-se-terminaron-porque-el-gobierno-dialogo-con-los,partido animalista manifestacion contra la muerte del dragon,Manifestaciones en Cuba terminaron por diálogo con manifestantes,0,0.0
https://colombiacheck.com/index.php/chequeos/no-es-cierto-que-las-protestas-en-cuba-se-terminaron-porque-el-gobierno-dialogo-con-los,partido animalista manifestacion contra la muerte del dragon,Manifestaciones en Cuba terminaron por diálogo con manifestantes,0,0.0
https://www.newtral.es/la-foto-de-una-manifestacion-en-argentina-que-se-comparte-en-redes-como-si-fuera-de-la-protesta-en-madrid-contra-el-gobierno/20200515/,partido animalista manifestacion contra la muerte del dragon,Foto de una ''pija y su chacha'' en la manifestación en Madrid contra el Gobierno,0,0.003510192376368164
https://factual.afp.com/http%253A%252F%252Fdoc.afp.com%252F9FE469-1,partido animalista manifestacion contra la muerte del dragon,Este video muestra una manifestación en contra del gobierno cubano de Miguel Díaz-Canel,0,0.006800989709690103
https://maldita.es/malditobulo/20210614/video-manifestacion-indultos-colon/,partido animalista manifestacion contra la muerte del dragon,Manifestación contra los indultos a los presos del procés en la plaza de Colón,0,0.023346613545816734
https://leadstories.com/hoax-alert/2022/05/fact-check-us-general-eric-olson-did-not-surrender-in-azovstal-ukraine-image-is-from-april-2022.html,eric olson capturado por rusia,US General Eric Olson Surrendered In Azovstal,1,0.7910804586747983
https://periksafakta.afp.com/doc.afp.com.32BJ87L,eric olson capturado por rusia,"Laksamana AS Eric Olson ditangkap Rusia di Azovstal, Ukraina",1,0.7566666666666667
https://tenykerdes.afp.com/doc.afp.com.32B97YC,eric olson capturado por rusia,Eric Olson admirális fogásba esett Ukrajnában,1,0.8466666666666667
https://fakty.afp.com/doc.afp.com.32BL6XH,eric olson capturado por rusia,Americký admirál Eric Olson bol zajatý v oceliarňach Azovstaľ v Mariupole,1,0.6353333333333333
https://factcheck.afp.com/doc.afp.com.32B76JC,eric olson capturado por rusia,US admiral Eric Olson was captured by Russian forces in Ukraine,1,0.9233333333333333
https://napravoumiru.afp.com/doc.afp.com.32B36WE,eric olson capturado por rusia,Americký admirál Eric Olson byl zajat v ocelárnách Azovstal v Mariupolu,1,0.6769999999999999
https://cekfakta.com/focus/9923,eric olson capturado por rusia,“Laksamana AS Eric Olson ditangkap di #Azovstal#Mariupol“,1,0.49666666666666665
https://verificat.afp.com/doc.afp.com.32B76Z4,eric olson capturado por rusia,Amiralul american Eric Olson a fost capturat de forțele rusești la uzina siderurgică Azovstal din Mariupol.,1,0.9
https://factuel.afp.com/ar/NOT%20an%20Ethiopian%20spacecraft%201-21,eric olson capturado por rusia,صاروخ فضائ إثيوبي,0,0.0
https://demagog.org.pl/wypowiedzi/ewa-kopacz-o-walce-ludzi-z-dinozaurami/,eric olson capturado por rusia,"Przypomnę trochę strasznie dawne czasy. To jest wtedy, kiedy jeszcze dinozaury były, a ludzie nie mieli żadnych strzelb, nie mieli żadnej broni nowoczesnej, która pozwoliłaby je zabić. Wie Pani co robili? Rzucali kamieniami w tego dinozaura.",0,0.024747474747474747
https://vistinomer.mk/juzhna-afrika-prva-go-prijavi-sojot-omikron-vo-szo/,eric olson capturado por rusia,"Јужна Африка. Објава на 24 ноември 2021 година. Се бара запирање на испорака од Фајзер и Џонсон. Потоа, чудесно појавување на Омикрон. Брее, како повод за напад пред војна. Психолошки-терористичка пропаганда пуштена на најјако. Не им оди се по планот, оти мислеа дека сме ретардирани, ама ете, не сме до толку, пишува во постот кој го рецензираме.",0,0.01003257328990228
https://fatabyyano.net/%d9%87%d8%b0%d9%87-%d8%a7%d9%84%d8%b5%d9%88%d8%b1%d8%a9-%d9%85%d9%81%d8%a8%d8%b1%d9%83%d8%a9-%d9%88%d8%aa%d8%b9%d9%88%d8%af-%d8%a7%d9%84%d8%b5%d9%88%d8%b1%d8%a9-%d8%a7%d9%84%d8%a7%d8%b5%d9%84%d9%8a/,eric olson capturado por rusia,اثيوبيا تصنع صاروخ فضائي,0,0.0
https://factnameh.com/fact-checks/2020-08-12-american-arms-middle-east.html,eric olson capturado por rusia,۵۲ درصد سلاح‌های آمریکا راهی خاورمیانه می‌شود.,0,0.026699239956568945
https://leadstories.com/hoax-alert/2018/04/fake-news-stormy-daniels-killed-in-syrian-airstrike.html,eric olson capturado por rusia,Stormy Daniels Killed In Syrian Airstrike,0,0.0066992399565689465
https://tenykerdes.afp.com/doc.afp.com.32GZ4HM,eric olson capturado por rusia,Ezen a videón tiltakozó gazdákat látni Hollandiában,0,0.0033333333333333335
https://fatabyyano.net/%d8%b3%d9%8a%d9%85%d8%a8%d8%b3%d9%88%d9%86-%d9%85%d8%b1%d8%a9-%d8%a3%d8%ae%d8%b1%d9%8a-%d9%8a%d8%aa%d9%86%d8%a8%d8%a3-%d8%a8%d8%a7%d9%84%d8%af%d8%a8%d8%a7%d8%a8%d9%8a%d8%b1_%d9%85%d8%b6%d9%84%d9%84/,eric olson capturado por rusia,سيمبسون يتنبأ بقدوم الدبور العملاق لأمريكا,0,0.006666666666666667
https://oko.press/debunking/daniel-freund-o-budowie-niemieckiego-superpanstwa/,eric olson capturado por rusia,"Niemcom zależy na federalizacji UE, bo chcą stworzyć europejskie superpaństwo, aby narzucić swoją władzę europejskim peryferiom, mniejszym i biedniejszym krajom, takim jak m.in. Polska.",0,0.026699239956568945
https://factcheck.afp.com/doc.afp.com.32B76JC,eric olson imagen capturado por fuerzas rusas,US admiral Eric Olson was captured by Russian forces in Ukraine,1,0.9233333333333333
https://factual.afp.com/doc.afp.com.32BA98E,eric olson imagen capturado por fuerzas rusas,Esta foto registra la captura del almirante estadounidense Eric Olson por militares rusos en Mariúpol,1,0.99
https://maldita.es/malditobulo/20220315/derribo-bayraktar-tb2-ucraniano-rusia/,eric olson imagen capturado por fuerzas rusas,Imágenes del derribo de un Bayraktar TB2 ucraniano por parte de las fuerzas rusas,0,0.01
https://verificat.afp.com/doc.afp.com.32B76Z4,eric olson imagen capturado por fuerzas rusas,Amiralul american Eric Olson a fost capturat de forțele rusești la uzina siderurgică Azovstal din Mariupol.,1,0.8366666666666667
https://www.newtral.es/el-video-antiguo-usado-para-ilustrar-falsamente-como-ponen-en-cuarentena-a-personas-de-50-anos-en-hungria/20200412/,eric olson imagen capturado por fuerzas rusas,"En Hungría, la policía captura a todos los mayores de 50 años por la fuerza",0,0.00019822951054953485
https://maldita.es/malditobulo/20220309/cnn-tuit-steven-seagal-rusia/,eric olson imagen capturado por fuerzas rusas,Tuit CNN Steven Seagal fuerzas especiales rusas,0,0.05041880341880342
https://factual.afp.com/doc.afp.com.32899BM,eric olson imagen capturado por fuerzas rusas,El teniente general estadounidense Cloutier fue capturado en Ucrania por el ejército ruso,0,0.23027777777777778
https://colombiacheck.com/chequeos/actualizacion-el-tiempo-si-registro-la-captura-de-petro-en-1985-aunque-no-vestido-de-mujer,eric olson imagen capturado por fuerzas rusas,Cuando Petro fue capturado estaba vestido de mujer,0,0.006764295676429568
https://factual.afp.com/doc.afp.com.324C7GQ,eric olson imagen capturado por fuerzas rusas,Tuit de CNN afirma que Steven Seagal se unió a las fuerzas rusas en Ucrania,0,0.0039880959322216225
https://periksafakta.afp.com/doc.afp.com.32BJ87L,eric olson imagen capturado por fuerzas rusas,"Laksamana AS Eric Olson ditangkap Rusia di Azovstal, Ukraina",1,0.8666666666666667
https://www.newtral.es/roger-cloutier-prisionero-rusia-mariupol/20220408/,eric olson imagen capturado por fuerzas rusas,El general de los Estados Unidos Roger L. Cloutier fue capturado por Rusia durante un asalto a una base de Azov en Mariúpol.,0,0.09034580498866213
https://factual.afp.com/esta-imagen-de-la-superficie-del-sol-fue-retocada-y-no-es-de-la-nasa,eric olson imagen capturado por fuerzas rusas,Esta imagen de la NASA muestra la captura más reciente del sol,0,0.0035758442298114055
https://www.boatos.org/brasil/lazaro-barbosa-foi-capturado-preso-mostra-video-de-helicoptero.html,eric olson imagen capturado por fuerzas rusas,Vídeo da captura do serial killer Lázaro Barboza. Capturado na tarde de hoje .,0,0.0001651126651126651
https://factual.afp.com/doc.afp.com.324H2GC,eric olson imagen capturado por fuerzas rusas,Este video muestra un bombardeo a la ciudad ucraniana de Mariúpol por las fuerzas rusas,0,0.0043684599810093665
https://factual.afp.com/http%253A%252F%252Fdoc.afp.com%252F9QE6X3-1,eric olson imagen capturado por fuerzas rusas,"Este es el cambuche de alias Otoniel, capturado en Colombia",0,0.00673469387755102
https://tenykerdes.afp.com/doc.afp.com.32B97YC,eric olson imagen capturado por fuerzas rusas,Eric Olson admirális fogásba esett Ukrajnában,1,0.7736088154269972
https://leadstories.com/hoax-alert/2022/05/fact-check-us-general-eric-olson-did-not-surrender-in-azovstal-ukraine-image-is-from-april-2022.html,eric olson imagen capturado por fuerzas rusas,US General Eric Olson Surrendered In Azovstal,1,0.7583595225639349
https://poligrafo.sapo.pt/fact-check/ucranianos-estao-a-vender-um-tanque-russo-capturado-durante-a-invasao-na-plataforma-ebay,eric olson imagen capturado por fuerzas rusas,"Ucranianos estão a vender ""um tanque russo capturado durante a invasão"" na plataforma eBay?",0,0.014245588514258906
https://factual.afp.com/doc.afp.com.32BA92R,propuesta de Abascal de que los españoles dispongan de armas para “autodefensa”,Vox ha esperado a otra matanza de niños en una escuela en Estados Unidos para proponer que los españoles dispongan de armas,1,0.6433333333333333
https://maldita.es/malditobulo/20210820/abascal-federico-garcia-lorca-fallecio-comunismo/,propuesta de Abascal de que los españoles dispongan de armas para “autodefensa”,Tuit de Santiago Abascal que dice que Federico García Lorca falleció por culpa del comunismo que obligó a los españoles de bien a defender su patria,0,0.003346613545816733
https://www.newtral.es/lorena-roldan-somos-el-partido-que-mas-propuestas-propone-en-el-parlament-propuestas-de-resolucion-y-proposiciones-de-ley/20191004/,propuesta de Abascal de que los españoles dispongan de armas para “autodefensa”,"Somos el partido que más propuestas propone en el Parlament, propuestas de resolución y proposiciones de ley",0,0.0034675923797262706
https://www.newtral.es/sanchez-dice-que-el-70-de-los-encuestados-por-la-vanguardia-apoya-su-propuesta-para-cataluna/20181123/,propuesta de Abascal de que los españoles dispongan de armas para “autodefensa”,"En la encuesta del diario El Periódico, la propuesta que hace el Gobierno de España de fortalecer el autogobierno de Cataluña cuenta con un 56% de apoyo. La de GAD 3 para La Vanguardia alcanza el 70% de los encuestados",0,0.0
https://chequeado.com/el-explicador/quita-de-subsidios-cual-es-la-propuesta-del-gobierno-y-que-debe-hacer-para-aplicarla/,propuesta de Abascal de que los españoles dispongan de armas para “autodefensa”,Quita de subsidios: cuál es la propuesta del Gobierno y qué debe hacer para aplicarla,0,0.0
https://www.newtral.es/santiago-abascal-sobre-las-ayudas-al-alquiler-han-creado-una-legislacion-que-discrimina-a-los-espanoles-porque-les-dice-que-tienen-arraigo/20191104/,propuesta de Abascal de que los españoles dispongan de armas para “autodefensa”,Han creado una legislación que discrimina a los españoles porque les dice que tienen arraigo,0,0.00010818785345463486
https://chequeado.com/ultimas-noticias/macri-una-de-mis-tres-propuestas-es-enfrentar-el-narcotrafico/,propuesta de Abascal de que los españoles dispongan de armas para “autodefensa”,Una de mis tres propuestas es enfrentar (...) el narcotráfico,0,0.007002117311614519
https://chequeado.com/ultimas-noticias/macri-una-de-mis-tres-propuestas-es-enfrentar-el-narcotrafico-2018/,propuesta de Abascal de que los españoles dispongan de armas para “autodefensa”,Una de mis tres propuestas es enfrentar () el narcotráfico,0,0.01044485235434956
https://chequeado.com/ultimas-noticias/macri-una-de-mis-tres-propuestas-es-enfrentar-el-narcotrafico-2017/,propuesta de Abascal de que los españoles dispongan de armas para “autodefensa”,Una de mis tres propuestas es enfrentar () el narcotráfico,0,0.016921042830540037
https://factual.afp.com/doc.afp.com.32CM3DB,propuesta de Abascal de que los españoles dispongan de armas para “autodefensa”,Estos 12 derechos ya no están en la propuesta de Constitución chilena,0,0.0035897435897435897
https://maldita.es/malditobulo/20220226/espana-guerra-jovenes-formacion-sanchez/,propuesta de Abascal de que los españoles dispongan de armas para “autodefensa”,El gobierno español llamará a jóvenes españoles de 18 a 25 años para formarlos en caso de guerra,0,0.04028058657292528
https://www.newtral.es/no-se-esta-deteniendo-a-espanoles-por-querer-ir-a-misa-en-plena-pandemia-es-un-video-antiguo/20200328/,propuesta de Abascal de que los españoles dispongan de armas para “autodefensa”,Detienen a españoles por querer ir a misa en plena pandemia,0,0.01
https://maldita.es/malditobulo/20200911/gobierno-congelar-cuentas-bancarias-espanoles/,propuesta de Abascal de que los españoles dispongan de armas para “autodefensa”,El Gobierno estaría dispuesto a congelas las cuentas bancarias de los españoles,0,1.3280212483399734e-05
https://factual.afp.com/doc.afp.com.32CM6KA,propuesta de Abascal de que los españoles dispongan de armas para “autodefensa”,El expresidente de Chile Ricardo Lagos dijo que rechazará la propuesta de nueva Constitución,0,0.0
https://www.fastcheck.cl/2021/06/15/ministro-lucas-palacios-me-alegro-que-el-colmed-de-una-propuesta-sanitaria-porque-esta-es-primera-vez-que-lo-hace-falso/,propuesta de Abascal de que los españoles dispongan de armas para “autodefensa”,"Ministro Lucas Palacios: “Me alegro que el Colmed dé una propuesta (sanitaria), porque esta es primera vez que lo hace”",0,0.0
https://colombiacheck.com/chequeos/lo-del-grupo-de-la-universidad-de-los-andes-que-califico-las-propuestas-de-petro-como,propuesta de Abascal de que los españoles dispongan de armas para “autodefensa”,Universidad de Los Andes calificó las propuestas de Petro como inviables,0,0.0033333333333333335
https://factual.afp.com/doc.afp.com.32GM4XH,propuesta de Abascal de que los españoles dispongan de armas para “autodefensa”,Estos son los requisitos para cambiar la Carta Magna chilena y la propuesta,0,0.0033333333333333335
https://www.newtral.es/gobierno-formar-jovenes-guerra-bulo/20220307/,propuesta de Abascal de que los españoles dispongan de armas para “autodefensa”,El gobierno español llamará en breve a jóvenes españoles de entre 18 y 25 años para formarlos en caso de guerra. ,0,0.0038473172569199548
https://maldita.es/malditobulo/20201109/tuit-santiago-abascal-stop-the-cunt-paren-el-cono-gilipollas-elecciones-eeuu/,propuesta de Abascal de que los españoles dispongan de armas para “autodefensa”,Tuit de Santiago Abascal que dice Stop the cunt! (paren el coño o paren al gilipollas).,0,0.00024163832199546487
https://www.newtral.es/gobierno-prohibir-carne-2050/20220704/,propuesta de Abascal de que los españoles dispongan de armas para “autodefensa”,El Gobierno planea que los españoles dejen de comer carne de aquí a 2050.,0,0.0071628584229390686
https://www.newtral.es/bulo-odio-catalanes-espanoles/20220422/,propuesta de Abascal de que los españoles dispongan de armas para “autodefensa”,Más del 70% de los españoles odia a los catalanes.,0,0.0
https://factual.afp.com/doc.afp.com.32BA92R,españoles dispongan de armas para “autodefensa”,Vox ha esperado a otra matanza de niños en una escuela en Estados Unidos para proponer que los españoles dispongan de armas,1,0.8533333333333334
https://maldita.es/malditobulo/20200911/gobierno-congelar-cuentas-bancarias-espanoles/,españoles dispongan de armas para “autodefensa”,El Gobierno estaría dispuesto a congelas las cuentas bancarias de los españoles,0,0.003346613545816733
https://www.newtral.es/santiago-abascal-sobre-las-ayudas-al-alquiler-han-creado-una-legislacion-que-discrimina-a-los-espanoles-porque-les-dice-que-tienen-arraigo/20191104/,españoles dispongan de armas para “autodefensa”,Han creado una legislación que discrimina a los españoles porque les dice que tienen arraigo,0,4.585350238567986e-05
https://www.newtral.es/bulo-odio-catalanes-espanoles/20220422/,españoles dispongan de armas para “autodefensa”,Más del 70% de los españoles odia a los catalanes.,0,0.0
https://www.newtral.es/fact-check-solicitudes-ingreso-minimo-vital-edmundo-bal/20210318/,españoles dispongan de armas para “autodefensa”,“Más del 80% de los hogares españoles aún esperan el ingreso (mínimo vital)”,0,0.02023215394165115
https://www.newtral.es/no-se-esta-deteniendo-a-espanoles-por-querer-ir-a-misa-en-plena-pandemia-es-un-video-antiguo/20200328/,españoles dispongan de armas para “autodefensa”,Detienen a españoles por querer ir a misa en plena pandemia,0,0.12016120347311031
https://www.verificat.cat/es/fact-check/no-esta-demostrado-que-9-de-cada-10-espanoles-tengan-deficit-de-vitamina-d-como-asegura-un-anuncio-de-actimel,españoles dispongan de armas para “autodefensa”,9 de cada 10 españoles tienen déficit de vitamina D,0,0.0045814814814814815
https://www.verificat.cat/fact-check/no-esta-demostrado-que-9-de-cada-10-espanoles-tengan-deficit-de-vitamina-d-como-asegura-un-anuncio-de-actimel,españoles dispongan de armas para “autodefensa”,9 de cada 10 españoles tienen déficit de vitamina D,0,0.0035532967032967035
https://www.newtral.es/la-periodista-pilar-rahola-no-ha-dicho-los-espanoles-me-repugnan-como-el-olor-a-pescado/20191021/,españoles dispongan de armas para “autodefensa”,Los españoles me repugnan como el olor a pescado,0,1.3280212483399734e-05
https://factual.afp.com/http%253A%252F%252Fdoc.afp.com%252F9RY9H4-1,españoles dispongan de armas para “autodefensa”,Los políticos españoles no pagan el IRPF y los jubilados sí,0,0.0
https://www.newtral.es/mensajes-enganosos-espana-alemania-himnos-pandemia/20200904/,españoles dispongan de armas para “autodefensa”,Los futbolistas alemanes guardan distancia en el himno y los españoles se abrazan,0,0.0
https://www.newtral.es/es-falso-que-colau-haya-dicho-o-ponen-en-libertad-a-nuestros-presos-politicos-o-destrozaremos-a-espana-y-a-los-espanoles/20191008/,españoles dispongan de armas para “autodefensa”,O ponen en libertad a nuestros presos políticos o destrozaremos a España y a los españoles,0,0.011413718475852368
https://maldita.es/malditobulo/20201101/alemanes-descojonan-espanoles-video/,españoles dispongan de armas para “autodefensa”,Los alemanes se descojonan de los españoles en un vídeo de la cadena FTL,0,0.0
https://factual.afp.com/estos-jovenes-desarrollaron-un-test-rapido-para-detectar-el-nuevo-coronavirus-pero-son-argentinos,españoles dispongan de armas para “autodefensa”,Estos jóvenes desarrollaron un test rápido para detectar el coronavirus y son españoles,0,0.0
https://www.newtral.es/gobierno-prohibir-carne-2050/20220704/,españoles dispongan de armas para “autodefensa”,El Gobierno planea que los españoles dejen de comer carne de aquí a 2050.,0,0.0
https://factual.afp.com/doc.afp.com.32C49UF,españoles dispongan de armas para “autodefensa”,Delincuentes muestran DNI de españoles robados en Saint-Denis,0,1.3280212483399734e-05
https://maldita.es/malditobulo/20200425/pedro-sanchez-agradecido-aplausos-estado-alarma-coronavirus/,españoles dispongan de armas para “autodefensa”,"Pedro Sánchez ha agradecido en su último discurso los aplausos ""que los españoles le dan cada día a las 20:00",0,0.00459397679867421
https://factual.afp.com/doc.afp.com.32B7743,aerolinea plus ultra subasta en 2022,"Aerolínea Plus Ultra ha salido a subasta por 2,5 millones sin comprador",1,0.9633333333333334
https://www.newtral.es/plus-ultra-aerolinea-subasta-bulo/20220425/,aerolinea plus ultra subasta en 2022,"Plus Ultra ha salido a subasta por 2,5 millones de euros y nadie la ha comprado.",1,0.8933333333333333
https://chequeado.com/ultimas-noticias/macri-en-aerolineas-viaja-el-3-de-la-poblacion/,aerolinea plus ultra subasta en 2022,[En Aerolíneas viaja] el 3% de la población,0,0.04694214876033058
https://chequeado.com/ultimas-noticias/costantini-son-12-200-empleados-en-aerolineas-argentinas-hay-un-exceso/,aerolinea plus ultra subasta en 2022,Son 12.200 [empleados en Aerolíneas Argentinas] (...) Hay un exceso,0,0.011103098290598289
https://factual.afp.com/http%253A%252F%252Fdoc.afp.com%252F9R268E-1,aerolinea plus ultra subasta en 2022,Acuerdo entre Aerolíneas Argentinas y Aeroflot cede la soberanía,0,0.009442317086932056
https://factual.afp.com/las-aerolineas-recibieron-una-multa-millonaria-en-mexico-por-cobro-indebido-de-equipaje-en-2017-no,aerolinea plus ultra subasta en 2022,4T multa a 5 aerolíneas que cobran la primera maleta,0,0.010925925925925926
https://www.factcheck.org/es/2021/11/scicheck-video-difunde-falsedades-sobre-accidentes-aereos-y-vacunas-contra-el-covid-19/,aerolinea plus ultra subasta en 2022,"Un piloto de la aerolínea Delta “murió en el vuelo durante los últimos, yo diría, 10 días”, y ""hay mucho riesgo en este momento”.",0,0.017927310132007542
https://chequeado.com/ultimas-noticias/recalde-aerolineas-tiene-todos-los-balances-al-dia-estan-en-la-pagina-web-auditados-y-completos/,aerolinea plus ultra subasta en 2022,"[Aerolíneas] tiene todos los balances al día, están en la página web, auditados y completos",0,0.0033333333333333335
https://factual.afp.com/no-no-se-suspendieron-los-vuelos-de-aerolineas-argentinas-que-trasladan-organos-del-incucai,aerolinea plus ultra subasta en 2022,El gobierno argentino suspendió los vuelos sanitarios de Aerolíneas Argentinas,0,0.026825396825396825
https://chequeado.com/ultimas-noticias/macri-aerolineas-argentinas-nos-costaba-como-40-millones-por-dia-y-ahora-nos-cuesta-11/,aerolinea plus ultra subasta en 2022,[Aerolíneas Argentinas] nos costaba como $40 millones por día y ahora nos cuesta 11,0,0.006944444444444445
https://maldita.es/malditobulo/20210329/teorias-conspirativas-barco-encallado-canal-suez/,aerolinea plus ultra subasta en 2022,"El barco que ha encallado en el canal de Suez se llama Evergreen, como la aerolínea que operaba la CIA",0,0.0069696969696969695
https://chequeado.com/ultimas-noticias/cfk-la-auh-aerolineas-e-ypf-cada-vez-que-votamos-una-de-estas-leyes-en-el-congreso-lo-hicimos-en-absoluta-soledad/,aerolinea plus ultra subasta en 2022,"[La AUH, Aerolíneas e YPF], cada vez que votamos una de estas leyes en el Congreso lo hicimos en absoluta soledad",0,0.00015873015873015873
https://verifica.efe.com/viajar-en-avion-no-crea-riesgo-de-trombos-a-los-vacunados-contra-la-covid/,aerolinea plus ultra subasta en 2022,Las aerolíneas estudian prohibir volar a vacunados contra la covid porque correrían grave riesgo de sufrir trombosis.,0,0.030191303448632436
https://factual.afp.com/el-riesgo-de-trombosis-en-un-avion-no-es-mayor-para-los-pasajeros-vacunados,aerolinea plus ultra subasta en 2022,Las principales aerolíneas discuten si es recomendable admitir a pasajeros vacunados contra el covid-19 por el riesgo de coágulos en la sangre,0,0.013333333333333334
https://napravoumiru.afp.com/http%253A%252F%252Fdoc.afp.com%252F9Q48MG-1,aerolinea plus ultra subasta en 2022,Očkovaný pilot aerolinií Delta zemřel během letu,0,0.00015873015873015873
https://maldita.es/malditobulo/20210707/aerolineas-espana-rusia-recomendar-vacunados-covid-19-riesgo-trombos-vuelo/,aerolinea plus ultra subasta en 2022,Aerolíneas de España y Rusia advierten a las personas que han sido vacunadas contra el coronavirus no viajar por riesgo de coágulos sanguíneos,0,0.034444444444444444
https://www.newtral.es/pilotos-protesta-vacunas-covid-swapa/20220707/,aerolinea plus ultra subasta en 2022,Los pilotos de la aerolínea Southwest Airlines se rebelan contra los mandatos de vacunas COVID-19 en medio de una explosión de lesiones por las inoculaciones.,0,0.0037339926461265366
https://factual.afp.com/doc.afp.com.32KR6RF,aerolinea plus ultra subasta en 2022,Subasta de fiambreras en la Plaza Sant Jaume de Barcelona,0,0.018473976215411806
https://napravoumiru.afp.com/http%253A%252F%252Fdoc.afp.com%252F9CQ82P-1,aerolinea plus ultra subasta en 2022,Aerolinky ve Španělsku a Rusku doporučují očkovaným lidem nelétat,0,0.006857970115299105
https://factual.afp.com/no-esta-monja-no-subasta-su-virginidad-para-reconstruir-notre-dame,aerolinea plus ultra subasta en 2022,Una monja subasta su virginidad para reconstruir la catedral de Notre Dame,0,0.016666666666666666
https://poligrafo.sapo.pt/fact-check/antonio-costa-na-tvi-nos-ultimos-20-anos-inflacao-nunca-ultrapassou-os-2-e-nos-ultimos-5-foi-em-media-de-08,aerolinea plus ultra subasta en 2022,Nos últimos 20 anos tivemos inflações que nunca ultrapassaram os 2%,0,0.010127811385140375
https://poligrafo.sapo.pt/fact-check/iniciativa-liberal-receitas-do-estado-vao-bater-recorde-em-2022-ultrapassando-os-100-mil-milhoes-de-euros,aerolinea plus ultra subasta en 2022,"Receitas do Estado vão bater recorde em 2022, ultrapassando os 100 mil milhões de euros.",0,0.0034126984126984124
https://factual.afp.com/doc.afp.com.32AY4JN,finlandia aprueba una ley de medios que permite encarcelar a periodistas,Finlandia aprobó ley de medios que permite encarcelar a periodistas,1,0.98
https://verifica.efe.com/finlandia-no-encarcelo-a-28-periodistas-por-difundir-falsedades/,finlandia aprueba una ley de medios que permite encarcelar a periodistas,Finlandia ha encarcelado a 28 periodistas por difundir fake news tras aprobar una nueva ley de medios.,1,0.9066666666666666
https://factual.afp.com/http%253A%252F%252Fdoc.afp.com%252F9TD3BM-1,finlandia aprueba una ley de medios que permite encarcelar a periodistas,"Finlandia aprobó ley de medios, 28 periodistas presos por falsas denuncias",1,0.9066666666666666
https://factual.afp.com/http%253A%252F%252Fdoc.afp.com%252F9TB3UF-1,finlandia aprueba una ley de medios que permite encarcelar a periodistas,Finlandia aprobó ley de medios y va preso primer periodista por fake news,1,0.98
https://www.newtral.es/bulo-periodistas-encarcelados-finlandia-fake-news/20210608/,finlandia aprueba una ley de medios que permite encarcelar a periodistas,Finlandia aprobó una ley de medios y va preso el primer periodista que con fake news perjudicó al estado en beneficio de las multinacionales,1,0.9366666666666666
https://poligrafo.sapo.pt/fact-check/finlandia-nao-aprovou-lei-que-permite-a-prisao-de-jornalistas-que-realizem-alegacoes-falsas,finlandia aprueba una ley de medios que permite encarcelar a periodistas,"Finlândia aprovou lei que permite a prisão de jornalistas que realizem ""alegações falsas""",1,0.8966666666666666
https://maldita.es/malditobulo/20220817/tribunal-finlandia-sexo-ninos-permitido/,finlandia aprueba una ley de medios que permite encarcelar a periodistas,En Finlandia está permitido tener sexo con niños,0,0.040641025641025647
https://www.newtral.es/finlandia-violacion-sexo-ninos/20220421/,finlandia aprueba una ley de medios que permite encarcelar a periodistas,El Tribunal Supremo de Finlandia dictamina que el sexo con niños de diez años está permitido,0,0.013539846249343453
https://www.univision.com/noticias/cuando-mike-pence-era-gobernador-de-indiana-no-firmo-un-proyecto-de-ley-para-encarcelar-a-quienes-solicitaran-casarse-con-personas-del-mismo-sexo,finlandia aprueba una ley de medios que permite encarcelar a periodistas,Cuando Pence era gobernador de Indiana firmó un proyecto de ley para encarcelar a quienes solicitaran casarse con personas del mismo sexo,0,0.0038931882912503876
https://maldita.es/malditobulo/20200515/video-denuncias-censuras-rtve-estado-alarma-coronavirus/,finlandia aprueba una ley de medios que permite encarcelar a periodistas,Los periodistas denuncian censura en RTVE durante el estado de alarma,0,0.04666666666666667
https://factual.afp.com/http%253A%252F%252Fdoc.afp.com%252F9RV3AV-1,finlandia aprueba una ley de medios que permite encarcelar a periodistas,Presidente uruguayo tuitó una foto con periodistas y los llamó militantes,0,0.0
https://colombiacheck.com/chequeos/falso-el-periodista-juan-gossain-no-ha-muerto-el-29-de-septiembre-de-2022,finlandia aprueba una ley de medios que permite encarcelar a periodistas,Murió el periodista Juan Gossaín,0,0.006666666666666667
https://maldita.es/malditobulo/20210428/vox-madrid-periodistas-asesinados-burkina-faso-tuit-falso-montaje/,finlandia aprueba una ley de medios que permite encarcelar a periodistas,Tuit de Vox Madrid sobre los periodistas &quot;progres&quot; asesinados en Burkina Faso,0,0.006679946879150066
https://poligrafo.sapo.pt/fact-check/lido-no-facebook-tribunal-finlandes-determina-que-sexo-com-criancas-e-permitido,finlandia aprueba una ley de medios que permite encarcelar a periodistas,Tribunal finlandês determinou que sexo com crianças é permitido.,0,0.04219986167106206
https://factual.afp.com/el-video-del-presunto-montaje-de-television-sobre-mascarillas-en-holanda-era-una-broma-de-un-turista,finlandia aprueba una ley de medios que permite encarcelar a periodistas,Periodistas italianos hacen un montaje en Holanda para decir que todo el mundo lleva mascarilla,0,0.0
https://factual.afp.com/no-en-esta-imagen-no-aparece-el-periodista-nicholas-casey-del-nyt,finlandia aprueba una ley de medios que permite encarcelar a periodistas,Estas son fotos del periodista Nicholas Casey,0,0.003636363636363636
https://factual.afp.com/no-hay-registro-de-que-gabriela-guzman-loera-matara-su-pareja-por-abusar-de-su-bebe-en-la-mexicana,finlandia aprueba una ley de medios que permite encarcelar a periodistas,Madre de una pequeña de 6 meses mata a su pareja al ver que abusaba de la bebé y es encarcelada,0,0.0
https://factual.afp.com/doc.afp.com.32CA7RT,finlandia aprueba una ley de medios que permite encarcelar a periodistas,El Foro Económico Mundial tiene su propia fuerza paramilitar y detuvo a periodistas,0,0.0
https://factual.afp.com/doc.afp.com.9XR9FL,finlandia aprueba una ley de medios que permite encarcelar a periodistas,Atacan al periodista mexicano Rafael Loret de Mola,0,0.006666666666666667
https://factual.afp.com/doc.afp.com.32AD8JX,españa aprueba dar baja por regla,Tres días de baja al mes por tener la regla en España,1,0.9133333333333333
https://colombiacheck.com/chequeos/no-espana-no-aprobo-dni-para-perros-y-gatos-en-enero-de-2022,españa aprueba dar baja por regla,Aprueban DNI para mascotas en España,0,0.00707876748746788
https://www.newtral.es/vacuna-obligatoria-espana-covid-bulo/20210722/,españa aprueba dar baja por regla,España aprueba una ley de vacuna obligatoria,0,0.03
https://www.newtral.es/sanchez-la-deuda-bajara-por-primera-vez-en-anos-si-se-aprueban-los-pge-de-2019/20181219/,españa aprueba dar baja por regla,La deuda bajará por primera vez en años si se aprueban los PGE de 2019,0,0.013333333333333334
https://factual.afp.com/los-beneficiarios-de-las-subvenciones-otorgadas-en-la-region-espanola-de-aragon-deben-ser-residentes,españa aprueba dar baja por regla,La región española de Aragón aprueba por ley una paga de 522 euros al mes para inmigrantes que se empadronen,0,0.010373510549980357
https://factual.afp.com/doc.afp.com.9Z446P,españa aprueba dar baja por regla,Nueva Zelanda aprueba eutanasia por covid,0,0.00013432304302343697
https://chequeado.com/ultimas-noticias/vidal-menos-del-5-de-las-leyes-que-se-aprueban-por-ano-son-vetadas/,españa aprueba dar baja por regla,Menos del 5% de las leyes que se aprueban por año son vetadas,0,0.0
https://comprovem.afp.com/doc.afp.com.32AK6EA,españa aprueba dar baja por regla,Les dones a Espanya tindran 3 dies de baixa al mes per la regla,1,0.8533333333333334
https://factual.afp.com/http%253A%252F%252Fdoc.afp.com%252F9GH9DW-1,españa aprueba dar baja por regla,El BOE aprueba una ley de vacuna covid obligatoria,0,0.01378302310155324
https://www.newtral.es/capsula-suicidio-asistido-sarco-suiza/20211214/,españa aprueba dar baja por regla,Suiza aprueba la “cápsula suicida” asistida,0,0.003401360544217687
https://www.newtral.es/albert-rivera-la-natalidad-de-espana-es-la-mas-baja-de-europa/20190404/,españa aprueba dar baja por regla,“La natalidad de España es la más baja de Europa”,0,0.0033333333333333335
https://factual.afp.com/el-mercado-define-el-precio-de-la-electricidad-en-espana-pero-el-gobierno-tiene-margen-de-maniobra,españa aprueba dar baja por regla,El Gobierno de España no baja el precio de la luz porque no quiere,0,0.00013432304302343697
https://colombiacheck.com/chequeos/no-este-pantallazo-no-prueba-que-tribunal-de-colombia-ordeno-suspender-el-plan-de,españa aprueba dar baja por regla,Tribunal de Cundinamarca aprueba el dióxido de cloro.,0,0.0033333333333333335
https://www.europapress.es/verificaciones/noticia-gobierno-nueva-zelanda-no-aprobado-eutanasia-pacientes-covid-19-20220128161330.html,españa aprueba dar baja por regla,Nueva Zelanda aprueba la eutanasia para pacientes con COVID-19,0,0.0
https://maldita.es/clima/bulo/20220523/australia-ley-prohibe-cultivar-alimentos/,españa aprueba dar baja por regla,Australia aprueba una ley que prohíbe cultivar tus propios alimentos,0,0.0
https://maldita.es/malditobulo/20220523/australia-ley-prohibe-cultivar-alimentos/,españa aprueba dar baja por regla,Australia aprueba una ley que prohíbe cultivar tus propios alimentos,0,0.0
https://www.newtral.es/australia-prohibe-cultivar-alimentos/20220518/,españa aprueba dar baja por regla,Australia aprueba una ley que prohíbe cultivar tus propios alimentos,0,0.0
https://factual.afp.com/doc.afp.com.32A298J,españa aprueba dar baja por regla,Convención aprueba prohibir el uso de armas de fuego a Carabineros de Chile,0,0.0
https://www.europapress.es/verificaciones/noticia-no-no-verdad-ola-calor-antartida-sea-consecuencia-clima-ciclico-20220329165626.html,ola de calor de la Antártida clima es ciclico,"La ola de calor de la Antártida es consecuencia de que ""el clima es cí",1,0.9366666666666666
https://www.verificat.cat/es/fact-check/no-es-verdad-que-la-ola-de-calor-de-la-antartida-sea-consecuencia-de-que-el-clima-es-ciclico,ola de calor de la Antártida clima es ciclico,"La temperatura media casi no ha aumentado en los últimos 20 años, es una ola de calor. El clima es cíclico.",1,0.8566666666666667
https://www.verificat.cat/fact-check/no-es-veritat-que-lonada-de-calor-de-lantartida-sigui-consequeencia-que-el-clima-es-ciclic,ola de calor de la Antártida clima es ciclico,"La temperatura mitjana gairebé no ha augmentat en els últims 20 anys, és una onada de calor. El clima és cíclic.",1,0.8066666666666666
https://factuel.afp.com/doc.afp.com.32GP96F,ola de calor de la Antártida clima es ciclico,Le réchauffement climatique actuel s'inscrit dans un cycle normal,1,0.7758876371760007
https://www.europapress.es/verificaciones/noticia-no-aumento-hielo-marino-antartida-no-prueba-valida-negar-calentamiento-global-20220406133606.html,ola de calor de la Antártida clima es ciclico,El aumento de hielo marino en la Antártida niega el calentamiento glob,0,0.016666666666666666
https://factcheck.afp.com/http%253A%252F%252Fdoc.afp.com%252F9Q68LD-1,ola de calor de la Antártida clima es ciclico,Antarctica's record-cold winter means global warming is exaggerated,0,0.027064147604426943
https://dpa-factchecking.com/netherlands/220610-99-614912/,ola de calor de la Antártida clima es ciclico, Het ijs op Antarctica is aan het stijgen.,0,0.006724115578459495
https://dpa-factchecking.com/netherlands/220610-99-614912,ola de calor de la Antártida clima es ciclico, Het ijs op Antarctica is aan het stijgen.,0,0.01339078224512616
https://www.europapress.es/verificaciones/noticia-derritiendo-hielo-antartida-porque-hay-volcanes-activos-hielo-20211018161023.html,ola de calor de la Antártida clima es ciclico,El hielo de la Antártida se está derritiendo porque hay volcanes activ,0,0.03
https://maldita.es/clima/20220907/calzada-romana-glaciar-suiza-deshielo/,ola de calor de la Antártida clima es ciclico,Calzada romana debajo de un glaciar desmiente cambio climático,0,0.006860324605591386
https://www.thip.media/health-news-fact-check/fact-check-will-aphelion-phenomenon-cause-cold-weather-till-august/35691/,ola de calor de la Antártida clima es ciclico,aphelion phenomenon cause cold weather till August,0,0.003466916724245714
https://checamos.afp.com/http%253A%252F%252Fdoc.afp.com%252F9QJ634-1,ola de calor de la Antártida clima es ciclico,"Ambientalistas mudaram o termo ""aquecimento global"" para ""mudanças climáticas"" para justificar frio intenso na Antártica e no Brasil",0,0.1045486134783299
https://maldita.es/malditaciencia/20220614/ola-calor-verano-temperatura-normal/,ola de calor de la Antártida clima es ciclico,La ola de calor de junio es el calor de todos los veranos,0,0.12666666666666668
https://factual.afp.com/el-deshielo-del-permafrost-no-provoco-un-deslave-en-noruega-se-investiga-si-causo-un-derrame-de,ola de calor de la Antártida clima es ciclico,El permafrost se derrite por el cambio climático en el Ártico Noruega y Rusia Siberia,0,0.006880354789055182
https://www.aap.com.au/factcheck/chilly-reception-for-antarctic-military-base-claim/,ola de calor de la Antártida clima es ciclico,A photo on social media shows a military base in Antarctica.,0,0.03939787906734195
https://www.aap.com.au/factcheck/cold-hard-facts-missing-from-antarctic-cooling-post/,ola de calor de la Antártida clima es ciclico,Antarctic temperatures have declined over the past 40 years.,1,0.6169846750637292
https://sprawdzam.afp.com/doc.afp.com.32CE7NC,el foro economico mundial tiene su propia fuerza paramilitar,Światowe Forum Ekonomiczne ma własne siły paramilitarne,1,0.9633333333333334
https://fullfact.org/online/wef-police-davos/,el foro economico mundial tiene su propia fuerza paramilitar,The World Economic Forum has its own paramilitary force armed with military grade weapons.,1,0.93
https://factual.afp.com/doc.afp.com.32CA7RT,el foro economico mundial tiene su propia fuerza paramilitar,El Foro Económico Mundial tiene su propia fuerza paramilitar y detuvo a periodistas,1,0.9833333333333333
https://factcheck.afp.com/doc.afp.com.32BY6ED,el foro economico mundial tiene su propia fuerza paramilitar,The WEF has its own paramilitary and police force,1,0.7566666666666667
https://www.usatoday.com/story/news/factcheck/2022/05/27/fact-check-photos-show-swiss-force-not-world-economic-forum-police/9961987002/,el foro economico mundial tiene su propia fuerza paramilitar,The World Economic Forum has its own police force,1,0.8966666666666666
https://misbar.com/factcheck/2022/06/03/the-world-economic-forum-does-not-have-its-own-police-force,el foro economico mundial tiene su propia fuerza paramilitar,The World Economic Forum has its own police force.,1,0.92
http://checkyourfact.com/2022/05/26/fact-check-world-economic-forum-police-force/,el foro economico mundial tiene su propia fuerza paramilitar,alleges the World Economic Forum (WEF) has its own police force.,1,0.79
https://www.aosfatos.org/noticias/lula-bolsonaro-ciro-tebet-campanha-economia/,el foro economico mundial tiene su propia fuerza paramilitar,O Brasil tem a pior distribuição de renda do mundo,0,0.0012529457973291438
https://factual.afp.com/http%253A%252F%252Fdoc.afp.com%252F9W22TG-1,el foro economico mundial tiene su propia fuerza paramilitar,Colombia tiene las fuerzas armadas más costosas de América Latina,0,0.06688533850696961
https://noticias.uol.com.br/confere/ultimas-noticias/2017/06/27/brasil-e-campeao-de-acoes-trabalhistas-no-mundo-dados-sao-inconclusivos.htm,el foro economico mundial tiene su propia fuerza paramilitar,Brasil é campeão de ações trabalhistas no mundo,0,0.01775925925925926
https://noticias.uol.com.br/confere/ultimas-noticias/2019/12/04/brasil-sexta-economia-do-mundo-uol-confere.htm,el foro economico mundial tiene su propia fuerza paramilitar,Brasil é a 6ª economia do mundo,0,0.006882018479033404
https://factual.afp.com/ar/these%20photos%20were%20not%20shot%20in%20lebanon%20demonstrations%2002/2020,el foro economico mundial tiene su propia fuerza paramilitar,احزاب السلطة يصرون على كسر الثورة بالقوة بأستعمال الجيش,0,0.0066992399565689465
https://www.dogrulukpayi.com/iddia-kontrolu/nihat-zeybekci/imf-ye-borc-veren-bir-ulke-olduk,el foro economico mundial tiene su propia fuerza paramilitar,IMF’ye borç veren bir ülke olduk,0,3.257328990228013e-05
https://www.aosfatos.org/noticias/apreensao-ouro-ongs-exercito-amazonia/,el foro economico mundial tiene su propia fuerza paramilitar,Exército pega ouro escondido em veículo de ONG na Amazônia,0,0.0066915422885572146
https://noticias.uol.com.br/comprova/ultimas-noticias/2019/11/21/e-falso-que-brasil-tenha-se-tornado-o-maior-exportador-do-mundo.htm,el foro economico mundial tiene su propia fuerza paramilitar,"Brasil é o ""maior comerciante"" do mundo",0,2.4875621890547263e-05
https://www.bufale.net/a-volte-ritornano-la-fake-degli-uomini-occidentali-della-nato-in-ucraina/,el foro economico mundial tiene su propia fuerza paramilitar,L'esercito Ucraino ha a capo uomini della NATO,0,0.0001584590128029284
https://www.aap.com.au/factcheck/un-world-currency-claim-is-bankrupt-of-facts/,el foro economico mundial tiene su propia fuerza paramilitar,The United Nations plans to introduce a digital one-world currency to track all transactions.,0,0.00335820895522388
https://factual.afp.com/doc.afp.com.32C493Z,el hielo marino del Ártico alcanzó su nivel máximo de los últimos 30 años,Los niveles de hielo del Ártico alcanzan el máximo de los últimos 30 años,1,0.83
https://verifica.efe.com/hielo-artico-no-se-expande-ni-nivel-maximo-30-anos/,el hielo marino del Ártico alcanzó su nivel máximo de los últimos 30 años,"Los datos revelan que el hielo del Ártico se está expandiendo, no derritiendo, y que las muertes mundiales debidas a desastres naturales están disminuyendo.",1,0.7966666666666666
https://checamos.afp.com/doc.afp.com.32CL999,el hielo marino del Ártico alcanzó su nivel máximo de los últimos 30 años,Gelo do Ártico atinge seu máximo em 30 anos,1,0.8766666666666667
https://www.usatoday.com/story/news/factcheck/2022/06/28/fact-check-arctic-sea-ice-losing-area-not-30-year-high/10002807002/,el hielo marino del Ártico alcanzó su nivel máximo de los últimos 30 años,Arctic sea ice reached a 30-year high in May 2022,1,0.9533333333333334
https://www.aap.com.au/factcheck/arctic-sea-ice-claim-sinks-under-weight-of-evidence/,el hielo marino del Ártico alcanzó su nivel máximo de los últimos 30 años,The Arctic sea ice extent is at a 30-year high.,1,0.91
https://leadstories.com/hoax-alert/2021/12/fact-check-arctic-ice-is-not-at-new-record-maximum-in-2021.html,el hielo marino del Ártico alcanzó su nivel máximo de los últimos 30 años,Antarctic Ice Is At A New Record Maximum in 2021,0,0.2001851851851852
https://www.usatoday.com/story/news/factcheck/2021/12/21/fact-check-arctic-antarctic-ice-didnt-reach-record-highs-2021/6503500001/,el hielo marino del Ártico alcanzó su nivel máximo de los últimos 30 años,2021 polar ice levels were the highest in decades,0,0.07414592240839629
https://factcheck.afp.com/doc.afp.com.32BT93J,el hielo marino del Ártico alcanzó su nivel máximo de los últimos 30 años,Satellite data show arctic ice at 30-year high,1,0.8633333333333333
https://climatefeedback.org/claimreview/claims-of-a-coming-30-year-mini-ice-age-are-not-supported-by-science-the-sun/,el hielo marino del Ártico alcanzó su nivel máximo de los últimos 30 años,Earth about to enter 30-YEAR ‘Mini Ice Age’,0,0.006942148760330579
https://repustar.com/fact-briefs/did-arctic-ice-just-reach-its-highest-point-in-20-years-in-december-of-2021,el hielo marino del Ártico alcanzó su nivel máximo de los últimos 30 años,Did Arctic ice 'just' reach its highest point in 20 years in December of 2021?,1,0.6788888888888889
https://annielab.org/2022/01/05/investigation-misleading-blog-in-germany-fuels-global-climate-change-misinformation/,el hielo marino del Ártico alcanzó su nivel máximo de los últimos 30 años,Antarctica is cooling and sea ice extent has been increasing for over 40 years.,0,0.01664522429566256
https://www.politifact.com/factchecks/2020/jan/28/facebook-posts/viral-photo-does-show-longest-living-shark-species/,el hielo marino del Ártico alcanzó su nivel máximo de los últimos 30 años,Says a 392-year-old shark was discovered in the Arctic Ocean,0,0.006800250057579047
https://factuel.afp.com/doc.afp.com.32GR6AE,el hielo marino del Ártico alcanzó su nivel máximo de los últimos 30 años,L'étendue de la glace de mer arctique augmente,1,0.7224816666122165
https://www.politifact.com/factchecks/2021/nov/03/steven-koonin/greenland-lost-ice-faster-decade-80-years-ago/,el hielo marino del Ártico alcanzó su nivel máximo de los últimos 30 años,“Greenland's ice sheet isn't shrinking any more rapidly today than it was 80 years ago.”,0,0.00012588572290064828
https://leadstories.com/hoax-alert/2019/09/fake-news-alaskas-sea-ice-completely-melted-but-not-for-first-time-in-recorded-history.html,el hielo marino del Ártico alcanzó su nivel máximo de los últimos 30 años,Alaska’s Sea Ice Completely Melted for First Time in Recorded History,0,0.012423872180451127
https://factual.afp.com/no-estos-peces-no-murieron-por-altas-temperaturas-en-alaska,el hielo marino del Ártico alcanzó su nivel máximo de los últimos 30 años,Miles de peces fueron hallados muertos por las altas temperaturas en Alaska,0,0.0676890700414244
https://factcheck.afp.com/impact-melting-icebergs-rising-sea-levels-explained,el hielo marino del Ártico alcanzó su nivel máximo de los últimos 30 años,When an iceberg melts it won't impact sea level rise,0,0.006850272447287372
https://factual.afp.com/el-mar-de-galilea-ha-mostrado-un-incremento-en-su-nivel-durante-el-invierno-pero-sin-desbordarse,el hielo marino del Ártico alcanzó su nivel máximo de los últimos 30 años,El mar de Galilea de desborda por primera vez en 300 años,0,0.01673469387755102
https://maldita.es/malditobulo/20220712/ceo-pfizer-farmaceutica-reducir-poblacion-mundial-montaje/,pfizer planea reducir la población mundial en un 50%,El CEO de Pfizer dice que quiere reducir la población mundial al 50%,1,0.9966666666666667
https://maldita.es/malditobulo/20220602/ceo-pfizer-farmaceutica-reducir-poblacion-mundial-montaje/,pfizer planea reducir la población mundial en un 50%,El CEO de Pfizer dice que quiere reducir la población mundial al 50%,1,0.9933333333333333
https://maldita.es/malditobulo/20220621/ceo-pfizer-farmaceutica-reducir-poblacion-mundial-montaje/,pfizer planea reducir la población mundial en un 50%,El CEO de Pfizer dice que quiere reducir la población mundial al 50%,1,0.9833333333333333
https://srilanka.factcrescendo.com/english/pfizer-ceo-did-not-say-that-pfizer-aims-to-reduce-the-world-population-by-half/,pfizer planea reducir la población mundial en un 50%,Pfizer CEO Says That Pfizer Aims To Reduce The World Population By 50%,1,0.95
https://poligrafo.sapo.pt/fact-check/lido-no-facebook-ceo-da-pfizer-pretende-reduzir-a-populacao-mundial-em-50-ate-2023,pfizer planea reducir la población mundial en un 50%,CEO da Pfizer pretende reduzir a população mundial em 50% até 2023,1,0.9833333333333333
https://factcheck.afp.com/doc.afp.com.32BJ8Z3,pfizer planea reducir la población mundial en un 50%,Pfizer CEO aims to reduce number of people in the world by 50%,1,0.9466666666666667
https://www.aosfatos.org/noticias/ceo-da-pfizer-nao-disse-que-objetivo-das-vacinas-e-reduzir-a-populacao-mundial/,pfizer planea reducir la población mundial en un 50%,CEO da Pfizer diz que objetivo das vacinas é reduzir em 50% a população mundial,1,0.9733333333333334
https://checamos.afp.com/doc.afp.com.32BZ6HQ,pfizer planea reducir la población mundial en un 50%,CEO da Pfizer diz que tem como objetivo reduzir a população em 50% até 2023,1,0.9933333333333333
https://www.newtral.es/albert-bourla-poblacion-mundial-pfizer/20220601/,pfizer planea reducir la población mundial en un 50%,"El CEO de Pfizer, Albert Bourla, dijo que en 2023 quieren reducir la población mundial en un 50%, como se puede ver en este vídeo.",1,0.9966666666666667
https://www.indiatoday.in/fact-check/story/fact-check-pfizer-ceo-did-not-say-his-company-aims-to-cut-world-population-1989179-2022-08-17,pfizer planea reducir la población mundial en un 50%,Pfizer’s CEO said that by 2023 his company plans to reduce the world population by 50 per cent.,1,0.9666666666666667
https://www.logically.ai/factchecks/all/78d66cee,pfizer planea reducir la población mundial en un 50%,The U.S. is planning to buy 500 million doses of the Pfizer vacccine to donate globally.,0,0.2229411825978792
https://sprawdzam.afp.com/http%253A%252F%252Fdoc.afp.com%252F9RD9EE-1,pfizer planea reducir la población mundial en un 50%,Pfizer uzyskał patent umożliwiający zdalne śledzenie ludzi na całym świecie,0,0.014
https://www.telemundo.com/noticias/noticias-telemundo/elecciones-eeuu-2020/dos-foros-paralelos-trump-mantiene-escepticismo-por-las-mascarillas-y-biden-cuestiona-tmna3840558?liveblog._id=urn:newsml:localhost:2020-10-16T03:19:19.637219:549382ee-94dd-44dc-b423-0a7535b9a1dd__editorial,pfizer planea reducir la población mundial en un 50%,"Estados Unidos representa 4% de la población global, pero que registra 20% de las muertes del mundo por coronavirus",0,0.0036724317194289265
https://facta.news/fuori-contesto/2022/08/02/mappe-svezia-1986-2022-clima/,mapas 1986 2022 cambio climatico,Queste mappe della Svezia del 1986 e del 2022 provano che non esiste il cambiamento climatico,1,0.7633333333333333
https://www.newtral.es/mapa-temperaturas-espana-bulo/20220620/,mapas 1986 2022 cambio climatico,"Estos mapas de temperaturas en España de los veranos de 1968, 1985, 2007 y 2022 muestran temperaturas similares pero solo en 2022 se atribuye a la emergencia climática. ",1,0.66
https://cinjenice.afp.com/doc.afp.com.32C69XB,mapas 1986 2022 cambio climatico,Mape visokih temperatura iz 1986. i 2022. dokazuju da je globalno zagrevanje prevara,1,0.7967567567567567
https://noticias.uol.com.br/confere/ultimas-noticias/2019/10/16/ministro-ernesto-araujo-clima-aquecimento-itamaraty-relacoes-exteriores.htm,mapas 1986 2022 cambio climatico,Opiniões sobre as mudanças climáticas,0,0.11917598175633891
https://www.newtral.es/mapas-tiempo-antena-3-bulo/20220722/,mapas 1986 2022 cambio climatico,Estos mapas del tiempo de Antena 3 de 2017 y 2022 muestran temperaturas similares pero han cambiado los colores para exagerar los efectos del cambio climático. ,1,0.6666666666666666
https://www.usatoday.com/story/news/factcheck/2021/10/28/fact-check-viral-image-shows-mediterranean-sea-map-us/6181417001/,mapas 1986 2022 cambio climatico,An image shows a map of the US in 30 years if climate change isn't addressed,0,0.04711451485978164
https://leadstories.com/hoax-alert/2022/07/fact-check-map-does-not-depict-us-in-30-years-if-we-dont-reverse-climate-change.html,mapas 1986 2022 cambio climatico,Map Image Depicts The U.S. In 30 Years If We Don’t Reverse Climate Change,0,0.0364407109837398
https://www.newtral.es/mapa-tiempo-alemania-manipulado/20220804/,mapas 1986 2022 cambio climatico,"Estos mapas de temperatura en Alemania de 2009, 2019 y 2021 muestran una manipulación para vender la ‘histeria’ del cambio climático. ",1,0.7737777777777778
https://factual.afp.com/doc.afp.com.32FN7G9,mapas 1986 2022 cambio climatico,Temperaturas extremas 1920. Que no te cuelen el cambio climático,0,0.11342592592592593
https://dpa-factchecking.com/belgium/220603-99-535123/,mapas 1986 2022 cambio climatico,"Foto toont twee weerkaarten uit 1986 en 2022 met dezelfde temperaturen, maar de oude heeft groene kleuren en de nieuwe rode/oranje. ""Het is om de mensen zich schuldig te laten voelen over de opwarming van de aarde"".",1,0.7475726075726076
https://dpa-factchecking.com/belgium/220603-99-535123,mapas 1986 2022 cambio climatico,"Foto toont twee weerkaarten uit 1986 en 2022 met dezelfde temperaturen, maar de oude heeft groene kleuren en de nieuwe rode/oranje. ""Het is om de mensen zich schuldig te laten voelen over de opwarming van de aarde"".",1,0.6503030303030303
https://faktencheck.afp.com/doc.afp.com.32FG9LY,mapas 1986 2022 cambio climatico,"Was heute eine Klimakatastrophe ist, war 2002 noch ein schöner Sommertag.",1,0.6519476569871134
https://factual.afp.com/doc.afp.com.32FP3LG,mapas 1986 2022 cambio climatico,Mapas muestran antes y después de la ola de calor en Reino Unido en 2022,1,0.8833333333333333
https://www.thequint.com/news/webqoof/weather-maps-have-not-changed-to-create-panic-fact-check,mapas 1986 2022 cambio climatico,Weather maps have to changed to exaggerate the impact of climate change.,1,0.633964376922951
https://factual.afp.com/doc.afp.com.32FX4F4,mapas 1986 2022 cambio climatico,Mapas del clima muestran una manipulación mediática sobre la ola de calor en Europa en 2022,1,0.7866666666666666
https://www.univision.com/temas/pln-alfombra,mapas 1986 2022 cambio climatico,El cambio climático no es más que un montón de modelos informáticos que intentan decirnos qué va a suceder en 50 o 30 años,0,0.15427548209366393
https://factcheck.afp.com/http%253A%252F%252Fdoc.afp.com%252F9R26B4-1,mapas 1986 2022 cambio climatico,This map shows what the US will look like in 30 years because of climate change,0,0.049085111749599994
https://www.newtral.es/asesora-irene-montero-inmigrantes/20220609/,dar la nacionalidad a todos los inmigrantes para evitar el racismo que producen las noticias de violaciones a manos de extranjeros,Tuit de El Mundo: “Las polémicas declaraciones de una asesora de Irene Montero: debemos dar la nacionalidad a todos los inmigrantes para evitar el racismo que producen las noticias de violaciones a manos de extranjeros”.,1,0.7566666666666667
https://maldita.es/malditobulo/20220623/declaraciones-asesora-irene-montero-violaciones-inmigrantes/,dar la nacionalidad a todos los inmigrantes para evitar el racismo que producen las noticias de violaciones a manos de extranjeros,Una asesora de Irene Montero dice que debemos dar nacionalidad a todos los extranjeros,1,0.7266666666666667
https://maldita.es/malditobulo/20220530/declaraciones-asesora-irene-montero-violaciones-inmigrantes/,dar la nacionalidad a todos los inmigrantes para evitar el racismo que producen las noticias de violaciones a manos de extranjeros,Una asesora de Irene Montero dice que debemos dar nacionalidad a todos los extranjeros,1,0.8733333333333333
https://maldita.es/malditobulo/20220825/declaraciones-asesora-irene-montero-violaciones-inmigrantes/,dar la nacionalidad a todos los inmigrantes para evitar el racismo que producen las noticias de violaciones a manos de extranjeros,Una asesora de Irene Montero dice que debemos dar nacionalidad a todos los extranjeros,1,0.8366666666666667
https://factual.afp.com/doc.afp.com.32BU8JM,dar la nacionalidad a todos los inmigrantes para evitar el racismo que producen las noticias de violaciones a manos de extranjeros,Asesora Irene Montero quiere dar nacionalidad a todos los inmigrantes,1,0.3466666666666667
https://maldita.es/malditobulo/20210521/el-pais-violaciones-grupales-ceuta/,dar la nacionalidad a todos los inmigrantes para evitar el racismo que producen las noticias de violaciones a manos de extranjeros,El País tuitea que continúan las violaciones grupales en Ceuta tras la llegada de inmigrantes el 17 de mayo,0,0.00673469387755102
https://www.newtral.es/es-falso-que-pedro-sanchez-haya-regalado-la-nacionalidad-a-mas-de-300-000-inmigrantes-para-ganar-las-elecciones-del-10n/20191202/,dar la nacionalidad a todos los inmigrantes para evitar el racismo que producen las noticias de violaciones a manos de extranjeros,Pedro Sánchez ha «regalado la nacionalidad a más de 300.000 inmigrantes» para ganar las elecciones del 10N,0,0.04340136054421769
https://maldita.es/malditobulo/20211001/irantzu-varela-feministas-defienden-violaciones-inmigrantes-guerra-hombre-blanco-tuit-falso/,dar la nacionalidad a todos los inmigrantes para evitar el racismo que producen las noticias de violaciones a manos de extranjeros,Irantzu Varela dice que las feministas no se defienden de violaciones de inmigrantes y que es una guerra contra el hombre blanco solo,0,0.016774854520121302
https://www.newtral.es/no-existen-datos-oficiales-sobre-la-nacionalidad-de-los-agresores-sexuales/20190110/,dar la nacionalidad a todos los inmigrantes para evitar el racismo que producen las noticias de violaciones a manos de extranjeros,La imagen indicando que las primeras agresiones de 2019 han sido provocadas por personas con nacionalidad extranjera,0,0.030138888888888892
https://www.newtral.es/la-junta-de-andalucia-no-ofrece-un-curso-de-informatica-solo-para-inmigrantes-o-personas-extranjeras/20191220/,dar la nacionalidad a todos los inmigrantes para evitar el racismo que producen las noticias de violaciones a manos de extranjeros,La Junta de Andalucía ofrece un curso de informática solo para «inmigrantes o personas extranjeras»,0,0.008026048026048026
https://www.newtral.es/bulos-y-declaraciones-falsas-de-politicos-sobre-los-migrantes-en-la-campana-del-10n/20191107/,dar la nacionalidad a todos los inmigrantes para evitar el racismo que producen las noticias de violaciones a manos de extranjeros,El 70% de los violadores en manada son extranjeros,0,0.02
https://www.newtral.es/explicamos-por-que-es-falso-afirmar-que-el-70-de-los-violadores-en-manada-son-extranjeros/20190508/,dar la nacionalidad a todos los inmigrantes para evitar el racismo que producen las noticias de violaciones a manos de extranjeros,El 70% de los violadores en manada son extranjeros,0,0.0034630265631320537
https://www.verificat.cat/es/fact-check/andalucia-no-acumula-el-75-de-las-violaciones-de-espana-ni-la-mayoria-son-cometidos-por-extranjeros,dar la nacionalidad a todos los inmigrantes para evitar el racismo que producen las noticias de violaciones a manos de extranjeros,"""[Espadas] diciéndole a Macarena Olona que no habla de la ‘realidad’ por citar los problemas de la inmigración cuando el 75% de las violaciones en el último mes han sido en Andalucía”.",0,0.0
https://www.newtral.es/santiago-abascal-las-mujeres-asesinadas-en-espana-han-sido-mayoritariamente-a-manos-de-extranjeros/20181205/,dar la nacionalidad a todos los inmigrantes para evitar el racismo que producen las noticias de violaciones a manos de extranjeros,"Las mujeres asesinadas en España han sido, mayoritariamente, a manos de extranjeros",0,0.013401360544217686
https://maldita.es/malditobulo/20200904/detenidos-violacion-menores-sevilla-inmigrantes-turistas-franceses/,dar la nacionalidad a todos los inmigrantes para evitar el racismo que producen las noticias de violaciones a manos de extranjeros,Los detenidos por violar a dos menores en Sevilla son cuatro inmigrantes,0,0.006890458300288043
https://factual.afp.com/http%253A%252F%252Fdoc.afp.com%252F9MT932-1,dar la nacionalidad a todos los inmigrantes para evitar el racismo que producen las noticias de violaciones a manos de extranjeros,"La periodista Elisa Beni publicó un tuit tildando de ""niños inocentes"" a extranjeros por ""violar a una niña""",0,0.014408089015282077
https://www.newtral.es/mercadona-no-va-a-sustituir-productos-espanoles-por-extranjeros-de-baja-calidad/20190911/,dar la nacionalidad a todos los inmigrantes para evitar el racismo que producen las noticias de violaciones a manos de extranjeros,Mercadona elimina más de 1800 productos españoles por otros extranjeros de baja calidad con la marca Hacendado.,0,0.0
https://maldita.es/malditobulo/20210521/el-pais-violaciones-grupales-ceuta/,el % de violaciones en españa son inmigrantes,El País tuitea que continúan las violaciones grupales en Ceuta tras la llegada de inmigrantes el 17 de mayo,0,0.03
https://maldita.es/malditobulo/20211001/irantzu-varela-feministas-defienden-violaciones-inmigrantes-guerra-hombre-blanco-tuit-falso/,el % de violaciones en españa son inmigrantes,Irantzu Varela dice que las feministas no se defienden de violaciones de inmigrantes y que es una guerra contra el hombre blanco solo,0,0.020068027210884354
https://maldita.es/malditobulo/20200903/fotos-hombres-cargando-moviles-inmigrantes-llegar-espana/,el % de violaciones en españa son inmigrantes,Estos son inmigrantes con móviles al llegar a España,0,0.03344152118678796
https://factual.afp.com/no-este-video-no-es-de-inmigrantes-que-asaltan-una-cafeteria-en-ceuta-fue-grabado-en-sudafrica-en,el % de violaciones en españa son inmigrantes,Inmigrantes asaltan un establecimiento en Ceuta España,0,0.05012104283054004
https://maldita.es/malditobulo/20200904/detenidos-violacion-menores-sevilla-inmigrantes-turistas-franceses/,el % de violaciones en españa son inmigrantes,Los detenidos por violar a dos menores en Sevilla son cuatro inmigrantes,0,0.22
https://factual.afp.com/no-este-video-no-muestra-actos-vandalicos-en-un-aula-en-espana-sino-en-brasil,el % de violaciones en españa son inmigrantes,Centro educativo para menores inmigrantes ilegales en España,0,0.020646221248630886
https://factual.afp.com/la-imagen-muestra-barcos-de-pesca-en-nuakchott-mauritania-mas-de-1000-kilometros-de-espana,el % de violaciones en españa son inmigrantes,Pateras se preparan para llevar inmigrantes ilegales a España,0,0.0007882130674291191
https://www.newtral.es/asesora-irene-montero-inmigrantes/20220609/,el % de violaciones en españa son inmigrantes,Tuit de El Mundo: “Las polémicas declaraciones de una asesora de Irene Montero: debemos dar la nacionalidad a todos los inmigrantes para evitar el racismo que producen las noticias de violaciones a manos de extranjeros”.,0,0.016890522296918543
https://maldita.es/malditobulo/20201127/video-frontex-inmigrantes-barco-patera-aguas-espanolas/,el % de violaciones en españa son inmigrantes,Inmigrantes pasan de un barco a una patera en aguas españolas,0,0.0033333333333333335
https://www.newtral.es/bulo-inmigrantes-ilegales-espana-alemania/20200813/,el % de violaciones en españa son inmigrantes,"España se va a hacer cargo, a cambio de una miseria, de todos los inmigrantes ilegales de Alemania",0,0.006774854520121301
https://www.newtral.es/medicamentos-gratis-inmigrantes-bulo-farmaceutica/20210903/,el % de violaciones en españa son inmigrantes,Los inmigrantes en situación irregular no pagan por los medicamentos en España ,0,0.04004016064257028
https://www.newtral.es/el-video-de-un-acto-vandalico-grabado-en-brasil-que-se-mueve-como-si-fuera-en-espana/20190612/,el % de violaciones en españa son inmigrantes,Estos niños están tirando mesas en un centro educativo para menores inmigrantes en España,0,0.00017361111111111112
https://colombiacheck.com/chequeos/denuncias-contra-maduro-fueron-confirmadas-por-la-onu-verdadera,el % de violaciones en españa son inmigrantes,ONU confirmó violaciones de DD.HH. en Venezuela denunciadas ante CPI,0,0.007777777777777777
https://maldita.es/malditobulo/20201109/fotos-compara-pateros-espanoles-personas-espana/,el % de violaciones en españa son inmigrantes,Estos son los inmigrantes que llegan a Gran Canaria,0,0.010166323266428757
https://www.newtral.es/el-bulo-de-que-cruz-roja-atiende-solo-a-inmigrantes-en-algeciras/20191113/,el % de violaciones en españa son inmigrantes,La Cruz Roja atiende «solo a inmigrantes» en Algeciras,0,6.802721088435374e-05
https://maldita.es/malditobulo/20201117/video-personas-negras-carretera-canarias/,el % de violaciones en españa son inmigrantes,Video en el que se ve a inmigrantes en una carretera en Canarias,0,0.0
https://factual.afp.com/los-tripulantes-de-una-embarcacion-grabados-cantando-no-amenazaban-los-espanoles,el % de violaciones en españa son inmigrantes,"Inmigrantes una embarcación cantan en árabe: ""os vamos a cortar el gaznate a todos los españoles infieles""",0,0.003401360544217687
https://factual.afp.com/doc.afp.com.32CM6PK,rusia turquia y brasil abandonaron la oms,"Rusia, Turquía y Brasil abandonan la Organización Mundial de la Salud (OMS)",1,0.9866666666666667
https://poligrafo.sapo.pt/fact-check/garante-se-no-twitter-russia-brasil-e-turquia-abandonaram-a-organizacao-mundial-da-saude,rusia turquia y brasil abandonaron la oms,"Rússia, Brasil e Turquia abandonaram a Organização Mundial da Saúde",1,0.9366666666666666
https://poligrafo.sapo.pt/fact-check/sim-a-ucrania-criou-uma-linha-telefonica-para-soldados-russos-que-queiram-abandonar-a-guerra,rusia turquia y brasil abandonaron la oms,Ucrânia criou uma linha telefónica para soldados russos que queiram abandonar a guerra,0,0.08645886035810002
https://www.boatos.org/politica/carlos-ayres-britto-diz-carta-moro-enviado-esquerda-derrubar-bolsonaro.html,rusia turquia y brasil abandonaron la oms,"O Jurista Ayres Brito disse tudo em poucas linhas! Muitos estão abandonado o PresJB. O Capitão que abriu mão do seu conforto e quase de sua vida pelo Brasil, pelo povo brasileiro!",0,0.003673884594937226
https://www.newtral.es/dieta-mediterranea-alberto-garzon/20210914/,rusia turquia y brasil abandonaron la oms,“La dieta mediterránea se está abandonando. Más del 70% de la población la ha abandonado ya de una manera u otra“.,0,0.016666666666666666
https://factual.afp.com/la-foto-de-cajas-de-correo-en-una-carretera-es-antigua-y-no-se-vincula-con-las-elecciones-en-eeuu,rusia turquia y brasil abandonaron la oms,Votos por Trump abandonados en EEUU,0,0.0037706866793870736
https://www.newtral.es/juan-marin-andalucia-tiene-la-mayor-tasa-de-abandono-escolar-y-1-de-cada-4-jovenes-abandona-los-estudios/20181127/,rusia turquia y brasil abandonaron la oms,1 de cada 4 jóvenes abandona los estudios,0,0.03293650793650793
https://politica.estadao.com.br/blogs/estadao-verifica/texto-whatsapp-fim-da-pandemia/,rusia turquia y brasil abandonaron la oms,"Fim da pandemia, Alemanha, Espanha, China e Rússia abandonam vacinação",0,0.63
https://maldita.es/malditobulo/20200828/burofax-messi-barcelona-deja-el-equipo/,rusia turquia y brasil abandonaron la oms,Una foto del burofax enviado por Messi al Barcelona para anunciar su decisión de abandonar el club,0,0.03237175457645198
https://noticias.uol.com.br/confere/ultimas-noticias/2018/05/25/protesto-contra-alta-de-combustiveis-na-somalia-viraliza-mas-e-falso.htm,rusia turquia y brasil abandonaron la oms,Pessoas abandonaram seus carros nas ruas e avenidas da Somália e fez o governo abaixar o preço dos combustíveis,0,0.07067491877233557
https://www.aosfatos.org/noticias/e-falso-que-governo-de-sp-descartou-respiradores-para-aumentar-mortes-por-covid-19/,rusia turquia y brasil abandonaron la oms,Governo de São Paulo abandona respiradores,0,0.03508723540558896
https://politica.estadao.com.br/blogs/estadao-verifica/shopping-abandonado-mostrado-em-foto-viral-fica-nos-eua-e-nao-na-venezuela/,rusia turquia y brasil abandonaron la oms,Foto de shopping abandonado na Venezuela,0,0.007909781764125679
https://chequeado.com/ultimas-noticias/donda-naciones-unidas-ha-recomendado-a-los-estados-miembros-que-consideren-abandonar-el-uso-de-armas-electricas-taser/,rusia turquia y brasil abandonaron la oms,[Naciones Unidas] ha recomendado a los Estados miembros que consideren abandonar el uso de armas eléctricas Taser,0,0.023333333333333334
https://www.newtral.es/carteles-falsos-brexit-supermercados-reino-unido/20210826/,rusia turquia y brasil abandonaron la oms,"[Cartel en un supermercado del Reino Unido] Debido a la credulidad en este país, el 52% de la nación votó para abandonar el mercado común, y este es el resultado. Si votó por permanecer en la UE, por favor acepte nuestras disculpas. Si votó por abandonar la UE, que le jodan",0,0.014477017734346722
https://piaui.folha.uol.com.br/lupa/2021/08/05/verificamos-bolsonaro-hospital-fundao/,rusia turquia y brasil abandonaron la oms,BOLSONARO REFORMOU HOSPITAL ABANDONADO PELO LULA E DILMA,0,3.257328990228013e-05
https://lupa.uol.com.br/jornalismo/2021/08/05/verificamos-bolsonaro-hospital-fundao,rusia turquia y brasil abandonaron la oms,BOLSONARO REFORMOU HOSPITAL ABANDONADO PELO LULA E DILMA,0,3.257328990228013e-05
https://maldita.es/malditobulo/20220120/dalila-jakupovic-open-australia-vacuna-covid/,rusia turquia y brasil abandonaron la oms,Dalila Jakupovic se ve obligada a abandonar el Open de Australia de 2022 por problemas de salud,0,0.02
https://www.aosfatos.org/noticias/foto-de-shopping-abandonado-nao-foi-registrada-na-venezuela-mas-nos-eua/,rusia turquia y brasil abandonaron la oms,Foto mostra shopping abandonado na Venezuela,0,0.0033659066232356134
https://maldita.es/malditobulo/20220609/operaciones-bajas-prostata-brigitte-macron-begona-gomez/,brigitte macron fue operada de la prostata,Brigitte Macron operada de urgencia de la próstata,1,0.9666666666666667
https://factual.afp.com/doc.afp.com.32CG869,brigitte macron fue operada de la prostata,La primera dama de Francia Brigitte Macron se operó de la próstata,1,0.9466666666666667
https://www.newtral.es/brigitte-macron-prostata-bulo-macron/20220617/,brigitte macron fue operada de la prostata,"Brigitte Macron, primera dama de Francia, fue operada de emergencia de la próstata.",1,0.98
https://www.liberation.fr/checknews/2020/04/10/non-macron-n-a-pas-ete-applaudi-par-des-figurants-a-pantin_1784694/,brigitte macron fue operada de la prostata,Macron a été applaudi par des figurants à Pantin,0,0.02055325987144169
https://dpa-factchecking.com/netherlands/220609-99-603076/,brigitte macron fue operada de la prostata,Brigitte Macron heeft zich aan de prostaat laten opereren.,1,0.95
https://dpa-factchecking.com/netherlands/220609-99-603076,brigitte macron fue operada de la prostata,Brigitte Macron heeft zich aan de prostaat laten opereren.,1,0.9133333333333333
https://faktograf.hr/2022/05/27/brigitte-macron-nije-operirala-prostatu-a-nije-se-ni-rodila-kao-muskarac/,brigitte macron fue operada de la prostata,"Brigitte Macron je transrodna, rodila se kao muškarac.",1,0.7377777777777778
https://factuel.afp.com/non-des-soignantes-nont-pas-tourne-le-dos-emmanuel-macron-lors-de-sa-visite-poissy,brigitte macron fue operada de la prostata,Des soignantes tournent le dos à Emmanuel Macron,0,0.00991121616329005
https://factuel.afp.com/doc.afp.com.32KN2ZQ,brigitte macron fue operada de la prostata,Le président français Emmanuel Macron a démissionné,0,0.013723757955732878
https://defacto-observatoire.fr/Medias/Factuel/Fact-checks/Non-cette-video-n-annonce-pas-la-demission-du-president-francais/,brigitte macron fue operada de la prostata,Le président français Emmanuel Macron a démissionné,0,0.016666666666666666
https://www.bol.uol.com.br/noticias/2022/08/23/post-falso-usa-imagem-de-famoso-para-vender-tratamento-para-a-prostata.htm,brigitte macron fue operada de la prostata,Antônio Fagundes tomou produto natural para tratar câncer de próstata,0,0.006666666666666667
https://noticias.uol.com.br/confere/ultimas-noticias/2022/08/23/post-falso-usa-imagem-de-famoso-para-vender-tratamento-para-a-prostata.htm,brigitte macron fue operada de la prostata,Antônio Fagundes tomou produto natural para tratar câncer de próstata,0,0.006666666666666667
https://observers.france24.com/fr/europe/20210121-une-publication-affirme-%C3%A0-tort-que-brigitte-macron-aurait-visit%C3%A9-un-h%C3%B4pital-sans-masque,brigitte macron fue operada de la prostata,Brigitte Macron aurait visité un hôpital sans masque,0,0.007526671516033218
https://factuel.afp.com/doc.afp.com.32KR76K,brigitte macron fue operada de la prostata,Le président français Emmanuel Macron démissionne,0,0.000594990321872534
https://www.boatos.org/saude/exame-de-mamografia-causa-cancer-de-tireoide.html,brigitte macron fue operada de la prostata,Exame de mamografia causa câncer de tireoide,0,0.011127819548872181
https://factual.afp.com/doc.afp.com.32F877Q,cambio cromatico teoria medios manipulan informacion climatica,Antena 3. Mediados de Julio de 2017. Mediadios de Julio de 2022. Cambio climático o… cambio cromático,1,0.9566666666666667
https://factual.afp.com/doc.afp.com.32FP44U,cambio cromatico teoria medios manipulan informacion climatica,La comparación entre un mapa metereológico de Alemania de 2017 y otro de 2022 muestra que los medios recurren al cambio cromático para alarmar sobre la temperatura,1,0.4434188034188034
https://www.verificat.cat/fact-check/el-cambio-climatico-influye-en-los-incendios-forestales-aunque-no-es-el-unico-factor-responsable,cambio cromatico teoria medios manipulan informacion climatica,Allí tiene los informes de los bomberos forestales y de la UME: el 98% de los incendios forestales son provocados por la mano del hombre [...] ¿El cambio climático? ¿Pero qué cambio climático?,0,0.0033333333333333335
https://www.verificat.cat/es/fact-check/el-cambio-climatico-influye-en-los-incendios-forestales-aunque-no-es-el-unico-factor-responsable,cambio cromatico teoria medios manipulan informacion climatica,Allí tiene los informes de los bomberos forestales y de la UME: el 98% de los incendios forestales son provocados por la mano del hombre [...] ¿El cambio climático? ¿Pero qué cambio climático?,0,0.016666666666666666
https://www.newtral.es/mapa-tiempo-alemania-manipulado/20220804/,cambio cromatico teoria medios manipulan informacion climatica,"Estos mapas de temperatura en Alemania de 2009, 2019 y 2021 muestran una manipulación para vender la ‘histeria’ del cambio climático. ",1,0.6092534869987538
https://www.univision.com/temas/pln-alfombra,cambio cromatico teoria medios manipulan informacion climatica,El cambio climático no es más que un montón de modelos informáticos que intentan decirnos qué va a suceder en 50 o 30 años,1,0.6276454454636272
https://factual.afp.com/esta-imagen-no-se-tomo-cerca-del-recorrido-de-la-manifestacion-por-el-clima-en-sevilla,cambio cromatico teoria medios manipulan informacion climatica,Así quedó Sevilla tras la manifestación por el cambio climático,0,0.007289967560297166
https://factcheck.afp.com/doc.afp.com.32FF6BK,cambio cromatico teoria medios manipulan informacion climatica,Media changed weather map colors to exaggerate climate change,1,0.8933333333333333
https://noticias.uol.com.br/confere/ultimas-noticias/2019/10/16/ministro-ernesto-araujo-clima-aquecimento-itamaraty-relacoes-exteriores.htm,cambio cromatico teoria medios manipulan informacion climatica,Opiniões sobre as mudanças climáticas,0,0.2763112867575642
https://www.thequint.com/news/webqoof/weather-maps-have-not-changed-to-create-panic-fact-check,cambio cromatico teoria medios manipulan informacion climatica,Weather maps have to changed to exaggerate the impact of climate change.,1,0.7966666666666666
https://www.boomlive.in/world/fake-news-arctic-circle-ice-study-climate-change-17861,cambio cromatico teoria medios manipulan informacion climatica,Climate change is not real as Arctic circle was warmer than present 6000 years ago.,0,0.0034508015478164726
https://www.factcheck.org/2019/05/manipulated-time-cover-on-climate-recirculates/,cambio cromatico teoria medios manipulan informacion climatica,"A meme claims to show a Time magazine cover from 1977 warning of the ""Coming Ice Age.""",0,0.06356517820803535
https://factcheck.afp.com/doc.afp.com.32KG2XM,cambio cromatico teoria medios manipulan informacion climatica,There is no link between hurricanes and climate change,0,0.09786999346700839
https://www.univision.com/noticias/verdad-comunidades-bajos-recursos-y-de-color-afectadas-cambio-climatico,cambio cromatico teoria medios manipulan informacion climatica,El cambio climático afecta “de forma desproporcionada a las comunidades de bajos ingresos y comunidades de color”.,0,0.01494977954739731
https://climatefactchecks.org/arctic-turning-green-because-of-climate-change-is-not-good-news/,cambio cromatico teoria medios manipulan informacion climatica,Global warming is making the Arctic green which is good news. ,0,0.020256410256410257
https://www.politifact.com/factchecks/2022/aug/19/facebook-posts/fact-checking-talking-point-about-corrupted-climat/,cambio cromatico teoria medios manipulan informacion climatica,"""96% of U.S. climate data is corrupted.""",0,0.10230645345368942
https://factual.afp.com/doc.afp.com.32FM73Z,cambio cromatico teoria medios manipulan informacion climatica,Este video muestra que la BBC cambió el color de sus mapas de previsiones meteorológicas para alarmar sobre el cambio climático,1,0.6833333333333333
https://factual.afp.com/doc.afp.com.32CZ7PV,cambio cromatico teoria medios manipulan informacion climatica,España 1957. Temperaturas de 50º C en algunos puntos. ¡Toma ‘cambio climático’!,1,0.6031213360300365
https://faktencheck.afp.com/doc.afp.com.32JF7QJ,cambio cromatico teoria medios manipulan informacion climatica,Über 1100 Forschende,1,0.6160804311774462
https://www.usatoday.com/story/news/factcheck/2021/12/03/fact-check-laws-thermodynamics-support-climate-change-theory/8796217002/,cambio cromatico teoria medios manipulan informacion climatica,Laws of thermodynamics say CO2 can’t contribute to climate change,0,0.017083333333333332
https://dpa-factchecking.com/germany/220721-99-106721/,cambio cromatico teoria medios manipulan informacion climatica,Medien lügen über Klimawandel,0,0.14800094479132433
https://dpa-factchecking.com/germany/220721-99-106721,cambio cromatico teoria medios manipulan informacion climatica,Medien lügen über Klimawandel,0,0.131042611457991
https://www.usatoday.com/story/news/factcheck/2022/05/23/fact-check-climate-models-reliable-ipcc-statement-misrepresented/9618298002/,cambio cromatico teoria medios manipulan informacion climatica,IPCC said 'long-term prediction of future climate states is not possible',0,0.017284943935130068
https://dpa-factchecking.com/netherlands/200325-99-463220,cambio cromatico teoria medios manipulan informacion climatica,"«CO2 heeft nauwelijks tot geen invloed op het klimaat», beweert onder meer de blog climategate.nl en verwijst op een artikel van Finse wetenschappers. «Er is dus geen enkele experimentele data of experiment voor de hypothese dat menselijk CO2 voor klimaatverandering zorgt.»",0,0.08473916133617627
https://climatefactchecks.org/daily-temperature-anomaly-values-used-to-dismiss-climate-change/,cambio cromatico teoria medios manipulan informacion climatica,"On August 7, 2022, the global average temperature is a mere 0.1C above the 1979-2000 base, with Antarctica -4C below which proves that global warming is not happening and the Earth is actually colder than believed. ",0,0.033766643839702425
https://www.factcheck.org/2019/09/buttigieg-wrong-about-climate-changes-effect-on-oceans/,cambio cromatico teoria medios manipulan informacion climatica,"""We could lose half the world’s oxygen because of what’s going on in the oceans.""",0,0.02202070593283982
https://maldita.es/malditobulo/20220714/montero-montaje-petro-escobar/,irene montero vinculada con narcotrafico,Irene Montero en una foto junto al narcotraficante Gustavo Petro,1,0.62
https://factual.afp.com/doc.afp.com.32EU2V6,irene montero vinculada con narcotrafico,La ministra de Igualdad española Irene Montero posó junto a un narcotraficante colombiano,1,0.9066666666666666
https://chequeado.com/ultimas-noticias/bonfatti-sobre-los-homicidios-un-16-es-por-disputas-de-narcotrafico/,irene montero vinculada con narcotrafico,Un 16% es por disputas de narcotráfico,0,0.11762172997408432
https://chequeado.com/ultimas-noticias/macri-una-de-mis-tres-propuestas-es-enfrentar-el-narcotrafico/,irene montero vinculada con narcotrafico,Una de mis tres propuestas es enfrentar (...) el narcotráfico,0,0.024846712174582876
https://chequeado.com/ultimas-noticias/macri-una-de-mis-tres-propuestas-es-enfrentar-el-narcotrafico-2018/,irene montero vinculada con narcotrafico,Una de mis tres propuestas es enfrentar () el narcotráfico,0,0.029162302496799703
https://chequeado.com/ultimas-noticias/macri-una-de-mis-tres-propuestas-es-enfrentar-el-narcotrafico-2017/,irene montero vinculada con narcotrafico,Una de mis tres propuestas es enfrentar () el narcotráfico,0,0.0073483014699325675
https://chequeado.com/ultimas-noticias/macri-yo-les-quiero-proponer-enfrentar-y-derrotar-el-narcotrafico-2019/,irene montero vinculada con narcotrafico,Yo les quiero proponer [...] enfrentar y derrotar el narcotráfico,0,0.010097629009762901
https://www.newtral.es/bulo-abalos-iglesias-narcotrafico-eeuu-fbi/20200610/,irene montero vinculada con narcotrafico,Estados Unidos relaciona a los ministros Ábalos e Iglesias con el narcotráfico,0,0.02093222474174855
https://www.boatos.org/entretenimento/ivete-sangalo-cheira-cocaina-po-branco-antes-de-show-video.html,irene montero vinculada con narcotrafico,*Ivete cheirando cocaína antes do show.* *Alguém tem que financiar o narcotráfico.*,0,0.03765104402366178
https://piaui.folha.uol.com.br/lupa/2019/12/06/verificamos-lula-narcotrafico/,irene montero vinculada con narcotrafico,"DENÚNCIA BOMBA: LULA, PT E O NARCOTRÁFICO. Fundador e ex-deputado do partido conta tudo...",0,0.014477017734346726
https://lupa.uol.com.br/jornalismo/2019/12/06/verificamos-lula-narcotrafico,irene montero vinculada con narcotrafico,"DENÚNCIA BOMBA: LULA, PT E O NARCOTRÁFICO. Fundador e ex-deputado do partido conta tudo...",0,0.021897879067341947
https://maldita.es/malditobulo/20210323/piedad-cordoba-foto-pablo-iglesias-narcotraficante/,irene montero vinculada con narcotrafico,Pablo Iglesias cenando con la narcotraficante Piedad Córdoba.,0,0.13469959328438771
https://www.fastcheck.cl/2020/11/06/detienen-a-militar-que-encabezaba-caravana-de-narcotraficantes-real/,irene montero vinculada con narcotrafico,DETIENEN A MILITAR QUE ENCABEZABA CARAVANA DE NARCOTRAFICANTES,0,0.1031611924735125
https://maldita.es/malditobulo/20210301/no-irene-montero-rolex-entrevista-diez-minutos-swatch/,irene montero vinculada con narcotrafico,Irene Montero reloj Rolex,0,0.11347826086956521
https://www.newtral.es/curriculum-irene-montero/20190828/,irene montero vinculada con narcotrafico,Este es el currículum de Irene Montero,0,0.077
https://factual.afp.com/http%253A%252F%252Fdoc.afp.com%252F9Q49YU-1,irene montero vinculada con narcotrafico,Irene Montero con un bolso Louis Vuitton,0,0.04
https://chequeado.com/ultimas-noticias/vidal-tenemos-mas-detenidos-por-narcotrafico-en-los-ultimos-dos-anos-que-en-toda-la-gestion-del-gobierno-de-scioli/,irene montero vinculada con narcotrafico,Tenemos más detenidos por narcotráfico en los últimos dos años que en toda la gestión del gobierno de Scioli,0,0.06155159817322926
https://www.newtral.es/viruela-mono-vacuna-covid/20220524/,irene montero vinculada con narcotrafico,La viruela del mono está vinculada al grafeno y a las vacunas contra la COVID-19. ,0,0.0
https://factual.afp.com/doc.afp.com.32DZ3XT,irene montero vinculada con narcotrafico,Gustavo Petro aparece en una foto junto al narcotraficante Pablo Escobar,0,0.003660560564886762
https://www.newtral.es/feijoo-otegi-mano-fotomontaje/20220720/,foto otegi y feijoo dandose la mano,Esta foto muestra a Feijóo y Otegi dándose la mano.,1,0.98
https://info-veritas.com/desinformacion-foto-feijoo-arnaldo-otegi/,foto otegi y feijoo dandose la mano,Feijóo dando la mano a Arnaldo Otegi,1,0.8733333333333333
https://maldita.es/malditobulo/20220714/montaje-feijoo-saluda-arnaldo-otegi/,foto otegi y feijoo dandose la mano,El líder del PP Alberto Núñez Feijóo y el coordinador general de EH Bildu Arnaldo Otegi se dan la mano en esta foto.,1,0.9633333333333334
https://maldita.es/malditobulo/20220824/montaje-feijoo-saluda-arnaldo-otegi/,foto otegi y feijoo dandose la mano,El líder del PP Alberto Núñez Feijóo y el coordinador general de EH Bildu Arnaldo Otegi se dan la mano en esta foto.,1,0.9766666666666667
https://maldita.es/malditobulo/20220905/montaje-feijoo-saluda-arnaldo-otegi/,foto otegi y feijoo dandose la mano,El líder del PP Alberto Núñez Feijóo y el coordinador general de EH Bildu Arnaldo Otegi se dan la mano en esta foto.,1,0.9566666666666667
https://factual.afp.com/doc.afp.com.32EH236,foto otegi y feijoo dandose la mano,"Alberto Núñez Feijóo del Partido Popular en España es da la mano con Arnaldo Otegi, coordinador del partido EH Bildu",1,0.84
https://verifica.efe.com/feijoo-otegi-foto-manipulada-falso-apreton-manos/,foto otegi y feijoo dandose la mano,"El presidente del Partido Popular, Alberto Núñez Feijóo, estrechó la mano al coordinador de la coalición independentista EH Bildu, Arnaldo Otegi, como prueba una fotografía difundida en redes sociales.",1,0.9066666666666666
https://www.newtral.es/la-foto-falsa-de-rufian-con-una-camiseta-de-otegi-es-un-montaje/20190409/,foto otegi y feijoo dandose la mano,La foto de Rufián con una camiseta de Otegi,0,0.16
https://www.fastcheck.cl/2021/07/05/fotografia-de-elisa-loncon-dandole-la-mano-a-augusto-pinochet-falso/,foto otegi y feijoo dandose la mano,Fotografía de Elisa Loncon dándole la mano a Augusto Pinochet,0,0.013333333333333334
https://maldita.es/malditobulo/20200908/no-la-persona-que-aparece-en-esta-foto-con-el-hijo-de-george-soros-no-es-fernando-simon-se-trata-de-sergio-fajardo-politico-colombiano/,foto otegi y feijoo dandose la mano,"Foto de Fernando Simón dando la mano al hijo de George Soros, Alexander Soros",0,0.043333333333333335
https://maldita.es/malditobulo/20220810/feijoo-borracho-fiesta-albarino-ralentizado/,foto otegi y feijoo dandose la mano,Feijóo borracho en la fiesta del albariño,0,0.023440308795147507
https://maldita.es/malditobulo/20220823/feijoo-borracho-fiesta-albarino-ralentizado/,foto otegi y feijoo dandose la mano,Feijóo borracho en la fiesta del albariño,0,0.013605965015794759
https://factual.afp.com/doc.afp.com.32GD66U,foto otegi y feijoo dandose la mano,Alberto Núñez Feijóo está borracho en la Fiesta del Albariño,0,0.024854396542961434
https://www.newtral.es/video-feijoo/20220812/,foto otegi y feijoo dandose la mano,Este vídeo muestra a Núñez Feijóo hablando en estado ebrio en la Fiesta del Albariño.,0,0.00673469387755102
https://maldita.es/malditobulo/20220713/montaje-feijoo-agarrado-marcial-dorado/,foto otegi y feijoo dandose la mano,Esta imagen muestra a Alberto Núñez Feijóo y Marcial Dorado agarrados del brazo en una iglesia,0,0.17722222222222223
https://maldita.es/malditobulo/20201127/otegi-manifestacion-6-diciembre/,foto otegi y feijoo dandose la mano,Otegi convoca una manifestación contra la Constitución el 6 de diciembre de 2020,0,0.003401360544217687
https://maldita.es/malditobulo/20221003/feijoo-merluza-morderan-gente/,foto otegi y feijoo dandose la mano,"@Antena3Galicia &quot;Un pescador me dijo: si no pescamos masivamente merluza, llegan a las playas y morderán a la gente. Eso hay q decirlo en Bruselas&quot; Feijóo",0,0.00016565622064725473
https://factual.afp.com/doc.afp.com.32EE7J6,putin habla contra la diversidad sexual entrevista megyn kelly,"El presidente de Rusia, Vladimir Putin, habló contra la ideología de género en esta entrevista con Megyn Kelly",1,0.95
https://verifica.efe.com/putin-no-ideologia-de-genero-entrevista-nbc-megyn-kelly/,putin habla contra la diversidad sexual entrevista megyn kelly,"Vladímir Putin utiliza una entrevista en la NBC con la periodista Megyn Kelly para ""destrozar"" la ""ideología de género"" y criticar iniciativas LGTBI en el Reino Unido y Canadá. ",1,0.9166666666666666
https://colombiacheck.com/chequeos/putin-no-destrozo-la-ideologia-de-genero-en-entrevista-con-megyn-kelly-como-circula-en,putin habla contra la diversidad sexual entrevista megyn kelly,Putin destrozó la ideología de género en entrevista con la NBC.,1,0.6066666666666667
https://maldita.es/malditobulo/20220607/igualdad-dia-diversidad-vaginas-bulo-artista-londinense/,putin habla contra la diversidad sexual entrevista megyn kelly,Ensayo agrupación feminista por el día de la diversidad de vaginas,0,0.013486830629687772
https://factual.afp.com/no-esta-imagen-no-es-de-la-principal-avenida-de-montevideo-luego-de-la-ultima-marcha-de-la,putin habla contra la diversidad sexual entrevista megyn kelly,"Esta foto corresponde a la Marcha de la Diversidad en Montevideo, el 27 de septiembre de 2019",0,0.0034989895539805876
https://www.washingtonpost.com/news/fact-checker/wp/2015/08/11/trumps-bogus-claim-that-he-never-said-some-of-the-things-claimed-by-megyn-kelly/,putin habla contra la diversidad sexual entrevista megyn kelly,"“Some of the things that she [Megyn Kelly] said I didn't say.""",0,0.05813715711778107
https://lupa.uol.com.br/jornalismo/2022/08/24/sbt-vai-entrevistar-bolsonaro,putin habla contra la diversidad sexual entrevista megyn kelly,"“SBT coloca entrevista com Bolsonaro no mesmo horário da entrevista de Lula na Globo (…) No dia 25/08/22, quinta-feira, às 20h30""",0,0.037832577475434614
https://factual.afp.com/doc.afp.com.32CE3QR,putin habla contra la diversidad sexual entrevista megyn kelly,"El ‘día de la diversidad de las vaginas’, la nueva ocurrencia de Igualdad para reforzar el empoderamiento feminista",0,6.802721088435374e-05
https://noticias.uol.com.br/confere/ultimas-noticias/2018/06/08/boulos-erra-ao-falar-de-imoveis-abandonados-e-acerta-sobre-petrobras.htm,putin habla contra la diversidad sexual entrevista megyn kelly,Entrevista à Band,0,0.011312249963239832
https://www.boatos.org/politica/bolsonaro-sera-entrevistado-ratinho-sbt-quinta-feira-20h30-mesmo-horario-lula-jornal-nacional-globo.html,putin habla contra la diversidad sexual entrevista megyn kelly,"Ratinho entrevistará Bolsonaro na quinta feira dia 25/08, mesmo dia que a Globo entrevistará Lula. ",0,0.0038168360540328196
https://www.newtral.es/dia-diversidad-vaginas-ministerio-de-igualdad/20220603/,putin habla contra la diversidad sexual entrevista megyn kelly,"El “día de la diversidad de las vaginas”, la nueva ocurrencia del Ministerio de Igualdad para reforzar el empoderamiento feminista.",0,0.016787709497206704
https://factual.afp.com/amlo-parafraseaba-una-carta-del-siglo-xix-cuando-dijo-en-una-entrevista-que-controla-los-medios,putin habla contra la diversidad sexual entrevista megyn kelly,Escena de AMLO borrada en entrevista,0,0.0038799080787669878
https://noticias.uol.com.br/confere/ultimas-noticias/2018/05/18/rodrigo-maia-utiliza-numeros-descontextualizados-e-dados-exagerados-na-tv.htm,putin habla contra la diversidad sexual entrevista megyn kelly,Entrevista à TV Bandeirantes,0,0.01291268572123824
https://noticias.uol.com.br/confere/ultimas-noticias/2018/04/20/rocha-escorrega-ao-falar-sobre-riachuelo-previdencia-e-reforma-trabalhista.htm,putin habla contra la diversidad sexual entrevista megyn kelly,Entrevista à TV Bandeirantes,0,0.01860350697727689
https://noticias.uol.com.br/confere/ultimas-noticias/2018/05/05/governador-marcio-franca-usa-dados-imprecisos-e-pesquisa-nao-publicada.htm,putin habla contra la diversidad sexual entrevista megyn kelly,Entrevista à TV Bandeirantes,0,0.003454376163873371
https://noticias.uol.com.br/confere/ultimas-noticias/2018/04/28/alvaro-dias-usa-dados-defasados-para-falar-de-estatais.htm,putin habla contra la diversidad sexual entrevista megyn kelly,Entrevista à TV Bandeirantes,0,0.003518478727975935
https://noticias.uol.com.br/confere/ultimas-noticias/2018/04/14/alckmin-usa-dados-imprecisos-sobre-reajustes-e-metro.htm,putin habla contra la diversidad sexual entrevista megyn kelly,Entrevista à TV Bandeirantes,0,0.0046904634990160175
https://www.aosfatos.org/noticias/velocidade-de-video-e-reduzida-para-fazer-crer-que-lula-estava-bebado-em-entrevista/,putin habla contra la diversidad sexual entrevista megyn kelly,Vídeo mostra Lula bêbado em entrevista,0,0.023333333333333334
https://www.boatos.org/entretenimento/globo-contratando-pessoas-aparecer-entrevistados-tv.html,putin habla contra la diversidad sexual entrevista megyn kelly,A Rede Globo está contratando pessoas para aparecer em suas reportagens como entrevistados. O Henrique já conseguiu uma das vagas e tem sido bastante entrevistado nos últimos dias. Salário de r$ 2.500,0,9.523809523809524e-05
https://factual.afp.com/doc.afp.com.32J943P,Reino Unido deja de recomendar la vacunación anticovid en embarazadas,Reino Unido cambió la guía de vacunación contra el #COVID19 y ya no recomienda la inmunización en embarazadas.,1,0.9833333333333333
https://www.rtve.es/noticias/20220830/reino-unido-recomienda-vacunacion-embarazadas/2399199.shtml,Reino Unido deja de recomendar la vacunación anticovid en embarazadas,El Reino Unido no recomiende la vacunación contra la COVID-19 a embarazadas,1,0.9466666666666667
https://maldita.es/malditobulo/20220906/reino-unido-vacuna-covid-embarazadas/,Reino Unido deja de recomendar la vacunación anticovid en embarazadas,El gobierno del Reino Unido dice que la vacuna no es segura para las mujeres embarazadas o lactantes y no la recomienda,1,0.9433333333333334
https://fakenews.pl/en/health/uk-government-continues-to-recommend-vaccination-of-pregnant-and-breastfeeding-women/,Reino Unido deja de recomendar la vacunación anticovid en embarazadas,UK government withdraws recommendation for COVID-19 vaccination of pregnant and breastfeeding women.,1,0.9466666666666667
https://factcheck.afp.com/doc.afp.com.32HR6NH,Reino Unido deja de recomendar la vacunación anticovid en embarazadas,The UK stopped recommending Covid-19 vaccines for pregnant people,1,0.9466666666666667
https://sprawdzam.afp.com/doc.afp.com.32JD2TW,Reino Unido deja de recomendar la vacunación anticovid en embarazadas,Wielka Brytania wycofała ostatnio rekomendację szczepień przeciw Covid-19 dla kobiet w ciąży,1,0.86
https://facta.news/fuori-contesto/2022/08/30/regno-unito-vaccino-pfizer-donne-gravidanza/,Reino Unido deja de recomendar la vacunación anticovid en embarazadas,"«ULTIM’ORA: il Regno Unito non raccomanda più il vaccino mRNA Pfizer-BioNTech CV19 alle donne in gravidanza. Inoltre, raccomanda alle donne in età fertile di escludere una sospetta gravidanza prima della vaccinazione. Anche le donne che allattano al seno non dovrebbero essere vaccinate»",1,0.7833333333333333
https://verifica.efe.com/las-vacunas-anticovid-no-han-multiplicado-los-abortos-espontaneos-en-el-reino-unido/,Reino Unido deja de recomendar la vacunación anticovid en embarazadas,Las vacunas anticovid han aumentado los abortos espontáneos en el Reino Unido un 2.000 por cien en poco más de tres meses.,0,0.5433333333333333
https://www.thip.media/health-news-fact-check/fact-check-has-the-u-k-revoked-covid-vaccine-for-pregnant-women/34713/,Reino Unido deja de recomendar la vacunación anticovid en embarazadas,U.K. has revoked covid vaccine for pregnant women,1,0.95
https://factuel.afp.com/doc.afp.com.32HE2VG,Reino Unido deja de recomendar la vacunación anticovid en embarazadas,En Grande-Bretagne le vaccin Pfizer est non recommandé aux femmes enceintes,1,0.94
https://fullfact.org/health/pregnancy-advice-covid-vaccine-change/,Reino Unido deja de recomendar la vacunación anticovid en embarazadas,"The UK government has quietly u-turned on its advice for pregnant and breastfeeding women and the Covid-19 vaccine, and now advises them not to get vaccinated.",1,0.82
https://factual.afp.com/doc.afp.com.32FL9LE,Reino Unido deja de recomendar la vacunación anticovid en embarazadas,"Las vacunas anticovid son ineficientes, según cifras británicas",0,0.19666666666666666
https://factual.afp.com/doc.afp.com.32HE6VQ,multa de trafico en españa por besarse o discutir,Nuevas multas de verano de la DGT en España,1,0.9366666666666666
https://factual.afp.com/el-mensaje-sobre-multas-de-transito-circula-desde-2017-y-no-hay-registro-de-que-sea-oficial,multa de trafico en españa por besarse o discutir,Aumento a las multas de tránsito en México,0,0.0002065129160101227
https://factual.afp.com/doc.afp.com.326Q3N2,multa de trafico en españa por besarse o discutir,La multa por fugarse de gasolinera sin pagar es de 156 euros en España,0,0.06333333333333334
https://factual.afp.com/si-la-ong-open-arms-puede-ser-sancionada-con-multas-de-hasta-901000-euros-en-espana,multa de trafico en españa por besarse o discutir,España puede multar con hasta 901.000 euros al barco de Open Arms,0,0.020121042830540038
https://checamos.afp.com/doc.afp.com.327B7JF,multa de trafico en españa por besarse o discutir,"O CEO da Disney, Bob Chapek, foi preso por tráfico humano",0,0.0401010101010101
https://www.aosfatos.org/noticias/bolsonaro-nao-disse-que-primeira-dama-foi-condenada-por-trafico-de-drogas/,multa de trafico en españa por besarse o discutir,Parece que mulher do Bolsonaro já foi condenada por tráfico de drogas,0,0.009413488191077325
https://www.boatos.org/politica/mulher-bolsonaro-michelle-foi-presa-trafico-drogas.html,multa de trafico en españa por besarse o discutir,Parece que A mulher do Bolsonaro já foi condenada por tráfico de drogas!,0,0.0037887577333904207
https://www.aosfatos.org/noticias/pt-e-psol-nao-entraram-na-justica-para-limitar-trabalho-da-policia-rodoviaria-federal/,multa de trafico en españa por besarse o discutir,PT e PSOL entraram com interpelação para tirar da PRF o poder de combater o tráfico de drogas e a pirataria tornando a PRF mais um órgão para aplicar multas de trânsito.,0,0.0400900900900901
https://www.aosfatos.org/noticias/ministros-do-stf-nao-participarao-de-debate-sobre-novo-governo-em-novembro/,multa de trafico en españa por besarse o discutir,Ministros do STF irão a evento após eleições para discutir ‘novo governo’,0,0.007054699984901433
https://piaui.folha.uol.com.br/lupa/2015/12/08/agenda-da-vice-presidencia-desdiz-carta-de-temer/,multa de trafico en españa por besarse o discutir,Jamais eu ou o PMDB fomos chamados para discutir formulações econômicas,0,0.007061912658927585
https://factual.afp.com/no-esta-serpiente-no-cruzaba-una-carretera-en-mexico-sino-en-brasil,multa de trafico en españa por besarse o discutir,Boa detiene el tráfico en Tabasco,0,0.006666666666666667
https://checamos.afp.com/nao-xuxa-e-bolsonaro-nao-discutiram-pelo-twitter-sobre-publicacao-de-video-com-conteudo-pornografico,multa de trafico en españa por besarse o discutir,Xuxa e Bolsonaro discutiram no Twitter sobre publicação de vídeo com conteúdo pornográfico,0,0.004841908455773948
https://checamos.afp.com/nao-jair-bolsonaro-e-juan-guaido-nao-trocaram-farpas-no-twitter-sobre-autoproclamacao,multa de trafico en españa por besarse o discutir,Jair Bolsonaro e Juan Guaidó discutiram no Twitter a respeito da autoproclamação.,0,0.004612877185298157
https://politica.estadao.com.br/blogs/estadao-verifica/michelle-prisao-trafico-drogas/,multa de trafico en españa por besarse o discutir,Michelle cumpriu pena de 3 anos por tráfico de drogas,0,0.022399568102431863
https://www.bol.uol.com.br/noticias/2022/09/27/audio-de-bolsonaro-que-da-a-entender-que-michelle-cumpriu-pena-e-adulterado.htm,multa de trafico en españa por besarse o discutir,Michelle Bolsonaro foi condenada por tráfico de drogas,0,0.00017543859649122806
https://noticias.uol.com.br/confere/ultimas-noticias/2022/09/27/audio-de-bolsonaro-que-da-a-entender-que-michelle-cumpriu-pena-e-adulterado.htm,multa de trafico en españa por besarse o discutir,Michelle Bolsonaro foi condenada por tráfico de drogas,0,0.0002764486975013291
https://www.aosfatos.org/noticias/e-falso-que-militar-preso-por-transportar-cocaina-em-aviao-da-fab-seja-filiado-ao-psl/,multa de trafico en españa por besarse o discutir,"Sargento Manoel Silva Rodrigues da comitiva do bozo, preso pelo tráfico de drogas na Espanha, é pastor evangélico filiado ao PSL.",0,0.020576106166621675
https://www.verificat.cat/es/fact-check/los-datos-no-indican-que-el-90-de-las-trabajadoras-sexuales-son-victimas-de-trafico-de-personas-y-explotacion-sexual,multa de trafico en españa por besarse o discutir,El 90% de las prostitutas son víctimas de tráfico,0,0.0
https://www.verificat.cat/fact-check/los-datos-no-indican-que-el-90-de-las-trabajadoras-sexuales-son-victimas-de-trafico-de-personas-y-explotacion-sexual,multa de trafico en españa por besarse o discutir,El 90% de las prostitutas son víctimas de tráfico,0,0.0008333333333333334
https://www.newtral.es/fact-check-desempleados-parados-espana-garcia-egea/20210416/,hay seis millones de desempleados en españa,“Sale usted del Ministerio (a Yolanda Díaz) con seis millones de desempleados”,1,0.9733333333333334
https://fullfact.org/economy/six-million-jobs-pay-less-living-wage/,hay seis millones de desempleados en españa,Six million people earn less than the living wage.,0,0.04347168127231418
https://fullfact.org/economy/six-million-jobs-pay-below-living-wage/,hay seis millones de desempleados en españa,Six million workers are paid below the living wage.,0,0.09754687281250274
https://www.newtral.es/factcheck-pablo-casado-espanoles-trabajar-no-pueden/20200831/,hay seis millones de desempleados en españa,"""Hay siete millones de españoles que quieren trabajar y no pueden """,1,0.8866666666666667
https://www.newtral.es/mercado-laboral-pedro-sanchez-factcheck/20220120/,hay seis millones de desempleados en españa,“En los últimos 10 meses se han incorporado nada más y nada menos que al mercado laboral de nuestro país dos millones de personas”,0,0.04361111111111111
https://chequeado.com/ultimas-noticias/pinedo-tenemos-4-millones-de-empleos-menos-que-hace-un-ano/,hay seis millones de desempleados en españa,Tenemos 4 millones de empleos menos que hace un año,0,0.13333333333333333
https://piaui.folha.uol.com.br/lupa/2019/04/15/verificamos-15-milhoes-desempregados/,hay seis millones de desempleados en españa,15 milhões desempregados [no Brasil],0,0.056838677037880224
https://lupa.uol.com.br/jornalismo/2019/04/15/verificamos-15-milhoes-desempregados,hay seis millones de desempleados en españa,15 milhões desempregados [no Brasil],0,0.05395423112986405
https://www.newtral.es/diaz-ayuso-el-desempleo-en-la-comunidad-de-madrid-se-situa-en-el-999-que-es-la-cifra-mas-baja-de-espana/20200131/,hay seis millones de desempleados en españa,"El desempleo [en la Comunidad de Madrid] se sitúa en el 9,99, que es la cifra más baja de España",0,0.006666666666666667
https://piaui.folha.uol.com.br/lupa/2020/11/03/goiania-vanderlan-chico-rodrigues/,hay seis millones de desempleados en españa,"Sobre os CMEIs, tem um déficit hoje aí em torno de 6 mil vagas",0,0.023276262436082284
https://factual.afp.com/http%253A%252F%252Fdoc.afp.com%252F9QG2N2-1,hay seis millones de desempleados en españa,"Amazon tiene 650.000 empleados, generó más empleos que Argentina en 8 años",0,0.00013432304302343697
https://www.factrakers.org/post/montemayor-overcounts-jobless-filipinos,hay seis millones de desempleados en españa,9 million Filipinos are unemployed,0,0.061584617735976815
https://www.newtral.es/rescate-bancario-pp/20211004/,hay seis millones de desempleados en españa,“El rescate a los bancos del Gobierno del PP le ha costado más de 65.000 M€ a los españoles”,0,0.023652317904672256
https://fullfact.org/economy/are-six-million-people-earning-less-living-wage/,hay seis millones de desempleados en españa,Six million people earn below the living wage.,0,0.05014449679393289
https://chequeado.com/ultimas-noticias/cfk-en-plaza-de-mayo-chequeos-a-sus-dichos-sobre-desempleo-y-salario-minimo/,hay seis millones de desempleados en españa,chequeos a sus dichos sobre desempleo y salario mínimo,0,0.040189070041424385
https://piaui.folha.uol.com.br/lupa/2019/09/07/entrevista-lula-historia-brasil/,hay seis millones de desempleados en españa,Por que o Brasil foi o último [país do mundo] a ter uma universidade federal?,0,0.010681787536131452
https://maldita.es/migracion/bulo/20220608/gobierno-espana-1700-millones-euros-nigeria/,españa hay seis millones de parados,España da 1.700 millones de euros a Nigeria,0,1.3280212483399734e-05
https://maldita.es/malditobulo/20220608/gobierno-espana-1700-millones-euros-nigeria/,españa hay seis millones de parados,España da 1.700 millones de euros a Nigeria,0,0.0100132802124834
https://www.newtral.es/el-fact-checking-de-newtral-en-el-debate-de-rtve/20190423/,españa hay seis millones de parados,"En España hay 1,8 millones de familias monoparentales y la mitad está en el umbral de la pobreza",0,0.06
https://www.newtral.es/100-millones-guerra-rif-espana-marruecos/20220913/,españa hay seis millones de parados,España va a indemnizar a Marruecos con 100 millones de euros por la guerra del Rif.,0,0.0
https://www.newtral.es/albert-rivera-en-espana-hay-18-millones-de-familias-monoparentales-que-la-mitad-esta-en-el-umbral-de-la-pobreza/20190423/,españa hay seis millones de parados,"""En España hay 1,8 millones de familias monoparentales que la mitad está en el umbral de la pobreza""",0,0.05667994687915006
https://www.newtral.es/factcheck-pablo-casado-espanoles-trabajar-no-pueden/20200831/,españa hay seis millones de parados,"""Hay siete millones de españoles que quieren trabajar y no pueden """,1,0.6566666666666666
https://www.rtve.es/noticias/20220905/ley-no-preve-indemnizar-marruecos-guerra-del-rif/2400801.shtml,españa hay seis millones de parados,El Gobierno de España ha aprobado una indemnización de 100 millones a Marruecos por la guerra del Rif,0,0.0
https://factual.afp.com/http%253A%252F%252Fdoc.afp.com%252F9P38HC-1,españa hay seis millones de parados,El gobierno español regala cinco millones de euros a UGT para que reforme su sede de Madrid,0,0.006666666666666667
https://www.verificat.cat/fact-check/espana-no-ha-retirado-la-vacuna-de-astrazeneca-al-contrario-de-lo-que-afirma-un-tuit-viral,españa hay seis millones de parados,En España retiran para siempre la vacuna covid-19 AstraZeneca y envían 20 millones de estos fármacos a Hispanoamérica,0,0.0
https://maldita.es/malditobulo/20201022/gobierno-espana-caritas-regalando-tarjetas-alimentarias-phishing/,españa hay seis millones de parados,"El Gobierno de España junto a Cáritas, anunció la inversión de 800 millones de euros para las Tarjetas Alimentarias",0,7.14156254575224e-05
https://www.univision.com/noticias/trump-pague-millones-de-dolares-millones-de-dolares,españa hay seis millones de parados,"“Pagué millones de dólares. Millones de dólares""",0,0.0
https://factual.afp.com/las-fiestas-virtuales-de-quito-no-costaron-seis-millones-de-dolares,españa hay seis millones de parados,Las fiestas de Quito costaron seis millones de dólares,0,0.01
https://www.newtral.es/pobreza-espana-gamarra-factcheck/20221006/,españa hay seis millones de parados,"“Hoy en España hay más de 13 millones de españoles en situación de pobreza y exclusión social, una cifra que no se alcanzaba desde la crisis de 2008 con Zapatero”",0,0.00018907004142439097
https://factual.afp.com/un-tuit-sobre-presupuestos-para-salud-mental-y-violencia-de-genero-en-espana-da-cifras-incorrectas,españa hay seis millones de parados,"Suicidios en España en 2020: 3.671 fallecimientos, el 80% hombres. Partida salud mental: 2,5 Millones de euros. Violencia de género en 2020: 43 fallecimientos (sólo mujeres) Presupuesto: 451,4 Millones de euros",0,0.006666666666666667
https://colombiacheck.com/chequeos/murillo-acierta-en-aumento-de-areas-protegidas-pero-eso-no-es-suficiente-para-la,españa hay seis millones de parados,Nosotros pasamos de 13 millones a 31 millones de áreas protegidas,0,0.0
https://www.newtral.es/iva-castilla-y-leon-pedro-sanchez-javier-maroto-factcheck/20220119/,españa hay seis millones de parados,“Desde hace ya años el Gobierno de España les debe a los castellanos y leoneses 182 millones de euros del IVA que no le da la gana de pagar a Sánchez”,0,0.00016565622064725473
https://www.newtral.es/santiago-abascal-las-denuncias-falsas-por-violencia-de-genero-afectan-a-millones-de-espanoles/20181210/,españa hay seis millones de parados,Las denuncias falsas (por violencia de género) afectan a millones de españoles,0,0.020068027210884354
https://www.telemundo.com/noticias/noticias-telemundo/elecciones-eeuu-2020/trump-y-biden-se-enfrentan-en-el-ultimo-debate-electoral-esto-es-lo-que-necesita-saber-tmna3841844?dh&liveblog._id=urn:newsml:localhost:2020-10-23T04:29:43.191523:f53e8fed-a854-4516-a5c5-f1a0bb4a943c__editorial,españa hay seis millones de parados,"“China está pagando, están pagando miles de millones y miles de millones de dólares, yo acabo de dar 28 mil millones de dólares a nuestros agricultores”",0,0.0
https://www.newtral.es/santiago-abascal-las-denuncias-falsas-por-violencia-de-genero-afectan-a-millones-de-espanoles/20181210/,las denuncias falsas afectan a millones de españoles,Las denuncias falsas (por violencia de género) afectan a millones de españoles,1,0.9066666666666666
https://www.aosfatos.org/noticias/dado-que-diz-que-80-das-acusacoes-de-estupro-sao-falsas-nao-tem-amparo-oficial/,las denuncias falsas afectan a millones de españoles,80% das denúncias de estupro são falsas.,0,0.079020505734146
https://www.newtral.es/el-texto-que-manipula-los-datos-del-cgpj-sobre-denuncias-falsas/20190213/,las denuncias falsas afectan a millones de españoles,El texto que muestra los datos del CGPJ sobre denuncias falsas,0,0.06333333333333334
https://www.newtral.es/factcheck-pablo-casado-espanoles-trabajar-no-pueden/20200831/,las denuncias falsas afectan a millones de españoles,"""Hay siete millones de españoles que quieren trabajar y no pueden """,0,0.05340136054421769
https://colombiacheck.com/chequeos/encontrar-personas-desaparecidas-no-implica-que-denuncias-sean-falsas-como-dice-paloma,las denuncias falsas afectan a millones de españoles,"Más de 300 personas desaparecidas han aparecido, eran falsas denuncias",0,0.0468009897096901
https://factual.afp.com/http%253A%252F%252Fdoc.afp.com%252F9TD3BM-1,las denuncias falsas afectan a millones de españoles,"Finlandia aprobó ley de medios, 28 periodistas presos por falsas denuncias",0,0.006800989709690103
https://factual.afp.com/doc.afp.com.32879ZD,las denuncias falsas afectan a millones de españoles,Médicos confirman sida relacionado con la vacuna afectará a millones,0,0.0007201858565447654
https://www.newtral.es/pobreza-espana-gamarra-factcheck/20221006/,las denuncias falsas afectan a millones de españoles,"“Hoy en España hay más de 13 millones de españoles en situación de pobreza y exclusión social, una cifra que no se alcanzaba desde la crisis de 2008 con Zapatero”",0,0.00016565622064725473
https://factual.afp.com/el-autor-del-video-que-denuncia-la-falta-de-insumos-en-espana-no-es-medico,las denuncias falsas afectan a millones de españoles,"Médico español denuncia eutanasia forzada a ancianos con coronavirus, COVID-19",0,0.026832322887313916
https://www.rtve.es/noticias/20220922/falso-miles-espanoles-esten-comiendo-basura/2403189.shtml,las denuncias falsas afectan a millones de españoles,El titular que afirma que miles de españoles han empezado a comer basura por culpa del Gobierno es falso,0,0.017476598386095596
https://factual.afp.com/http%253A%252F%252Fdoc.afp.com%252F9P38HC-1,las denuncias falsas afectan a millones de españoles,El gobierno español regala cinco millones de euros a UGT para que reforme su sede de Madrid,0,0.0
https://maldita.es/migracion/bulo/20220608/gobierno-espana-1700-millones-euros-nigeria/,las denuncias falsas afectan a millones de españoles,España da 1.700 millones de euros a Nigeria,0,0.0
https://maldita.es/malditobulo/20220608/gobierno-espana-1700-millones-euros-nigeria/,las denuncias falsas afectan a millones de españoles,España da 1.700 millones de euros a Nigeria,0,0.0
https://factual.afp.com/el-gobierno-espanol-no-preve-entregar-argentina-4500-millones-de-euros,las denuncias falsas afectan a millones de españoles,El gobierno español de Pedro Sánchez promete al presidente de Argentina 4.500 millones de euros,0,0.0033333333333333335
https://factual.afp.com/http%253A%252F%252Fdoc.afp.com%252F9MD8Q8-1,las denuncias falsas afectan a millones de españoles,Una sola denuncia priva a los hombres del régimen de visitas a los hijos en España,0,0.08069153069153069
https://factual.afp.com/un-tuit-satirico-publico-que-el-gobierno-de-espana-habia-destinado-120-millones-de-euros-charlas-de,las denuncias falsas afectan a millones de españoles,"Un diario español publicó que el Gobierno dio 120 millones de euros para ""charlas de transexualidad""",0,0.010068027210884354
https://www.newtral.es/bulo-odio-catalanes-espanoles/20220422/,las denuncias falsas afectan a millones de españoles,Más del 70% de los españoles odia a los catalanes.,0,0.006666666666666667
https://maldita.es/malditobulo/20211112/puigdemont-500.000-euros-costas-procesales-litigio-juez-llarena-belgica/,las denuncias falsas afectan a millones de españoles,Justicia belga rechaza denuncia Puigdemont y le obliga a pagar medio millón por las costas procesales,0,0.06002150537634409
https://www.newtral.es/el-fact-checking-de-newtral-en-el-debate-de-rtve/20190423/,las denuncias falsas afectan a millones de españoles,"En España hay 1,8 millones de familias monoparentales y la mitad está en el umbral de la pobreza",0,0.006666666666666667
https://maldita.es/malditobulo/20220226/espana-guerra-jovenes-formacion-sanchez/,las denuncias falsas afectan a millones de españoles,El gobierno español llamará a jóvenes españoles de 18 a 25 años para formarlos en caso de guerra,0,0.006666666666666667
https://maldita.es/malditobulo/20200601/portada-time-trump-hitler-bigote/,time trump hitler moustache,Portada de la revista Time con la silueta de Donald Trump,1,0.746776887970378
https://newsmeter.in/fact-check-viral-image-of-trumps-pic-as-hitlers-moustache-on-time-magazine-cover-is-false/,time trump hitler moustache,Viral image of Trumps pic as Hitlers moustache on Time magazine cover,1,0.93
https://www.newtral.es/la-portada-de-la-revista-time-que-compara-donald-trump-con-hitler-es-un-montaje/20200530/,time trump hitler moustache,Portada de la revista Time que compara Donald Trump con Hitler,1,0.78
https://www.politifact.com/factchecks/2022/mar/10/viral-image/no-isnt-real-time-cover-showing-putin-hitlers-must/,time trump hitler moustache,"A Time magazine cover shows Vladimir Putin with Hitler’s mustache.
",0,0.07666666666666666
https://factcheck.afp.com/altered-image-hitler-used-criticize-trump,time trump hitler moustache,Adolph Hitler held a Bible in the same way that Donald Trump did during a recent photo-op,1,0.6045968779070741
https://maldita.es/malditobulo/20220303/revista-time-putin-hitler/,time trump hitler moustache,La nueva portada de Time es Putin con bigote de Hitler,0,0.20764373637938033
https://newsmobile.in/articles/2020/06/08/fact-check-did-time-magazine-replace-hitlers-moustache-with-donald-trumps-face-on-their-cover-heres-the-truth/,time trump hitler moustache,"A picture post of the cover of TIME Magazine is doing the rounds on the internet. The cover features a silhouette of the German dictator, Adolf Hitler's face but instead of his signature moustache, US President Donal Trump's face can be seen",1,0.8166666666666667
https://factcheck.afp.com/doc.afp.com.32483AJ,time trump hitler moustache,Genuine Time magazine cover featuring Russian President Putin with Hitler's moustache,0,0.06
https://newschecker.in/fact-check/time-magazine-cover-pm-modi-fake/,time trump hitler moustache,TIME magazine cover shows PM Modi with Hitler moustache.,0,0.09666666666666666
https://www.verificat.cat/es/fact-check/la-portada-de-time-que-compara-putin-con-hitler-no-es-el-original-de-la-revista,time trump hitler moustache,Portada falsa Time,0,0.056666666666666664
https://www.newtral.es/falsa-portada-time-putin/20220228/,time trump hitler moustache,Portada de la revista Time con Putin convertido en Hitler ,0,0.010911280239029472
https://verifica.efe.com/time-portada-putin-hitler-falsa/,time trump hitler moustache,La revista Time ha publicado una portada con una foto que equipara a Putin con Hitler tras la invasión de Ucrania. ,0,0.006666666666666667
https://www.verificat.cat/fact-check/la-portada-de-time-que-compara-putin-amb-hitler-no-es-loriginal-de-la-revista,time trump hitler moustache,Portada falsa Time,0,0.08
https://www.antena3.com/noticias/mundo/portada-time-putin-convertido-hitler-como-protagonista-que-viraliza-redes-sociales_20220301621e08e75bbac900016a7872.html#hecho-0,time trump hitler moustache,La portada de 'Time' con la imagen de Putin convertido en Hitler,0,0.0837847755589691
https://dpa-factchecking.com/netherlands/220502-99-129154,time trump hitler moustache, Angela Merkel is de biologische dochter van Adolf Hitler,0,0.00335820895522388
https://factcheck.afp.com/doc.afp.com.32483AJ,putin cover hitler moustache,Genuine Time magazine cover featuring Russian President Putin with Hitler's moustache,1,0.9166666666666666
https://newsmeter.in/fact-check-viral-image-of-trumps-pic-as-hitlers-moustache-on-time-magazine-cover-is-false/,putin cover hitler moustache,Viral image of Trumps pic as Hitlers moustache on Time magazine cover,0,0.06
https://maldita.es/malditobulo/20220303/revista-time-putin-hitler/,putin cover hitler moustache,La nueva portada de Time es Putin con bigote de Hitler,1,0.6816181041181041
https://www.politifact.com/factchecks/2022/mar/10/viral-image/no-isnt-real-time-cover-showing-putin-hitlers-must/,putin cover hitler moustache,"A Time magazine cover shows Vladimir Putin with Hitler’s mustache.
",1,0.9733333333333334
https://newschecker.in/fact-check/time-magazine-cover-pm-modi-fake/,putin cover hitler moustache,TIME magazine cover shows PM Modi with Hitler moustache.,0,0.04416666666666667
https://maldita.es/malditobulo/20200601/portada-time-trump-hitler-bigote/,putin cover hitler moustache,Portada de la revista Time con la silueta de Donald Trump,0,0.003466916724245714
https://facta.news/immagine-modificata/2022/02/28/no-il-time-non-ha-pubblicato-questa-copertina-con-putin-e-hitler/,putin cover hitler moustache,La copertina del Time con Putin e Hitler,1,0.76
https://factly.in/morphed-imaged-shared-as-time-magazine-front-cover-featuring-vladimir-putin-with-hitler-moustache/,putin cover hitler moustache, Photo of the latest issue of TIME magazine featuring Vladimir Putin with Hitler moustache,1,0.9633333333333334
https://newsmobile.in/articles/2020/06/08/fact-check-did-time-magazine-replace-hitlers-moustache-with-donald-trumps-face-on-their-cover-heres-the-truth/,putin cover hitler moustache,"A picture post of the cover of TIME Magazine is doing the rounds on the internet. The cover features a silhouette of the German dictator, Adolf Hitler's face but instead of his signature moustache, US President Donal Trump's face can be seen",0,0.22333333333333333
https://www.antena3.com/noticias/mundo/portada-time-putin-convertido-hitler-como-protagonista-que-viraliza-redes-sociales_20220301621e08e75bbac900016a7872.html#hecho-0,putin cover hitler moustache,La portada de 'Time' con la imagen de Putin convertido en Hitler,1,0.7001851851851851
https://dpa-factchecking.com/netherlands/220502-99-129154/,putin cover hitler moustache, Angela Merkel is de biologische dochter van Adolf Hitler,0,0.0066915422885572146
https://factcheckthailand.afp.com/doc.afp.com.326P7QV,putin cover hitler moustache,'เซเลนสกี' เผลอใส่เสื้อติดเครื่องหมายนาซีแบบฮิตเลอร์,0,0.23666666666666666
https://www.aosfatos.org/noticias/imagem-de-hitler-cortando-o-cabelo-e-montagem/,putin cover hitler moustache,Foto mostra Hitler cortando cabelo,0,0.13764315097984453
https://dpa-factchecking.com/belgium/220711-99-985975,putin cover hitler moustache,Un concours de Moustache.,0,0.000308055383566192
https://dpa-factchecking.com/belgium/220711-99-985975/,putin cover hitler moustache,Un concours de Moustache.,0,0.000308055383566192
https://dpa-factchecking.com/netherlands/220502-99-129154,putin cover hitler moustache, Angela Merkel is de biologische dochter van Adolf Hitler,0,0.00335820895522388
https://facta.news/immagine-modificata/2020/06/03/no-in-questa-foto-adolf-hitler-non-teneva-in-mano-una-bibbia/,putin cover hitler moustache,Hitler con una bibbia in mano in mezzo a una folla,0,0.020415475509815133
https://maldita.es/malditobulo/20210201/eldiario-tribunal-estrasburgo-franco-valle-de-los-caidos/,el tribunal de strasburgo ha decidido que franco vuelva al valle de los caídos,El Tribunal de Estrasburgo da la razón a la familia Franco y el Dictador podrá volver al Valle de los Caídos o ser enterrado en la Almudena,1,0.8966666666666666
https://www.newtral.es/bulo-franco-valle-caidos-estrasburgo/20200602/,el tribunal de strasburgo ha decidido que franco vuelva al valle de los caídos,eldiario.es dice que Estrasburgo ha dado la razón a la familia Franco y el dictador volverá al Valle de los Caídos,1,0.9866666666666667
https://www.newtral.es/el-tuit-falso-de-santiago-abascal-que-le-pide-a-franco-que-vuelva-como-hannah-montana/20190412/,el tribunal de strasburgo ha decidido que franco vuelva al valle de los caídos,El tuit de Santiago Abascal que le pide a Franco que vuelva como Hannah Montana,0,0.01
https://www.verificat.cat/fact-check/torrent-no-va-actuar-despres-duna-sentencia-ferma-del-suprem-en-el-cas-de-torra-com-diu-junqueras,el tribunal de strasburgo ha decidido que franco vuelva al valle de los caídos,"“Va haver-hi qui va criticar l’actuació del president Roger Torrent [amb el cas de Quim Torra], que va actuar després d’un sentència ferma del Tribunal Suprem. En aquest cas [el de Pau Juvillà], la presidenta del Parlament va decidir actuar molt abans que hi hagués una decisió ni tan sols del Tribunal Suprem”",0,0.0
https://www.verificat.cat/es/fact-check/torrent-no-actuo-tras-una-sentencia-firme-del-supremo-en-el-caso-de-torra-como-dice-junqueras,el tribunal de strasburgo ha decidido que franco vuelva al valle de los caídos,"Hubo quien criticó la actuación del presidente Roger Torrent [en el caso de Quim Torra], que actuó tras una sentencia firme del Tribunal Supremo. En este caso [el de Pau Juvillà], la presidenta del Parlament decidió actuar mucho antes de que hubiera una decisión ni siquiera del Tribunal Supremo",0,0.01
https://www.newtral.es/falso-tribunal-estadounidense-fraude-vacunas/20191229/,el tribunal de strasburgo ha decidido que franco vuelva al valle de los caídos,Un tribunal estadounidense ha desenmascarado “el fraude de las vacunas”,0,0.01
https://politica.estadao.com.br/blogs/estadao-verifica/charge-antiga-com-criticas-ao-judiciario-e-de-jornal-brasileiro-nao-frances/,el tribunal de strasburgo ha decidido que franco vuelva al valle de los caídos,Jornal francês Le Monde publica charge sobre o tribunal brasileiro,0,0.016666666666666666
https://www.rtve.es/noticias/20220905/supremo-eeuu-no-da-razon-antivacunas/2400754.shtml,el tribunal de strasburgo ha decidido que franco vuelva al valle de los caídos,El Tribunal Supremo de EE.UU. ha dicho que las vacunas contra la COVID-19 no son vacunas,0,0.0033333333333333335
https://www.newtral.es/refugiados-ucranianos-valle-de-los-caidos/20220901/,el tribunal de strasburgo ha decidido que franco vuelva al valle de los caídos,Esta imagen muestra a refugiados ucranianos haciendo un saludo fascista en el Valle de los Caídos en agosto de 2022.,0,0.00013432304302343697
https://piaui.folha.uol.com.br/lupa/2019/01/06/ibaneis-discursos-posse/,el tribunal de strasburgo ha decidido que franco vuelva al valle de los caídos,O TCU [Tribunal de Contas da União] aponta inúmeros viadutos aqui no DF que estão a ponto de cair,0,9.259259259259259e-05
https://lupa.uol.com.br/jornalismo/2019/01/06/ibaneis-discursos-posse,el tribunal de strasburgo ha decidido que franco vuelva al valle de los caídos,O TCU [Tribunal de Contas da União] aponta inúmeros viadutos aqui no DF que estão a ponto de cair,0,0.0034259259259259256
https://maldita.es/malditobulo/20210621/joe-biden-pedro-sanchez-no-vuelva-acercar-gilipollas-encuentro-cumbre-otan/,el tribunal de strasburgo ha decidido que franco vuelva al valle de los caídos,Joe Biden dice que Sánchez no se vuelva a acercar a él,0,0.0
https://noticias.uol.com.br/confere/ultimas-noticias/2022/05/27/bolsonaro-omite-que-compra-bilionaria-de-onibus-so-barateou-apos-denuncia.htm,el tribunal de strasburgo ha decidido que franco vuelva al valle de los caídos,"Fomos acusados, há poucas semanas, de superfaturamento na compra de ônibus pelo FNDE. O que o TCU [Tribunal de Contas da União] decidiu há dois, três dias? Que a licitação estava sendo feita de forma correta.",0,0.0033907822451261604
http://checkyourfact.com/2022/02/24/fact-check-francis-collins-nih-sentenced-tribunal/,el tribunal de strasburgo ha decidido que franco vuelva al valle de los caídos,A post shared on Facebook claims Dr. Francis Collins was convicted by a military tribunal on Jan. 31.,0,0.0
https://www.newtral.es/margarita-robles-a-mi-nunca-nadie-me-va-a-oir-ninguna-consideracion-sobre-lo-que-tiene-que-hacer-un-tribunal-de-justicia/20181108/,el tribunal de strasburgo ha decidido que franco vuelva al valle de los caídos,A mí nadie me va a oír ninguna consideración sobre lo que tiene que hacer un tribunal,0,0.0
https://lupa.uol.com.br/jornalismo/2018/10/23/roda-viva-haddad,el tribunal de strasburgo ha decidido que franco vuelva al valle de los caídos,"Tem uma tabela de frete hoje, que o Supremo [Tribunal Federal] já declarou constitucional",0,0.0033333333333333335
https://maldita.es/malditobulo/20211006/cartel-supermercado-reino-unido-brexit/,el tribunal de strasburgo ha decidido que franco vuelva al valle de los caídos,Cartel supermercado Reino Unido: &quot;Este es el resultado de haber votado salir de la UE y decir a los europeos que les jodan y se vuelvan a su país. ¿Feliz ahora?”,0,0.0
https://www.europapress.es/verificaciones/noticia-vacuna-contra-coronavirus-provoca-brazo-vuelva-magnetico-20210727155418.html,el tribunal de strasburgo ha decidido que franco vuelva al valle de los caídos,La vacuna contra el coronavirus provoca que tu brazo se vuelva magnéti,0,0.0033333333333333335
https://www.logically.ai/factchecks/all/ae05f9b8,el tribunal de strasburgo ha decidido que franco vuelva al valle de los caídos,"96% of the Orders passed by the Foreigners Tribunal between June 16, 2017, and December 30, 2019, were decided ex parte.",0,0.048025702880046796
https://maldita.es/malditobulo/20200609/los-bulos-y-afirmaciones-sin-pruebas-que-afirman-que-el-asesinato-de-george-floyd-ha-sido-un-montaje/,asesinato george floyd fue un montaje,El asesinato de George Floyd es un montaje,1,0.9666666666666667
https://factcheck.afp.com/posts-falsely-claim-george-floyds-death-was-staged,asesinato george floyd fue un montaje,George Floyd's death was staged,1,0.95
https://www.newtral.es/policia-asesinato-george-floyd-actor-bulo-gran-montaje/20200605/,asesinato george floyd fue un montaje,El policía acusado del asesinato de George Floyd es un actor,1,0.9133333333333333
https://facta.news/notizia-falsa/2021/04/15/il-fratello-minore-di-george-floyd-non-e-stato-accusato-di-omicidio/,asesinato george floyd fue un montaje,"»Il fratello minore di George Floyd, Dejywan Floyd, è stato arrestato nella Carolina del Nord per aver sparato ad una coppia di bianchi, uccidendo la madre di sei bambini seduta sul sedile del passeggero..»",0,0.04336590662323561
https://www.usatoday.com/story/news/factcheck/2021/04/22/fact-check-no-evidence-support-claims-chauvins-trial-staged/7336693002/,asesinato george floyd fue un montaje,The man tried for George Floyd's murder was an impersonator,1,0.8733333333333333
https://www.bufale.net/il-fratello-minore-di-george-floyd-arrestato-per-omicidio-fake-news-ed-omonimia/,asesinato george floyd fue un montaje,"Il fratello minore di George Floyd, tale Dejywan Floyd è stato arrestato per omicidio.",0,0.014527290448343078
https://factuel.afp.com/non-la-mort-de-george-floyd-na-pas-ete-mise-en-scene-et-jouee-par-des-acteurs,asesinato george floyd fue un montaje,La mort de George Floyd a été jouée par des acteurs,1,0.9366666666666666
https://dpa-factchecking.com/belgium/200610-99-380247,asesinato george floyd fue un montaje,"Différentes publications sur Facebook, Twitter et Instagram tentent de démontrer que Derek Chauvin, le policier qui est accusé du meurtre de George Floyd, est, en réalité, un acteur. (http://dpaq.de/2NF9K) Et d'ajouter : « Tout fini (sic!) par se savoir ».",1,0.7157659932659932
https://www.politifact.com/factchecks/2020/may/29/facebook-posts/conspiracy-theory-falsely-claims-george-floyds-dea/,asesinato george floyd fue un montaje,"The death of George Floyd was a ""staged event.""",1,0.84
https://www.newtral.es/bulo-derek-chauvin-floyd-feorge-asesinado/20200603/,asesinato george floyd fue un montaje,"El policía Derek Chauvin, imputado por la muerte de George Floyd, se ha suicidado",0,0.23666666666666666
https://newsmobile.in/articles/2021/04/16/fact-check-dejywan-floyd-is-not-george-floyds-brother-viral-claim-is-fake/,asesinato george floyd fue un montaje,Dejywan Floyd Is George Floyd’s Brother,0,0.05032258064516129
https://teyit.org/the-simpsonsin-george-floydun-oldurusunu-onceden-bildigi-iddiasi,asesinato george floyd fue un montaje,The Simpsons’ın George Floyd’un öldürülmesini önceden bildiği iddiası,0,0.05153356779989081
https://apa.at/faktencheck/george-floyds-kriminelle-vorgeschichte/,asesinato george floyd fue un montaje,George Floyd hat eine kriminelle Vergangenheit und wurde zu mehreren Haftstrafen verurteilt. Bei seinem Tod war er „high” und wollte mit dem Auto losfahren.,0,0.035718216867547524
https://observador.pt/factchecks/fact-check-morte-de-george-floyd-foi-encenada/,asesinato george floyd fue un montaje,“Morte de George Floyd é fake.”,1,0.9166666666666666
http://checkyourfact.com/2021/04/14/fact-check-murder-suspect-dejywan-floyd-younger-brother-george-floyd/,asesinato george floyd fue un montaje,"Dejywan Floyd, a North Carolina man recently arrested in connection to a murder, is the younger brother of George Floyd",0,0.05765062297320363
https://leadstories.com/hoax-alert/2020/06/fact-check-george-floyd-not-found-to-be-innocent.html,asesinato george floyd fue un montaje,"George Floyd Was Found Innocent, $20 Bill Was Real",0,0.03337349397590361
https://politica.estadao.com.br/blogs/estadao-verifica/felipe-neto-george-floyd-minecraft/,asesinato george floyd fue un montaje,"Felipe Neto gritou ""Agora tu morre"" diante de morte de George Floyd",0,0.02789720602955061
https://colombiacheck.com/chequeos/no-nino-indio-no-predijo-el-coronavirus-en-2019,un niño astrologo indio predijo el coronavirus,Abhigya Anand predijo el coronavirus.,1,0.9566666666666667
https://maldita.es/malditobulo/20200609/nino-indio-abhigya-anand-predijo-coronavirus/,un niño astrologo indio predijo el coronavirus,"Abhigya Anand, el niño indio de 14 años que predijo el coronavirus",1,0.9766666666666667
https://politica.estadao.com.br/blogs/estadao-verifica/coronavirus-postagens-inventam-profecia-de-nostradamus-sobre-pandemia/,un niño astrologo indio predijo el coronavirus,Nostradamus previu pandemia do novo coronavírus,0,0.12071233907298307
https://cekfakta.com/focus/9964,un niño astrologo indio predijo el coronavirus,Ilmuwan Pembuat Virus Corona Telah Ditangkap,0,0.026502430744031084
https://colombiacheck.com/chequeos/no-libro-de-1981-no-predijo-el-coronavirus,un niño astrologo indio predijo el coronavirus,Novela de 1981 predijo el coronavirus de 2020,0,0.05895691609977324
https://www.politifact.com/factchecks/2020/apr/13/facebook-posts/doctored-images-coronavirus-post-exploit-boys-suic/,un niño astrologo indio predijo el coronavirus,“Same little boy died of COVID-19 in three different countries. Still don’t believe the media is #fakenews?”,0,6.802721088435374e-05
https://factcheck.afp.com/2017-photo-cambodias-prime-minister-after-he-was-hospitalised-unrelated-health-condition,un niño astrologo indio predijo el coronavirus,Hun Sen diagnosed with novel coronavirus,0,0.0066915422885572146
https://factual.afp.com/http%253A%252F%252Fdoc.afp.com%252F9TL9HC-1,un niño astrologo indio predijo el coronavirus,Calendario de lanzamiento de variante ómicron del coronavirus,0,0.0
https://politica.estadao.com.br/blogs/estadao-verifica/coronavirus-corrente-de-whatsapp-dissemina-informacoes-falsas-sobre-prevencao/,un niño astrologo indio predijo el coronavirus,Erva-doce previne contra coronavírus,0,0.027177055528724143
https://www.vishvasnews.com/english/health/fact-check-post-claiming-man-critical-with-novel-coronavirus-in-barhalganj-is-fake-till-date-no-positive-case-reported-in-gorakhpur/,un niño astrologo indio predijo el coronavirus,Man critical with novel coronavirus in Barhalganj,0,0.007774832043502437
https://www.boomlive.in/health/viral-post-falsely-claims-uttar-pradesh-man-critical-with-coronavirus-6985,un niño astrologo indio predijo el coronavirus,Man in Uttar Pradesh contracted an acute case of Coronavirus after consuming chicken and is admitted in a local hospital.,0,0.013466916724245713
https://colombiacheck.com/chequeos/coronavirus-de-wuhan-no-tiene-relacion-con-coronavirus-canino,un niño astrologo indio predijo el coronavirus,El coronavirus ya ha existido en mascotas y ya hay vacuna,0,0.00020235025390779072
https://fakty.afp.com/etylenoxid-pouzivany-na-sterilizaciu-testov-na-covid-19-nepredstavuje-zdravotne-riziko,un niño astrologo indio predijo el coronavirus,Testy na koronavírus obsahujú karcinogénny a jedovatý plyn etylénoxid,0,0.011843660755794648
https://cekfakta.com/focus/3558,un niño astrologo indio predijo el coronavirus,Korelasi Video Anak Disuapi Berudu Hidup dengan Virus Corona,0,0.028951250229984467
https://cekfakta.com/focus/3678,un niño astrologo indio predijo el coronavirus,"“orang karangturi,balak cawas,sudah tertular virus corona”",0,0.004604001861330851
https://factual.afp.com/la-imagen-no-muestra-victimas-del-nuevo-coronavirus-fue-tomada-en-2014-durante-una-conmemoracion-en,un niño astrologo indio predijo el coronavirus,Personas cayendo por el coronavirus en China,0,0.027616636023829085
https://politica.estadao.com.br/blogs/estadao-verifica/e-falso-que-senadores-republicanos-tenham-descoberto-origem-da-covid-19/,un niño astrologo indio predijo el coronavirus,Senadores revelam que coronavírus surgiu em laboratório chinês,0,0.01037037037037037
https://www.newtral.es/la-haya-denuncia-pedro-sanchez-genocidio/20200615/,LA CORTE PENAL INTERNACIONAL HA ADMITIDO A TRÁMITE UNA DENUNCIA CONTRA PEDRO SÁNCHEZ POR GENOCIDIO Y LESA HUMANIDAD EN SU GESTIÓN DE LA PANDEMIA DE COVID-19,El Tribunal de la Haya admite a trámite una denuncia contra Pedro Sánchez por genocidio,1,0.9133333333333333
https://maldita.es/malditobulo/20200616/tribunal-haya-denuncia-pedro-sanchez-genocidio-2/,LA CORTE PENAL INTERNACIONAL HA ADMITIDO A TRÁMITE UNA DENUNCIA CONTRA PEDRO SÁNCHEZ POR GENOCIDIO Y LESA HUMANIDAD EN SU GESTIÓN DE LA PANDEMIA DE COVID-19,El Tribunal de La Haya admite a trámite una denuncia contra Sánchez por el «genocidio» de 50.000 personas,1,0.9233333333333333
https://poligrafo.sapo.pt/fact-check/nao-diretor-da-oms-nao-foi-detido-por-crimes-contra-a-humanidade-e-genocidio,LA CORTE PENAL INTERNACIONAL HA ADMITIDO A TRÁMITE UNA DENUNCIA CONTRA PEDRO SÁNCHEZ POR GENOCIDIO Y LESA HUMANIDAD EN SU GESTIÓN DE LA PANDEMIA DE COVID-19,Diretor da OMS foi detido por crimes contra a humanidade e genocídio,0,0.29679938500190456
https://colombiacheck.com/chequeos/alvaro-uribe-no-tiene-una-orden-de-captura-de-la-corte-penal-internacional,LA CORTE PENAL INTERNACIONAL HA ADMITIDO A TRÁMITE UNA DENUNCIA CONTRA PEDRO SÁNCHEZ POR GENOCIDIO Y LESA HUMANIDAD EN SU GESTIÓN DE LA PANDEMIA DE COVID-19,Álvaro Uribe tiene una orden de captura de la Corte Penal Internacional,0,0.03666666666666667
https://factual.afp.com/doc.afp.com.326F289,LA CORTE PENAL INTERNACIONAL HA ADMITIDO A TRÁMITE UNA DENUNCIA CONTRA PEDRO SÁNCHEZ POR GENOCIDIO Y LESA HUMANIDAD EN SU GESTIÓN DE LA PANDEMIA DE COVID-19,"Putin denuncia una ""agenda oscura"" internacional",0,0.027126015223030143
https://colombiacheck.com/chequeos/politica-italiana-que-pidio-llevar-bill-gates-ante-la-corte-penal-internacional-dijo,LA CORTE PENAL INTERNACIONAL HA ADMITIDO A TRÁMITE UNA DENUNCIA CONTRA PEDRO SÁNCHEZ POR GENOCIDIO Y LESA HUMANIDAD EN SU GESTIÓN DE LA PANDEMIA DE COVID-19,Política italiana pide llevar a Bill Gates a la Corte Penal Internacional,0,0.08064585246403429
https://maldita.es/malditobulo/20210114/derechos-humanos-dioxido-de-cloro-mms-coronavirus/,LA CORTE PENAL INTERNACIONAL HA ADMITIDO A TRÁMITE UNA DENUNCIA CONTRA PEDRO SÁNCHEZ POR GENOCIDIO Y LESA HUMANIDAD EN SU GESTIÓN DE LA PANDEMIA DE COVID-19,La Corte Internacional de Derechos Humanos reglamenta el uso del dióxido de cloro para pacientes de COVID-19,0,0.10666666666666667
https://www.boatos.org/saude/tedros-adhanom-foi-preso-pela-interpol-crimes-contra-humanidade-oms.html,LA CORTE PENAL INTERNACIONAL HA ADMITIDO A TRÁMITE UNA DENUNCIA CONTRA PEDRO SÁNCHEZ POR GENOCIDIO Y LESA HUMANIDAD EN SU GESTIÓN DE LA PANDEMIA DE COVID-19,"Tedros Adhanom Ghebreyesus, o atual diretor da Organização Mundial da Saúde (OMS) foi preso pela Interpol e está preso por crimes contra a humanidade e genocídio.",0,0.1215988365263627
https://poligrafo.sapo.pt/fact-check/tribunal-internacional-condena-grandes-farmaceuticas-china-e-vaticano-por-genocidio-e-conspiracao-criminosa,LA CORTE PENAL INTERNACIONAL HA ADMITIDO A TRÁMITE UNA DENUNCIA CONTRA PEDRO SÁNCHEZ POR GENOCIDIO Y LESA HUMANIDAD EN SU GESTIÓN DE LA PANDEMIA DE COVID-19,"""Tribunal Internacional"" condena ""grandes farmacêuticas, China e Vaticano"" por ""genocídio e conspiração criminosa"".",0,0.1837037037037037
https://projetocomprova.com.br/publicações/organizacoes-sanitarias-internacionais-defendem-vacinacao-e-presidente-da-pfizer-nao-foi-condenado-ao-contrario-do-que-diz-texto-no-whatsapp/,LA CORTE PENAL INTERNACIONAL HA ADMITIDO A TRÁMITE UNA DENUNCIA CONTRA PEDRO SÁNCHEZ POR GENOCIDIO Y LESA HUMANIDAD EN SU GESTIÓN DE LA PANDEMIA DE COVID-19,"O Conselho Mundial de Saúde declara que as ""vacinas"" Covid-19 são perigosas e inseguras para uso humano. O Tribunal Internacional de Justiça coloca várias personalidades sob processo judicial, incluindo o Diretor Geral da Pfizer sob a acusação de genocídio",0,0.31401816911250874
https://verifica.efe.com/draghi-gracias-antonio-sanchez-falso/,LA CORTE PENAL INTERNACIONAL HA ADMITIDO A TRÁMITE UNA DENUNCIA CONTRA PEDRO SÁNCHEZ POR GENOCIDIO Y LESA HUMANIDAD EN SU GESTIÓN DE LA PANDEMIA DE COVID-19,"El primer ministro italiano llama ""Antonio"" al español Pedro Sánchez, lo que prueba su irrelevancia internacional.",0,0.023333333333333334
https://www.newtral.es/fact-check-pablo-casado-alternativa-legal-estado-alarma/20201218/,LA CORTE PENAL INTERNACIONAL HA ADMITIDO A TRÁMITE UNA DENUNCIA CONTRA PEDRO SÁNCHEZ POR GENOCIDIO Y LESA HUMANIDAD EN SU GESTIÓN DE LA PANDEMIA DE COVID-19,Tanto usted (a Pedro Sánchez) como la vicepresidenta y el ministro Campo se comprometieron a traer una legislación accesoria para no tener que acudir al estado de alarma para poder gestionar una pandemia,0,0.07115626978681965
https://noticias.uol.com.br/comprova/ultimas-noticias/2020/10/27/pandemia-nao-e-crime-contra-a-humanidade-conforme-indica-video.htm,LA CORTE PENAL INTERNACIONAL HA ADMITIDO A TRÁMITE UNA DENUNCIA CONTRA PEDRO SÁNCHEZ POR GENOCIDIO Y LESA HUMANIDAD EN SU GESTIÓN DE LA PANDEMIA DE COVID-19,Pandemia é fraude nem crime contra a humanidade,0,0.06465014335964056
https://colombiacheck.com/chequeos/es-falso-que-paises-seran-juzgados-por-genocidio-y-crimenes-de-lesa-humanidad-por-medidas,LA CORTE PENAL INTERNACIONAL HA ADMITIDO A TRÁMITE UNA DENUNCIA CONTRA PEDRO SÁNCHEZ POR GENOCIDIO Y LESA HUMANIDAD EN SU GESTIÓN DE LA PANDEMIA DE COVID-19,Países serán juzgados por genocidio por medidas de la pandemia,0,0.045708947567713314
https://maldita.es/malditobulo/20200818/pedro-sanchez-playa-sin-mascarilla/,LA CORTE PENAL INTERNACIONAL HA ADMITIDO A TRÁMITE UNA DENUNCIA CONTRA PEDRO SÁNCHEZ POR GENOCIDIO Y LESA HUMANIDAD EN SU GESTIÓN DE LA PANDEMIA DE COVID-19,Pedro Sánchez en la playa sin mascarilla durante la pandemia de coronavirus,0,0.027059737952476126
https://www.newtral.es/bulos-dioxido-de-cloro-corte-internacional-derechos-humanos/20210113/,LA CORTE PENAL INTERNACIONAL HA ADMITIDO A TRÁMITE UNA DENUNCIA CONTRA PEDRO SÁNCHEZ POR GENOCIDIO Y LESA HUMANIDAD EN SU GESTIÓN DE LA PANDEMIA DE COVID-19,La Corte Internacional de Derechos Humanos reglamenta el uso de dióxido de cloro para toda persona que así lo requiera y bajo su consentimiento. ,0,0.052037037037037034
https://observador.pt/factchecks/tribunal-internacional-condenou-farmaceuticas-china-e-vaticano-por-crimes-contra-a-humanidade/,LA CORTE PENAL INTERNACIONAL HA ADMITIDO A TRÁMITE UNA DENUNCIA CONTRA PEDRO SÁNCHEZ POR GENOCIDIO Y LESA HUMANIDAD EN SU GESTIÓN DE LA PANDEMIA DE COVID-19,"Grandes farmacêuticas, China, Vaticano condenados por genocídio e conspiração criminal por Tribunal Internacional - Vacinas Covid proibidas e ordenado arresto de bens e prisão de líderes.",0,0.2001851851851852
https://www.bufale.net/la-lettera-segreta-di-conte-a-draghi-da-satira-a-bufala/,LA CORTE PENAL INTERNACIONAL HA ADMITIDO A TRÁMITE UNA DENUNCIA CONTRA PEDRO SÁNCHEZ POR GENOCIDIO Y LESA HUMANIDAD EN SU GESTIÓN DE LA PANDEMIA DE COVID-19,Giuseppe Conte ha scritto una lettera segreta a Mario Draghi con consigli sulla gestione della pandemia e delle interviste,0,0.0034343434343434343
https://maldita.es/malditobulo/20210114/derechos-humanos-dioxido-de-cloro-mms-coronavirus/,corte internacional derechos humanos dioxido de cloro,La Corte Internacional de Derechos Humanos reglamenta el uso del dióxido de cloro para pacientes de COVID-19,1,0.7233333333333334
https://www.newtral.es/bulos-dioxido-de-cloro-corte-internacional-derechos-humanos/20210113/,corte internacional derechos humanos dioxido de cloro,La Corte Internacional de Derechos Humanos reglamenta el uso de dióxido de cloro para toda persona que así lo requiera y bajo su consentimiento. ,1,0.9166666666666666
https://colombiacheck.com/chequeos/alvaro-uribe-no-tiene-una-orden-de-captura-de-la-corte-penal-internacional,corte internacional derechos humanos dioxido de cloro,Álvaro Uribe tiene una orden de captura de la Corte Penal Internacional,0,0.0007000720417880934
https://colombiacheck.com/chequeos/dioxido-de-cloro-no-cura-el-covid-19-ni-te-salva-de-vacunarte-como-dijo-natalia-paris,corte internacional derechos humanos dioxido de cloro,El dióxido de cloro te salva de vacunarte. Dióxido de cloro cura el COVID19,0,0.13006802721088437
https://factual.afp.com/doc.afp.com.328M886,corte internacional derechos humanos dioxido de cloro,Consejo de Derechos Humanos de la ONU nunca ha sancionado a Estados Unidos,0,0.0035625640173280056
https://www.boatos.org/tecnologia/melissa-sandalias-gratis-dia-internacional-da-mulher-whatsapp.html,corte internacional derechos humanos dioxido de cloro,Melissa Sandálias grátis no Dia Internacional da Mulher: Comemore o Dia Internacional da Mulher com a sandália que você ama!,0,0.010466670299856822
https://www.newtral.es/la-onu-nunca-dijo-que-llevar-ninos-a-la-iglesia-viola-sus-derechos-humanos/20190719/,corte internacional derechos humanos dioxido de cloro,La ONU ha dicho que llevar niños a la iglesia viola sus derechos humanos,0,0.013354838709677418
https://piaui.folha.uol.com.br/lupa/2021/12/03/verificamos-sinal-rede-globo-europa/,corte internacional derechos humanos dioxido de cloro,(...) [A emissora vai] encerrar o seu sinal internacional na Europa. É o fim do sinal da Globo Internacional,0,0.02
https://verifica.efe.com/tribunal-estrasburgo-no-anulo-matrimonio-homosexual/,corte internacional derechos humanos dioxido de cloro,El Tribunal Europeo de Derechos Humanos dictó una sentencia que anula el derecho al matrimonio homosexual.,0,6.802721088435374e-05
https://colombiacheck.com/chequeos/no-joven-detenida-con-rifle-no-es-defensora-de-ddhh,corte internacional derechos humanos dioxido de cloro,Joven de la foto es una estudiante y defensora de los derechos humanos,0,0.0006666666666666668
https://factual.afp.com/una-corte-de-bosnia-declaro-que-medidas-por-covid-19-violan-dd-hh-pero-no-ordeno-su-anulacion,corte internacional derechos humanos dioxido de cloro,Una corte en Bosnia dictaminó que las medidas adoptadas por la pandemia de covid-19 constituyen una violación de los derechos humanos,0,0.03345437616387337
https://colombiacheck.com/chequeos/politica-italiana-que-pidio-llevar-bill-gates-ante-la-corte-penal-internacional-dijo,corte internacional derechos humanos dioxido de cloro,Política italiana pide llevar a Bill Gates a la Corte Penal Internacional,0,0.01020235025390779
https://www.newtral.es/bulo-dioxido-de-cloro-coronavirus-peligroso-salud/20200325/,corte internacional derechos humanos dioxido de cloro,El dióxido de cloro cura el coronavirus,0,0.04033333333333333
https://colombiacheck.com/chequeos/dioxido-de-cloro-es-potencialmente-toxico-contrario-lo-que-afirmo-la-actriz-cony-camelo,corte internacional derechos humanos dioxido de cloro,Dióxido de cloro no es tóxico,0,0.057
https://colombiacheck.com/chequeos/no-hay-pruebas-de-que-exista-el-reto-del-dia-internacional-de-la-violacion,corte internacional derechos humanos dioxido de cloro,24 de abril Día internacional de la violación,0,0.00015582841936752302
https://factual.afp.com/el-dioxido-de-cloro-no-oxigena-las-celulas-ni-cura-el-covid-19-segun-especialistas,corte internacional derechos humanos dioxido de cloro,El dióxido de cloro cura el COVID-19,0,0.007
https://www.verificat.cat/es/fact-check/no-el-dioxido-de-cloro-y-el-mms-no-curan-el-coronavirus,corte internacional derechos humanos dioxido de cloro,El dióxido de cloro y el MMS curan el coronavirus,0,0.0337037037037037
https://factual.afp.com/el-dioxido-de-cloro-no-oxigena-las-celulas-ni-cura-el-covid-19-segun-especialistas,el dioxido de cloro cura covid 19,El dióxido de cloro cura el COVID-19,1,0.9866666666666667
https://colombiacheck.com/chequeos/dioxido-de-cloro-no-cura-el-covid-19-ni-te-salva-de-vacunarte-como-dijo-natalia-paris,el dioxido de cloro cura covid 19,El dióxido de cloro te salva de vacunarte. Dióxido de cloro cura el COVID19,1,1.0
https://colombiacheck.com/chequeos/no-el-dioxido-de-cloro-no-cura-el-coronavirus-covid-19,el dioxido de cloro cura covid 19,El dióxido de cloro y el MMS curan el coronavirus Covid-19,1,0.9966666666666667
https://factual.afp.com/doc.afp.com.32J963F,el dioxido de cloro cura covid 19,El dióxido de cloro cura el cáncer,0,0.12333333333333334
https://www.newtral.es/bulo-dioxido-cloro-efecto-warburg-cancer/20201130/,el dioxido de cloro cura covid 19,El dióxido de cloro cura el cáncer,0,0.24666666666666667
https://www.newtral.es/bulo-dioxido-de-cloro-coronavirus-peligroso-salud/20200325/,el dioxido de cloro cura covid 19,El dióxido de cloro cura el coronavirus,1,0.9833333333333333
https://www.verificat.cat/es/fact-check/no-el-dioxido-de-cloro-y-el-mms-no-curan-el-coronavirus,el dioxido de cloro cura covid 19,El dióxido de cloro y el MMS curan el coronavirus,1,0.96
https://factual.afp.com/el-mms-el-dioxido-de-cloro-o-el-clorito-de-sodio-pueden-ser-daninos-para-la-salud-y-no-hay-pruebas,el dioxido de cloro cura covid 19,"El MMS, dióxido de cloro o clorito de sodio curan el coronavirus",1,0.9666666666666667
https://factual.afp.com/doc.afp.com.32C86K9,el dioxido de cloro cura covid 19,El dióxido de cloro cura todos los tipos de hepatitis,0,0.7033333333333334
https://factual.afp.com/doc.afp.com.32BZ2ZY,el dioxido de cloro cura covid 19,Dióxido de cloro cura afecciones vaginales,0,0.20333333333333334
https://www.europapress.es/verificaciones/noticia-cuidado-mensajes-recomiendan-inyecciones-dioxido-cloro-20210915164713.html,el dioxido de cloro cura covid 19,El dióxido de cloro tiene propiedades curativas,1,0.9533333333333334
https://factual.afp.com/no-hay-pruebas-de-que-el-mms-el-cds-o-el-dioxido-de-cloro-curen-el-coronavirus-pueden-ser-daninos,el dioxido de cloro cura covid 19,"El MMS, CDS o dióxido de cloro curan el nuevo coronavirus",1,0.99
https://factual.afp.com/no-hay-pruebas-de-que-el-mms-el-dioxido-de-cloro-y-el-clorito-de-sodio-curen-el-coronavirus-pueden,el dioxido de cloro cura covid 19,"El MMS, el dióxido de cloro o clorito de sodio curan el nuevo coronavirus",1,0.9933333333333333
https://factual.afp.com/doc.afp.com.328H9PY,el dioxido de cloro cura covid 19,Dióxido de cloro cura todo tipo de problemas vaginales,0,0.11333333333333333
https://maldita.es/malditaciencia/20210423/dioxido-de-cloro-cura-covid-100-por-cien-casos-investigacion-revista-cientifica-estudio/,el dioxido de cloro cura covid 19,Una investigación científica demuestra que el dióxido de cloro cura la COVID en el 100% de los casos,1,0.9466666666666667
https://factual.afp.com/http%253A%252F%252Fdoc.afp.com%252F9VY9A4-1,el dioxido de cloro cura covid 19,Ivermectina y Dióxido de cloro permiten tratar el covid-19,1,0.98
https://factual.afp.com/el-dioxido-de-cloro-diluido-en-agua-no-cura-ni-previene-el-covid-19-y-es-peligroso-para-la-salud,el dioxido de cloro cura covid 19,Protocolos CDS -dióxido de cloro- para coronavirus COVID-19,1,0.9833333333333333
https://factual.afp.com/doc.afp.com.32J963F,el dioxido de cloro cura enfermedad,El dióxido de cloro cura el cáncer,1,0.9666666666666667
https://www.newtral.es/bulo-dioxido-cloro-efecto-warburg-cancer/20201130/,el dioxido de cloro cura enfermedad,El dióxido de cloro cura el cáncer,1,0.9833333333333333
https://www.newtral.es/bulo-dioxido-de-cloro-coronavirus-peligroso-salud/20200325/,el dioxido de cloro cura enfermedad,El dióxido de cloro cura el coronavirus,1,0.9433333333333334
https://factual.afp.com/el-dioxido-de-cloro-no-oxigena-las-celulas-ni-cura-el-covid-19-segun-especialistas,el dioxido de cloro cura enfermedad,El dióxido de cloro cura el COVID-19,1,0.93
https://www.bufale.net/vendono-il-diossido-di-cloro-come-cura-universale-ma-e-una-sostanza-pericolosa/,el dioxido de cloro cura enfermedad,Il diossido di cloro è in grado di curare diverse malattie,1,0.9
https://colombiacheck.com/chequeos/dioxido-de-cloro-no-cura-el-covid-19-ni-te-salva-de-vacunarte-como-dijo-natalia-paris,el dioxido de cloro cura enfermedad,El dióxido de cloro te salva de vacunarte. Dióxido de cloro cura el COVID19,1,0.8266666666666667
https://www.europapress.es/verificaciones/noticia-cuidado-mensajes-recomiendan-inyecciones-dioxido-cloro-20210915164713.html,el dioxido de cloro cura enfermedad,El dióxido de cloro tiene propiedades curativas,1,0.97
https://factual.afp.com/doc.afp.com.32C86K9,el dioxido de cloro cura enfermedad,El dióxido de cloro cura todos los tipos de hepatitis,1,0.9233333333333333
https://factual.afp.com/doc.afp.com.32BZ2ZY,el dioxido de cloro cura enfermedad,Dióxido de cloro cura afecciones vaginales,1,0.9366666666666666
https://factual.afp.com/doc.afp.com.328H9PY,el dioxido de cloro cura enfermedad,Dióxido de cloro cura todo tipo de problemas vaginales,1,0.7733333333333333
https://fit.thequint.com/fit-webqoof/andreas-kalcker-false-claims-on-chlorine-dioxide-cure-covid-19,el dioxido de cloro cura enfermedad,Chlorine Dioxide will cure COVID-19.,1,0.955
https://www.thequint.com/fit/fit-webqoof/andreas-kalcker-false-claims-on-chlorine-dioxide-cure-covid-19,el dioxido de cloro cura enfermedad,Chlorine Dioxide will cure COVID-19.,1,0.9383333333333334
https://www.boomlive.in/world/chlorine-dioxide-covid-19-treatment-fake-news-fact-check-16451,el dioxido de cloro cura enfermedad,Chlorine dioxide is a treatment for Covid-19,1,0.7594963548001917
https://factcheck.afp.com/http%253A%252F%252Fdoc.afp.com%252F9VP8M4-1,el dioxido de cloro cura enfermedad,Chlorine dioxide eradicates Covid-19,1,0.8137962962962962
https://factual.afp.com/http%253A%252F%252Fdoc.afp.com%252F9NG2PF-1,el dioxido de cloro cura enfermedad,Dióxido de cloro oxigena la sangre y cura el covid-19,1,0.93
https://www.verificat.cat/es/fact-check/no-el-dioxido-de-cloro-y-el-mms-no-curan-el-coronavirus,el dioxido de cloro cura enfermedad,El dióxido de cloro y el MMS curan el coronavirus,1,0.58
https://factcheck.afp.com/chloroquine-has-not-been-approved-treatment-covid-19,el dioxido de cloro cura enfermedad,Chloroquine is solution to COVID19,1,0.6110331954395887
https://www.presseportal.de/pm/133833/4510239,el dioxido de cloro cura enfermedad,Mit der Verbreitung des neuartigen Coronavirus 2019-nCoV werden gezielt Unwahrheiten über den Erreger verbreitet. Die orale Aufnahme einer Chlordioxid-Lösung soll beispielsweise gegen das Virus wirksam sein ,1,0.11485868332705129
https://newschecker.in/gu/fact-checks-gu/breathing-test-to-diagnose-covid-19/,test pulmonar diagnostica covid,તપાસો તમારા ફેફસા અને ઓક્સિજન લેવલ.,1,0.92
https://newschecker.in/gu/fact-checks-gu/breathing-test-to-covid-19/,test pulmonar diagnostica covid,તપાસો તમારા ફેફસા અને ઓક્સિજન લેવલ.,1,0.91
https://factual.afp.com/retener-el-aire-durante-un-tiempo-no-permite-determinar-si-se-padece-covid-19,test pulmonar diagnostica covid,Un video con un ejercicio respiratorio sirve para diagnosticar covid-19,1,0.86
https://factual.afp.com/contener-la-respiracion-no-sirve-para-diagnosticar-el-covid-19-ni-para-medir-el-nivel-de-oxigeno,test pulmonar diagnostica covid,Un video con una prueba de respiración sirve para diagnosticar el covid-19,1,0.9333333333333333
https://maldita.es/malditaciencia/20210126/alzheimer-no-diagnostica-peque%C3%B1as-pruebas-neurologicas/,test pulmonar diagnostica covid,Pequeñas pruebas neurológicas para detectar alzhéimer,0,0.07397212623182631
https://factual.afp.com/el-alzheimer-no-se-diagnostica-con-una-prueba-unica-segun-expertos,test pulmonar diagnostica covid,Esta prueba permite saber si se tendrá alzhéimer,0,0.07859257606802657
https://www.boatos.org/saude/exame-de-mamografia-causa-cancer-de-tireoide.html,test pulmonar diagnostica covid,Exame de mamografia causa câncer de tireoide,0,0.020246913580246915
https://politica.estadao.com.br/blogs/estadao-verifica/boato-distorce-dados-de-cartorios-para-desacreditar-contagem-de-mortes-por-covid-19/,test pulmonar diagnostica covid,Renomearam pneumonia e insuficiência respiratória para covid-19,0,0.23076923076923075
https://factuel.afp.com/retenir-son-souffle-ne-permet-pas-de-detecter-si-une-personne-est-atteinte-du-covid-19-selon-loms,test pulmonar diagnostica covid,Un test respiratoire permet de détecter le nouveau coronavirus,1,0.87
https://factly.in/this-viral-breathing-test-does-not-help-you-measure-your-lungs-healthiness/,test pulmonar diagnostica covid,This breath test can be used to check the lungs and Oxygen level and also if the lungs are in a safe zone,1,0.84
https://cekfakta.com/focus/4110,test pulmonar diagnostica covid,“sakitnya apa di diagnosa nya covid”,0,0.11482263553535485
https://sprawdzam.afp.com/nie-uzyty-w-filmie-test-antygenowy-niczego-takiego-nie-wykazuje,test pulmonar diagnostica covid,Test antygenowy jest niewiarygodny,0,0.029206071079840985
https://politica.estadao.com.br/blogs/estadao-verifica/medica-engana-vacinas-experimentais/,test pulmonar diagnostica covid,Vacinas experimentais,0,0.09357744107744108
https://oko.press/debunking/eksperyment-medyczny/,test pulmonar diagnostica covid,"Dostępne szczepionki przeciwko COVID-19 nie mają jeszcze ukończonej III z IV faz badań klinicznych. Powyższa okoliczność
powoduje, że szczepienia tymi preparatami są w istocie eksperymentem medycznym",0,0.0033907822451261604
https://www.boomlive.in/world/no-holding-your-breath-does-not-help-in-diagnosing-covid-19-9679,test pulmonar diagnostica covid,Holding your breath helps in diagnosing COVID-19.,1,0.7772282608695652
https://www.factcheck.org/2020/03/the-facts-on-coronavirus-testing/,test pulmonar diagnostica covid,"""Anybody that wants a test [for COVID-19] can get a test. That’s what the bottom line is. ... Anybody right now and yesterday — anybody that needs a test gets a test. We — they’re there. They have the tests. And the tests are beautiful. Anybody that needs a test gets a test.""",0,0.01801724147375871
https://factuel.afp.com/reconnaitre-et-eliminer-le-covid-19-attention-cette-publication-contient-de-fausses-affirmations,consumir alimentos alcalinos protege de covid 19,Les aliments alcalins guérissent le Covid-19,1,0.94
https://colombiacheck.com/chequeos/de-nuevo-un-ph-mayor-55-no-contrarresta-el-covid-19,consumir alimentos alcalinos protege de covid 19,Consumir alimentos alcalinos contrarresta el COVID-19,1,0.9566666666666667
https://www.aosfatos.org/noticias/alimentos-alcalinos-nao-ajudam-prevenir-ou-tratar-covid-19/,consumir alimentos alcalinos protege de covid 19,"Boas notícias: Informações para todos, o COVID-19 é imune a organismos com um PH maior que 5,5.",1,0.75
https://www.newtral.es/bulo-ph-alimentos-covid-19-coronavirus/20200501/,consumir alimentos alcalinos protege de covid 19,Consumir alimentos más alcalinos ayuda a subir el nivel de pH para contrarrestar la COVID-19,1,0.9933333333333333
https://factcheck.afp.com/health-experts-say-there-no-evidence-eating-alkaline-foods-can-prevent-or-cure-covid-19,consumir alimentos alcalinos protege de covid 19,Eating alkaline foods can prevent or cure COVID-19,1,0.9666666666666667
https://periksafakta.afp.com/ahli-kesehatan-mengatakan-tidak-ada-bukti-bahwa-makan-makanan-alkali-dapat-mencegah-covid-19,consumir alimentos alcalinos protege de covid 19,Mengonsumsi makanan alkali bisa mencegah COVID-19,1,0.9766666666666667
https://piaui.folha.uol.com.br/lupa/2020/04/16/verificamos-ph-alimentos-covid/,consumir alimentos alcalinos protege de covid 19,"O Covid-19 é imune a organismos com um PH maior que 5,5",1,0.7866666666666666
https://checamos.afp.com/consumir-alimentos-alcalinos-para-aumentar-o-ph-do-organismo-nao-tem-efeito-contra-covid-19,consumir alimentos alcalinos protege de covid 19,Precisamos consumir mais alimentos alcalinos que nos ajudem a aumentar o nível de PH para combater o coronavírus,1,0.9233333333333333
https://factual.afp.com/consumir-alimentos-alcalinos-para-subir-el-ph-del-cuerpo-no-tiene-ninguna-efectividad-contra-el,consumir alimentos alcalinos protege de covid 19,Los alimentos alcalinos suben el pH y contrarrestan el coronavirus,1,0.9133333333333333
https://www.lemonde.fr/les-decodeurs/article/2020/10/26/non-manger-alcalin-ne-protege-vraisemblablement-pas-du-coronavirus_6057424_4355770.html,consumir alimentos alcalinos protege de covid 19,Les aliments alcalins protègent du coronavirus SARS-CoV-2,1,0.95
https://www.stopfake.org/ru/fejk-dlya-unichtozheniya-covid-19-dostatochno-upotreblyat-bolshe-shhelochnoj-pishhi/,consumir alimentos alcalinos protege de covid 19,Для уничтожения COVID-19 достаточно употреблять больше щелочной пищи,1,0.8467088607594937
https://factcheck.afp.com/health-experts-refute-misleading-claim-eating-papaya-salad-can-prevent-covid-19,consumir alimentos alcalinos protege de covid 19,Eating papaya salad can help protect against COVID-19 infections,1,0.7851296296296296
https://www.newtral.es/bulo-alimentos-alcalinos-coronavirus/20200907/,consumir alimentos alcalinos protege de covid 19,Lo que tenemos que hacer para eliminar el virus es consumir más alimentos alcalinos,1,0.9366666666666666
https://www.boomlive.in/world/can-eating-alkaline-foods-prevent-or-cure-covid-19-a-fact-check-7917,consumir alimentos alcalinos protege de covid 19,Eating foods with a pH level above that of coronavirus could cure or prevent infection.,1,0.93
https://www.vishvasnews.com/english/health/fact-check-no-who-didnt-warn-against-consuming-cabbage-to-prevent-covid-19/,consumir alimentos alcalinos protege de covid 19,WHO warns against consuming cabbage to prevent COVID-19,1,0.23916666666666667
https://www.verificat.cat/fact-check/prendre-aliments-alcalins-no-te-efectes-demostrats-per-combatre-el-coronavirus,consumir alimentos alcalinos protege de covid 19,"Tingui en compte que el pH del coronavirus varia de 5.5 a 8.5. Llavors, tot el que hem de fer, per a eliminar el virus és consumir més aliments alcalins, per sobre del nivell àcid del virus. Com ara; Plàtans, Llimona verda → 9,9 pH, llimona groga → 8.2 pH, alvocat - 15,6 pH, all - 13,2 pH, mango - pH 8,7, mandarina - 8.5 pH, pinya - 12,7 pH, créixens - 22,7 pH, taronges - 9.2 pH",1,0.87
https://www.vishvasnews.com/english/health/quick-fact-check-fake-post-claiming-who-warns-against-consuming-cabbage-to-prevent-covid-19-resurfaces/,consumir alimentos alcalinos protege de covid 19,WHO Warns Against Consuming Cabbage To Prevent COVID-19 ,1,0.6602382742409056
https://www.bufale.net/la-settimana-del-vapore-e-strampalati-consigli-per-prevenire-covid19-no-al-fai-da-te/,consumir alimentos alcalinos protege de covid 19,"Si può efficacemente prevenire, se non curare COVID19, inalando vapori bollenti e mangiando cibi alcalini",0,0.37333333333333335
https://www.thip.media/health-news-fact-check/fact-check-is-5g-network-bad-for-health/32281/,la ue confirma que el 5g es perjudicial para la salud,5G network is bad for health,1,0.6103703703703703
https://www.lemonde.fr/les-decodeurs/article/2019/08/07/non-bruxelles-n-a-pas-interdit-la-5g-pour-des-raisons-de-sante_5497462_4355770.html,la ue confirma que el 5g es perjudicial para la salud,Bruxelles a interdit la 5G en raison de ses effets sur la 5g,1,0.84
https://factcheck.afp.com/no-evidence-5g-radiation-harmful-human-health-experts-say,la ue confirma que el 5g es perjudicial para la salud,5G radiation is harmful to human health,1,0.9533333333333334
https://factual.afp.com/no-hay-evidencia-de-que-la-tecnologia-5g-afecte-al-sistema-respiratorio-y-aumente-las-toxinas-en-el,la ue confirma que el 5g es perjudicial para la salud,"El 5G provoca asfixia en seres humanos, afecta al sistema respiratorio",1,0.9
https://colombiacheck.com/chequeos/de-nuevo-la-tecnologia-5g-no-es-la-causante-del-covid-19,la ue confirma que el 5g es perjudicial para la salud,El 5G está relacionado con el coronavirus,1,0.8633333333333333
https://fullfact.org/online/5g-coronavirus-20-note/,la ue confirma que el 5g es perjudicial para la salud,The £20 note shows a 5G tower giving off emissions and a coronavirus symbol.,0,0.06666666666666667
https://fullfact.org/online/coronavirus-5G/,la ue confirma que el 5g es perjudicial para la salud,The new coronavirus is actually the impact of 5G exposure.,1,0.6305787037037037
https://www.butac.it/5g-e-coronavirus/,la ue confirma que el 5g es perjudicial para la salud,5g is connected with the Coronavirus emergency,1,0.6708597883597883
https://factual.afp.com/el-5g-no-tiene-una-frecuencia-de-60-ghz-y-no-absorbe-el-oxigeno,la ue confirma que el 5g es perjudicial para la salud,El 5G tiene una frecuencia de 60 GHz y absorbe el oxígeno provocando efectos dañinos en la salud,1,0.91
https://www.logically.ai/factchecks/all/9898ba9d,la ue confirma que el 5g es perjudicial para la salud,The 5G radiation is bad for human health.,1,0.8766666666666667
https://www.logically.ai/factchecks/all/e77636ca,la ue confirma que el 5g es perjudicial para la salud,The 5G radiation is bad for human health.,1,0.83
https://factcheck.afp.com/doc.afp.com.9XB239,la ue confirma que el 5g es perjudicial para la salud,5G causes flu-like symptoms,1,0.83
https://sprawdzam.afp.com/nie-siec-5g-nie-prowadzi-do-niedotlenienia-i-do-smierci,la ue confirma que el 5g es perjudicial para la salud,Sieć 5G jest śmiercionośna. Prowadzi do niedotlenienia i do śmierci,1,0.6159799978351478
https://fakenews.pl/blog/2020/05/18/plytka-oznaczona-cov-19-w-nadajniku-5g-to-nieprawda/,la ue confirma que el 5g es perjudicial para la salud,"Nagranie udowadnia, że nadajniki 5G rozsiewają koronawirusa.",1,0.8187874779541446
https://fakenews.pl/technologia/plytka-oznaczona-cov-19-w-nadajniku-5g-to-nieprawda/,la ue confirma que el 5g es perjudicial para la salud,"Nagranie udowadnia, że nadajniki 5G rozsiewają koronawirusa.",1,0.7482759230107716
https://www.butac.it/5g-ci-sei-mancato/,la ue confirma que el 5g es perjudicial para la salud,"Le classificazione (della cancerogenesi) delle radiofrequenze sarà sicuramente aggiornata... ...è quanto avrebbe comunicato al Governo Draghi la tossicologa americana Linda Silber Birnbaum, ex direttrice del National Institute for Environmental Health Sciences, membro del Collegium Ramazzini ma soprattutto ex direttrice del National Toxicology Program (NTP), l’agenzia indipendente statunitense che nel 2018 ha pubblicato i risultati sugli studi del cancro nel nesso da elettrosmog.",0,0.1452356767255488
https://www.20minutes.fr/sante/2499951-20190419-bruxelles-arrete-5g-raisons-sante-info-partielle,la ue confirma que el 5g es perjudicial para la salud,Bruxelles devient la première grande ville à interrompre la 5G en raison de ses effets sur la santé,1,0.6666666666666666
https://www.verificat.cat/es/fact-check/es-falso-que-el-coronavirus-se-transmita-a-traves-de-las-vacunas-de-la-gripe,el covid se ha propagado a través de vacunas de gripe contaminadas,El cornavirus se transmite por la vacuna de la gripe,1,0.98
https://colombiacheck.com/chequeos/video-de-jorge-sonnante-sobre-coronavirus-esta-repleto-de-falsedades-y-teorias,el covid se ha propagado a través de vacunas de gripe contaminadas,El coronavirus es inyectado en las vacunas contra la gripe,1,0.4866666666666667
https://dpa-factchecking.com/belgium/210901-99-52006,el covid se ha propagado a través de vacunas de gripe contaminadas," Le vaccin contre la grippe existe depuis 78 ans, pourtant la grippe est toujours là.",1,0.816969696969697
https://www.thip.media/health-news-fact-check/fact-check-does-covid-vaccine-go-into-the-bloodstream/35519/,el covid se ha propagado a través de vacunas de gripe contaminadas,covid vaccine goes into the bloodstream,0,0.11764277062900125
https://www.lemonde.fr/les-decodeurs/article/2018/02/14/les-conclusions-douteuses-d-articles-hostiles-au-vaccin-contre-la-grippe_5256806_4355770.html,el covid se ha propagado a través de vacunas de gripe contaminadas,Est-il vrai que « les vaccins antigrippaux échouent à 99 % et augmentent la propagation de la maladie » ?,1,0.7730850546279118
https://www.verificat.cat/es/fact-check/el-grafico-enganoso-que-relaciona-las-vacunaciones-de-la-gripe-con-las-muertes-por-coronavirus,el covid se ha propagado a través de vacunas de gripe contaminadas,La vacuna de la gripe es un factor de contagio de Covid-19,1,0.97
https://fullfact.org/health/maajid-nawaz-ross-clark-israel-vaccine-immunity/,el covid se ha propagado a través de vacunas de gripe contaminadas,Research from Israel suggests that the Pfizer vaccine is much less protective against Covid-19 than natural immunity from catching the disease.,0,0.029386346585035784
https://fullfact.org/health/lionel-shriver-spectator-vaccines/,el covid se ha propagado a través de vacunas de gripe contaminadas,Vaccinated people over 30 have higher rates of Covid-19 infection than unvaccinated ones.,0,0.14240476190476192
https://factcheck.afp.com/flu-shots-do-not-contain-coronaviruses,el covid se ha propagado a través de vacunas de gripe contaminadas,Influenza vaccines contain coronaviruses,1,0.6225380702475676
https://www.verificat.cat/fact-check/el-grafic-enganyos-que-relaciona-les-vacunacions-de-la-grip-amb-les-morts-per-coronavirus,el covid se ha propagado a través de vacunas de gripe contaminadas,La vacuna de la grip és un factor de contagi de Covid-19,1,0.8666666666666667
https://www.thip.media/health-news-fact-check/fact-check-did-american-scientist-dr-fauci-say-that-vaccines-are-spreading-disease/22895/,el covid se ha propagado a través de vacunas de gripe contaminadas,Dr. Fauci said that vaccines are spreading disease,0,0.14946938523095638
https://colombiacheck.com/chequeos/falso-ni-el-abuelo-de-bill-gates-fue-medico-ni-la-vacuna-de-la-meningitis-causo-la-gripe,el covid se ha propagado a través de vacunas de gripe contaminadas,La gripe española fue causada por la vacuna de la meningitis,0,0.43666666666666665
https://www.verificat.cat/fact-check/es-fals-que-el-coronavirus-es-transmeti-a-traves-de-les-vacunes-de-la-grip,el covid se ha propagado a través de vacunas de gripe contaminadas,El coronavirus es transmet per la vacuna de la grip,1,0.9866666666666667
https://dpa-factchecking.com/belgium/210409-99-142301,el covid se ha propagado a través de vacunas de gripe contaminadas,"Dans les pays qui ont massivement vacciné, les contaminations explosent.",0,0.23775321239606953
https://factcheck.afp.com/misleading-claim-circulates-flu-vaccines-make-people-more-vulnerable-infections,el covid se ha propagado a través de vacunas de gripe contaminadas,Flu vaccine makes recipients more vulnerable to infections and “the first to die” during pandemic,1,0.6546666666666667
https://factual.afp.com/http%253A%252F%252Fdoc.afp.com%252F9KW3BW-1,el covid se ha propagado a través de vacunas de gripe contaminadas,Los CDC admitieron que las vacunas están fallando,0,0.12333333333333334
https://www.univision.com/noticias/chip-bajo-la-piel-vacuna-no-te-implantan-microchip,la vacuna del covid tiene un chip para controlar a la poblacion,"Que te implanten un chip bajo la piel con tus datos médicos, incluidos los de tus vacunas, significa que con la vacuna del covid-19 te están inyectando un microchip para controlarte.",1,0.9333333333333333
https://www.newtral.es/vacuna-hipra-chip/20220910/,la vacuna del covid tiene un chip para controlar a la poblacion,Hipra ha reconocido que su vacuna contra la covid lleva un chip.,1,0.87
https://colombiacheck.com/chequeos/no-vacuna-capaz-de-curar-el-coronavirus-covid-19-en-tres-horas-no-existe,la vacuna del covid tiene un chip para controlar a la poblacion,Estados Unidos ya tiene lista la vacuna contra el coronavirus,0,0.056666666666666664
https://www.boatos.org/mundo/australia-implantacao-microchip-humanos-vacinas.html,la vacuna del covid tiene un chip para controlar a la poblacion,"Isso foi na Austrália, mas aqui também já sofremos imposições. Luto pela LIBERDADE DO INDIVÍDUO! SOU CONTRA O 5G, CONTRA A OBRIGATORIEDADE DO MICRO CHIP EM HUMANOS E VACINAS OBRIGATÓRIAS!!",1,0.7504761904761904
https://factuel.afp.com/http%253A%252F%252Fdoc.afp.com%252F9NB3K4,la vacuna del covid tiene un chip para controlar a la poblacion,Les vaccins contre le Covid causent l'impuissance,0,0.03727078017049477
https://newsmobile.in/articles/2021/01/12/fact-check-video-of-islamic-scholar-making-false-claims-about-covid-19-vaccine-is-not-from-india/,la vacuna del covid tiene un chip para controlar a la poblacion,Indian man claims COVID vaccine will have mind control chip,0,0.17
https://www.thip.media/health-news-fact-check/fact-check-does-covid-vaccine-go-into-the-bloodstream/35519/,la vacuna del covid tiene un chip para controlar a la poblacion,covid vaccine goes into the bloodstream,0,0.12477053078592304
https://www.verificat.cat/fact-check/que-es-el-chip-rfid-y-por-que-no-modifica-la-vacuna-del-covid-19,la vacuna del covid tiene un chip para controlar a la poblacion,La vacuna del Covid-19 incorpora un chip RFID,1,0.8366666666666667
https://www.verificat.cat/es/fact-check/que-es-el-chip-rfid-y-por-que-no-modifica-la-vacuna-del-covid-19,la vacuna del covid tiene un chip para controlar a la poblacion,La vacuna del Covid-19 incorpora un chip RFID,1,0.8833333333333333
https://check4spam.com/covid-vaccine-contains-microchip-spam/,la vacuna del covid tiene un chip para controlar a la poblacion,COVID Vaccine Contains Microchip,1,0.8633333333333333
https://verifica.efe.com/hospitalizados-covid-19-vacunados/,la vacuna del covid tiene un chip para controlar a la poblacion,La mayoría de hospitalizados por coronavirus están inmunizado con la pauta completa o incluso con la tercera dosis.,0,0.1025
https://factual.afp.com/http%253A%252F%252Fdoc.afp.com%252F9KW3BW-1,la vacuna del covid tiene un chip para controlar a la poblacion,Los CDC admitieron que las vacunas están fallando,0,0.03333333333333333
https://maldita.es/malditobulo/20211221/vacuna-pfizer-ugur-sahin-covid-19/,la vacuna del covid tiene un chip para controlar a la poblacion,El inventor de la vacuna de Pfizer se niega a vacunarse y admite que la vacuna está todavía en un ensayo clínico,0,0.06344152118678796
https://noticias.uol.com.br/comprova/ultimas-noticias/2020/04/06/vacina-do-coronavirus-nao-tera-microchip-para-rastrear-a-populacao.htm,la vacuna del covid tiene un chip para controlar a la poblacion,Vacina do coronavírus terá microchip para monitorar população,1,0.97
https://www.verificat.cat/fact-check/les-vacunes-no-poden-fer-que-algu-ens-controli-per-ones-cerebrals,la vacuna del covid tiene un chip para controlar a la poblacion,"Introduirem en aquestes vacunes cristalls líquids que s'allotjaran dins les cèl·lules dels seus cervells i es convertiran en microreceptors de camps electromagnètics enviats per ones ultrasòniques de molt, molt baixes freqüències que els impediran pensar; podrem fer d'ells uns zombis",1,0.6015732246035792
https://maldita.es/malditobulo/20210713/colectivos-lgtbi-renta-basica-universal-gobierno-ser-homosexual/,colectivos lgtbi piden renta minima por ser homosexual,Colectivos LGTBI piden al Gobierno una Renta Básica Universal por ser homosexual,1,0.9166666666666666
https://www.newtral.es/bulo-renta-basica-universal-lgtbi/20200702/,colectivos lgtbi piden renta minima por ser homosexual,Los colectivos LGTBI exigen al Gobierno una Renta Mínima Universal por ser homosexual,1,0.95
https://factual.afp.com/doc.afp.com.32FK4LQ,colectivos lgtbi piden renta minima por ser homosexual,Anses va a pagar a colectivo LGBTIQ+ por su orientación sexual,0,0.43
https://factual.afp.com/doc.afp.com.32FK22N,colectivos lgtbi piden renta minima por ser homosexual,ANSES pagará a intengrantes del LGBTIQ,0,0.09752913752913753
https://www.dogrulukpayi.com/iddia-kontrolu/aykan-erdemir/turkiye-de-lezbiyen-gay-biseksuel-ve-translari-lgbt-hedef-alan,colectivos lgtbi piden renta minima por ser homosexual,"Türkiye'de lezbiyen, gay, biseksüel ve transları (LGBT) hedef alan ayrımcılık ve şiddet giderek artıyor",0,0.006800250057579047
https://demagog.org.pl/fake_news/biskup-chce-zabijania-osob-lgbt-nie-to-falszywa-informacja/,colectivos lgtbi piden renta minima por ser homosexual,"Biskup Bogdan Baszor w audycji w Radiu Skierniewice ogłosił, że w imieniu kościoła wystosuje oficjalne pismo do rządu o przywrócenie kary śmierci dla wszystkich utożsamiających się z ideologią LGBT. Obok wizerunku biskupa umieszczono jego cytat: „LGBT TO ZARAZA, trzeba zabić ich wszystkich tak jak oni chcą zabijać nienarodzone dzieci”.",0,3.257328990228013e-05
https://faktograf.hr/2022/05/24/majmunske-boginje-nisu-bolest-homoseksualaca/,colectivos lgtbi piden renta minima por ser homosexual,Majmunske boginje su bolest homoseksualaca.,0,0.01363143530981693
https://sprawdzam.afp.com/czy-konwencja-stambulska-wprowadza-obowiazkowa-edukacje-dzieci-o-niestereotypowych-rolach-plciowych,colectivos lgtbi piden renta minima por ser homosexual,Konwencja stambulska narzuca postulaty aktywistów LGBT,0,0.06789719426824678
https://fatabyyano.net/%d8%a7%d9%84%d8%b4%d9%8a%d8%ae-%d8%b9%d9%8a%d9%81%d8%a7%d9%86-%d8%a7%d9%84%d8%ad%d9%84%d8%a8%d9%88%d8%b3%d9%8a/,colectivos lgtbi piden renta minima por ser homosexual,الشيخ عيفان الحلبوسي يرفع علم المثليين,0,0.0001226633799923702
https://politica.estadao.com.br/blogs/estadao-verifica/texto-ataca-artistas-com-dados-falsos-sobre-parada-lgbt-do-rio-e-lei-rouanet/,colectivos lgtbi piden renta minima por ser homosexual,"Sem dinheiro público, artistas famosos ”deixam de amar” a PARADA A GAY",0,0.04
https://www.faktisk.no/artikler/x0qrz/homofile-ektepar-skiller-seg-oftere-enn-heterofile,colectivos lgtbi piden renta minima por ser homosexual,Det er det heterofile ekteskapet som står seg best når det gjelder samlivsbrudd.,0,0.01003257328990228
https://sprawdzam.afp.com/nie-falszywa-informacja-nie-ma-takiego-biskupa-w-polskim-kosciele-i-takiego-radia-w-skierniewicach,colectivos lgtbi piden renta minima por ser homosexual,Biskup chce kary śmierci dla osób LGBT,0,0.011134062709573518
https://piaui.folha.uol.com.br/lupa/2017/01/18/rio-onibus-divulga-dados-truncados-para-justificar-aumento-da-passagem/,colectivos lgtbi piden renta minima por ser homosexual,"É importante esclarecer que o contrato de concessão não tem qualquer exigência, previsão ou meta sobre a instalação de ar-condicionado nos ônibus",0,0.017245148493913398
https://factual.afp.com/era-una-broma-ningun-proyecto-de-ley-busca-hacer-obligatoria-la-homosexualidad-en-uruguay,colectivos lgtbi piden renta minima por ser homosexual,Proyecto de ley propone la homosexualidad obligatoria en Uruguay,0,0.053467656376356774
https://www.bufale.net/schedare-le-coppie-gay-a-collesalvetti-bufera-sulla-lega-e-interpellanza-di-massimo-ciacchini/,colectivos lgtbi piden renta minima por ser homosexual,"Prospettiva Schedare le coppie gay a Collesalvetti, con interpellanza Lega di Massimo Ciacchini",0,0.0211081249612249
https://dabegad.com/%d8%ad%d9%82%d9%8a%d9%82%d8%a9-%d8%b7%d8%b1%d8%af-%d9%88%d8%aa%d8%b1%d8%ad%d9%8a%d9%84-%d8%a7%d9%84%d9%85%d8%ab%d9%84%d9%8a%d9%8a%d9%86-%d9%84%d9%81%d8%b1%d9%86%d8%b3%d8%a7-%d8%a3%d9%88-%d9%83%d9%86/,colectivos lgtbi piden renta minima por ser homosexual,الحكم بأحقية الداخلية في طرد تاشواذ وترحيلهم إلى فرنسا أو كندا,0,0.030298101976483593
https://factual.afp.com/doc.afp.com.32FK4LQ,,Anses va a pagar a colectivo LGBTIQ+ por su orientación sexual,1,0.8266666666666667
https://factual.afp.com/doc.afp.com.32FK22N,,ANSES pagará a intengrantes del LGBTIQ,1,0.8066666666666666
https://factual.afp.com/http%253A%252F%252Fdoc.afp.com%252F9TL8YP-1,los menores extranjeros cobran ayudas publicas,Los menores extranjeros tutelados cobran entre 400 y 1.125 euros mensuales en España,1,0.9533333333333334
https://www.newtral.es/menas-paga-menores-extranjeros-no-acompanados-valencia/20211026/,los menores extranjeros cobran ayudas publicas,¿Qué a los Menores Extranjeros No Acompañados (MENAS) se les da en la Comunidad Valenciana 1.125€ mensuales?,1,0.8166666666666667
https://www.newtral.es/el-falso-mensaje-sobre-una-menor-agredida-sexualmente-por-extranjeros-en-burriana/20190529/,los menores extranjeros cobran ayudas publicas,El mensaje sobre una menor agredida sexualmente por extranjeros en Burriana,0,0.01
https://factual.afp.com/http%253A%252F%252Fdoc.afp.com%252F9RY3PK-1,los menores extranjeros cobran ayudas publicas,A los menores extranjeros no acompañados MENAS se les da 1.125 euros en la Comunidad Valenciana mientras la pensión media es de 950 euros,1,0.9266666666666666
https://factual.afp.com/http%253A%252F%252Fdoc.afp.com%252F9MT932-1,los menores extranjeros cobran ayudas publicas,"La periodista Elisa Beni publicó un tuit tildando de ""niños inocentes"" a extranjeros por ""violar a una niña""",0,0.0033333333333333335
https://www.newtral.es/bulos-y-declaraciones-falsas-de-politicos-sobre-los-migrantes-en-la-campana-del-10n/20191107/,los menores extranjeros cobran ayudas publicas,El 70% de los violadores en manada son extranjeros,0,0.00692103441873027
https://www.newtral.es/explicamos-por-que-es-falso-afirmar-que-el-70-de-los-violadores-en-manada-son-extranjeros/20190508/,los menores extranjeros cobran ayudas publicas,El 70% de los violadores en manada son extranjeros,0,0.0033333333333333335
https://www.newtral.es/eduardo-casanova-millon-subvenciones-pieles/20200205/,los menores extranjeros cobran ayudas publicas,Eduardo Casanova cobró 1 millón de euros en ayudas públicas para hacer su película ‘Pieles’,0,0.0068648961772162015
https://factual.afp.com/los-datos-del-cartel-de-vox-en-madrid-sobre-ayudas-menores-extranjeros-no-son-correctos,los menores extranjeros cobran ayudas publicas,Un MENA menor extranjero no acompañado recibe 4.700 euros al mes en Madrid,1,0.7833333333333333
https://factual.afp.com/http%253A%252F%252Fdoc.afp.com%252F9T48B4-1,los menores extranjeros cobran ayudas publicas,Extranjeros fueron elegidos vocales de mesa en las elecciones de Chile,0,0.0
https://chequeado.com/ultimas-noticias/zamora-la-argentina-se-extranjerizo-mas-que-en-la-epoca-de-menem-profundizo-la-extranjerizacion/,los menores extranjeros cobran ayudas publicas,La Argentina se extranjerizó más que en la época de Menem; profundizó la extranjerización,0,0.006666666666666667
https://maldita.es/malditobulo/no-no-se-ofrece-una-paga-de-664e-mensuales-a-todo-extranjero-menor-de-23-anos-que-llegue-a-nuestro-pais-y-no-tenga-trabajo-5,los menores extranjeros cobran ayudas publicas,Se ofrece una paga de 664 euros mensuales a todo extranjero menor de 23 años que llegue a nuestro país y no tenga trabajo.,1,0.9333333333333333
https://maldita.es/malditobulo/20200207/no-no-se-ofrece-una-paga-de-664e-mensuales-a-todo-extranjero-menor-de-23-anos-que-llegue-a-nuestro-pais-y-no-tenga-trabajo-5/,los menores extranjeros cobran ayudas publicas,Se ofrece una paga de 664 euros mensuales a todo extranjero menor de 23 años que llegue a nuestro país y no tenga trabajo.,1,0.9333333333333333
https://chequeado.com/ultimas-noticias/martin-guzman-en-el-periodo-2016-2019-crecio-la-deuda-publica-denominada-en-moneda-extranjera-en-100-mil-millones-de-dolares/,los menores extranjeros cobran ayudas publicas,En el período 2016-2019 creció la deuda pública denominada en moneda extranjera en 100 mil millones de dólares,0,0.0033333333333333335
https://www.newtral.es/santiago-abascal-las-mujeres-asesinadas-en-espana-han-sido-mayoritariamente-a-manos-de-extranjeros/20181205/,los menores extranjeros cobran ayudas publicas,"Las mujeres asesinadas en España han sido, mayoritariamente, a manos de extranjeros",0,0.0
https://www.newtral.es/mercadona-no-va-a-sustituir-productos-espanoles-por-extranjeros-de-baja-calidad/20190911/,los menores extranjeros cobran ayudas publicas,Mercadona elimina más de 1800 productos españoles por otros extranjeros de baja calidad con la marca Hacendado.,0,0.0033659066232356134
https://maldita.es/malditobulo/20220623/declaraciones-asesora-irene-montero-violaciones-inmigrantes/,los menores extranjeros cobran ayudas publicas,Una asesora de Irene Montero dice que debemos dar nacionalidad a todos los extranjeros,0,0.0033333333333333335
https://maldita.es/malditobulo/20220530/declaraciones-asesora-irene-montero-violaciones-inmigrantes/,los menores extranjeros cobran ayudas publicas,Una asesora de Irene Montero dice que debemos dar nacionalidad a todos los extranjeros,0,0.0033333333333333335
https://maldita.es/malditobulo/20220825/declaraciones-asesora-irene-montero-violaciones-inmigrantes/,los menores extranjeros cobran ayudas publicas,Una asesora de Irene Montero dice que debemos dar nacionalidad a todos los extranjeros,0,0.0033333333333333335
https://www.verificat.cat/es/fact-check/dinamarca-no-tiene-ninguna-ley-que-obligue-a-los-inmigrantes-a-tributar-para-obtener-ayudas-publicas,los menores extranjeros cobran ayudas publicas,Entra en VIGOR en Dinamarca la ley que obliga a quitar las ayudas Públicas a los inmigrantes que NO aporten al sistema público,0,0.0034415211867879682
https://factual.afp.com/en-los-principales-programas-sociales-en-argentina-los-beneficiarios-extranjeros-son-menos-del-10,los menores extranjeros cobran ayudas publicas,LO QUE NOS DEJO EL PERONISMO 3 MILLONES DE EXTRANJEROS VIVIENDO DEL ANSES DE LOS JUBILADOS Argentina,0,0.04
https://www.newtral.es/el-psoe-no-ha-hecho-trampas-con-el-censo-electoral-en-huelva-dando-de-alta-a-extranjeros-no-empadronados/20191112/,los menores extranjeros cobran ayudas publicas,El PSOE ha hecho trampas con el censo electoral en Huelva «dando de alta a extranjeros no empadronados»,0,0.016796868966331844
https://maldita.es/malditobulo/20200703/oms-toma-pedofilia-como-normal/,la oms ve normal la pedofilia y fomenta la prostitucion,Ya es oficial: la OMS toma en cuenta la pedofilia como “normal”,1,0.9133333333333333
https://www.newtral.es/bulo-oms-pedofilia-prostitucion-infantil/20200730/,la oms ve normal la pedofilia y fomenta la prostitucion,"Ya es oficial: la OMS toma en cuenta la pedofilia como ""normal""",1,0.98
https://www.verificat.cat/fact-check/les-dades-no-indiquen-que-el-90-de-les-treballadores-sexuals-siguin-victimes-de-trafic-de-persones-i-explotacio-sexual,la oms ve normal la pedofilia y fomenta la prostitucion,El 90% de la prostitució són víctimes de tràfic,0,0.023422865920561774
https://www.verificat.cat/fact-check/los-datos-no-apuntan-a-que-la-mitad-de-las-personas-que-ejercen-la-prostitucion-en-espana-sean-menores-de-edad,la oms ve normal la pedofilia y fomenta la prostitucion,"De las mujeres que en España ejercen la prostitución, el 54,4% son menores de edad, muchas veces niñas de 14 y 15 años",0,0.010121042830540036
https://www.verificat.cat/es/fact-check/los-datos-no-apuntan-a-que-la-mitad-de-las-personas-que-ejercen-la-prostitucion-en-espana-sean-menores-de-edad,la oms ve normal la pedofilia y fomenta la prostitucion,"De las mujeres que en España ejercen la prostitución, el 54,4% son menores de edad, muchas veces niñas de 14 y 15 años",0,0.003454376163873371
https://www.verificat.cat/fact-check/les-dades-no-apunten-que-la-meitat-de-les-persones-que-exerceixen-la-prostitucio-a-espanya-siguin-menors-dedat,la oms ve normal la pedofilia y fomenta la prostitucion,"De las mujeres que en España ejercen la prostitución, el 54,4% son menores de edad, muchas veces niñas de 14 y 15 años",0,0.003454376163873371
https://piaui.folha.uol.com.br/lupa/2018/08/25/verificamos-franca-nao-aprovou-lei-da-pedofilia/,la oms ve normal la pedofilia y fomenta la prostitucion,França aprova a lei da pedofilia,0,0.05813118655223917
https://lupa.uol.com.br/jornalismo/2018/08/25/verificamos-franca-nao-aprovou-lei-da-pedofilia,la oms ve normal la pedofilia y fomenta la prostitucion,França aprova a lei da pedofilia,0,0.06947502302765461
https://factual.afp.com/la-ley-conocida-como-sb-145-no-despenaliza-la-pedofilia-en-california,la oms ve normal la pedofilia y fomenta la prostitucion,California legalizó la pedofilia,0,0.010210575417768476
https://politica.estadao.com.br/blogs/estadao-verifica/e-falso-que-felipe-neto-tenha-publicado-tuite-com-apologia-a-pedofilia/,la oms ve normal la pedofilia y fomenta la prostitucion,Felipe Neto incita a pedofilia,0,0.050072017914148344
https://piaui.folha.uol.com.br/lupa/2019/09/12/verificamos-maria-do-rosario-pedofilia/,la oms ve normal la pedofilia y fomenta la prostitucion,#Pedofilia não é crime. É doença!,0,0.03418310431320861
https://lupa.uol.com.br/jornalismo/2019/09/12/verificamos-maria-do-rosario-pedofilia,la oms ve normal la pedofilia y fomenta la prostitucion,#Pedofilia não é crime. É doença!,0,0.011735142252198615
https://observador.pt/factchecks/fact-check-barack-obama-envolvido-em-casos-de-pedofilia/,la oms ve normal la pedofilia y fomenta la prostitucion,"""Os pedófilos da Casa Branca - Biden e Obama acusados por pedofilia""",0,0.12732615243583026
https://factual.afp.com/el-proyecto-busca-igualar-el-consentimiento-sexual-los-14-anos-para-todas-las-relaciones-en-chile,la oms ve normal la pedofilia y fomenta la prostitucion,Diputada chilena propone despenalizar la pedofilia,0,0.005716570194596587
https://fakty.afp.com/lucia-duris-nicholsonova-sa-nezucastnila-protestu-za-prava-ludi-v-sexualnom-priemysle,la oms ve normal la pedofilia y fomenta la prostitucion,Lucia Nicholsonová sa živila prostitúciou a protestovala za práva ľudí v sexuálnom priemysle,0,0.0
https://noticias.uol.com.br/comprova/ultimas-noticias/2018/10/15/projeto-nao-legaliza-pedofilia-nem-tem-participacao-de-haddad.htm,la oms ve normal la pedofilia y fomenta la prostitucion,Haddad defende a legalização da pedofilia',0,0.29
https://www.bufale.net/il-ddl-zan-sdogana-la-pedofilia-no-e-un-vecchio-emendamento-di-giovanardi-per-unaltra-legge/,la oms ve normal la pedofilia y fomenta la prostitucion,Nel testo del ddl Zan viene sdoganata la pedofilia.,0,0.03170541389299913
https://colombiacheck.com/chequeos/fotos-con-las-que-acusan-obama-de-pedofilia-estan-fuera-de-contexto,la oms ve normal la pedofilia y fomenta la prostitucion,Estas fotos prueban acciones de pedofilia de Barack Obama,0,0.010034785588827486
https://politica.estadao.com.br/blogs/estadao-verifica/projeto-nao-torna-a-pedofilia-um-ato-legal-e-nem-tem-participacao-de-haddad/,la oms ve normal la pedofilia y fomenta la prostitucion,Haddad defende legalização da pedofilia,0,0.19443469785575052
https://factcheck.afp.com/no-law-france-did-not-legalize-pedophilia,francia legaliza la pedofilia,France legalized pedophilia,1,0.8966666666666666
https://piaui.folha.uol.com.br/lupa/2018/08/25/verificamos-franca-nao-aprovou-lei-da-pedofilia/,francia legaliza la pedofilia,França aprova a lei da pedofilia,1,0.88
https://lupa.uol.com.br/jornalismo/2018/08/25/verificamos-franca-nao-aprovou-lei-da-pedofilia,francia legaliza la pedofilia,França aprova a lei da pedofilia,1,0.9733333333333334
https://factual.afp.com/la-ley-conocida-como-sb-145-no-despenaliza-la-pedofilia-en-california,francia legaliza la pedofilia,California legalizó la pedofilia,0,0.54
https://sprawdzam.afp.com/nie-falszywe-plotki-franciszek-normalnie-sprawuje-swoj-urzad,francia legaliza la pedofilia,Papież Franciszek aresztowany pod zarzutem m.in. pedofilii,0,5.744891179282739e-05
https://correctiv.org/faktencheck/2018/08/14/nein-die-franzoesische-regierung-will-paedophilie-nicht-legalisieren/,francia legaliza la pedofilia,"Frankreich übergibt Gesetz, das sagt, dass Kinder Sex mit Erwachsenen zustimmen können",1,0.72975
https://www.factcheck.org/2018/08/putting-frances-consent-issue-into-context/,francia legaliza la pedofilia,"""France Passes Law Saying Children Can Consent To Sex With Adults""",1,0.836875
https://politica.estadao.com.br/blogs/estadao-verifica/e-falso-que-felipe-neto-tenha-publicado-tuite-com-apologia-a-pedofilia/,francia legaliza la pedofilia,Felipe Neto incita a pedofilia,0,0.18337552742616034
https://factual.afp.com/el-proyecto-busca-igualar-el-consentimiento-sexual-los-14-anos-para-todas-las-relaciones-en-chile,francia legaliza la pedofilia,Diputada chilena propone despenalizar la pedofilia,0,0.003666666666666667
https://www.lemonde.fr/les-decodeurs/article/2020/06/09/faux-mariage-pedophile-en-norvege-une-vieille-operation-de-communication_6042269_4355770.html,francia legaliza la pedofilia,Un mariage pédophile a choqué la Norvège,0,0.029574196941061986
https://maldita.es/malditobulo/20211220/mexico-modificar-acta-nacimiento-edad-registro/,francia legaliza la pedofilia,Mexico legaliza la pedofilia y permite cambiar la edad a cualquier ciudadano por capricho,0,0.03
https://politica.estadao.com.br/blogs/estadao-verifica/projeto-nao-torna-a-pedofilia-um-ato-legal-e-nem-tem-participacao-de-haddad/,francia legaliza la pedofilia,Haddad defende legalização da pedofilia,0,0.5566666666666666
https://lupa.uol.com.br/jornalismo/2020/07/22/verificamos-damares-pedofilia-stf,francia legaliza la pedofilia,Ministra Damares Alves descobre caso de pedofilia no STF,0,0.024832357632990545
https://politica.estadao.com.br/blogs/estadao-verifica/boato-falso-cita-condenado-por-pedofilia-em-ataque-ao-movimento-elenao/,francia legaliza la pedofilia,Criador do #EleNão é condenado por pedofilia,0,0.0979988998128096
https://dabegad.com/%d8%ad%d9%82%d9%8a%d9%82%d8%a9-%d8%aa%d8%b9%d8%b1%d9%8a%d8%a9-%d8%a7%d9%84%d8%b4%d8%b1%d8%b7%d8%a9-%d8%a7%d9%84%d9%81%d8%b1%d9%86%d8%b3%d9%8a%d8%a9-%d9%84%d9%85%d8%aa%d8%b8%d8%a7%d9%87%d8%b1%d8%a9/,francia legaliza la pedofilia,ست البنات فى فرنسا اتعمل عليها حفلةلو فى مصر كانت الدنيا اتهدت,0,3.257328990228013e-05
https://www.newtral.es/bulo-termometros-infrarrojos-glandula-pineal/20200916/,los termometros infrarrojos son malos para la salud,Los termómetros infrarrojos dañan la glándula pineal,1,0.9466666666666667
https://factcheck.afp.com/infrared-thermometers-are-safe-and-do-not-cause-cancer-health-officials-say,los termometros infrarrojos son malos para la salud,Infrared thermometers can damage brain,1,0.7466666666666667
https://www.newtral.es/bulo-laser-termometro-infrarrojos-retina/20200615/,los termometros infrarrojos son malos para la salud,Los láseres de los termómetros de infrarrojos provocan daños en la retina,1,0.9833333333333333
https://facta.news/notizia-falsa/2020/06/30/no-utilizzare-il-termometro-a-infrarossi-non-altera-il-sistema-nervoso-centrale/,los termometros infrarrojos son malos para la salud,Utilizzare il termometro a infrarossi altera il sistema nervoso centrale,1,0.9
http://checkyourfact.com/2020/08/11/fact-check-infrared-thermometers-radiation-pineal-gland/,los termometros infrarrojos son malos para la salud,infrared thermometers direct harmful radiation at the pineal gland,1,0.9133333333333333
https://www.stopfake.org/ru/fejk-infrakrasnye-termometry-opasny-dlya-zdorovya/,los termometros infrarrojos son malos para la salud,Фейк: Инфракрасные термометры опасны для здоровья,1,0.9066666666666666
https://fullfact.org/health/infrared-thermometers-do-not-affect-pineal-gland/,los termometros infrarrojos son malos para la salud,Infrared thermometers harm the pineal gland.,1,0.8133333333333334
https://leadstories.com/hoax-alert/2020/09/fact-check-infrared-thermometers-do-not-emit-radiation-and-do-not-damage-the-pineal-gland.html,los termometros infrarrojos son malos para la salud,Infrared thermometers emit radiation and damage the pineal gland,1,0.87
https://misbar.com/factcheck/2020/07/07/infrared-thermometers-wont-harm-you,los termometros infrarrojos son malos para la salud,Infrared thermometers will blind you and damage your neurons.,1,0.8866666666666667
https://thelogicalindian.com/fact-check/infrared-thermometer-22899,los termometros infrarrojos son malos para la salud,Infrared thermometer when pointed at one’s forehead can harm the brain especially the pineal gland.,1,0.8933333333333333
https://noticias.uol.com.br/confere/ultimas-noticias/2020/08/17/coronavirus-termometro-infravermelho-nao-e-prejudicial-ao-cerebro.htm,los termometros infrarrojos son malos para la salud,Termômetro infravermelho usado para identificar febre por covid prejudica o cérebro,1,0.91
https://www.bol.uol.com.br/noticias/2020/08/17/coronavirus-termometro-infravermelho-nao-e-prejudicial-ao-cerebro.htm,los termometros infrarrojos son malos para la salud,Termômetro infravermelho usado para identificar febre por covid prejudica o cérebro,1,0.9266666666666666
https://www.aap.com.au/factcheck/infrared-thermometers-do-not-pose-a-risk-to-pineal-gland/,los termometros infrarrojos son malos para la salud,"A Facebook post claims that infrared thermometers, held near the forehead to scan body temperature,  pose a potential health risk to the pineal gland.",1,0.7953932218598089
https://factual.afp.com/los-termometros-pistola-funcionan-con-un-sensor-infrarrojo-que-no-emite-energia-ni-dana-la-retina,los termometros infrarrojos son malos para la salud,Termómetros tipo pistola dañan la vista con su láser,1,0.9033333333333333
https://factcheck.afp.com/taking-your-temperature-infrared-thermometer-does-not-damage-pineal-gland,los termometros infrarrojos son malos para la salud,Infrared thermometer guns cause damage to the pineal gland,1,0.9233333333333333
https://oglobo.globo.com/fato-ou-fake/e-fake-que-termometro-infravermelho-cause-dano-glandula-pineal-24590858,los termometros infrarrojos son malos para la salud,"Tradução de mensagem importante:
De uma enfermeira australiana:
Estou realmente preocupada. Comecei a implementar os novos protocolos em vigor. Uma das minhas novas tarefas é medir e registrar a temperatura de cada pessoa. Eu aponto para o centro de sua testa com minha arma em forma de termômetro, puxo o gatilho, espero pelo bipe e registro a temperatura. Sempre peço desculpas à pessoa antes de prosseguir! Depois de fazer isso uma dúzia ou mais vezes, de repente tive uma percepção:
Estamos sendo dessensibilizados ao direcionarmos isso à cabeça e também causando problemas de saúde potenciais ao apontar um raio infravermelho para a glândula pineal? Comecei então a medir a temperatura no pulso, que acabou sendo mais precisa, já que a testa é mais fria do que o pulso e os resultados diferem em mais de um grau em alguns casos.
Fui a um shopping center e as pessoas faziam fila para medir a temperatura por um funcionário que obviamente não era médico e não foi devidamente instruído sobre como realizar esse procedimento corretamente. Muitos ficaram chocados quando chegou a minha vez e eu peguei a arma que estava sendo apontada para minha testa e a redirecionei para meu punho. Falei baixinho, mas com firmeza, e disse ao funcionário que um termômetro infravermelho nunca deve ser apontado para a testa de alguém, especialmente de bebês e crianças pequenas. Além disso, requer conhecimento básico de como ler corretamente a temperatura de alguém, ou seja, colocar um termômetro no punho ou cotovelo é muito mais preciso e muito menos prejudicial.
Foi muito perturbador para mim observar crianças se acostumando a ver um objeto em forma de arma apontado para a testa e sem nenhuma reação negativa dos adultos como se isso fosse normal e aceitável.
Como profissional da área médica, recuso-me a visar diretamente a glândula pineal, que está localizada diretamente no centro da testa, com um raio infravermelho. No entanto, a maioria das pessoas concorda em passar por isso várias vezes ao dia! Nossas glândulas pineais devem ser protegidas, pois é crucial para nossa saúde agora e no futuro.
Glândula Pineal
A glândula pineal é uma pequena glândula do sistema endócrino em forma de pinha. Estrutura do diencéfalo do cérebro, a glândula pineal produz o hormônio melatonina. A melatonina influencia o desenvolvimento sexual e os ciclos de sono-vigília. A glândula pineal é composta por células chamadas pinealócitos e células do sistema nervoso chamadas células gliais. A glândula pineal conecta o sistema endócrino com o sistema nervoso na medida em que converte os sinais nervosos do sistema simpático do sistema nervoso periférico em sinais hormonais. Com o tempo, o acúmulo de depósitos de cálcio na pineal pode levar à calcificação em idosos.
Função
A glândula pineal está envolvida em várias funções do corpo, incluindo:
Secreção do hormônio melatonina. Regulação das funções endócrinas. Conversão de sinais do sistema nervoso em sinais endócrinos. Causa sonolência. Influencia o desenvolvimento sexual. Influencia a função do sistema imunológico. Atividade antioxidante.
Pergunte a você: é sábio colocar um laser infravermelho na pineal de alguém?",1,0.78
https://factual.afp.com/llevar-mascarillas-no-provoca-pleuresia,el uso de la mascarilla provoca pleuresía,El uso de mascarillas provoca pleuresìa,1,0.96
https://www.newtral.es/bulo-mascarillas-infeccion-pulmonar-pleuresia/20200805/,el uso de la mascarilla provoca pleuresía,Las mascarillas generan infección pulmonar bacteriana y pleuresía,1,0.98
https://misbar.com/factcheck/2020/08/05/masks-don’t-cause-pleurisy,el uso de la mascarilla provoca pleuresía,Mask-wearing is causing pleurisy.,1,0.94
https://politica.estadao.com.br/blogs/estadao-verifica/site-exagera-numero-de-igrejas-catolicas-vandalizadas-na-franca/,ola islamista de quema de iglesias católicas en francia,12 igrejas foram atacadas em uma semana na França,1,0.9291666666666667
https://factuel.afp.com/ar/this-video-does-not-show-muslim-revolt-in-paris,ola islamista de quema de iglesias católicas en francia,المسلمون يثورون في وجه السلطات الفرنسية نصرتا الرسول صلى الله عليه أفضل الصلاة والسلام,0,0.17208893205266845
https://factual.afp.com/ar/this-video-does-not-show-muslim-revolt-in-paris,ola islamista de quema de iglesias católicas en francia,المسلمون يثورون في وجه السلطات الفرنسية نصرتا الرسول صلى الله عليه أفضل الصلاة والسلام,0,0.16858893205266842
https://www.thequint.com/news/webqoof/no-this-video-of-muslims-offering-prayers-in-france-is-not-recent,ola islamista de quema de iglesias católicas en francia,'Current Status' of Muslims Offering Prayers in Streets of France,0,0.11730641538489095
https://dabegad.com/%d8%ad%d9%82%d9%8a%d9%82%d8%a9-%d8%b5%d9%88%d8%b1%d8%a9-%d9%84%d9%83%d9%86%d9%8a%d8%b3%d8%a9-%d9%81%d9%89-%d9%81%d8%b1%d9%86%d8%b3%d8%a7-%d8%aa%d9%85-%d8%a8%d9%86%d8%a7%d8%a4%d9%87%d8%a7-%d9%85%d9%86/,ola islamista de quema de iglesias católicas en francia,صوره لكنيسه فى فرنسا تم بناؤها من جماجم العرب والمسلمين…هذه الصوره لمن تباكى على مسجد أيا صوفيا,0,0.02687301587301587
https://fatabyyano.net/%d9%85%d9%82%d8%b7%d8%b9-%d9%85%d9%86-%d8%a7%d8%ad%d8%aa%d8%ac%d8%a7%d8%ac%d8%a7%d8%aa-%d9%81%d9%8a-%d9%86%d8%a7%d8%a8%d9%88%d9%84%d9%8a-%d8%a8%d8%a5%d9%8a%d8%b7%d8%a7%d9%84%d9%8a%d8%a7-%d9%88%d9%84/,ola islamista de quema de iglesias católicas en francia,من قلب فرنسا الان المسلمين ينتصرو لرسول الله صلوات ربي عليه,0,0.1535997933645163
https://factcheckmyanmar.afp.com/ar/this%20video%20was%20shot%203%20years%20ago%20in%20france%2010-20,ola islamista de quema de iglesias católicas en francia,اقتحام مسجد في فرنسا في الأيام الماضية,1,0.8898895613490585
https://factuel.afp.com/ar/this%20video%20was%20shot%203%20years%20ago%20in%20france%2010-20,ola islamista de quema de iglesias católicas en francia,اقتحام مسجد في فرنسا في الأيام الماضية,1,0.9130840057935029
https://factual.afp.com/ar/this%20video%20was%20shot%203%20years%20ago%20in%20france%2010-20,ola islamista de quema de iglesias católicas en francia,اقتحام مسجد في فرنسا في الأيام الماضية,1,0.8650188415726784
https://www.thequint.com/news/webqoof/old-video-from-france-clichy-revived-as-recent-attack-on-muslims,ola islamista de quema de iglesias católicas en francia,Muslims Attacked in Mosque in France,0,0.06701992753623187
https://www.thequint.com/news/webqoof/muslim-woman-attacked-in-france-no-video-is-from-tatarstan,ola islamista de quema de iglesias católicas en francia,Muslim woman attacked in France,0,0.02963119461134237
https://www.boatos.org/religiao/igrejas-franca-sendo-transformadas-bares-boates-governo.html,ola islamista de quema de iglesias católicas en francia,"As igrejas na França estão sendo transformadas em bares , boites e casas de show! Vejam o que o regime socialista está fazendo com o país e a família.",0,0.297021107128634
https://cekfakta.com/focus/6298,ola islamista de quema de iglesias católicas en francia,“Warga Prancis berbondong bondong masuk Islam”,0,0.010130202299665181
https://leadstories.com/hoax-alert/2018/03/fake-news-news-world-saint-denis-france-muslim-immigrants-attack-a-catholic-church.html,ola islamista de quema de iglesias católicas en francia,Saint-Denis (France) Muslim immigrants attack a Catholic church...,1,0.837612503392327
https://www.altnews.in/video-of-police-clashing-with-protestors-in-barcelona-falsely-viral-as-france/,ola islamista de quema de iglesias católicas en francia,Street rioting by Muslims in France,0,0.22537010723075118
https://www.newtral.es/no-la-religion-islamica-no-sustituye-a-la-catolica-en-un-colegio-de-murcia/20190509/,ola islamista de quema de iglesias católicas en francia,La religión islámica sustituye a la católica en un colegio de Murcia,0,0.013333333333333334
https://maldita.es/malditobulo/20200903/fotos-hombres-cargando-moviles-inmigrantes-llegar-espana/,inmigrantes que cargan moviles al llegar a españa,Estos son inmigrantes con móviles al llegar a España,1,0.9166666666666666
https://maldita.es/malditobulo/20201212/movil-cifrado-12500-16000-euros-incautado-inmigrante-patera-espana/,inmigrantes que cargan moviles al llegar a españa,Móvil cifrado que cuesta entre 12500 y 16000 euros incautado a un inmigrante llegado en patera a España.,0,0.1
https://maldita.es/malditobulo/20220615/agresion-dependienta-tienda-inmigrante-espana/,inmigrantes que cargan moviles al llegar a españa,Un inmigrante pega a una dependienta de una tienda de móviles,0,0.06833333333333333
https://maldita.es/malditobulo/20201109/fotos-compara-pateros-espanoles-personas-espana/,inmigrantes que cargan moviles al llegar a españa,Estos son los inmigrantes que llegan a Gran Canaria,0,0.047
https://maldita.es/malditobulo/20220829/agresion-dependienta-tienda-inmigrante-espana/,inmigrantes que cargan moviles al llegar a españa,Un inmigrante pega a una dependienta de una tienda de móviles,0,0.023333333333333334
https://maldita.es/malditobulo/20220905/agresion-dependienta-tienda-inmigrante-espana/,inmigrantes que cargan moviles al llegar a españa,Un inmigrante pega a una dependienta de una tienda de móviles,0,0.05
https://maldita.es/malditobulo/20220930/agresion-dependienta-tienda-inmigrante-espana/,inmigrantes que cargan moviles al llegar a españa,Un inmigrante pega a una dependienta de una tienda de móviles,0,0.023418803418803417
https://maldita.es/malditobulo/20200813/foto-personas-inmigrantes-llegando-playa-coronavirus/,inmigrantes que cargan moviles al llegar a españa,Estos son los inmigrantes que llegan contagiados a las playas,0,0.00673469387755102
https://maldita.es/malditobulo/20201117/fotos-pateras-inmigrantes-canarias-covid-19/,inmigrantes que cargan moviles al llegar a españa,Inmigrantes llegando a Canarias durante la covid,0,0.11333333333333333
https://factual.afp.com/la-imagen-muestra-barcos-de-pesca-en-nuakchott-mauritania-mas-de-1000-kilometros-de-espana,inmigrantes que cargan moviles al llegar a españa,Pateras se preparan para llevar inmigrantes ilegales a España,0,0.09366666666666668
https://www.verificat.cat/fact-check/este-video-de-frontex-esta-grabado-en-italia-y-no-en-espana,inmigrantes que cargan moviles al llegar a españa,Los inmigrantes llegan en barcas cómodas y entran en las pateras cuando llegan a aguas españolas para ser rescatados,0,0.023346613545816734
https://www.verificat.cat/es/fact-check/este-video-de-frontex-esta-grabado-en-italia-y-no-en-espana,inmigrantes que cargan moviles al llegar a españa,Los inmigrantes llegan en barcas cómodas y entran en las pateras cuando llegan a aguas españolas para ser rescatados,0,0.016679946879150066
https://www.newtral.es/bulo-pateras-argelia-espana-frontex/20200804/,inmigrantes que cargan moviles al llegar a españa,"""Avistan 500 pateras en Argelia a punto de zarpar rumbo a España: podrían llegar 5.000 inmigrantes ilegales en breve""",0,0.18004016064257028
https://www.newtral.es/bulo-inmigrantes-ilegales-espana-alemania/20200813/,inmigrantes que cargan moviles al llegar a españa,"España se va a hacer cargo, a cambio de una miseria, de todos los inmigrantes ilegales de Alemania",0,0.006666666666666667
https://chequeado.com/ultimas-noticias/macri-todos-los-dias-llegan-entre-100-y-200-inmigrantes-a-la-ciudad-que-no-sabemos-quienes-son/,inmigrantes que cargan moviles al llegar a españa,"Todos los días llegan entre 100 y 200 inmigrantes a la ciudad, que no sabemos quiénes son",0,0.01380544721264027
https://maldita.es/malditobulo/20210414/inmigrantes-tirando-comida-canarias/,inmigrantes que cargan moviles al llegar a españa,Dos inmigrantes recién llegados a Canarias tiran comida al río,0,0.010085470085470085
https://www.newtral.es/bulo-inmigrantes-canarias-cheque/20201214/,inmigrantes que cargan moviles al llegar a españa,A los inmigrantes ilegales que llegan en Canarias se les da un cheque mensual de 1.105 euros ,0,0.00673469387755102
https://factual.afp.com/no-este-video-no-es-de-inmigrantes-que-asaltan-una-cafeteria-en-ceuta-fue-grabado-en-sudafrica-en,inmigrantes que cargan moviles al llegar a españa,Inmigrantes asaltan un establecimiento en Ceuta España,0,0.02666666666666667
https://www.newtral.es/los-siete-datos-de-cosido-sobre-la-inmigracion/20181219/,inmigrantes que cargan moviles al llegar a españa,El número de inmigrantes que llegan por mar y por tierra se multiplica por cuatro,0,0.03446594982078853
https://www.newtral.es/bulo-pateras-argelia-espana-frontex/20200804/,llegada de 500 pateras a españa,"""Avistan 500 pateras en Argelia a punto de zarpar rumbo a España: podrían llegar 5.000 inmigrantes ilegales en breve""",1,0.8466666666666667
https://www.verificat.cat/fact-check/este-video-de-frontex-esta-grabado-en-italia-y-no-en-espana,llegada de 500 pateras a españa,Los inmigrantes llegan en barcas cómodas y entran en las pateras cuando llegan a aguas españolas para ser rescatados,0,0.046679946879150065
https://www.verificat.cat/es/fact-check/este-video-de-frontex-esta-grabado-en-italia-y-no-en-espana,llegada de 500 pateras a españa,Los inmigrantes llegan en barcas cómodas y entran en las pateras cuando llegan a aguas españolas para ser rescatados,0,0.030098750297953482
https://factual.afp.com/la-imagen-muestra-barcos-de-pesca-en-nuakchott-mauritania-mas-de-1000-kilometros-de-espana,llegada de 500 pateras a españa,Pateras se preparan para llevar inmigrantes ilegales a España,1,0.8
https://maldita.es/malditobulo/20201212/movil-cifrado-12500-16000-euros-incautado-inmigrante-patera-espana/,llegada de 500 pateras a españa,Móvil cifrado que cuesta entre 12500 y 16000 euros incautado a un inmigrante llegado en patera a España.,0,0.12862439132359452
https://maldita.es/malditobulo/20200819/video-patera-desembarcando-playa-chiclana-cadiz-pandemia-covid-19/,llegada de 500 pateras a españa,Llega una patera con inmigrantes a una playa en Chiclana durante la COVID-19,1,0.591734693877551
https://maldita.es/malditobulo/20220831/video-patera-desembarcando-playa-chiclana-cadiz-pandemia-covid-19/,llegada de 500 pateras a españa,Llega una patera con inmigrantes a una playa en Chiclana durante la COVID-19,1,0.4695124716553287
https://www.newtral.es/inmigrantes-marruecos-ana-vazquez/20220622/,llegada de 500 pateras a españa,“Más del 50% de la inmigración que llega a España sigue siendo de Marruecos”,0,0.006732616487455198
https://www.newtral.es/no-te-creas-esta-imagen-sobre-un-avispa-de-picadura-mortal-en-espana/20190802/,llegada de 500 pateras a españa,Esta avispa asiática ha llegado a España y puede provocar la muerte de personas,0,0.0033333333333333335
https://factual.afp.com/la-foto-de-un-muelle-bajo-nubes-tormentosas-no-corresponde-al-huracan-eta-circula-desde-2019,llegada de 500 pateras a españa,Llegada de Eta a Nicaragua,0,0.006961320608317814
https://maldita.es/malditobulo/20210103/paquete-vacunas-covid-19-logo-empresa-microchips/,llegada de 500 pateras a españa,"El primer paquete de vacunas que ha llegado a España lleva el logo de Softbox, una empresa de electrónica y microchips",0,0.013333333333333334
https://maldita.es/malditobulo/20200903/fotos-hombres-cargando-moviles-inmigrantes-llegar-espana/,llegada de 500 pateras a españa,Estos son inmigrantes con móviles al llegar a España,0,0.026764962722211075
https://maldita.es/malditobulo/20201127/video-frontex-inmigrantes-barco-patera-aguas-espanolas/,llegada de 500 pateras a españa,Inmigrantes pasan de un barco a una patera en aguas españolas,0,0.12333333333333334
https://factual.afp.com/esta-foto-de-una-tormenta-sobre-el-mar-no-es-del-huracan-iota-fue-tomada-en-australia-en-2012,llegada de 500 pateras a españa,Llegada del huracán Iota a Centroamérica,0,0.027087191358024693
https://www.newtral.es/bulo-pateras-mauritania-inmigrantes-espana/20200917/,llegada de 500 pateras a españa, Lleno histórico de pateras ante el efecto llamada de los asentamientos de inmigrantes en zonas turísticas de Gran Canaria,1,0.6403646963219447
https://www.europapress.es/verificaciones/noticia-no-no-llegue-huracan-danielle-espana-no-significa-meteorologos-nunca-acierten-20220914141921.html,llegada de 500 pateras a españa,Los meteorólogos nunca aciertan: el huracán Danielle no llega a España,0,0.0
https://www.newtral.es/latinoamerica-vacunas-espana-carolina-darias/20211013/,llegada de 500 pateras a españa,“Nueve de cada 10 vacunas que llegan a Latinoamérica vienen de España”,0,0.013333333333333334
https://factual.afp.com/los-aviones-vigilaban-una-playa-en-mexico-en-2019-no-fumigaban-durante-la-pandemia-de-coronavirus,las estelas de avion nos fumigan,Dos aviones fumigan una playa,1,0.6933333333333334
https://maldita.es/malditobulo/20200317/fumigar-madrid-avionetas/,las estelas de avion nos fumigan,"Van a fumigar Madrid con avionetas
",1,0.6537777777777778
https://maldita.es/malditobulo/20201101/video-aviones-sobrevolando-playa-fumigando-coronavirus-peru-mexico/,las estelas de avion nos fumigan,Vídeo de aviones fumigando a la gente descaradamente en la playa y a baja altura en Perú. Por eso saben que va a haber un rebrote.,1,0.6075925047061925
https://www.newtral.es/el-bulo-de-los-chemtrails-que-rocian-el-cielo-con-quimicos-y-el-piloto-que-lo-confeso-todo/20201007/,las estelas de avion nos fumigan,Un piloto confiesa que las estelas que desprenden los aviones son químicas,1,0.7016666666666667
https://www.verificat.cat/es/fact-check/no-se-esta-fumigando-barcelona-y-las-estelas-de-los-aviones-no-tienen-nada-que-ver-con-la-propagacion-de-la-variante-delta-del-coronavirus,las estelas de avion nos fumigan,"Están haciendo muchos chemtrails (chem, es chemical, de químico, trails). Esto es lo que echan desde los aviones. [...] Han estado fumigando esta semana en Barcelona y anuncian la ola delta en Barcelona",1,0.82
https://www.verificat.cat/fact-check/no-sesta-fumigant-barcelona-i-les-esteles-dels-avions-no-tenen-res-a-veure-amb-la-propagacio-de-la-variant-delta-del-coronavirus,las estelas de avion nos fumigan,"Estan fent mols chemtrails (chem, és chemical, de químic, trails). Això és el que tiren des dels avions. [...] Han estat fumigant aquesta setmana a Barcelona i anuncien l’onada delta a Barcelona",1,0.7130204081632653
https://maldita.es/malditobulo/20200319/fumigar-parques-valladolid-productos-venenos-toxicos-coronavirus/,las estelas de avion nos fumigan,Se están fumigando los parques de Valladolid con un producto muy tóxico para los perros,1,0.5698391812865496
https://factual.afp.com/las-estelas-blancas-tras-los-aviones-no-son-restos-de-fumigaciones-quimicas,las estelas de avion nos fumigan,"Los chemtrails nos envenenan con tóxicos desde el aire, nos fumigan y causan el calentamiento global",1,0.5066666666666667
https://colombiacheck.com/chequeos/el-presidente-duque-encontro-200000-hectareas-de-droga-sic-no-ha-podido-empezar-fumigar,las estelas de avion nos fumigan,Duque encontró 200.000 hectáreas de coca. Es 2020 y no ha podido fumigar.,0,0.0033333333333333335
https://leadstories.com/hoax-alert/2021/01/fact-check-photo-of-two-people-fumigating-the-oval-office-is-not-the-trump-oval-office.html,las estelas de avion nos fumigan,Photo shows workers fumigating the Oval Office after Trump's departure.,0,0.014299873154217067
https://www.verificat.cat/fact-check/pedro-sanchez-no-ha-autoritzat-lus-de-chemtrails-ni-existeix-un-procediment-conegut-amb-aquest-nom,las estelas de avion nos fumigan,Pedro Sánchez va autoritzar els chemtrails: El Govern farà servir les Forces Armades per fumigar-nos des del cel.,1,0.70473888489367
https://factual.afp.com/la-secretaria-de-salud-de-mexico-desmintio-el-mensaje-sobre-la-supuesta-fumigacion-para-erradicar-el,las estelas de avion nos fumigan,México fumigará con sustancia venenosa desde helicópteros para combatir el nuevo coronavirus,1,0.02666666666666667
https://www.verificat.cat/es/fact-check/pedro-sanchez-no-ha-autorizado-el-uso-de-chemtrails-ni-existe-un-procedimiento-conocido-con-este-nombre,las estelas de avion nos fumigan,Pedro Sánchez autorizó a los chemtrails: El Gobierno utilizará las Fuerzas Armadas para fumigarnos desde el cielo.,1,0.6440775965888748
https://www.verificat.cat/fact-check/pedro-sanchez-no-ha-autorizado-el-uso-de-chemtrails-ni-existe-un-procedimiento-conocido-con-este-nombre,las estelas de avion nos fumigan,Pedro Sánchez autorizó a los chemtrails: El Gobierno utilizará las Fuerzas Armadas para fumigarnos desde el cielo.,1,0.7270273028249451
http://checkyourfact.com/2021/01/25/fact-check-oval-office-fumigated-joe-biden-arrival/,las estelas de avion nos fumigan,the image shows two people fumigating the Oval Office ahead of President Joe Biden’s arrival,0,0.021699239956568944
https://factcheck.afp.com/no-pope-was-not-arrested-child-trafficking,el papa francisco ha sido arrestado,Pope Francis was arrested,1,0.8366666666666667
https://www.newtral.es/bulo-papa-detenido-apagon-vaticano/20210111/,el papa francisco ha sido arrestado,El Papa Francisco ha sido detenido durante un apagón en el Vaticano,1,0.9633333333333334
https://factual.afp.com/el-papa-francisco-no-ha-sido-detenido-ha-aparecido-en-publico-tras-su-presunto-arresto,el papa francisco ha sido arrestado,"El papa Francisco ha sido detenido en el Vaticano bajo cargos de fraude, abuso y pornografía infantil, posesión de drogas",1,0.94
https://leadstories.com/hoax-alert/2021/11/fact-check-pope-francis-does-not-have-a-warrant-put-for-his-arrest.html,el papa francisco ha sido arrestado,Pope Francis Has A Warrant Out For His Arrest,1,0.7751449275362319
https://colombiacheck.com/chequeos/el-papa-francisco-no-ha-sido-arrestado-por-80-cargos-de-trafico-de-ninos-y-fraude,el papa francisco ha sido arrestado,El papa Francisco no ha sido arrestado por 80 cargos de tráfico de niños,1,0.85
https://www.boatos.org/religiao/papa-francisco-foi-preso-acusacao-trafico-criancas-fraudes.html,el papa francisco ha sido arrestado,Apagão no Vaticano: Papa preso por 80 acusações de tráfico de crianças e fraudes..,1,0.48333333333333334
https://colombiacheck.com/chequeos/falso-el-papa-francisco-no-ha-cancelado-la-biblia-y-propuesto-crear-un-libro-nuevo,el papa francisco ha sido arrestado,El Papa Francisco cancela la Biblia,0,0.0800132802124834
https://www.newtral.es/bulo-papa-francisco-besa-mano-david-rockefeller/20200820/,el papa francisco ha sido arrestado,El papa Francisco besa la mano de David Rockefeller,0,0.03666666666666667
https://factual.afp.com/el-papa-no-se-rinde-al-islam-en-esta-imagen-besa-los-pies-del-presidente-sursudanes-salva-kiir-quien,el papa francisco ha sido arrestado,El papa Francisco se rinde a los pies del islam,0,0.043333333333333335
http://checkyourfact.com/2021/12/30/fact-check-mafia-assassins-pope-francis/,el papa francisco ha sido arrestado,Pope Francis assassinated.,0,0.017138807638643738
https://www.usatoday.com/story/news/factcheck/2021/11/07/fact-check-viral-youtube-hoax-claims-pope-francis-issued-international-arrest-warrant/6253684001/,el papa francisco ha sido arrestado,An international court issued an arrest warrant for Pope Francis,1,0.6766666666666666
https://www.boatos.org/religiao/vaticano-confirma-papa-francisco-coronavirus.html,el papa francisco ha sido arrestado,Vaticano confirma Papa Francisco e dois assistentes dão positivo para Coronavírus O Vaticano confirmou em comunicado que o Papa Francisco e dois de seus assessores deram positivo para o novo Coronavírus.,0,0.0837037037037037
https://misbar.com/factcheck/2021/01/15/pope-arrested-isnt-arrested,el papa francisco ha sido arrestado,Pope Francis has been arrested in Italy on charges of Child Trafficking and Fraud.,1,0.8733333333333333
https://www.factrakers.org/post/pope-francis-did-not-give-retirement-speech,el papa francisco ha sido arrestado,Pope Francis delivered retirement speech,0,0.003625646882975873
https://factuel.afp.com/rumeurs-infondees-sur-larrestation-du-pape-francois,el papa francisco ha sido arrestado,"le pape a été arrêté par Interpol et la police italienne. Pour procéder à cette arrestation, la police a dû couper l'électricité au Vatican.",1,0.7566666666666667
https://factcheck.afp.com/photo-altered-show-pope-francis-licking-baby,el papa francisco ha sido arrestado,Pope Francis licked a baby,0,0.2286059005416494
https://fakenews.pl/spoleczenstwo/nie-papiez-franciszek-nie-zostal-aresztowany-to-fake-news/,el papa francisco ha sido arrestado,Papież Franciszek został aresztowany przez włoskie władze.,1,0.9733333333333334
https://factual.afp.com/la-ayuda-aprobada-en-cataluna-para-todos-los-jovenes-extutelados-lo-fue-por-unanimidad-en-2019,PP Y CS NO HAN APOYADO AMPLIAR UNA PAGA PARA LOS MENAS EN CATALUÑA,"El Parlamento de Cataluña ha aprobado una prestación económica solo para ""menas""",1,0.7437037037037038
https://maldita.es/malditobulo/20210409/estonia-comercializar-sello-apoyo-cataluna/,PP Y CS NO HAN APOYADO AMPLIAR UNA PAGA PARA LOS MENAS EN CATALUÑA,Sello de Estonia en apoyo a Cataluña: I love Catalonia,0,0.0033333333333333335
https://www.newtral.es/50-millones-financiar-menas-generalitat-cataluna-vox/20211209/,PP Y CS NO HAN APOYADO AMPLIAR UNA PAGA PARA LOS MENAS EN CATALUÑA,“[Presupuestos en Cataluña] “50 millones en financiar MENAS”,1,0.8391666666666666
https://www.verificat.cat/es/fact-check/los-presupuestos-de-la-generalitat-no-destinan-50-millones-en-financiar-menas-como-dice-una-campana-de-vox,PP Y CS NO HAN APOYADO AMPLIAR UNA PAGA PARA LOS MENAS EN CATALUÑA,Los Presupuestos de Cataluña destinan 50 millones en financiar MENAS,1,0.77
https://maldita.es/malditobulo/20210928/parlamento-dinamarca-video-debate-reconocer-cataluna-pais-independiente-subtitulos-manipulados/,PP Y CS NO HAN APOYADO AMPLIAR UNA PAGA PARA LOS MENAS EN CATALUÑA,Debate sobre el apoyo del Parlamento de Dinamarca a la independencia de Cataluña,0,0.0
https://maldita.es/malditobulo/20220520/parlamento-dinamarca-video-debate-reconocer-cataluna-pais-independiente-subtitulos-manipulados/,PP Y CS NO HAN APOYADO AMPLIAR UNA PAGA PARA LOS MENAS EN CATALUÑA,Debate sobre el apoyo del Parlamento de Dinamarca a la independencia de Cataluña,0,0.01
https://www.newtral.es/bulo-montajes-ataque-risa-parlamento-danes-cataluna/20210308/,PP Y CS NO HAN APOYADO AMPLIAR UNA PAGA PARA LOS MENAS EN CATALUÑA,El vídeo del Parlamento de Dinamarca riéndose de la petición de apoyo a la independencia de Cataluña,0,0.010444444444444444
https://www.newtral.es/la-actriz-lola-herrera-no-ha-escrito-este-texto-en-apoyo-de-la-independencia-de-cataluna/20191024/,PP Y CS NO HAN APOYADO AMPLIAR UNA PAGA PARA LOS MENAS EN CATALUÑA,Escrito de la actriz Lola Herrera en apoyo de la independencia de Cataluña,0,0.006666666666666667
https://factual.afp.com/la-imagen-es-del-actual-parlamento-catalan-pero-de-1942-bajo-el-regimen-del-dictador-francisco,PP Y CS NO HAN APOYADO AMPLIAR UNA PAGA PARA LOS MENAS EN CATALUÑA,Parlamento de Cataluña año 1936,0,0.006724115578459495
https://www.newtral.es/fact-check-garriga-vox-paro-cataluna/20210903/,PP Y CS NO HAN APOYADO AMPLIAR UNA PAGA PARA LOS MENAS EN CATALUÑA,"“[Cataluña es] la región con más paro, con más incremento de paro”",0,0.11766096866096866
https://colombiacheck.com/chequeos/vicepresidenta-acierta-en-mujeres-beneficiadas-con-subsidio-al-salario-pero-los-hombres,PP Y CS NO HAN APOYADO AMPLIAR UNA PAGA PARA LOS MENAS EN CATALUÑA,"PAEF ha apoyado a 1,5 millones de mujeres (para crear equidad): Ramírez",0,0.04006410256410257
https://noticias.uol.com.br/confere/ultimas-noticias/2019/04/19/e-mentira-que-governo-queira-ampliar-tempo-de-renovacao-da-cnh-para-20-anos.htm,PP Y CS NO HAN APOYADO AMPLIAR UNA PAGA PARA LOS MENAS EN CATALUÑA,Governo vai ampliar tempo de renovação da CNH para 20 anos,0,0.024444444444444442
https://www.bol.uol.com.br/noticias/2019/04/19/e-mentira-que-governo-queira-ampliar-tempo-de-renovacao-da-cnh-para-20-anos.htm,PP Y CS NO HAN APOYADO AMPLIAR UNA PAGA PARA LOS MENAS EN CATALUÑA,Governo vai ampliar tempo de renovação da CNH para 20 anos,0,0.03796825396825397
https://lupa.uol.com.br/jornalismo/2018/12/14/promessas-rollemberg-df-tse,PP Y CS NO HAN APOYADO AMPLIAR UNA PAGA PARA LOS MENAS EN CATALUÑA,Ampliar o número de creches públicas,0,0.0033907822451261604
https://www.verificat.cat/fact-check/els-pressupostos-de-la-generalitat-no-destinen-50-milions-a-financar-menes-com-diu-una-campanya-de-vox,PP Y CS NO HAN APOYADO AMPLIAR UNA PAGA PARA LOS MENAS EN CATALUÑA,Els Pressupostos de Catalunya destinen 50 milions a finançar MENAS,1,0.7158333333333333
https://factual.afp.com/doc.afp.com.32AH2ZW,PP Y CS NO HAN APOYADO AMPLIAR UNA PAGA PARA LOS MENAS EN CATALUÑA,Chanel dice que Vox son los únicos que le han apoyado,0,0.026691542288557215
https://maldita.es/malditobulo/20200916/mapa-madrid-ecdc-coronavirus-covid-centro-europeo-control-enfermedades/,PP Y CS NO HAN APOYADO AMPLIAR UNA PAGA PARA LOS MENAS EN CATALUÑA,"ECDC ""ha tenido que ampliar la gama de colores para evidenciar que Madrid va sin frenos""",0,0.016666666666666666
https://www.newtral.es/bulo-listeriosis-fabricante-carne-mecha-no-cataluna/20190823/,el vaticano primer accionista del fabricante de armas beretta,El fabricante de la carne de La Mechá es catalán,0,0.03
https://www.newtral.es/primera-fabrica-semiconductores-factcheck/20220720/,el vaticano primer accionista del fabricante de armas beretta,"""Vamos a tener una fábrica de semiconductores, la primera que haya en España""",0,0.01003257328990228
https://politica.estadao.com.br/blogs/estadao-verifica/farmaceutica-que-apontou-falta-de-evidencias-para-uso-da-ivermectina-contra-covid-19-e-fabricante-original-do-remedio/,el vaticano primer accionista del fabricante de armas beretta,Verdadeiro Fabricante da Ivermectina Desmente Nota da Farmacêutica Merck,0,0.006666666666666667
https://observador.pt/factchecks/fact-check-vacinas-nao-foram-aprovadas-e-fabricantes-nao-podem-ser-responsabilizados/,el vaticano primer accionista del fabricante de armas beretta,"""Vacinas não foram aprovadas e fabricantes não podem ser responsabilizados?""",0,0.013365906623235613
https://www.newtral.es/ken-embarazado-mattel/20220621/,el vaticano primer accionista del fabricante de armas beretta,El fabricante estadounidense Mattel saca al mercado un muñeco de Ken embarazado.,0,0.016666666666666666
https://facta.news/notizia-falsa/2021/01/11/no-il-papa-non-e-stato-arrestato-per-traffico-di-bambini-e-frode/,el vaticano primer accionista del fabricante de armas beretta,"«BLACKOUT VATICANO: Papa arrestato con 80 capi d’accusa per traffico di bambini, frode?»",0,0.013365906623235613
https://www.aosfatos.org/noticias/e-falso-que-lenovo-comprou-positivo-fabricante-de-urnas-das-eleicoes-de-2022/,el vaticano primer accionista del fabricante de armas beretta,"Empresa chinesa Lenovo comprou a Positivo, fabricante das urnas das eleições de 2022",0,0.03666666666666667
https://factual.afp.com/las-vacunas-incluyendo-las-que-se-encuentran-en-estudio-contra-el-covid-19-no-utilizan-fetos-ni,el vaticano primer accionista del fabricante de armas beretta,Las vacunas se fabrican con fetos,0,0.0033659066232356134
https://www.boatos.org/politica/lula-243-milhoes-euros-banco-do-vaticano.html,el vaticano primer accionista del fabricante de armas beretta,PADRE REVELA FORTUNA DE LULA DEPOSITADA NO VATICANO. Lula possui 243 milhões de Euros depositados no Banco do Vaticano!!! Agora dá pra entender ou não????,0,0.013616402116402115
https://projetocomprova.com.br/publicações/lula-nao-tem-conta-no-banco-do-vaticano-falsa-denuncia-ja-foi-contestada-pela-instituicao/,el vaticano primer accionista del fabricante de armas beretta,Lula tem 250 milhões de euros no banco do Vaticano,0,9.259259259259259e-05
https://politica.estadao.com.br/blogs/estadao-verifica/boato-sem-fronteiras-liga-lula-maduro-evo-e-outros-politicos-ao-banco-do-vaticano/,el vaticano primer accionista del fabricante de armas beretta,Lula tem 249 milhões de euros no Banco do Vaticano,0,0.00011746821448313985
https://www.aosfatos.org/noticias/lula-nao-tem-conta-com-250-milhoes-de-euros-no-banco-do-vaticano/,el vaticano primer accionista del fabricante de armas beretta,Lula possui 250 milhões de euros no banco do Vaticano,0,0.00021847831549324088
https://www.boatos.org/religiao/papa-francisco-foi-preso-acusacao-trafico-criancas-fraudes.html,el vaticano primer accionista del fabricante de armas beretta,Apagão no Vaticano: Papa preso por 80 acusações de tráfico de crianças e fraudes..,0,0.006759259259259259
https://www.newtral.es/este-video-no-muestra-como-fabrican-lechugas-en-china-es-de-un-taller-japones-de-figuras-de-cera/20191215/,el vaticano primer accionista del fabricante de armas beretta,Vídeo de cómo fabrican lechugas en China,0,0.0
https://www.newtral.es/bulo-papa-detenido-apagon-vaticano/20210111/,el vaticano primer accionista del fabricante de armas beretta,El Papa Francisco ha sido detenido durante un apagón en el Vaticano,0,0.0033333333333333335
https://www.boatos.org/mundo/boneco-bebe-terapeutico-para-pedofilos-esta-sendo-vendido-tem-aumento-vendas.html,el vaticano primer accionista del fabricante de armas beretta,Crescem as vendas do ‘bebê terapêutico’ para pedóf**los. Segundo o fabricante o boneco foi criado como uma espécie de terapia para pedóf**los.,0,0.0
https://www.boatos.org/politica/lula-tem-250-milhoes-de-euros-escondidos-em-banco-no-vaticano.html,el vaticano primer accionista del fabricante de armas beretta,Lula tem 250 milhões de euros escondidos no Banco do Vaticano,0,9.259259259259259e-05
https://maldita.es/malditobulo/20210330/primer-bombardeo-historia-ejecutado-persona-trans-estados-unidos-montaje/,el primer bombardeo de la historia ejecutado por una persona trans,Primer bombardeo de la historia ejecutado por una persona trans,1,0.99
https://www.usatoday.com/story/news/factcheck/2022/07/27/fact-check-no-arrest-made-bombing-georgia-guidestones/10107437002/,el primer bombardeo de la historia ejecutado por una persona trans,News story reported man was convicted in Georga Guidestones bombing,0,0.007310351067680059
https://www.aosfatos.org/noticias/o-que-e-fato-no-que-diz-manuela-davila-de-assassinatos-de-trans-investimento-estatal/,el primer bombardeo de la historia ejecutado por una persona trans,O Brasil é o campeão mundial de assassinato de pessoas trans.,0,0.017172007064516825
https://www.boatos.org/mundo/foto-mostra-que-autor-de-ataque-nos-eua-era-transsexual-menine.html,el primer bombardeo de la historia ejecutado por una persona trans,"A MENINE, atirador do Texas, vai vendo Brasil, qual o objetivo??? Eis a menine que matou 14 crianças 1 professora no Texas",0,0.024581835557879222
https://www.boatos.org/politica/correios-compram-aviao-gracas-fim-corrupcao-governo-bolsonaro.html,el primer bombardeo de la historia ejecutado por una persona trans,Resultado de um Governo sem corrupção. Correios compra seu primeiro avião na história,0,0.0
https://maldita.es/malditobulo/20220525/personas-trans-autor-tiroteo-texas-eeuu/,el primer bombardeo de la historia ejecutado por una persona trans,El autor del tiroteo de EEUU es trans,0,0.13
https://factcheck.afp.com/http%253A%252F%252Fdoc.afp.com%252F9DP93E-1,el primer bombardeo de la historia ejecutado por una persona trans,A genuine article on Olympic female weightlifter suffering testicle injury?,0,0.040347456267051836
https://fatabyyano.net/%d9%87%d8%b0%d8%a7-%d8%a7%d9%84%d9%85%d9%82%d8%b7%d8%b9-%d9%8a%d8%b9%d9%88%d8%af-%d9%84%d8%b9%d8%a7%d9%85-2017%d8%8c-%d9%88%d9%84%d8%a7-%d9%8a%d8%b8%d9%87%d8%b1-%d9%85%d9%88%d9%83%d8%a8%d9%8b%d8%a7/,el primer bombardeo de la historia ejecutado por una persona trans,لأول مرة خروج مواكب لإحياء ذكرى الحسين بن علي في مصر,0,0.046699239956568946
https://www.usatoday.com/story/news/factcheck/2022/03/10/fact-check-earliest-attacks-us-capitol-date-back-19th-century/6829954001/,el primer bombardeo de la historia ejecutado por una persona trans,Left-wing activists executed the first terrorist attack at the U.S. Capitol,0,0.04837485847155754
https://www.logically.ai/factchecks/library/598f9095,el primer bombardeo de la historia ejecutado por una persona trans,Transgender people are twice as likely to be victims of crime than cis people.,0,0.032080431177446106
https://dpa-factchecking.com/germany/210113-99-05784,el primer bombardeo de la historia ejecutado por una persona trans,"Kommt so die Wahrheit ans Licht? In den sozialen Medien kursiert derzeit das Bild einer angeblich mit Impfstoff gefüllten Spritze; die Flüssigkeit gleißt im Dunkeln neongrün. Im flankierenden Post (hier archiviert) berichtet eine vermeintliche Mitarbeiterin des Bundesinstitut für Arzneimittel und Medizinprodukte (BfArM): Sie habe eine Ampulle Impfstoff aus dem Institut geschmuggelt, um ihn daheim zu analysieren. Dabei habe sie festgestellt, dass der Stoff leuchte und leicht radioaktiv sei - wahrscheinlich sei Radium enthalten.",0,0.023333333333333334
https://fakenews.pl/spoleczenstwo/nie-transseksualny-czlowiek-jelen-nie-zostal-postrzelony-przez-mysliwych/,el primer bombardeo de la historia ejecutado por una persona trans,Transseksualny człowiek-jeleń pomylony ze zwierzyną i postrzelony.,0,0.00704315886134068
https://sprawdzam.afp.com/doc.afp.com.32BA2U6,el primer bombardeo de la historia ejecutado por una persona trans,"Zdjęcia pokazują 18-letniego strzelca z teksańskiej szkoły podstawowej, który jest osobą transpłciową",0,0.011459282576113878
https://dpa-factchecking.com/germany/200903-99-413436,el primer bombardeo de la historia ejecutado por una persona trans,"Das «Krebsgeschwür des Genderwahns» zerfresse die Gesellschaft, tönt dieser Tage ein Facebook-Posting. Vor allem der Umgang mit trans* Personen führe zu immer neuen Possen. So wird etwa behauptet, dass auch trans* Frauen «jetzt Vorsorge für Gebärmutterhalskrebs (bekommen), den sie mangels Organ gar nicht kriegen können». Wer sein Geschlecht angleiche, erhalte außerdem eine neue Identität: Sämtliche amtliche Informationen verschwänden, «sogar die Punkte in Flensburg». Deutschland, heißt es schließlich, sei ein «Paradies solcher Spinnereien».",0,0.006666666666666667
https://fakenews.pl/blog/spoleczenstwo/sprawca-strzelaniny-w-teksasie-nie-byl-trans-kobieta/,el primer bombardeo de la historia ejecutado por una persona trans,Sprawcą strzelaniny w Teksasie jest trans kobietą.,0,0.04736452841354728
https://dabegad.com/%d8%ad%d9%82%d9%8a%d9%82%d8%a9-%d8%b5%d9%88%d8%b1%d8%a9-%d9%85%d8%b4%d8%aa%d8%a8%d9%87%d8%a9-%d9%81%d9%8a-%d8%a3%d8%ad%d8%af%d8%a7%d8%ab-%d8%a7%d9%84%d9%83%d9%86%d9%8a%d8%b3%d8%a9-%d8%a7%d9%84%d8%a8/,el primer bombardeo de la historia ejecutado por una persona trans,اول صوره للمشتبه فيها بارتكاب حادث تفجير الكاتدرائية,0,0.0033659066232356134
https://factcheck.afp.com/http%253A%252F%252Fdoc.afp.com%252F9LZ9ZX-1,el primer bombardeo de la historia ejecutado por una persona trans,Bomb explodes as Uganda buries military commander,0,0.010057448911792827
https://piaui.folha.uol.com.br/lupa/2017/05/17/dia-internacional-combate-homofobia-transfobia-gay/,el primer bombardeo de la historia ejecutado por una persona trans,A maioria dos LGBT assassinados em 2016 era travesti,0,0.003467624525586427
https://maldita.es/malditobulo/20210412/pablo-iglesias-tuiteado-mensaje-muerte-fundadores-eta-montaje/,iglesias homenajea en twitter al fundador de eta,Tuit de Pablo Iglesias homenajeando a uno de los fundadores de ETA,1,0.5866666666666667
https://factual.afp.com/el-tuit-de-pesame-por-la-muerte-de-un-fundador-de-eta-es-de-arnaldo-otegi-no-de-pablo-iglesias,iglesias homenajea en twitter al fundador de eta,El español Pablo Iglesias tuiteó un mensaje de condolencias por la muerte del fundador de ETA Julen Madariaga,1,0.8333333333333334
https://lupa.uol.com.br/jornalismo/2016/11/07/eleicoes-eua-os-erros-de-donald-trump-durante-a-campanha-americana,iglesias homenajea en twitter al fundador de eta,"Ele [Barack Obama] é o fundador do ISIS [Estado Islâmico], e eu diria que a co-fundadora é a Hillary Clinton",0,0.0033659066232356134
https://www.newtral.es/bulo-pele-maradona-tumba-visita-montaje/20201204/,iglesias homenajea en twitter al fundador de eta,Una imagen llena de tristeza. Maradona se fue y su máximo rival Pelé lo homenajea en su tumba,0,0.023333333333333334
https://maldita.es/malditobulo/20210405/escrache-pablo-iglesias-complutense-coslada-extrema-izquierda/,iglesias homenajea en twitter al fundador de eta,el del Ataque a Pablo Iglesias de Bastión Frontal es el mismo que el del escrache de Frente Obrero a Iglesias en la Universidad Complutense,0,0.0
https://colombiacheck.com/chequeos/falso-petro-no-dijo-que-si-gana-expulsara-las-iglesias,iglesias homenajea en twitter al fundador de eta,Petro dijo que expulsaría a las iglesias,0,0.016666666666666666
https://www.newtral.es/pablo-iglesias-director-informativos-consejo-administracion-rtve/20200116/,iglesias homenajea en twitter al fundador de eta,Pablo Iglesias tiene RTVE «bajo su control»,0,0.0
https://www.newtral.es/el-video-viral-de-un-hombre-que-se-desnuda-en-un-altar-se-grabo-en-una-iglesia-de-mexico-y-no-en-malaga/20191212/,iglesias homenajea en twitter al fundador de eta,Hombre que se desnuda en un altar de una iglesia en Málaga,0,0.01
https://maldita.es/malditobulo/2020/06/19/video-torre-eiffel-espectaculo-luces-homenaje-victimas-covid-19/,iglesias homenajea en twitter al fundador de eta,La Torre Eiffel homenajea a las víctimas de COVID-19 con un espectáculo de luces,0,0.0
https://maldita.es/malditobulo/pedro-sanchez-falcon-ii-pablo-iglesias-vicepresidente,iglesias homenajea en twitter al fundador de eta,Pedro Sánchez ha hecho entrega a Pablo Iglesias del Falcon II,0,0.0
https://maldita.es/malditobulo/20200306/hogar-social-madrid-escrache-pablo-iglesias-ucm-complutense/,iglesias homenajea en twitter al fundador de eta,Hogar Social Madrid haciendo un escrache a Pablo Iglesias,0,0.0
https://www.newtral.es/fake-pablo-iglesias-no-ha-participado-en-estas-cacerias/20181130/,iglesias homenajea en twitter al fundador de eta,Pablo Iglesias participa en estas cacerías ,0,0.006666666666666667
https://www.newtral.es/no-hay-pruebas-de-que-pablo-iglesias-dijera-que-el-odio-es-la-base-del-comunismo/20200221/,iglesias homenajea en twitter al fundador de eta,Pablo Iglesias ha dicho que “el odio es la base del comunismo”,0,0.0033333333333333335
https://www.newtral.es/la-foto-falsa-de-pablo-iglesias-pegando-carteles-de-hugo-chavez/20190520/,iglesias homenajea en twitter al fundador de eta,La foto de Pablo Iglesias pegando carteles de Hugo Chávez,0,0.0033333333333333335
https://factual.afp.com/en-washington-militares-de-eeuu-rindieron-homenaje-san-martin-en-su-natalicio-pero-en-2014,iglesias homenajea en twitter al fundador de eta,Todos los años las fuerzas armadas de EEUU rinden homenaje a San Martín,0,3.257328990228013e-05
https://www.fastcheck.cl/2020/10/21/iglesia-de-la-asuncion-fue-centro-de-tortura-hasta-1982-impreciso/,iglesias homenajea en twitter al fundador de eta,“IGLESIA DE LA ASUNCIÓN: FUE CENTRO DE TORTURA HASTA 1982”,0,0.0
https://cekfakta.com/focus/6189,iglesias homenajea en twitter al fundador de eta,“Julio Iglesias meninggal karena covid19”,0,0.006666666666666667
https://factual.afp.com/no-hay-registro-de-que-el-politico-espanol-iglesias-tuiteara-ojala-una-bomba-ahora-en-colon,iglesias homenajea en twitter al fundador de eta,"Pablo Iglesias tuiteó ""ojalá una bomba ahora en Colón""",0,0.00013432304302343697
https://www.newtral.es/el-falso-tuit-de-pablo-iglesias-sobre-la-manifestacion-en-colon/20190221/,iglesias homenajea en twitter al fundador de eta,El tuit de Pablo Iglesias sobre la manifestación en Colón,0,6.802721088435374e-05
https://maldita.es/malditobulo/20211015/ministerio-universidades-oficina-proyectos-enchufar-pablo-iglesias/,pablo iglesias compra pan en un coche oficial,El Ministerio de Universidades creará una oficina de proyectos para &quot;enchufar&quot; a Pablo Iglesias,0,0.0034630265631320537
https://www.newtral.es/pablo-iglesias-director-informativos-consejo-administracion-rtve/20200116/,pablo iglesias compra pan en un coche oficial,Pablo Iglesias tiene RTVE «bajo su control»,0,0.00017367447771637464
https://www.newtral.es/fake-pablo-iglesias-no-ha-participado-en-estas-cacerias/20181130/,pablo iglesias compra pan en un coche oficial,Pablo Iglesias participa en estas cacerías ,0,0.09333333333333334
https://www.newtral.es/no-hay-pruebas-de-que-pablo-iglesias-dijera-que-el-odio-es-la-base-del-comunismo/20200221/,pablo iglesias compra pan en un coche oficial,Pablo Iglesias ha dicho que “el odio es la base del comunismo”,0,0.0
https://factual.afp.com/no-hay-registro-de-que-el-politico-espanol-iglesias-tuiteara-ojala-una-bomba-ahora-en-colon,pablo iglesias compra pan en un coche oficial,"Pablo Iglesias tuiteó ""ojalá una bomba ahora en Colón""",0,0.006994647648614825
https://maldita.es/malditobulo/20210405/escrache-pablo-iglesias-complutense-coslada-extrema-izquierda/,pablo iglesias compra pan en un coche oficial,el del Ataque a Pablo Iglesias de Bastión Frontal es el mismo que el del escrache de Frente Obrero a Iglesias en la Universidad Complutense,0,6.802721088435374e-05
https://maldita.es/malditobulo/20210410/pablo-iglesias-120000-ano-cargo-vicepresidente-indemnizacion-millonaria-boe-cese/,pablo iglesias compra pan en un coche oficial,&quot;[Pablo Iglesias] ha dimitido pero oficialmente lo han cesado para que durante dos años cobre un sueldo de 120.000 € al año más una indemnización millonaria&quot;,0,0.04894152118678797
https://www.newtral.es/bulo-pablo-iglesias-indemnizacion-dimitir-cesado/20210404/,pablo iglesias compra pan en un coche oficial,"""[Pablo Iglesias] ha dimitido pero oficialmente lo han cesado para que durante dos años cobre un sueldo de 120.000 € al año más una indemnización millonaria""",0,0.010668042811371688
https://www.newtral.es/pablo-iglesias-no-llama-a-lanzar-cocteles-molotov-a-la-guardia-civil-el-discurso-es-antiguo-y-es-una-satira/20190502/,pablo iglesias compra pan en un coche oficial,Pablo Iglesias llama a lanzar cócteles molotov a la Guardia Civil,0,0.013401360544217686
https://www.newtral.es/el-falso-tuit-de-pablo-iglesias-sobre-la-manifestacion-en-colon/20190221/,pablo iglesias compra pan en un coche oficial,El tuit de Pablo Iglesias sobre la manifestación en Colón,0,0.0
https://www.newtral.es/bulo-pablo-iglesias-peru/20210513/,pablo iglesias compra pan en un coche oficial,Reunión de Pedro Castillo con Pablo Iglesias en Perú el 12 de mayo,0,0.01
https://maldita.es/malditobulo/20201006/pablo-iglesias-besa-tania-sanchez-foto/,pablo iglesias compra pan en un coche oficial,Pablo Iglesias besando a su amante. A ver si lo echan de casa,0,0.013401360544217686
https://maldita.es/malditobulo/20210323/piedad-cordoba-foto-pablo-iglesias-narcotraficante/,pablo iglesias compra pan en un coche oficial,Pablo Iglesias cenando con la narcotraficante Piedad Córdoba.,0,0.04666666666666667
https://factual.afp.com/no-esta-fotografia-de-nicolas-maduro-y-pablo-iglesias-no-es-real-sino-un-montaje,pablo iglesias compra pan en un coche oficial,Pablo Iglesias de Podemos saluda a Nicolás Maduro,0,0.00020235025390779072
https://maldita.es/malditobulo/20210331/grupo-neonazis-pablo-iglesias-coslada-antiguos-votantes/,pablo iglesias compra pan en un coche oficial,Los que atacaron a Pablo Iglesias en Coslada son los que lo votaron y es un montaje,0,6.802721088435374e-05
https://www.rtve.es/noticias/20220818/presupuestos-igualdad-sanidad-educacion/2396880.shtml,igualdad tiene más presupuesto que sanidad y educación,El presupuesto del Ministerio de Igualdad es más alto que los de Sanidad y Educación,1,0.9833333333333333
https://www.newtral.es/20-000-millones-igualdad/20220315/,igualdad tiene más presupuesto que sanidad y educación,"El presupuesto del Ministerio de Igualdad en 2022 es de más de 20.000 millones de euros, tres o cuatro veces más que Sanidad o Educación.",1,0.9366666666666666
https://chequeado.com/ultimas-noticias/tolosa-paz-la-ciudad-que-gobierna-santilli-ajusta-ano-tras-ano-el-presupuesto-de-educacion/,igualdad tiene más presupuesto que sanidad y educación,La Ciudad que gobierna Santilli ajusta año tras año el presupuesto de Educación,0,0.00015582841936752302
https://chequeado.com/ultimas-noticias/urtubey-salta-esta-entre-las-provincias-que-mas-presupuesto-destina-a-educacion-pero-de-las-que-menos-invierte-por-alumno/,igualdad tiene más presupuesto que sanidad y educación,"Salta está entre las provincias que más presupuesto destina a Educación, pero de las que menos invierte por alumno",0,0.042222222222222223
https://chequeado.com/ultimas-noticias/fernandez-si-a-usted-le-preocupa-la-igualdad-de-genero-ocupese-de-que-el-presupuesto-se-ejecute-adecuadamente-porque-hasta-aca-solo-ejecutaron-el-10-de-ese-presupuesto/,igualdad tiene más presupuesto que sanidad y educación,Si a usted le preocupa la igualdad de género ocúpese de que el presupuesto se ejecute adecuadamente porque hasta acá solo ejecutaron el 10% de ese presupuesto,0,0.026787709497206703
https://chequeado.com/ultimas-noticias/pino/,igualdad tiene más presupuesto que sanidad y educación,"Macri sólo ejecutó el 22% del presupuesto para viviendas, el 16% de hospitales y el 60% de educación",0,0.02352932239527114
https://www.newtral.es/alvarez-de-toledo-madrid-esta-destinando-el-mayor-presupuesto-de-su-historia-a-sanidad/20200327/,igualdad tiene más presupuesto que sanidad y educación,Madrid está destinando el mayor presupuesto de su historia a Sanidad,0,0.006666666666666667
https://www.newtral.es/presupuesto-educacion-catalunya-factcheck/20220616/,igualdad tiene más presupuesto que sanidad y educación,"“Tenemos un mismo objetivo, que es la mejora de la educación del país, y nosotros lo hemos demostrado, insisto, con un presupuesto que ha tenido el incremento más grande de la historia en ámbito educativo”",0,0.06333333333333334
https://www.newtral.es/factcheck-ana-pastor-presupuesto-sanidad-cataluna/20210206/,igualdad tiene más presupuesto que sanidad y educación,"“De los más de 27.000 millones del presupuesto de Cataluña, a Sanidad sólo se destina menos de un 6%”",0,0.03337349397590361
https://www.newtral.es/santiago-abascal-queremos-devolver-al-estado-las-competencias-en-sanidad-educacion-y-justicia/20181205/,igualdad tiene más presupuesto que sanidad y educación,"Queremos devolver al Estado las competencias en sanidad, educación y justicia",0,0.01343614613304517
https://www.newtral.es/presupuesto-sanidad-aragon-factcheck/20220315/,igualdad tiene más presupuesto que sanidad y educación,"“En Aragón, el PP redujo el presupuesto de sanidad un 13,25%. El PSOE lo ha aumentado un 40,41%. En 2022, me comprometo a que no habrá ningún recorte”",0,0.08
https://chequeado.com/ultimas-noticias/massa-tigre-tenia-0-de-presupuesto-en-seguridad-municipal-y-paso-a-tener-145-del-presupuesto/,igualdad tiene más presupuesto que sanidad y educación,"Tigre tenía 0% de presupuesto en seguridad municipal y pasó a tener 14,5% del presupuesto",0,9.762900976290097e-05
https://www.verificat.cat/es/fact-check/el-presupuesto-de-educacion-de-cataluna-en-2022-ha-tenido-el-mayor-incremento-en-valores-absolutos-pero-es-el-noveno-en-terminos-porcentuales,igualdad tiene más presupuesto que sanidad y educación,El presupuesto de Catalunya para 2022 ha tenido el incremento más grande de la historia en ámbito educativo,0,0.0069201240957970905
https://chequeado.com/ultimas-noticias/vidal-el-presupuesto-que-se-destina-a-salud-es-el-20-del-total/,igualdad tiene más presupuesto que sanidad y educación,El presupuesto que se destina a salud es el 20% del total,0,0.04666666666666667
https://www.newtral.es/fact-check-presupuesto-sanidad-madrid-ignacio-aguado/20201217/,igualdad tiene más presupuesto que sanidad y educación,"“Desde que Ciudadanos está en la Comunidad de Madrid, en el Parlamento y ahora en el Gobierno, el presupuesto de la Sanidad Pública de la Comunidad de Madrid ha crecido más de un 30%”.",0,0.06666666666666667
https://chequeado.com/ultimas-noticias/trotta-el-presupuesto-educativo-2021-representa-el-crecimiento-de-inversion-educativa-interanual-mas-importante-de-la-historia-argentina/,igualdad tiene más presupuesto que sanidad y educación,El presupuesto educativo 2021 representa el crecimiento de inversión educativa interanual más importante de la historia argentina,0,0.0
https://chequeado.com/ultimas-noticias/stanley-el-gasto-social-en-la-nacion-es-mas-del-75-del-presupuesto/,igualdad tiene más presupuesto que sanidad y educación,El gasto social en la Nación es más del 75% del presupuesto,0,0.01688645979516019
https://www.bufale.net/il-diesel-costa-di-piu-della-benzina-economisti-da-social-allassalto/,el diesel en gibraltar es 70 cent mas barato que en españa,"Il diesel è un prodotto di scarto, quindi il prezzo non dovrebbe aumentare",0,0.1460586791610888
https://poligrafo.sapo.pt/fact-check/publicacao-e-falsa-portugal-nao-foi-o-pais-em-que-o-preco-dos-combustiveis-mais-subiu,el diesel en gibraltar es 70 cent mas barato que en españa,Portugal foi o país em que o preço dos combustíveis mais subiu,0,0.0371002094972067
https://poligrafo.sapo.pt/fact-check/europa-ja-importou-mais-de-86-mil-milhoes-de-euros-em-combustiveis-fosseis-da-russia-desde-o-inicio-da-guerra,el diesel en gibraltar es 70 cent mas barato que en españa,Europa já importou mais de 86 mil milhões de euros em combustíveis fósseis da Rússia desde o início da guerra.,0,0.030393173895486805
https://politica.estadao.com.br/blogs/estadao-verifica/postagem-viral-faz-comparacao-enganosa-entre-precos-da-gasolina-no-brasil-e-em-paises-europeus/,el diesel en gibraltar es 70 cent mas barato que en españa,Gasolina no Brasil é mais barata do que na Europa,0,0.30333333333333334
https://www.newtral.es/imagen-precios-gasolinera-gibraltar-bulo/20210630/,el diesel en gibraltar es 70 cent mas barato que en españa,"Sólo para tener la noción de lo que nos están haciendo... imagen de una gasolinera tomada ayer en Gibraltar. Compartid (precios: Diésel 0,748€/litro, gasolina 95: 0,917€/litro)",1,0.9293333333333333
https://www.aosfatos.org/noticias/posto-da-petrobras-no-paraguai-nao-vende-gasolina-a-r-262-video-e-de-2018/,el diesel en gibraltar es 70 cent mas barato que en españa,"Posto da Petrobras vende gasolina a R$ 2,62 no Paraguai",0,0.050675438596491235
https://www.thequint.com/news/webqoof/old-clip-of-petrol-pump-vandalised-viral-as-effect-of-rising-petrol-prices-fact-check,el diesel en gibraltar es 70 cent mas barato que en españa,Angry mob vandalised petrol pump over rising petrol and diesel prices,0,0.011584035532719073
https://verifica.efe.com/finlandia-no-encarcelo-a-28-periodistas-por-difundir-falsedades/,finlandia encarcela a 28 periodistas por difundir informacion falsa,Finlandia ha encarcelado a 28 periodistas por difundir fake news tras aprobar una nueva ley de medios.,1,0.98
https://factual.afp.com/http%253A%252F%252Fdoc.afp.com%252F9TD3BM-1,finlandia encarcela a 28 periodistas por difundir informacion falsa,"Finlandia aprobó ley de medios, 28 periodistas presos por falsas denuncias",1,0.9926666666666667
https://poligrafo.sapo.pt/fact-check/finlandia-nao-aprovou-lei-que-permite-a-prisao-de-jornalistas-que-realizem-alegacoes-falsas,finlandia encarcela a 28 periodistas por difundir informacion falsa,"Finlândia aprovou lei que permite a prisão de jornalistas que realizem ""alegações falsas""",1,0.96
https://factual.afp.com/doc.afp.com.32AY4JN,finlandia encarcela a 28 periodistas por difundir informacion falsa,Finlandia aprobó ley de medios que permite encarcelar a periodistas,1,0.9233333333333333
https://www.newtral.es/bulo-periodistas-encarcelados-finlandia-fake-news/20210608/,finlandia encarcela a 28 periodistas por difundir informacion falsa,Finlandia aprobó una ley de medios y va preso el primer periodista que con fake news perjudicó al estado en beneficio de las multinacionales,1,0.9433333333333334
https://factual.afp.com/http%253A%252F%252Fdoc.afp.com%252F9TB3UF-1,finlandia encarcela a 28 periodistas por difundir informacion falsa,Finlandia aprobó ley de medios y va preso primer periodista por fake news,1,0.8033333333333333
https://dabegad.com/%d8%ad%d9%82%d9%8a%d9%82%d8%a9-%d8%b5%d9%88%d8%b1-%d8%a7%d9%84%d9%82%d8%a8%d8%b6-%d8%b9%d9%84%d9%89-%d8%b5%d8%ad%d9%81%d9%8a%d9%8a%d9%86-%d9%85%d9%86-%d8%ac%d8%b1%d9%8a%d8%af%d8%a9-%d8%b2%d9%85%d8%a7/,finlandia encarcela a 28 periodistas por difundir informacion falsa,الصورة أثناء إغلاق صحيفة زمان التركية المعارضة والقبض على صحفييهاهم فين بتوع حموم النسناس ، لسانهم اتقطع ولا اتعموا في عنيهم,0,0.026724115578459492
https://verifica.efe.com/periodista-television-rusia-cuentas-falsas-twitter/,finlandia encarcela a 28 periodistas por difundir informacion falsa,La periodista Marina Ovsianikova publicó en redes sociales mensajes críticos tras su detención por irrumpir en un informativo de televisión con un cartel de rechazo a la invasión de Ucrania.   ,0,0.03006802721088435
https://www.politifact.com/factchecks/2021/aug/17/viral-image/fake-news-accounts-spread-false-information-about-/,finlandia encarcela a 28 periodistas por difundir informacion falsa,"Says CNN and other news organizations tweeted that a journalist was executed in Kabul by Taliban fighters.
",0,0.003643684401013391
https://www.newtral.es/funcionario-prisiones-asegura-urdangarin-no-esta-en-la-carcel/20191007/,finlandia encarcela a 28 periodistas por difundir informacion falsa,El comunicado que asegura que Urdangarín no está en la cárcel,0,0.06676429567642957
https://www.boomlive.in/fake-news/fake-journalists-detained-in-mangaluru-media-misreports-protest-6361,finlandia encarcela a 28 periodistas por difundir informacion falsa,Mangalore police arrest 50 fake journalists from Kerala,0,0.021043736670572254
https://lupa.uol.com.br/jornalismo/2019/08/13/verificamos-jornalista-araraquara,finlandia encarcela a 28 periodistas por difundir informacion falsa,"A demissão do jornalista é uma clara retaliação pelas reportagens do jovem jornalista que desmontou a versão do Hacker Walter Delgatti Neto, o Vermelho",0,0.04873055984461985
https://dabegad.com/%d8%ad%d9%82%d9%8a%d9%82%d8%a9-%d8%aa%d8%b6%d8%a7%d9%85%d9%86-%d8%a7%d9%84%d8%b5%d8%ad%d9%81%d9%8a%d9%8a%d9%86-%d8%a7%d9%84%d8%a7%d8%ac%d8%a7%d9%86%d8%a8-%d9%85%d8%b9-%d9%86%d9%82%d8%a7%d8%a8%d8%a9/,finlandia encarcela a 28 periodistas por difundir informacion falsa,صورة لصحفيين عالميين يدعمون اعتصام نقابة الصحفيين,0,0.3208063748244424
https://colombiacheck.com/chequeos/hijo-de-biden-no-es-el-actual-director-de-una-empresa-de-gas-en-ucrania,hunter biden dirige burisma empresa gas ucraniana,"Hijo del presidente Biden, director de empresa privada de gas en Ucrania",1,0.9066666666666666
https://www.polygraph.info/a/gazprom-russia-eu-antitrust-investigation/6741605.html,hunter biden dirige burisma empresa gas ucraniana,"”When Gazprom’s consumers send us a request for gas offtake, they can be absolutely sure that they will receive that gas at the delivery point, right on time and in the amount agreed upon between the parties.”",0,0.012628151431048708
https://www.polygraph.info/a/gazprom-russia-eu-antitrust-investigation/28523245.html,hunter biden dirige burisma empresa gas ucraniana,"”When Gazprom’s consumers send us a request for gas offtake, they can be absolutely sure that they will receive that gas at the delivery point, right on time and in the amount agreed upon between the parties.”",0,0.016405740565174343
https://www.politifact.com/truth-o-meter/statements/2019/may/07/viral-image/fact-checking-joe-biden-hunter-biden-and-ukraine/,hunter biden dirige burisma empresa gas ucraniana,"When Joe Biden’s son Hunter was serving as ""a director to Ukraine’s largest private gas producer,"" the elder Biden ""threatened to withhold $1 BILLION in U.S. aid to Ukraine if they didn’t fire a prosecutor looking into"" the gas company.",1,0.87
https://www.politifact.com/factchecks/2019/may/07/viral-image/fact-checking-joe-biden-hunter-biden-and-ukraine/,hunter biden dirige burisma empresa gas ucraniana,"When Joe Biden’s son Hunter was serving as ""a director to Ukraine’s largest private gas producer,"" the elder Biden ""threatened to withhold $1 BILLION in U.S. aid to Ukraine if they didn’t fire a prosecutor looking into"" the gas company.",1,0.9033333333333333
https://leadstories.com/hoax-alert/2021/02/fact-check-hunter-biden-does-not-work-for-a-foreign-oil-company.html,hunter biden dirige burisma empresa gas ucraniana,Hunter Biden works for a foreign oil company.,1,0.8533333333333334
https://leadstories.com/hoax-alert/2021/10/fact-check-hunter-biden-was-not-hanged-at-gitmo.html,hunter biden dirige burisma empresa gas ucraniana,Hunter Biden Hanged at GITMO,0,0.028178051344971613
https://www.polygraph.info/a/fact-check-china-greenhouse-gas-coal/31534231.html,hunter biden dirige burisma empresa gas ucraniana,“Greenhouse gas emissions have effectively been put under control in 2020. China’s carbon emission intensity reduced by 18.8 percent … basically reversing the rapid growth of CO2 emissions.”,0,0.006882018479033404
https://www.polygraph.info/a/fact-check-china-greenhouse-gas-coal/6743177.html,hunter biden dirige burisma empresa gas ucraniana,“Greenhouse gas emissions have effectively been put under control in 2020. China’s carbon emission intensity reduced by 18.8 percent … basically reversing the rapid growth of CO2 emissions.”,0,0.016691542288557213
https://www.polygraph.info/a/factcheck-china-greenhouse-gases/31519706.html,hunter biden dirige burisma empresa gas ucraniana,“[T]he largest emitter in cumulative terms is the U.S. Climate change is the result of cumulative emissions of greenhouse gases.”,0,0.004
https://www.newsweek.com/fact-check-do-screengrabs-prove-google-censored-hunter-biden-icloud-leaks-1723463,hunter biden dirige burisma empresa gas ucraniana,Screengrabs prove Google censored Hunter Biden iCloud leaks,0,0.006666666666666667
https://www.polygraph.info/a/factcheck-china-greenhouse-gases/6743168.html,hunter biden dirige burisma empresa gas ucraniana,“[T]he largest emitter in cumulative terms is the U.S. Climate change is the result of cumulative emissions of greenhouse gases.”,0,0.007333333333333334
https://www.usatoday.com/story/news/factcheck/2021/09/09/fact-check-hugh-culverhouse-jr-doesnt-own-tampa-bay-bucs/5701455001/,hunter biden dirige burisma empresa gas ucraniana,Buccaneers owner paid for ad criticizing Biden's handling of Afghanistan,0,0.010654986252001177
https://fatabyyano.net/%d9%87%d8%b0%d9%87-%d8%a7%d9%84%d8%b5%d9%88%d8%b1%d8%a9-%d9%84%d8%a5%d8%b4%d8%b9%d8%a7%d9%84-%d9%85%d9%88%d9%82%d8%af-%d8%a7%d9%84%d8%ba%d8%a7%d8%b2-%d9%84%d8%b4%d9%87%d8%b1-%d9%83%d8%a7%d9%85%d9%84/,hunter biden dirige burisma empresa gas ucraniana,مواطن جزائري يشعل الغاز في منزله لشهر كامل دون إنقطاع يغيظ به الموغريب ببث مباشر,0,0.0066992399565689465
https://efectococuyo.com/cocuyo-chequea/reino-unido-suspendio-vacunacion-covid-19-falso/,Reino Unido detiene la vacunación contra la covid en niños,Reino Unido suspendió la vacunación contra COVID-19 en los niños por ser tremendamente peligrosa,1,0.97
https://www.newtral.es/reino-unido-vacuna-ninos-covid/20221005/,Reino Unido detiene la vacunación contra la covid en niños,Reino Unido ha detenido la vacunación contra la covid en niños de 5 a 11 años por un aumento de muertes en este grupo de población. ,1,0.9933333333333333
https://factcheck.afp.com/doc.afp.com.32JN4VX-1,Reino Unido detiene la vacunación contra la covid en niños,UK government banned Covid vaccine for children age 5-11,1,0.7666666666666667
https://www.thip.media/health-news-fact-check/fact-check-will-kids-in-the-uk-no-longer-offered-covid-vaccines/35484/,Reino Unido detiene la vacunación contra la covid en niños,Children in the UK no longer be jabbed with COVID vaccines,1,0.93
https://factual.afp.com/doc.afp.com.9X39EG,Reino Unido detiene la vacunación contra la covid en niños,La vacunación en Reino Unido está bajo investigación criminal,0,0.33666666666666667
https://www.rtve.es/noticias/20220830/reino-unido-recomienda-vacunacion-embarazadas/2399199.shtml,Reino Unido detiene la vacunación contra la covid en niños,El Reino Unido no recomiende la vacunación contra la COVID-19 a embarazadas,0,0.21666666666666667
https://politica.estadao.com.br/blogs/estadao-verifica/vacina-covid-reino-unido-criancas/,Reino Unido detiene la vacunación contra la covid en niños,Vacinas contra a covid-19 provocaram mortes de crianças no Reino Unido,1,0.9166666666666666
https://www.liberation.fr/checknews/y-a-t-il-eu-9-enfants-morts-apres-vaccination-aux-etats-unis-20210507_MVQRCHUWFFGCLFXMYNS2BW3624/,Reino Unido detiene la vacunación contra la covid en niños,Neuf enfants seraient morts à cause de la vaccination anti-covid aux Etats-Unis,1,0.6181974095960988
https://colombiacheck.com/chequeos/cifras-sobre-muertes-de-vacunados-por-covid-en-reino-unido-son-sacadas-de-contexto,Reino Unido detiene la vacunación contra la covid en niños,9 de cada 10 vacunados contra covid-19 mueren en Reino Unido,0,0.11666666666666667
https://factuel.afp.com/doc.afp.com.32EG2WG,Reino Unido detiene la vacunación contra la covid en niños,Des bébés nés sans immunité en Australie en lien avec la vaccination Covid,0,0.008631142701398406
https://fullfact.org/health/covid-vaccine-children-5-11/,Reino Unido detiene la vacunación contra la covid en niños,The UK has banned the Covid-19 vaccine for children under 12.,1,0.9133333333333333
https://factual.afp.com/doc.afp.com.32J943P,Reino Unido detiene la vacunación contra la covid en niños,Reino Unido cambió la guía de vacunación contra el #COVID19 y ya no recomienda la inmunización en embarazadas.,0,0.2733333333333333
https://factual.afp.com/doc.afp.com.9XQ8R6,Reino Unido detiene la vacunación contra la covid en niños,Reino Unido admite que los vacunados tienen dañado sistema inmune,0,0.15333333333333332
https://factual.afp.com/doc.afp.com.32FL9LE,Reino Unido detiene la vacunación contra la covid en niños,"Las vacunas anticovid son ineficientes, según cifras británicas",0,0.13
https://www.aap.com.au/factcheck/viral-post-about-uk-vaccine-program-for-kids-is-false/,Reino Unido detiene la vacunación contra la covid en niños,Children in the UK aged five to 11 will no longer be offered COVID-19 vaccines due to concerns about developmental side effects.,1,0.8966666666666666
https://colombiacheck.com/chequeos/este-video-no-es-de-un-padre-desesperado-porque-su-hijo-murio-tras-ser-vacunado-por-covid,Reino Unido detiene la vacunación contra la covid en niños,niño muere por vacuna anti covid,0,0.06
https://maldita.es/malditobulo/20220906/reino-unido-vacuna-covid-embarazadas/,Reino Unido detiene la vacunación contra la covid en niños,El gobierno del Reino Unido dice que la vacuna no es segura para las mujeres embarazadas o lactantes y no la recomienda,0,0.1536111111111111
https://facta.news/fuori-contesto/2021/03/16/non-e-vero-che-nel-regno-unito-ci-sono-502-decessi-legati-al-vaccino-anti-covid/,Reino Unido detiene la vacunación contra la covid en niños,Nel Regno Unito ci sono stati 502 morti per i vaccini anti Covid-19,0,0.04894144215022578
https://facta.news/fuori-contesto/2022/07/15/i-dati-sui-decessi-covid-in-inghilterra-non-dimostrano-che-i-vaccini-non-funzionano/,Reino Unido detiene la vacunación contra la covid en niños,"Secondo i dati dell'Ons in Inghilterra tra il 1 aprile e il 31 maggio 2022 il 94% di tutti i decessi sono vaccinati, quasi il 90% dei quali, con tre dosi. Questo significa che i vaccini non funzionano.",0,0.011228070175438596
https://www.verificat.cat/fact-check/aquest-mapa-no-mostra-les-bases-militars-de-lotan-al-voltant-de-russia,EL MAPA DE LAS BASES DE LA OTAN QUE RODEAN RUSIA NO ES REAL,Un mapa mostra que Rússia està envoltada de bases de l'OTAN,1,0.9066666666666666
https://factual.afp.com/el-video-de-leones-en-las-calles-no-muestra-una-medida-rusa-ante-el-nuevo-coronavirus-fue-filmado-en,EL MAPA DE LAS BASES DE LA OTAN QUE RODEAN RUSIA NO ES REAL,GOBIERNO RUSO LIBERA LEONES POR RUSIA PARA MANTENER LA CUARENTENA,0,0.10742746165943658
https://factuel.afp.com/doc.afp.com.326E8VB,EL MAPA DE LAS BASES DE LA OTAN QUE RODEAN RUSIA NO ES REAL,La Slovaquie a dit non à l'OTAN et s'est tournée vers la Russie,0,0.058398243900875356
https://www.polygraph.info/a/nato-isn-t-planning-to-break-up-russia/6741888.html,EL MAPA DE LAS BASES DE LA OTAN QUE RODEAN RUSIA NO ES REAL,"“The head of the Russian Lower House Committee for Eurasian Integration says the recent proposal to split Russia into several parts, voiced by a Latvian MP, is proof of NATO’s hostile plans.”",0,0.024405737644118797
https://www.polygraph.info/a/nato-isn-t-planning-to-break-up-russia/29399669.html,EL MAPA DE LAS BASES DE LA OTAN QUE RODEAN RUSIA NO ES REAL,"“The head of the Russian Lower House Committee for Eurasian Integration says the recent proposal to split Russia into several parts, voiced by a Latvian MP, is proof of NATO’s hostile plans.”",0,0.021405737644118794
https://www.polygraph.info/a/russia-beslan-echr/28443810.html,EL MAPA DE LAS BASES DE LA OTAN QUE RODEAN RUSIA NO ES REAL,"“The baselessness of such conclusions is confirmed by the results of the careful work of our investigative agencies, which reliably established the absence of any casualties as a result of the use of weapons by the security services.""",0,0.02513598673300166
https://www.polygraph.info/a/russia-beslan-echr/6741576.html,EL MAPA DE LAS BASES DE LA OTAN QUE RODEAN RUSIA NO ES REAL,"“The baselessness of such conclusions is confirmed by the results of the careful work of our investigative agencies, which reliably established the absence of any casualties as a result of the use of weapons by the security services.""",0,0.038469320066334994
https://factuel.afp.com/ar/doc.afp.com.9WN86N,EL MAPA DE LAS BASES DE LA OTAN QUE RODEAN RUSIA NO ES REAL,روسيا لا تعطي درجة صفر لطال,0,0.010308055383566193
https://factuel.afp.com/doc.afp.com.32873QN,EL MAPA DE LAS BASES DE LA OTAN QUE RODEAN RUSIA NO ES REAL,La Russie a réinstauré l'étalon-or,0,0.06175675675675676
https://verafiles.org/articles/vera-files-fact-check-russias-putin-was-not-ambushed,EL MAPA DE LAS BASES DE LA OTAN QUE RODEAN RUSIA NO ES REAL,Vladimir Putin has been ambushed and is in serious danger.,0,0.28066797326498827
https://www.polygraph.info/a/fact-check-russia-us-sanctions-markets-fact-check/29564211.html,EL MAPA DE LAS BASES DE LA OTAN QUE RODEAN RUSIA NO ES REAL,“The U.S. president’s National Security Adviser John Bolton stated on Wednesday at a press conference in Baku that the United States currently has no plans to impose additional sanctions against Russia.”,0,0.027404943465169734
https://www.polygraph.info/a/fact-check-russia-us-sanctions-markets-fact-check/6741969.html,EL MAPA DE LAS BASES DE LA OTAN QUE RODEAN RUSIA NO ES REAL,“The U.S. president’s National Security Adviser John Bolton stated on Wednesday at a press conference in Baku that the United States currently has no plans to impose additional sanctions against Russia.”,0,0.016784134881149805
https://fakty.afp.com/doc.afp.com.328Z3LL,EL MAPA DE LAS BASES DE LA OTAN QUE RODEAN RUSIA NO ES REAL,Rusi zajali generála NATO Cloutiera pri Mariupole,0,0.04666666666666667
https://factual.afp.com/doc.afp.com.9X39EG,la vacunacion covid esta bajo investigacion penal en reino unido,La vacunación en Reino Unido está bajo investigación criminal,1,0.97
https://verifica.efe.com/hospitalizados-covid-19-vacunados/,la vacunacion covid esta bajo investigacion penal en reino unido,La mayoría de hospitalizados por coronavirus están inmunizado con la pauta completa o incluso con la tercera dosis.,0,0.03673469387755102
https://maldita.es/malditobulo/20211221/vacuna-pfizer-ugur-sahin-covid-19/,la vacunacion covid esta bajo investigacion penal en reino unido,El inventor de la vacuna de Pfizer se niega a vacunarse y admite que la vacuna está todavía en un ensayo clínico,0,0.010108187853454634
https://factual.afp.com/doc.afp.com.9XQ8R6,la vacunacion covid esta bajo investigacion penal en reino unido,Reino Unido admite que los vacunados tienen dañado sistema inmune,1,0.6902777777777778
https://www.thip.media/health-news-fact-check/fact-check-does-covid-vaccine-go-into-the-bloodstream/35519/,la vacunacion covid esta bajo investigacion penal en reino unido,covid vaccine goes into the bloodstream,0,0.4166666666666667
https://factuel.afp.com/http%253A%252F%252Fdoc.afp.com%252F9PK3LZ-1,la vacunacion covid esta bajo investigacion penal en reino unido,Cette étude montre que les vaccins ne font pas baisser les cas de Covid,0,0.05237674859175318
https://factual.afp.com/http%253A%252F%252Fdoc.afp.com%252F9V872L-1,la vacunacion covid esta bajo investigacion penal en reino unido,Depósito militar de vacunas se incendió en Italia tras aprobarse la vacunación obligatoria,0,0.022343265052762257
https://factuel.afp.com/doc.afp.com.9YL3PP,la vacunacion covid esta bajo investigacion penal en reino unido,Une enquête criminelle est ouverte à Londres sur la vaccination anti-Covid,1,0.9533333333333334
https://www.aap.com.au/factcheck/smallpox-eradication-claim-denies-vaccine-evidence/,la vacunacion covid esta bajo investigacion penal en reino unido,"Health measures pioneered in Victorian England eradicated smallpox, not the vaccine.",0,0.01013358339091238
https://factcheck.afp.com/http%253A%252F%252Fdoc.afp.com%252F9JR6J2-1,la vacunacion covid esta bajo investigacion penal en reino unido,CDC admitted that vaccines are failing,0,0.013793570793483569
https://factual.afp.com/doc.afp.com.32FL9LE,la vacunacion covid esta bajo investigacion penal en reino unido,"Las vacunas anticovid son ineficientes, según cifras británicas",0,0.10666666666666667
https://leadstories.com/hoax-alert/2021/10/fact-check--supreme-court-has-not-ruled-that-the-covid-19-pathogen-is-not-a-vaccine-is-unsafe-and-must-be-avoided.html,la vacunacion covid esta bajo investigacion penal en reino unido,The Supreme Court In The Us Has Ruled That The Covid Pathogen Is Not A Vaccine,0,0.03333333333333333
https://leadstories.com/hoax-alert/2021/09/fact-check-the-supreme-court-did-not-rule-that-the-covid-vaccine-is-unsafe.html,la vacunacion covid esta bajo investigacion penal en reino unido,The Supreme Court In The Us Has Ruled That The Covid Pathogen Is Not A Vaccine,0,0.08
https://www.newtral.es/bulo-vacuna-arn-mensajero-martin-mikovits/20210203/,la vacunacion covid esta bajo investigacion penal en reino unido,La vacuna COVID de ARNm no es una vacuna,0,0.023333333333333334
https://fullfact.org/health/january-2022-expose-vaccinated-covid/,la vacunacion covid esta bajo investigacion penal en reino unido,The latest data from the UKHSA appears to show Covid-19 vaccines do not prevent hospitalisation or death from the disease.,0,0.507962962962963
https://factuel.afp.com/le-coronavirus-les-tests-de-vaccins-et-lafrique-ou-en-est,la vacunacion covid esta bajo investigacion penal en reino unido,Des nouveaux vaccins contre le coronavirus vont être testés en Afrique,0,0.0632154131538034
https://www.rtve.es/noticias/20220905/supremo-eeuu-no-da-razon-antivacunas/2400754.shtml,la vacunacion covid esta bajo investigacion penal en reino unido,El Tribunal Supremo de EE.UU. ha dicho que las vacunas contra la COVID-19 no son vacunas,0,0.06333333333333334
https://www.thip.media/health-news-fact-check/fact-check-was-animal-testing-skipped-for-covid-vaccines/33769/,la vacunacion covid esta bajo investigacion penal en reino unido,Animal testing was skipped for Covid vaccines,0,0.06376205442293528
https://facta.news/fuori-contesto/2022/02/16/la-foto-della-ragazza-in-autobus-con-un-fucile-non-centra-con-lucraina/,LA FOTO DE UNA CHICA CON UN ARMA EN UN BUS ucrania,"Ragazza ucraina con AK47 nella borsa in attesa delle truppe russe, prende serenamente l'autobus di ritorno dall'estetista. Unghie fantastiche #terzaguerramondiale #Ucraina",1,0.9533333333333334
https://newsmobile.in/articles/2021/08/21/fact-check-old-picture-of-a-child-crying-from-gaza-falsely-linked-to-afghanistan/,LA FOTO DE UNA CHICA CON UN ARMA EN UN BUS ucrania,Picture of a crying girl from Afghanistan,0,0.03741376168575889
https://factuel.afp.com/doc.afp.com.324U9XQ,LA FOTO DE UNA CHICA CON UN ARMA EN UN BUS ucrania,Une photo de la Première dame ukrainienne ayant fui la guerre à Nice,0,0.14725067246016968
https://defacto-observatoire.fr/Medias/Factuel/Fact-checks/Non-cette-photo-ne-montre-pas-la-femme-de-Volodymyr-Zelensky-a-Nice-apres-avoir-fui-l-Ukraine/,LA FOTO DE UNA CHICA CON UN ARMA EN UN BUS ucrania,Une photo de la Première dame ukrainienne ayant fui la guerre à Nice,0,0.38424965059399024
https://facta.news/immagine-modificata/2022/02/28/questa-foto-del-presidente-ucraiano-zelensky-e-falsa/,LA FOTO DE UNA CHICA CON UN ARMA EN UN BUS ucrania,La foto del presidente ucraino con una maglio di calcio con la svastica,0,0.2737488088431485
https://factual.afp.com/doc.afp.com.324G3XE,LA FOTO DE UNA CHICA CON UN ARMA EN UN BUS ucrania,Volodomir Zelenski sostuvo una camiseta con una esvástica,0,0.14333333333333334
https://www.thequint.com/news/webqoof/altered-photo-of-women-being-chained-shared-amid-afghanistan-crisis-fact-check,LA FOTO DE UNA CHICA CON UN ARMA EN UN BUS ucrania,Comparitive image shows Afghanistan in 1960 and now in 2021.,0,0.020528829383173297
https://newschecker.in/fact-check/old-photos-of-women-ukrainian-soldiers-shared-as-new/,LA FOTO DE UNA CHICA CON UN ARMA EN UN BUS ucrania,Recent images of women fighting in the Ukrainian military against the invasion by Russia,0,0.05433964350119882
https://www.boomlive.in/fact-check/morphed-image-from-iraq-shared-as-taliban-chaining-afghan-women-afghanistan-14390,LA FOTO DE UNA CHICA CON UN ARMA EN UN BUS ucrania,Image shows chain tied to women walking on the street by Taliban in Afghanistan,0,0.003466916724245714
https://www.usatoday.com/story/news/factcheck/2022/02/28/fact-check-ukraine-first-lady-olena-zelenska-not-shown-viral-photo/6976620001/,LA FOTO DE UNA CHICA CON UN ARMA EN UN BUS ucrania,An image shows Ukraine first lady Olena Zelenska in uniform,0,0.32234358870326657
https://www.boomlive.in/image-of-a-woman-partaking-in-muharram-ritual-passed-off-as-kashmir/,LA FOTO DE UNA CHICA CON UN ARMA EN UN BUS ucrania,Image Of A Girl With Her Head Bleeding From Kashmir,0,0.021597408441925654
https://noticias.uol.com.br/confere/ultimas-noticias/2022/03/07/presidente-da-ucrania-uniforme-militar.htm,LA FOTO DE UNA CHICA CON UN ARMA EN UN BUS ucrania,"Volodymyr Zelensky, presidente da Ucrânia, está no front da guerra contra a Rússia",0,0.028596491228070176
https://newsmobile.in/articles/2021/08/29/fact-check-does-this-picture-collage-show-us-soldiers-who-lost-their-lives-in-kabul-attack-heres-the-truth/,LA FOTO DE UNA CHICA CON UN ARMA EN UN BUS ucrania,Image of US Soldiers Who Lost Their Lives In Kabul Airport Attack,0,0.050057448911792826
https://maldita.es/malditobulo/20220224/avion-llamas-ucrania/,LA FOTO DE UNA CHICA CON UN ARMA EN UN BUS ucrania,Foto de un avión siendo derribado por un misil en Ucrania en la actualidad,0,0.11364779874213837
https://fatabyyano.net/%d9%87%d8%b0%d9%87-%d8%ae%d9%84%d9%81%d9%8a%d8%a9-%d9%84%d8%b9%d8%a8%d8%a9-%d9%88%d9%84%d8%a7-%d8%b9%d9%84%d8%a7%d9%82%d8%a9-%d8%a8%d8%a7%d9%84%d8%ac%d9%8a%d8%b4-%d8%a7%d9%84%d9%85%d8%b5%d8%b1%d9%8a/,LA FOTO DE UNA CHICA CON UN ARMA EN UN BUS ucrania,صورة بارجة حربية أنت في مرمى الجيش المصري,0,0.0
https://cekfakta.com/focus/9715,LA FOTO DE UNA CHICA CON UN ARMA EN UN BUS ucrania,Foto Seorang Anak Ukraina Melempar Batu ke Tank Tentara Rusia,0,0.14111472495702454
https://www.antena3.com/noticias/mundo/video-viral-despedida-emotiva-soldados-ucranianos-sus-parejas_202203036220bac7f5e39e0001ea4f5a.html#hecho-0,despedida entre soldados ucranianos y parejas 2017,Soldados despidiéndose de sus esposas para ir a defender Ucrania,1,0.9833333333333333
https://maldita.es/malditobulo/20220301/encuentro-soldados-rusos-ucranianos-2014/,despedida entre soldados ucranianos y parejas 2017,Encuentro entre soldados rusos y ucranianos,1,0.6733333333333333
https://www.aosfatos.org/noticias/despedida-soldados-ucranianos-mulheres/,despedida entre soldados ucranianos y parejas 2017,Vídeo mostra soldados ucranianos se despedindo das esposas,1,0.9266666666666666
https://verifica.efe.com/encuentro-soldados-rusos-ucranianos-no-video-actual/,despedida entre soldados ucranianos y parejas 2017,Un vídeo muestra cómo un grupo de militares ucranianos desarmados se acerca a unos soldados rusos con fusiles de asalto durante la invasión de Ucrania.,0,0.043333333333333335
https://www.altnews.in/8-year-old-video-of-ukrainian-and-russian-soldiers-face-to-face-shared-as-recent/,despedida entre soldados ucranianos y parejas 2017,Ukrainian and Russian soldiers face to face,0,0.03358406440889087
https://www.usatoday.com/story/news/factcheck/2022/03/11/fact-check-tug-war-clip-2012-not-russian-invasion-ukraine/7000711001/,despedida entre soldados ucranianos y parejas 2017,A video shows Ukrainian and Russian soldiers playing tug-of-war,0,0.037690620782726045
https://www.politifact.com/factchecks/2022/mar/01/facebook-posts/social-posts-mislead-sharing-2017-movie-clip-ukrai/,despedida entre soldados ucranianos y parejas 2017,"Video shows Ukrainian soldiers saying goodbye to loved ones amid Russia’s 2022 invasion
",1,0.12218752298237968
https://newsmobile.in/articles/2022/03/14/fact-check-old-video-of-us-canada-military-exercise-falsely-linked-to-ukraine-russia-war/,despedida entre soldados ucranianos y parejas 2017,Vidoe shows Ukrainian and Russian soldiers competing against each other,0,0.08543375831107122
https://leadstories.com/hoax-alert/2022/03/fact-check-video-does-not-show-ukrainian-soldiers-leaving-wives-for-war-its-from-2017-documentary.html,despedida entre soldados ucranianos y parejas 2017,Video Shows Ukrainian Soldiers Leaving Their Wives For War,1,0.7696190476190475
https://checamos.afp.com/doc.afp.com.324B94M,despedida entre soldados ucranianos y parejas 2017,Este vídeo mostra soldados ucranianos se despedindo de suas mulheres para ir à guerra,1,0.93
https://factcheck.afp.com/doc.afp.com.32462Z7,despedida entre soldados ucranianos y parejas 2017,Ukrainian soldiers saying goodbye to their partners before going to war,1,0.6601210428305401
https://factual.afp.com/doc.afp.com.324F2TH,despedida entre soldados ucranianos y parejas 2017,Foto de dos niños ucranianos despidiendo a soldados que se dirigen a la guerra contra Rusia,0,0.20666666666666667
https://observador.pt/factchecks/fact-check-crianca-ucraniana-confrontou-soldado-russo/,despedida entre soldados ucranianos y parejas 2017,"""Criança ucraniana confronta soldado russo""",0,0.041983347775398465
https://www.usatoday.com/story/news/factcheck/2022/03/01/fact-check-clip-standoff-2014-not-2022-russian-invasion/9322107002/,despedida entre soldados ucranianos y parejas 2017,A video shows Ukrainian and Russian troops face to face,0,0.016337746279516507
https://www.snopes.com/fact-check/video-russian-ukrainian-soldiers-dancing/,despedida entre soldados ucranianos y parejas 2017,A video shows Russian and Ukrainian soldiers dancing together after Russia's invasion of Ukraine in February 2022.,0,0.017036182301904283
https://verifica.efe.com/encuentro-soldados-rusos-ucranianos-no-video-actual/,encuentro entre soldados ucranianos y rusos 2014,Un vídeo muestra cómo un grupo de militares ucranianos desarmados se acerca a unos soldados rusos con fusiles de asalto durante la invasión de Ucrania.,1,0.6633333333333333
https://maldita.es/malditobulo/20220301/encuentro-soldados-rusos-ucranianos-2014/,encuentro entre soldados ucranianos y rusos 2014,Encuentro entre soldados rusos y ucranianos,1,0.99
https://www.altnews.in/8-year-old-video-of-ukrainian-and-russian-soldiers-face-to-face-shared-as-recent/,encuentro entre soldados ucranianos y rusos 2014,Ukrainian and Russian soldiers face to face,1,0.96
https://facta.news/fuori-contesto/2022/03/02/questo-incontro-tra-soldati-russi-e-ucraini-e-del-2014/,encuentro entre soldados ucranianos y rusos 2014,«Incontro tra soldati russi e ucraini....»,1,0.92
https://newsmobile.in/articles/2022/02/24/fact-check-old-video-shared-as-russian-military-paratroopers-landing-in-ukraine/,encuentro entre soldados ucranianos y rusos 2014,Video of Russian Military Paratroopers Landing In Ukraine,0,0.03586784585488419
http://checkyourfact.com/2022/02/28/fact-check-ukraine-russia-battle-video/,encuentro entre soldados ucranianos y rusos 2014,Claims to show battle between Ukrainian soldiers and Russian troops.,1,0.6718093276518808
https://newsmobile.in/articles/2022/03/14/fact-check-old-video-of-us-canada-military-exercise-falsely-linked-to-ukraine-russia-war/,encuentro entre soldados ucranianos y rusos 2014,Vidoe shows Ukrainian and Russian soldiers competing against each other,1,0.7533333333333333
https://observador.pt/factchecks/fact-check-crianca-ucraniana-confrontou-soldado-russo/,encuentro entre soldados ucranianos y rusos 2014,"""Criança ucraniana confronta soldado russo""",0,0.25110830527497197
https://www.usatoday.com/story/news/factcheck/2022/03/11/fact-check-tug-war-clip-2012-not-russian-invasion-ukraine/7000711001/,encuentro entre soldados ucranianos y rusos 2014,A video shows Ukrainian and Russian soldiers playing tug-of-war,0,0.06922826086956521
https://periksafakta.afp.com/doc.afp.com.324R4ML,encuentro entre soldados ucranianos y rusos 2014,Video pertempuran antara tentara Rusia dan Ukraina,0,0.17012784604120945
https://dpa-factchecking.com/netherlands/220225-99-288514,encuentro entre soldados ucranianos y rusos 2014, Russische troepen dansen met Oekraïnse burgers/soldaten.,0,0.04722725863939253
https://factual.afp.com/ar/doc.afp.com.32467EA,encuentro entre soldados ucranianos y rusos 2014,جنود روس يعذبون حنودا اوكرانيين حديثا,0,0.016890340147669138
https://www.altnews.in/video-from-2014-shared-as-slain-soldiers-in-the-russia-ukraine-conflict/,encuentro entre soldados ucranianos y rusos 2014,Real footage of slain soldiers on both sides - Russia and Ukraine,1,0.74
https://factuel.afp.com/ar/doc.afp.com.32467EA,encuentro entre soldados ucranianos y rusos 2014,جنود روس يعذبون حنودا اوكرانيين حديثا,0,0.006890340147669138
https://www.altnews.in/mathrubhumi-airs-arma-3-video-game-clip-as-airstrike-in-ongoing-ukraine-crisis/,misiles antiaereos en ucrania,Ukrainian missiles trying to gun down Russian plane,1,0.21876288811193306
https://facta.news/fuori-contesto/2022/02/25/questo-video-non-mostra-un-attacco-antiaereo-ucraino-e-un-videogioco/,misiles antiaereos en ucrania,"«Attacco antiaereo Ucraino ad aereo da combattimento, caccia russo»",1,0.6140305837238699
https://factual.afp.com/no-es-un-escenario-personalizado-del-videojuego-arma3,misiles antiaereos en ucrania,Batería antiaérea derribando misiles en Israel,0,0.06
https://maldita.es/malditobulo/20220224/video-misiles-ucrania-2021/,misiles antiaereos en ucrania,Vídeo de misiles lanzados por Rusia en Ucrania,1,0.8866666666666667
http://checkyourfact.com/2022/03/25/fact-check-russian-missiles-ukraine-building-video/,misiles antiaereos en ucrania,Missile hitting Ukraine building.,0,0.09662712282857747
https://fatabyyano.net/%d9%87%d8%b0%d8%a7-%d8%a7%d9%84%d9%85%d9%82%d8%b7%d8%b9-%d9%85%d8%ac%d8%aa%d8%b2%d8%a3-%d9%85%d9%86-%d8%b9%d8%af%d8%a9-%d9%85%d8%b4%d8%a7%d9%87%d8%af-%d9%88%d9%84%d9%8a%d8%b3-%d9%84%d8%b3%d9%82%d9%88/,misiles antiaereos en ucrania,لحضات سقوط الصاروخ الصيني,0,0.01
https://www.stopfake.org/ru/fejk-v-ukraine-s-samoletov-sbrasyvayut-shtamm-delta/,misiles antiaereos en ucrania,В Украине с самолетов сбрасывают штамм «Дельта»,0,0.10362226579172867
https://www.boomlive.in/world/fake-news-ukraine-russia-palestine-israel-17318,misiles antiaereos en ucrania,Russian missiles hit the Ukrainian Defence Ministry tower,0,0.0540441577376478
https://factual.afp.com/doc.afp.com.323X4U6,misiles antiaereos en ucrania,Paracaidistas rusos aterrizan en Ucrania,0,0.043333333333333335
https://factcheckmyanmar.afp.com/http%253A%252F%252Fdoc.afp.com%252F9MQ83N-1,misiles antiaereos en ucrania,Burmese anti-coup fighters launching homemade missiles,0,0.05680025005757905
https://cekfakta.com/focus/9349,misiles antiaereos en ucrania,Video Pertempuran Pesawat Ukraina dan Pesawat Rusia,1,0.5632737557088346
https://leadstories.com/hoax-alert/2022/02/fact-check-wwii-cgi-animation-does-not-show-february-2022-conflict-in-ukraine.html,misiles antiaereos en ucrania,Ukraine firing bullets at Russian fighter jets,0,0.1140587150841475
https://factuel.afp.com/ar/doc.afp.com.32CX38Y,misiles antiaereos en ucrania,سقوط صاروخ روسيّ هائل القوّة في أوكرانيا,0,0.052115833203600005
https://factual.afp.com/ar/doc.afp.com.32CX38Y,misiles antiaereos en ucrania,سقوط صاروخ روسيّ هائل القوّة في أوكرانيا,0,0.09857416653693334
https://faktencheck.afp.com/ar/doc.afp.com.32C769J,misiles antiaereos en ucrania,إسقاط روسيا طائرات للناتو في سماء أوكرانيا,1,0.7630330642286782
https://factual.afp.com/ar/doc.afp.com.32C769J,misiles antiaereos en ucrania,إسقاط روسيا طائرات للناتو في سماء أوكرانيا,1,0.8052642470243772
https://fatabyyano.net/%d9%87%d8%b0%d8%a7-%d8%a7%d9%84%d9%85%d9%82%d8%b7%d8%b9-%d8%a7%d9%84%d9%85%d8%aa%d8%af%d8%a7%d9%88%d9%84-%d9%88%d9%84%d8%a7-%d9%8a%d8%b8%d9%87%d8%b1-%d8%b1%d8%a7%d8%ac%d9%85%d8%a7%d8%aa-%d8%b1%d9%88/,misiles antiaereos en ucrania,راجمات صواريخ روسية تقصف مقاطعات في أوكرانيا بشكل جنوني,0,0.11054429929796498
https://thelogicalindian.com/fact-check/russias-victory-day-celebration-34142,video de putin anunciando invasion tres dias antes de la guerra,Media Outlets Broadcast Video From Russias Victory Day Celebration Rehearsal As Ongoing Invasion In Ukraine,0,0.1451851851851852
https://newschecker.in/fact-check/viral-video-claiming-to-show-russian-invasion-of-ukraine-is-actually-gaming-footage/,video de putin anunciando invasion tres dias antes de la guerra,Viral video claiming to show Russian invasion of Ukraine,0,0.21333333333333335
https://factcheck.afp.com/doc.afp.com.323T8CJ,video de putin anunciando invasion tres dias antes de la guerra,Video shows Russian fighter jets entering Ukraine during invasion,0,0.06347826086956522
https://www.politifact.com/factchecks/2022/mar/01/facebook-posts/social-posts-mislead-sharing-2017-movie-clip-ukrai/,video de putin anunciando invasion tres dias antes de la guerra,"Video shows Ukrainian soldiers saying goodbye to loved ones amid Russia’s 2022 invasion
",0,0.20092551988655885
https://factcheck.afp.com/doc.afp.com.323W6PR,video de putin anunciando invasion tres dias antes de la guerra,Video shows combat in Ukraine after Russian invasion,0,0.13445222940549187
https://leadstories.com/hoax-alert/2022/03/fact-check-video-does-not-show-ukrainian-soldiers-leaving-wives-for-war-its-from-2017-documentary.html,video de putin anunciando invasion tres dias antes de la guerra,Video Shows Ukrainian Soldiers Leaving Their Wives For War,0,0.04127534976254653
https://www.aosfatos.org/noticias/simulacao-digital-bombardeio-ucrania/,video de putin anunciando invasion tres dias antes de la guerra,Vídeo mostra combate aéreo durante a guerra na Ucrânia,0,0.08498619737750172
https://fullfact.org/online/ukraine-russian-soldiers-dancing/,video de putin anunciando invasion tres dias antes de la guerra,"A video shows Russian and Ukrainian troops dancing together, which proves the invasion is being falsely represented by the media.",0,0.14675213675213675
https://cambodia.factcrescendo.com/english/scenes-in-a-film-falsely-claimed-the-ongoing-ukraine-russia-crisis/,video de putin anunciando invasion tres dias antes de la guerra,Heartbreaking video of #Ukrainian Soldier Russia’s Ukraine attack.,0,0.035203619315697106
https://fullfact.org/online/ukraine-invasion-tiktok-clip/,video de putin anunciando invasion tres dias antes de la guerra,Videos on social media claim to show the Russian invasion of Ukraine.,0,0.25
https://factcheck.afp.com/doc.afp.com.324A9UU,video de putin anunciando invasion tres dias antes de la guerra,Live footage showing invasion of Ukraine,0,0.07231818526445077
https://newsmobile.in/articles/2022/02/27/fact-check-does-this-video-show-ukrainian-soldiers-bidding-farewell-to-their-loved-ones-heres-the-truth/,video de putin anunciando invasion tres dias antes de la guerra,Video Show Ukrainian soldiers bidding farewell to their loved ones before they left to fight against Russia,0,0.051337820437713996
https://fakenews.pl/spoleczenstwo/rosyjska-propaganda-wykorzystuje-ujecia-z-planu-filmowego-w-celu-dezinformacji/,video de putin anunciando invasion tres dias antes de la guerra,Kijów nagrywa propagandowe inscenizowane filmy pokazujące nieistniejące zdarzenia wojenne,0,0.015276633462117332
https://fakty.afp.com/doc.afp.com.326U2GW,video de putin anunciando invasion tres dias antes de la guerra,Video zachytáva sfalšované obete ruského bombardovania na Ukrajine,0,0.016666666666666666
https://cekfakta.com/focus/9362,video de putin anunciando invasion tres dias antes de la guerra,“Video amatir perang Rusia vs Ukraina”,0,0.049348915430281234
https://factcheck.afp.com/doc.afp.com.324844N,video de putin anunciando invasion tres dias antes de la guerra,Video shows the aftermath of Russian invasion of Ukraine,0,0.04435421486923946
https://factcheck.afp.com/doc.afp.com.323W3V8,video de putin anunciando invasion tres dias antes de la guerra,Video shows huge explosion in Ukraine after Russian invasion,0,0.03368477378557534
https://factual.afp.com/ar/doc.afp.com.323U4VV,video de putin anunciando invasion tres dias antes de la guerra,فيديو يصوّر بدء الهجوم الروسيّ على أوكرانيا,0,0.49851851851851847
https://www.politifact.com/factchecks/2022/aug/19/viral-image/story-about-parents-changing-babys-gender-fake/,Photo shows parents who changed their baby’s gender identity,"Photo shows parents who changed their baby’s gender identity.
",1,0.9866666666666667
https://www.usatoday.com/story/news/factcheck/2022/09/02/fact-check-purported-story-transgender-baby-hoax/7907397001/,Photo shows parents who changed their baby’s gender identity,Image shows an article about a couple with a transgender baby,1,0.94
https://fullfact.org/online/transgender-baby/,Photo shows parents who changed their baby’s gender identity,A picture shows a couple with a young child who said that “discovering our baby was trans was an emotional roller coaster”.,1,0.9233333333333333
https://leadstories.com/hoax-alert/2019/11/fake-news-photo-woman-11-babies.html,Photo shows parents who changed their baby’s gender identity,Photo shows woman who birthed 11 babies at the same time,0,0.023333333333333334
https://facta.news/fuori-contesto/2020/07/21/queste-tre-bambine-fotografate-con-un-ventre-molto-gonfio-non-sono-incinte/,Photo shows parents who changed their baby’s gender identity,Le foto mostrano delle bambine incinte,0,0.027945753115603544
https://www.malumatfurus.org/hamile-karisi-fotograf-cekimini-reddeden-erkek,Photo shows parents who changed their baby’s gender identity,Fotoğraftaki Erkeğin Hamile Karısı Peşin Ödeme Yaptığı Fotoğraf Çekimini Reddettiği İçin Kendisinin Hamile Gibi Poz Verdiği İddiası,0,0.003508771929824561
https://correctiv.org/faktencheck/2020/03/19/nein-dieses-kind-wurde-nicht-von-seinen-eltern-geschlagen/,Photo shows parents who changed their baby’s gender identity,"Foto zeigt Kleinkind, das angeblich von Eltern geschlagen wurde",0,0.06582773307755682
https://correctiv.org/faktencheck/2021/08/06/gendergerechte-sprache-foto-zeigt-vorschlaege-aus-einem-sachbuch-keine-vorschriften/,Photo shows parents who changed their baby’s gender identity,"Auf einer Buchseite stehen mehrere Begriffe; diese müssten gelernt werden, wenn die Grünen gewählt würden.",0,0.04169923995656895
https://sprawdzam.afp.com/caritas-przyjmuje-wszystkie-dzieci-stare-zmanipulowane-zdjecie-okna-zycia-w-radomiu,Photo shows parents who changed their baby’s gender identity,Photo of a baby box no accepting newborns with genetic malformations,0,0.059081156790653996
https://teyit.org/analiz-terk-edilen-bebeklerin-kimliklerine-anne-adinin-havva-baba-adinin-adem-olarak-yazildigi-iddiasi,Photo shows parents who changed their baby’s gender identity,Terk edilen bebeklerin kimliklerine anne adının Havva baba adının Adem olarak yazıldığı iddiası,0,0.003466916724245714
https://correctiv.org/faktencheck/2020/10/01/dieses-foto-eines-babys-wurde-bearbeitet-das-kind-trug-im-original-keine-maske/,Photo shows parents who changed their baby’s gender identity,Baby wurde direkt nach Geburt Maske aufgesetzt,0,0.024873772479088185
https://factcheck.afp.com/no-not-genuine-photo-woman-who-gave-birth-17-babies,Photo shows parents who changed their baby’s gender identity,Photo of woman who gave birth to 17 babies,0,0.0002065129160101227
https://periksafakta.afp.com/foto-itu-adalah-karya-seni-yang-dibuat-seniman-iran-dan-tidak-merefleksikan-tragedi-apapun,Photo shows parents who changed their baby’s gender identity,Foto seorang anak yang kehilangan ibunya,0,0.01207585260212004
https://dpa-factchecking.com/germany/210520-99-676681,Photo shows parents who changed their baby’s gender identity,Kinder auf dem Foto werden in Göppingen vermisst,0,0.025057448911792825
https://facta.news/notizia-falsa/2022/03/18/no-la-cnn-non-ha-detto-che-linvasione-in-ucraina-sta-causando-miocarditi/,la cnn afirma que la invasion de ucrania provoca miocarditis,«Ma si può dare la colpa della miocardite all' invasione Ucraina? Ragazzi questa è la CNN...supera di gran lunga la feccia dell' informazione che mandano qui in Italia...»,1,0.8833333333333333
https://factcheck.afp.com/doc.afp.com.32773FA,la cnn afirma que la invasion de ucrania provoca miocarditis,CNN reported that Russia's invasion of Ukraine is causing myocarditis,1,0.9833333333333333
https://www.newtral.es/ucrania-miocarditis-cnn/20220318/,la cnn afirma que la invasion de ucrania provoca miocarditis,La CNN dice que la invasión de Ucrania causa miocarditis,1,0.9866666666666667
https://maldita.es/malditobulo/20220314/miocarditis-invasion-ucrania-cnn/,la cnn afirma que la invasion de ucrania provoca miocarditis,La invasión de Ucrania está causando miocarditis,1,0.9533333333333334
https://www.bufale.net/no-la-cnn-non-ha-mai-dichiarato-che-linvasione-in-ucraina-causa-miocardite/,la cnn afirma que la invasion de ucrania provoca miocarditis,La CNN ha scritto un articolo che collega le miocarditi all'invasione russa in Ucraina,1,0.9766666666666667
https://checamos.afp.com/doc.afp.com.324W269,la cnn afirma que la invasion de ucrania provoca miocarditis,CNN: A invasão da Ucrânia causa miocardite,1,0.9866666666666667
https://www.boomlive.in/world/fake-news-ukraine-russia-cnn-report-myocarditis-17436,la cnn afirma que la invasion de ucrania provoca miocarditis,CNN reported that Russias invasion of Ukraine is causing cases of myocarditis.,1,0.9533333333333334
https://misbar.com/factcheck/2022/03/30/cnn-did-not-report-that-the-ukraine-war-is-causing-myocarditis,la cnn afirma que la invasion de ucrania provoca miocarditis,"According to CNN, the Russian invasion of Ukraine is causing myocarditis.",1,0.8966666666666666
https://observador.pt/factchecks/fact-check-cnn-disse-que-a-invasao-a-ucrania-esta-a-causar-miocardites/,la cnn afirma que la invasion de ucrania provoca miocarditis,“O jornalismo não morreu só no Brasil. A invasão na Ucrânia causa miocardite”.,1,0.9466666666666667
https://facta.news/fuori-contesto/2022/02/25/questi-non-sono-centinaia-di-paracadutisti-russi-che-invadono-lucraina/,la cnn afirma que la invasion de ucrania provoca miocarditis,«Centinaia di paracadutisti russi invadono l’Ucraina»,0,0.06807710150051359
https://facta.news/fuori-contesto/2022/07/19/questo-video-di-un-campo-in-fiamme-non-mostra-la-mietitura-in-ucraina-durante-linvasione-russa/,la cnn afirma que la invasion de ucrania provoca miocarditis,"Ucraina, la mietitura durante l'invasione russa",0,0.02335483870967742
https://www.newtral.es/pablo-casado-en-espana-hay-126-000-parados-mas-desde-que-gobierna-sanchez/20190422/,con pedro sanchez hay 96000 parados más,"Desde que Sánchez llegó hasta que convocó elecciones, en España hay 126.000 parados más",1,0.8775
https://maldita.es/malditobulo/20200708/pedro-sanchez-nunca-pactar-pp/,con pedro sanchez hay 96000 parados más,Pedro Sánchez: &quot;No he pensado nunca en pactar con el PP&quot;,0,0.0033333333333333335
https://www.verificat.cat/fact-check/el-govern-de-pedro-sanchez-no-ha-apujat-ledat-de-jubilacio-als-66-anys-com-diu-toni-canto,con pedro sanchez hay 96000 parados más,El govern de Pedro Sánchez ha congelat el SMI,0,0.0
https://www.newtral.es/bulo-pedro-sanchez-copas-restaurante-presidente-guatemala/20210422/,con pedro sanchez hay 96000 parados más,Cortan una calle para que Pedro Sánchez se vaya de copas,0,0.0033333333333333335
https://verifica.efe.com/sanchez-orgullo-lgtbi-no-luchara-haya-mas-gais-es-una-satira/,con pedro sanchez hay 96000 parados más,Pedro Sánchez ha tuiteado que luchará por un país con más homosexuales.,0,0.013333333333333334
https://factual.afp.com/doc.afp.com.327T6G9,con pedro sanchez hay 96000 parados más,"De cada 100 euros de gasolina, 57 son para Pedro Sánchez",0,0.00029465394165114836
https://www.newtral.es/el-supuesto-tuit-de-pedro-sanchez-sobre-la-semana-santa-es-de-una-cuenta-parodia/20190417/,con pedro sanchez hay 96000 parados más,El tuit de Pedro Sánchez sobre la Semana Santa,0,9.762900976290097e-05
https://www.newtral.es/mascarillas-felipe-vi-pedro-sanchez-gobierno-23f/20210224/,con pedro sanchez hay 96000 parados más,"Felipe VI y Pedro Sánchez, sin mascarilla el 23 de febrero en el Congreso",0,0.01003257328990228
https://maldita.es/malditobulo/20200818/pedro-sanchez-playa-sin-mascarilla/,con pedro sanchez hay 96000 parados más,Pedro Sánchez en la playa sin mascarilla durante la pandemia de coronavirus,0,0.0033333333333333335
https://factual.afp.com/http%253A%252F%252Fdoc.afp.com%252F9V73WZ-1,con pedro sanchez hay 96000 parados más,Pedro Sánchez obliga a llevar mascarillas antes de que suba el IVA al 21%,0,3.257328990228013e-05
https://maldita.es/malditobulo/20201012/pedro-sanchez-puente-donana/,con pedro sanchez hay 96000 parados más,Pedro Sánchez ha pasado el puente del 12 de octubre en Doñana,0,0.007810351067680057
https://www.europapress.es/verificaciones/noticia-no-pedro-sanchez-no-autorizado-uso-chemtrails-existe-procedimiento-conocido-nombre-20220517133120.html,con pedro sanchez hay 96000 parados más,Pedro Sánchez ha autorizado el uso de 'chemtrails',0,0.01111111111111111
https://maldita.es/malditobulo/pedro-sanchez-falcon-ii-pablo-iglesias-vicepresidente,con pedro sanchez hay 96000 parados más,Pedro Sánchez ha hecho entrega a Pablo Iglesias del Falcon II,0,0.006666666666666667
https://maldita.es/malditobulo/20200312/equipo-medico-pedro-sanchez-moncloa-coronavirus/,con pedro sanchez hay 96000 parados más,Pedro Sánchez dispondrá de 14 personas en un equipo médico para él por el coronavirus.,0,0.008365906623235614
https://www.newtral.es/pedro-sanchez-no-tiene-que-cumplir-un-ano-en-el-cargo-para-cobrar-indemnizacion/20190226/,con pedro sanchez hay 96000 parados más,Pedro Sánchez tiene que cumplir un año en el cargo para cobrar indemnización,0,0.008584459639450674
https://factual.afp.com/el-legionario-si-saludo-al-presidente-del-gobierno-de-espana-en-una-feria-de-turismo,con pedro sanchez hay 96000 parados más,Un legionario niega el saludo a Pedro Sánchez en España,0,0.0
https://maldita.es/malditobulo/20200921/pedro-sanchez-confinamiento-coronavirus/,con pedro sanchez hay 96000 parados más,Pedro Sánchez dice que el confinamiento nunca existió,0,0.0
https://factual.afp.com/pedro-sanchez-no-nego-el-confinamiento-en-espana-sus-palabras-fueron-sacadas-de-contexto,con pedro sanchez hay 96000 parados más,Pedro Sánchez dice que el confinamiento no existió en España,0,0.006666666666666667
https://www.newtral.es/es-falso-que-un-cabo-de-la-legion-negara-el-saludo-a-pedro-sanchez-en-fitur/20200128/,con pedro sanchez hay 96000 parados más,Un cabo de la Legión niega el saludo a Pedro Sánchez en FITUR,0,3.257328990228013e-05
https://maldita.es/malditobulo/20201104/felipe-gonzalez-gobierno-esta-robando/,en el gobierno de pedro sanchez hay 96000 parados más,El Gobierno está robando y hay que pararlo. Felipe González explota contra Pedro Sánchez,0,0.01
https://maldita.es/malditobulo/20200502/camioneros-protesta-ourense-contra-gobierno-pedro-homenaje-sanitarios/,en el gobierno de pedro sanchez hay 96000 parados más,Camioneros en Ourense han pitado y protestado contra el Gobierno de Pedro Sánchez.,0,0.0100132802124834
https://www.newtral.es/factcheck-sube-edad-jubilacion-pensiones-66-toni-canto/20210109/,en el gobierno de pedro sanchez hay 96000 parados más,"""El Gobierno de Pedro Sánchez ha subido, desde este 1 de enero, la edad de jubilación a los 66 años""",0,0.006859125122664226
https://maldita.es/malditobulo/20200426/gobierno-error-3000-euros-tarjeta-solidaria-gitanos-compra-mercadona/,en el gobierno de pedro sanchez hay 96000 parados más,VIDEO | Gitanos mercadona,0,0.006825396825396825
https://www.newtral.es/bruselas-pedro-sanchez-ruina-economica/20220209/,en el gobierno de pedro sanchez hay 96000 parados más,Bruselas alerta que el Gobierno de Pedro Sánchez lleva a los españoles a la ruina económica. ,1,0.00012104283054003725
https://factual.afp.com/http%253A%252F%252Fdoc.afp.com%252F9NA3AN-1,en el gobierno de pedro sanchez hay 96000 parados más,"El presidente del Gobierno español, Pedro Sánchez, tuiteó que estaban ""a punto de sofocar el volcán""",0,0.0
https://www.newtral.es/terremoto-lorca-machista/20220624/,en el gobierno de pedro sanchez hay 96000 parados más,El Gobierno de Pedro Sánchez destina 60.500 euros para concluir que el terremoto de Lorca de 2011 fue machista.,0,0.023333333333333334
https://www.newtral.es/pablo-casado-desde-que-gobierna-pedro-sanchez-la-inversion-extranjera-se-ha-reducido-a-la-tercera-parte/20190221/,en el gobierno de pedro sanchez hay 96000 parados más,"""Desde que gobierna Pedro Sánchez, la inversión extranjera se ha reducido a la tercera parte""",0,0.003463535632998514
https://www.newtral.es/empleo-publico-pp-hector-gomez/20220527/,en el gobierno de pedro sanchez hay 96000 parados más,"“Con el anterior Gobierno del PP, las plazas de empleo público se desplomaron. Ahora, con el Gobierno de Pedro Sánchez se consiguen 29.578 plazas nuevas”",0,0.10727777777777779
https://factual.afp.com/el-gobierno-espanol-no-preve-entregar-argentina-4500-millones-de-euros,en el gobierno de pedro sanchez hay 96000 parados más,El gobierno español de Pedro Sánchez promete al presidente de Argentina 4.500 millones de euros,0,0.0
https://www.verificat.cat/es/fact-check/pedro-sanchez-no-ha-autorizado-el-uso-de-chemtrails-ni-existe-un-procedimiento-conocido-con-este-nombre,en el gobierno de pedro sanchez hay 96000 parados más,Pedro Sánchez autorizó a los chemtrails: El Gobierno utilizará las Fuerzas Armadas para fumigarnos desde el cielo.,0,0.02666666666666667
https://www.verificat.cat/fact-check/pedro-sanchez-no-ha-autorizado-el-uso-de-chemtrails-ni-existe-un-procedimiento-conocido-con-este-nombre,en el gobierno de pedro sanchez hay 96000 parados más,Pedro Sánchez autorizó a los chemtrails: El Gobierno utilizará las Fuerzas Armadas para fumigarnos desde el cielo.,0,0.006666666666666667
https://verifica.efe.com/pedro-sanchez-carne-2050-no-bill-gates/,en el gobierno de pedro sanchez hay 96000 parados más,"El presidente del Gobierno español, Pedro Sánchez, plantea la supresión del consumo de carne antes de 2050 para obedecer a Bill Gates. ",0,0.0
https://www.newtral.es/pedro-sanchez-no-vacunar-70-poblacion-antes-del-verano-teodoro-garcia-egea/20210720/,en el gobierno de pedro sanchez hay 96000 parados más,“Pedro Sánchez dijo que iba a vacunar al 70% de la población antes del verano (...) De nuevo el presidente del Gobierno ha fallado”,0,0.016666666666666666
https://factual.afp.com/el-tuit-viral-sobre-los-autonomos-no-fue-publicado-por-pedro-sanchez,en el gobierno de pedro sanchez hay 96000 parados más,"Pedro Sánchez tuiteó que subirá la cuota de autónomos de 288 euros a 433 y que el Gobierno español no dejará ""a nadie atrás""",0,0.011023809523809523
https://www.newtral.es/pedro-sanchez-ave-documental-netflix/20220610/,en el gobierno de pedro sanchez hay 96000 parados más,"Foto del presidente del Gobierno viajando en AVE: “Pedro Sánchez cambia el Falcon por el AVE para la grabación de su docuserie, y para colmo en clase turista”.",0,0.0
https://www.newtral.es/factcheck-ines-arrimadadas-prestacion-hijo-a-cargo/20210529/,en el gobierno de pedro sanchez hay 96000 parados más,"""¿Y qué hace el Gobierno de Sánchez? Pues eliminar prestación por hijo a cargo""",0,6.802721088435374e-05
https://www.newtral.es/bulo-video-parlamento-dinamarca-infantas-vacuna-montaje/20210304/,en el gobierno de pedro sanchez hay 96000 parados más,"El Parlamento de Dinamarca riéndose de Pedro Sánchez y la defensa de su Gobierno sobre la ""ejemplar monarquía española"". No pueden controlar la risa.",0,0.01
https://factuel.afp.com/doc.afp.com.327T2PK,zelenski lleva una camiseta con el simbolo nazi,Zelensky a porté un T-shirt avec un symbole nazi devant le parlement,1,0.9833333333333333
https://maldita.es/malditobulo/20220317/zelenski-simbolo-nazi-camiseta/,zelenski lleva una camiseta con el simbolo nazi,Zelenski con una camiseta con la cruz de hierro nazi,1,0.9066666666666666
https://www.bufale.net/attenzione-la-foto-di-zelensky-con-una-maglietta-con-la-svastica-e-un-falso/,zelenski lleva una camiseta con el simbolo nazi,Zelensky si è ritratto con una maglietta da calcio riportante effigi naziste,1,0.8133333333333334
https://teyit.org/analiz-zelenskinin-nazi-sembolu-demir-hacli-tisort-giydigini-gosterdigi-iddia-edilen-fotograf,zelenski lleva una camiseta con el simbolo nazi,Zelenski’nin Nazi sembolü demir haçlı tişört giydiğini gösterdiği iddia edilen fotoğraf,1,0.89
https://maldita.es/malditobulo/20221011/comandante-ejercito-ucrania-brazalete-esvastica/,zelenski lleva una camiseta con el simbolo nazi,El ejército ucranianto muestra símbolos nazis,0,0.24014492753623187
https://dpa-factchecking.com/belgium/221004-99-07100/,zelenski lleva una camiseta con el simbolo nazi,Le président ukrainien Volodymyr Zelensky porte un symbole nazi à Izioum.,1,0.9733333333333334
https://www.logically.ai/factchecks/all/c65884af,zelenski lleva una camiseta con el simbolo nazi,U.S. President Donald Trump is a Nazi.,0,0.024132492619689385
https://www.dogrula.org/dogrulamalar/fotograftaki-ulke-liderlerinin-uzerindeki-kiyafet-masonluk-sembolu-mu/,zelenski lleva una camiseta con el simbolo nazi,Fotoğraftaki ülke liderlerinin üzerindeki kıyafetin masonluk sembolü olduğu iddiası,0,0.004300250057579048
https://www.factcheck.org/2018/11/misleading-meme-pits-acosta-against-neo-nazi/,zelenski lleva una camiseta con el simbolo nazi,"""Jim Acosta, Chief White House Correspondent for CNN, BANNED FROM WHITE HOUSE. Patrick Casey, Leader of Neo Nazi group Evropa, GETS WHITE HOUSE VISIT.""",0,0.015145705640231396
https://factcheckthailand.afp.com/doc.afp.com.326P7QV,zelenski lleva una camiseta con el simbolo nazi,'เซเลนสกี' เผลอใส่เสื้อติดเครื่องหมายนาซีแบบฮิตเลอร์,1,0.7566666666666667
https://www.dogrula.org/ukrayna-devlet-baskani-zelenskinin-nazi-sembolu-bulunan-tisort-giydigi-iddiasi/,zelenski lleva una camiseta con el simbolo nazi,'Ukrayna Devlet Başkanı Zelenskiy Nazi tişörtü giyiyor' iddiası,1,0.8733333333333333
https://poligrafo.sapo.pt/fact-check/ucrania-tem-mais-de-uma-dezena-de-laboratorios-de-armas-biologicas-financiados-pelos-eua,existen laboratorios de armas biologicas en ucrania,Ucrânia tem mais de uma dezena de laboratórios de armas biológicas financiados pelos EUA?,1,0.99
https://poligrafo.sapo.pt/fact-check/lido-no-facebook-pentagono-confirma-a-existencia-de-laboratorios-biologicos-na-ucrania-financiados-pelos-eua,existen laboratorios de armas biologicas en ucrania,Pentágono confirma a existência de laboratórios biológicos na Ucrânia financiados pelos EUA,1,0.9833333333333333
https://verifica.efe.com/ucrania-rusia-armas-biologicas-sin-pruebas/,existen laboratorios de armas biologicas en ucrania,"Ucrania posee laboratorios de armas biológicas financiadas por Estados Unidos, como denuncian Rusia e internautas en redes sociales.",1,0.9633333333333334
https://politica.estadao.com.br/blogs/estadao-verifica/e-falsa-a-afirmacao-de-que-os-eua-inventaram-o-virus-hiv-como-arma-biologica/,existen laboratorios de armas biologicas en ucrania,Aids foi criada em laboratório dos Estados Unidos como arma biológica,0,0.08101529790660225
https://maldita.es/malditobulo/20220311/putin-hospital-mariupol-armas-biologicas/,existen laboratorios de armas biologicas en ucrania,Putin le dijo a Trump por llamada que el hospital de Mariupol bombardeado por el ejército ruso contenía un laboratorio de armas biológicas.,1,0.8
https://politica.estadao.com.br/blogs/estadao-verifica/putin-laboratorios-armas-biologicas-trump-ucrania/,existen laboratorios de armas biologicas en ucrania,"Finalmente Surge Uma Explicação Real Para o Início Desta Guerra - EXISTÊNCIA DE VÁRIOS LABORATÓRIOS, INCLUSIVE SUBTERRÂNEOS, ONDE A NOM - NOVA ORDEM MUNDIAL - CRIAVA ARMAS BIOLÓGICAS CONTRA A RÚSSIA, VIA SUBORNO DO PRESIDENTE UCRANIANO",1,0.92
https://poligrafo.sapo.pt/fact-check/circula-no-facebook-e-telegram-sob-azovstal-existe-um-laboratorio-biologico-secreto-da-nato,existen laboratorios de armas biologicas en ucrania,"Circula no Facebook e Telegram: ""Sob Azovstal existe um laboratório biológico secreto da NATO""",1,0.9133333333333333
https://politica.estadao.com.br/blogs/estadao-verifica/novo-coronavirus-tem-origem-natural-ao-contrario-do-que-afirma-virologista-chinesa/,existen laboratorios de armas biologicas en ucrania,Virologista revela que coronavírus foi feito em laboratório e usado como arma biológica,0,0.14336272791131555
https://colombiacheck.com/chequeos/no-hay-evidencia-de-que-el-coronavirus-venga-de-un-laboratorio-biologico-de-wuhan,existen laboratorios de armas biologicas en ucrania,El coronavirus viene de un laboratorio biológico de Wuhan,0,0.055982750237741276
https://www.newtral.es/bulo-laboratorio-wuhan-pfizer-axa-blackrock-conspiracion/20201215/,existen laboratorios de armas biologicas en ucrania,El laboratorio biológico de Wuhan es propiedad de Glaxo.,0,0.0034309623430962342
https://politica.estadao.com.br/blogs/estadao-verifica/e-falso-que-farmaceutica-glaxo-seja-dona-de-laboratorio-biologico-na-china/,existen laboratorios de armas biologicas en ucrania,O laboratório biológico chinês em Wuhan é propriedade da Glaxo!,0,0.04325936077124666
https://piaui.folha.uol.com.br/lupa/2020/12/09/verificamos-wuhan-glaxosmithkline-pfizer/,existen laboratorios de armas biologicas en ucrania,O laboratório biológico chinês em Wuhan é propriedade da Glaxo [GSK]!,0,0.045452730619781306
https://lupa.uol.com.br/jornalismo/2020/12/09/verificamos-wuhan-glaxosmithkline-pfizer,existen laboratorios de armas biologicas en ucrania,O laboratório biológico chinês em Wuhan é propriedade da Glaxo [GSK]!,0,0.04293908382066277
https://www.logically.ai/factchecks/library/56f34e98,existen laboratorios de armas biologicas en ucrania,The U.S. is planning to set up a biological laboratory in Mongolia.,0,0.013818027210884353
https://www.univision.com/noticias/falso-subsecretaria-de-estado-admitio-laboratorios-ucranianos-armas-biologicas-dinero-eeuu,existen laboratorios de armas biologicas en ucrania,"La subsecretaria de Estado, Victoria Nuland , admitió que EEUU financia el desarrollo de armas biológicas en Ucrania ",1,0.82
https://observador.pt/factchecks/fact-check-existem-laboratorios-de-armas-biologicas-em-azovstal/,existen laboratorios de armas biologicas en ucrania,"""Na parte subterrânea da fábrica Azovstal em Mariupol encontra-se um laboratório de armas biológicas dos Estados Unidos chamado PIT 404, cuja empresa que a administra, a Metabiota, é de Hunter Biden, filho do presidente dos Estados Unidos"".",1,0.9666666666666667
https://cekfakta.com/focus/6644,existen laboratorios de armas biologicas en ucrania,“Laboratorium biologi China di Wuhan dimiliki oleh Glaxosmithkline”,0,0.0033659066232356134
https://periksafakta.afp.com/doc.afp.com.327C3AW,existen laboratorios de armas biologicas en ucrania,AS mendanai laboratorium senjata biologis di Ukraina,1,0.92
https://demagog.org.pl/fake_news/modlitwa-za-putina-czyli-dezinformacja-o-wojnie-i-pandemii/,existen laboratorios de armas biologicas en ucrania,W Ukrainie istniały tajne laboratoria z bronią chemiczną i biologiczną.,1,0.8966666666666666
https://maldita.es/malditobulo/20220315/presidente-ucrania-zelesnki-mujer-olena-zelenska-cancion/,zelenski y su esposa cantando,Zelenski y su mujer cantando una canción,1,0.9533333333333334
http://checkyourfact.com/2022/03/10/fact-check-zelenskyy-wife-singing-endless-love/,zelenski y su esposa cantando,Zelenskyy and his wife singing endless love.,1,0.9266666666666666
https://factuel.afp.com/doc.afp.com.32762RR,zelenski y su esposa cantando,Cette vidéo montre le président Zelensky et sa femme chanter,1,0.9633333333333334
https://www.newtral.es/zelenski-cantando-esposa-ucrania/20220315/,zelenski y su esposa cantando,El presidente Volodímir Zelenski y su mujer Olena Zelenska cantando ‘Endless Love’.,1,0.94
https://lupa.uol.com.br/jornalismo/2022/03/14/verificamos-presidente-ucrania-cantor,zelenski y su esposa cantando,Presidente da Ucrânia e esposa numa bela melodia,1,0.8433333333333334
https://newsmobile.in/articles/2022/03/10/fact-check-does-this-video-show-ukrainian-president-zelensky-and-his-wife-singing-on-stage-heres-the-truth/,zelenski y su esposa cantando,"Ukrainian President Volodymyr Zelensky and his wife, first lady Olena Zelenska singing 'Endless love'",1,0.9633333333333334
https://checamos.afp.com/doc.afp.com.32688JZ,zelenski y su esposa cantando,Este vídeo mostra o presidente da Ucrânia cantando com sua esposa,1,0.8233333333333334
https://poligrafo.sapo.pt/fact-check/circula-no-facebook-zelensky-foi-filmado-a-cantar-endless-love-com-a-mulher,zelenski y su esposa cantando,Vídeo mostra Zelensky a cantar “Endless Love” com a mulher,1,0.95
https://cambodia.factcrescendo.com/english/did-president-zelensky-and-his-wife-sing-the-song-endless-love/,zelenski y su esposa cantando,Amazing President Zelensky and his wife,1,0.7033333333333334
https://leadstories.com/hoax-alert/2022/03/fact-check-zelenskyy-and-wife-did-not-sing-endless-love-cover-on-youtube.html,zelenski y su esposa cantando,President Zelenskyy And His Wife Did Sing An 'Endless Love' Cover On YouTube,1,0.9633333333333334
https://www.boomlive.in/fact-check/fake-news-volodymyr-zelensky-wife-olena-ukraine-russia-singing-endless-love-17132,zelenski y su esposa cantando,Video shows Ukrainian president Volodymyr Zelenskyy and his wife Olena Zelenska singing Endless Love.,1,0.83
https://www.logically.ai/factchecks/library/70579b6b,zelenski y su esposa cantando,Video footage shows Ukrainian President Volodymyr Zelenskyy and his wife singing Endless Love.,1,0.9166666666666666
https://factuel.afp.com/ar/doc.afp.com.329J3LN,zelenski y su esposa cantando,رجل صيني يقاضي زوجته,0,0.013608815426997246
https://factuel.afp.com/ar/doc.afp.com.9Z266P,zelenski y su esposa cantando,زوجة ساديو ماني,0,0.0066992399565689465
https://checamos.afp.com/ar/Julia%20robert%27s%20daughter%20singing%3F%20False,zelenski y su esposa cantando,ابنة جوليا روبرتس تؤدي أغنية,0,0.008984126984126983
https://www.boatos.org/entretenimento/neta-agnaldo-rayol-ave-maria.html,zelenski y su esposa cantando,"neta de Agnaldo Rayol cantando, veja que coisa linda….",0,0.022854748609683548
https://factual.afp.com/ar/Yanni%20NOT%20playnig%20Raafat%20Haggan%20music%2012-20,zelenski y su esposa cantando,ياني يعزف موسيقى رأفت الهجان,0,0.010275482093663912
https://verify-sy.com/details/9746/%D9%87%D9%84-%D8%A7%D9%86%D9%81%D8%B5%D9%84-%D8%A8%D9%8A%D9%83%D9%8A%D9%87-%D8%B9%D9%86-%D8%B4%D8%A7%D9%83%D9%8A%D8%B1%D8%A7-%D8%A8%D8%B3%D8%A8%D8%A8-%D9%88%D8%A7%D9%84%D8%AF%D8%A9-%D8%B2%D9%85%D9%8A%D9%84%D9%87-%D8%AC%D8%A7%D9%81%D9%8A%D8%9F,zelenski y su esposa cantando,جيرارد بيكيه يخون صديقته شاكيرا مع والدة زميله غابي (جافي),0,0.01
https://www.newtral.es/pablo-iglesias-este-gobierno-ha-garantizado-ya-a-seis-millones-de-personas-la-cobertura-a-traves-de-los-ertes/20200610/,Con gobierno social comunista estamos casi en seis millones entre ERTEs y EREs de parados,Este Gobierno ha garantizado ya a seis millones de personas la cobertura a través de los ERTEs,0,0.32266666666666666
https://www.newtral.es/falso-300-millones-ccaa-pablo-iglesias/20200612/,Con gobierno social comunista estamos casi en seis millones entre ERTEs y EREs de parados,El Gobierno no ha ingresado a las comunidades autónomas los 300 millones del Fondo Social,0,0.00020235025390779072
https://maldita.es/malditobulo/20200405/bulo-new-york-times-gobierno-comunista/,Con gobierno social comunista estamos casi en seis millones entre ERTEs y EREs de parados,'The New York Times' ha dicho que el actual Gobierno de España es comunista,0,0.010211632709328561
https://www.malaespinacheck.cl/yuyuniz-navas-acusa-sin-mostrar-evidencias-que-el-coronavirus-fue-lanzado-con-un-interes-politico-de-china-y-su-gobierno-comunista/,Con gobierno social comunista estamos casi en seis millones entre ERTEs y EREs de parados,El coronavirus fue lanzado con un interés político por China y su gobierno comunista,0,0.027075198412698415
https://factual.afp.com/http%253A%252F%252Fdoc.afp.com%252F9RW8HC-1,Con gobierno social comunista estamos casi en seis millones entre ERTEs y EREs de parados,El gobierno de China soltó millones de aves criadas en laboratorio,0,0.01
https://www.newtral.es/factcheck-contrato-tanques-rufian-no-adjudicado-2007/20200527/,Con gobierno social comunista estamos casi en seis millones entre ERTEs y EREs de parados,"""El Gobierno se gasta 2100 millones de euros en tanques""",0,0.0
https://www.newtral.es/pastor-cuando-llegamos-al-gobierno-habia-mas-de-ocho-millones-de-mujeres-en-paro/20191107/,Con gobierno social comunista estamos casi en seis millones entre ERTEs y EREs de parados,"Cuando llegamos al Gobierno, había más de ocho millones de mujeres en paro",0,0.4666666666666667
https://www.newtral.es/casado-el-pp-en-toda-su-historia-de-gobierno-ha-creado-8-millones-de-empleos/20190219/,Con gobierno social comunista estamos casi en seis millones entre ERTEs y EREs de parados,“El PP en toda su historia de gobierno ha creado 8 millones de empleos”,0,0.03344152118678796
https://maldita.es/malditobulo/20210630/senador-partido-popular-javier-maroto-trabajar-hungria-gobierno-comunista/,Con gobierno social comunista estamos casi en seis millones entre ERTEs y EREs de parados,Javier Maroto dice que se va a ir a Hungría a trabajar porque no aguanta el gobierno comunista,0,0.006792829290525142
https://chequeado.com/ultimas-noticias/guzman-se-incremento-en-us-100-mil-millones-la-deuda-durante-el-gobierno-de-cambiemos/,Con gobierno social comunista estamos casi en seis millones entre ERTEs y EREs de parados,Se incrementó en US$ 100 mil millones la deuda [durante el gobierno de Cambiemos],0,0.0
https://factual.afp.com/http%253A%252F%252Fdoc.afp.com%252F9P38HC-1,Con gobierno social comunista estamos casi en seis millones entre ERTEs y EREs de parados,El gobierno español regala cinco millones de euros a UGT para que reforme su sede de Madrid,0,0.006666666666666667
https://www.newtral.es/gobierno-120millones-charlas-trans-coronavirus/20200511/,Con gobierno social comunista estamos casi en seis millones entre ERTEs y EREs de parados,El Gobierno facilita 120 millones para charlas online sobre transexualidad para alumnos de 1º de la ESO,0,6.802721088435374e-05
https://www.newtral.es/gobierno-sanchez-indemnizar-eta-frap-4500-millones-lucha-antifranquista/20200210/,Con gobierno social comunista estamos casi en seis millones entre ERTEs y EREs de parados,El Gobierno va a indemnizar a ETA o al FRAP con 4.500 millones “por su lucha antifranquista”,0,0.006800989709690105
https://www.boatos.org/mundo/forcas-armadas-chile-ficam-lado-presidente-sebastian-pinera-declaram-guerra-socialistas-comunistas.html,Con gobierno social comunista estamos casi en seis millones entre ERTEs y EREs de parados,MILITARES EM AÇÃO NO CHILE. FORÇAS ARMADAS DO CHILE FICAM AO LADO DO PRESIDENTE SEBATIAN PIÑERA COMUNICA: ESTAMOS EM GUERRA CONTRA OS SOCIALISTAS COMUNISTAS,0,0.01675925925925926
https://www.newtral.es/sede-ugt-gobierno-millones-bulo/20210918/,Con gobierno social comunista estamos casi en seis millones entre ERTEs y EREs de parados,El Gobierno regala 5 millones de euros públicos a UGT para que reformen su sede de Madrid,0,0.013888888888888886
https://www.newtral.es/covid-19-epidemia-mundial-de-bulos-xx/20200521/,Con gobierno social comunista estamos casi en seis millones entre ERTEs y EREs de parados,El Gobierno destina 120 millones de euros a charlas online sobre transexualidad para alumnos de primero de ESO,0,0.006666666666666667
https://www.newtral.es/miguel-angel-revilla-que-no-haya-un-gobierno-efectivo-sino-uno-en-funciones-cuesta-132-millones-de-euros-a-cantabria/20190701/,Con gobierno social comunista estamos casi en seis millones entre ERTEs y EREs de parados,"""Que no haya un Gobierno efectivo sino uno en funciones cuesta 132 millones de euros a Cantabria""",0,6.802721088435374e-05
https://colombiacheck.com/chequeos/sembramos-mas-de-35-millones-de-arboles-acercandonos-nuestra-meta-de-180-millones,Con gobierno social comunista estamos casi en seis millones entre ERTEs y EREs de parados,Iván Duque dijo que su gobierno ha sembrado más de 35 millones de árboles,0,0.0033333333333333335
https://www.newtral.es/susana-diaz-y-su-comparacion-enganosa-de-los-datos-del-paro-en-andalucia/20200206/,Con gobierno social comunista estamos casi en seis millones entre ERTEs y EREs de parados,Uno de cada tres desempleados nuevos en España es andaluz. Dejamos el gobierno en Andalucía con 789.000 parados y ahora hay 806.090. Un año perdido del gobierno.,0,0.020408137593333445
https://www.aosfatos.org/noticias/e-falso-que-presidente-do-chile-declarou-guerra-socialistas-e-comunistas/,Con gobierno social comunista estamos casi en seis millones entre ERTEs y EREs de parados,Presidente do Chile declarou guerra a socialistas e comunistas,0,0.013425430432759422
https://www.newtral.es/indra-psoe-elecciones-colombia/20220511/,Con gobierno social comunista estamos casi en seis millones entre ERTEs y EREs de parados,"Indra, empresa propiedad del Gobierno español y del PSOE, ha conseguido un contrato con el Gobierno de Colombia por 27.000 millones. Con su software pueden provocar un fraude en las elecciones.",0,0.02
https://poligrafo.sapo.pt/fact-check/mario-draghi-chamou-antonio-a-pedro-sanchez-nao-referia-se-a-antonio-costa,draghi llamo antonio a pedro sanchez,Mario Draghi chamou António ao primeiro-ministro espanhol Pedro Sanchez,1,0.9
https://verifica.efe.com/sanchez-no-nieto-destacado-militar-franquista/,draghi llamo antonio a pedro sanchez,Pedro Sánchez es nieto de un sanguinario militar franquista llamado Antonio Pérez Castejón.,0,0.006461499933185476
https://verifica.efe.com/draghi-gracias-antonio-sanchez-falso/,draghi llamo antonio a pedro sanchez,"El primer ministro italiano llama ""Antonio"" al español Pedro Sánchez, lo que prueba su irrelevancia internacional.",1,0.8233333333333334
https://factual.afp.com/doc.afp.com.328C784,draghi llamo antonio a pedro sanchez,"Antonio Navarro Wolff llamó ""delincuente"" a Gustavo Petro",0,0.1066762043750633
https://factual.afp.com/http%253A%252F%252Fdoc.afp.com%252F9V73WZ-1,draghi llamo antonio a pedro sanchez,Pedro Sánchez obliga a llevar mascarillas antes de que suba el IVA al 21%,0,0.0066915422885572146
https://www.newtral.es/el-supuesto-tuit-de-pedro-sanchez-sobre-la-semana-santa-es-de-una-cuenta-parodia/20190417/,draghi llamo antonio a pedro sanchez,El tuit de Pedro Sánchez sobre la Semana Santa,0,0.06378252783316074
https://www.newtral.es/impuestos-gasolina-sanchez/20220401/,draghi llamo antonio a pedro sanchez,"De 100 euros que gastas en gasolina, 56 se los lleva Pedro Sánchez.",0,0.023415956077511388
https://www.verificat.cat/fact-check/el-govern-de-pedro-sanchez-no-ha-apujat-ledat-de-jubilacio-als-66-anys-com-diu-toni-canto,draghi llamo antonio a pedro sanchez,El govern de Pedro Sánchez ha congelat el SMI,0,0.025301659053732942
https://www.newtral.es/es-falso-que-un-cabo-de-la-legion-negara-el-saludo-a-pedro-sanchez-en-fitur/20200128/,draghi llamo antonio a pedro sanchez,Un cabo de la Legión niega el saludo a Pedro Sánchez en FITUR,0,0.0
https://factual.afp.com/el-legionario-si-saludo-al-presidente-del-gobierno-de-espana-en-una-feria-de-turismo,draghi llamo antonio a pedro sanchez,Un legionario niega el saludo a Pedro Sánchez en España,0,0.023422311519326444
https://factual.afp.com/no-hay-pruebas-de-que-sanchez-viajara-donana-antes-de-semana-santa-saltandose-las-restricciones,draghi llamo antonio a pedro sanchez,Pedro Sánchez se saltó el cierre perimetral y viajó al sur de España antes de Semana Santa,0,0.00393191887103906
https://maldita.es/malditobulo/20200708/pedro-sanchez-nunca-pactar-pp/,draghi llamo antonio a pedro sanchez,Pedro Sánchez: &quot;No he pensado nunca en pactar con el PP&quot;,0,0.05051162969162072
https://www.europapress.es/verificaciones/noticia-no-pedro-sanchez-no-autorizado-uso-chemtrails-existe-procedimiento-conocido-nombre-20220517133120.html,draghi llamo antonio a pedro sanchez,Pedro Sánchez ha autorizado el uso de 'chemtrails',0,0.030604902148275645
https://www.newtral.es/el-video-de-la-supuesta-manifestacion-en-teruel-contra-pedro-sanchez-fue-grabado-en-madrid/20200107/,draghi llamo antonio a pedro sanchez,Vídeo de la manifestación en Teruel contra Pedro Sánchez,0,0.0033333333333333335
https://maldita.es/malditobulo/20220711/donald-trump-mujer-pedro-sanchez-transexual/,draghi llamo antonio a pedro sanchez,Trump afirma que la mujer de Pedro Sánchez es transexual,0,0.0033333333333333335
https://www.newtral.es/pedro-sanchez-no-ha-escrito-que-en-lleida-se-sintiera-como-si-estuviera-en-mi-propio-pais/20191028/,draghi llamo antonio a pedro sanchez,Pedro Sánchez ha escrito que en Lleida se sentía como si estuviera en su propio país,0,0.06573844505662686
https://maldita.es/malditobulo/20201012/pedro-sanchez-puente-donana/,draghi llamo antonio a pedro sanchez,Pedro Sánchez ha pasado el puente del 12 de octubre en Doñana,0,0.004267676767676767
https://factual.afp.com/doc.afp.com.327T6G9,draghi llamo antonio a pedro sanchez,"De cada 100 euros de gasolina, 57 son para Pedro Sánchez",0,0.02529845729135371
https://factual.afp.com/no-esta-fotografia-de-pedro-sanchez-no-fue-tomada-durante-el-incendio-de-gran-canaria,draghi llamo antonio a pedro sanchez,La foto de Pedro Sánchez durante los incendios de Gran Canaria,0,0.043423423423423424
https://www.newtral.es/no-pedro-sanchez-no-mandara-los-residuos-de-zaldibar-a-nerva/20200224/,draghi llamo antonio a pedro sanchez,Pedro Sánchez mandará los residuos de Zaldibar a Nerva,0,0.01561900949006201
https://www.usatoday.com/story/news/factcheck/2022/03/22/fact-check-australian-firefighters-not-ukrainians-shown-photo/9457931002/,fotografia bomberos cubiertos de hollin ucrania,A photo shows Ukrainian firefighters,1,0.9366666666666666
https://cekfakta.com/focus/9594,fotografia bomberos cubiertos de hollin ucrania,Foto Pemadam Kebakaran Ukraina,1,0.8033333333333333
https://www.usatoday.com/story/news/factcheck/2022/02/24/fact-check-gaza-strip-not-ukraine-pictured-explosion-photo/6922317001/,fotografia bomberos cubiertos de hollin ucrania,A photo shows an explosion in Ukraine,0,0.16825753685009004
https://maldita.es/malditobulo/20220322/bomberos-ucranianos-incendios-tasmania/,fotografia bomberos cubiertos de hollin ucrania,Foto actual de tres bomberos ucranianos,0,0.35
https://dpa-factchecking.com/luxembourg/220929-99-945802/,fotografia bomberos cubiertos de hollin ucrania,Une photo qui montre un QG des forces armées ukrainiennes à Odessa détruit par des drones (russes).,0,0.10113727203620426
https://factual.afp.com/doc.afp.com.324H3JR,fotografia bomberos cubiertos de hollin ucrania,Foto de columna de humo por conflicto en Ucrania,0,0.06
https://www.aosfatos.org/noticias/foto-ataque-israel-gaza-conflito-ucrania/,fotografia bomberos cubiertos de hollin ucrania,Foto mostra explosão na Ucrânia após ataque russo,0,0.23869412762417036
https://noticias.uol.com.br/confere/ultimas-noticias/2022/02/24/foto-de-explosao-em-gaza-circula-como-se-mostrasse-ataque-a-ucrania.htm,fotografia bomberos cubiertos de hollin ucrania,Foto de explosão seria de ataque russo à Ucrânia,0,0.0838032646817658
https://politica.estadao.com.br/blogs/estadao-verifica/foto-de-predio-em-chamas-e-de-ataque-a-palestina-em-2021-e-nao-da-invasao-russa-na-ucrania/,fotografia bomberos cubiertos de hollin ucrania,Imagem mostra incêndio em instalação de defesa aérea da Ucrânia em Nova Kakhovka,0,0.11347826086956521
https://www.newtral.es/imagenes-bombardeos-gaza-ucrania/20220225/,fotografia bomberos cubiertos de hollin ucrania,Imágenes del bombardeo de Rusia a Ucrania,0,9.87502979534852e-05
https://factcheck.afp.com/doc.afp.com.323X8NX,fotografia bomberos cubiertos de hollin ucrania,Images show Russia attacking Ukraine,0,0.01040665099716651
https://www.usatoday.com/story/news/factcheck/2022/03/18/fact-check-altered-photo-tractor-towing-russian-rocket/7082323001/,fotografia bomberos cubiertos de hollin ucrania,Photo shows Ukrainian tractor towing Russian rocket,0,0.024360373034622292
https://cekfakta.com/focus/9715,fotografia bomberos cubiertos de hollin ucrania,Foto Seorang Anak Ukraina Melempar Batu ke Tank Tentara Rusia,0,0.003463535632998514
https://misbar.com/factcheck/2022/02/20/الصورة-ليست-لقصف-روسي-عل-أوكرانيا,fotografia bomberos cubiertos de hollin ucrania,صورة من قصف روسي على أوكرانيا.,0,0.07157372219947225
https://kallxo.com/krypometer/fotografia-e-rreme-per-shperthimin-ne-ukraine/,fotografia bomberos cubiertos de hollin ucrania,“Kievi në flakë | Video dramatike tregon momentin kur qielli i natës u ndez me një top të madh zjarri,0,0.018434343434343435
https://www.usatoday.com/story/news/factcheck/2022/02/24/fact-check-russian-air-show-not-ukraine-invasion-shown-photo/6926889001/,fotografia bomberos cubiertos de hollin ucrania,An image shows a Russian plane shot down by Ukraine,0,0.01391042207988496
https://www.aosfatos.org/noticias/guerra-ucrania-foto-falso-ataque-gaza-2021/,fotografia bomberos cubiertos de hollin ucrania,Foto mostra ataque aéreo da Rússia à Ucrânia,0,0.058191638608305285
https://sprawdzam.afp.com/doc.afp.com.32G96XL,fotografia bomberos cubiertos de hollin ucrania,Na fotografii widać ukraińskich turystów,0,0.025924657001591873
https://verifica.efe.com/huelga-transportistas-agricultores-no-gases-lacrimogenos/,gases lacrimogenos contra transportistas españa,Un transportista de Jaén se graba en plena protesta contando que la policía usó gases lacrimógenos y petardos para dispersar a los manifestantes. Podrían usar la misma fuerza para Melilla. ,1,0.92
https://maldita.es/malditobulo/20220325/manifestante-gases-lacrimogenos-transportistas/,gases lacrimogenos contra transportistas españa,Vídeo de la Guardia Civil echando gases lacrimógenos a los camioneros,1,0.89
https://factual.afp.com/el-hombre-abatido-por-el-disparo-de-una-granada-lacrimogena-la-cabeza-fue-victima-de-la-represion-de,gases lacrimogenos contra transportistas españa,Así reprimen en Bolivia granada gas lacrimógeno a la cabeza,0,0.06627367742386356
https://maldita.es/malditobulo/20220718/policia-francesa-gas-lacrimogeno-sin-hogar/,gases lacrimogenos contra transportistas españa,La policía usa gas lacrimógeno contra una persona sin hogar en Bourget (Francia),0,0.12666666666666668
https://maldita.es/malditobulo/20220323/cuentas-trol-gobierno-paro-transportistas/,gases lacrimogenos contra transportistas españa,Cuentas de Twitter que apoyan al Gobierno y van en contra del paro de transportistas,0,0.044206827309236946
https://www.newtral.es/el-transportista-que-dice-llevar-material-sanitario-a-francia-porque-espana-no-lo-quiere-y-prefiere-lo-barato-muestra-en-el-video-paquetes-de-folios/20200331/,gases lacrimogenos contra transportistas españa,El transportista que dice llevar material sanitario a Francia porque “España no lo quiere”,0,0.036129904232313874
https://factual.afp.com/doc.afp.com.327Y3EU,gases lacrimogenos contra transportistas españa,Bus fue quemado durante las protestas de transportistas en 2022,0,0.007110290142367993
https://factual.afp.com/transportistas-protestaron-en-ecuador-por-el-precio-del-combustible-y-condiciones-crediticias,gases lacrimogenos contra transportistas españa,"Transportistas de Esmeraldas, Ecuador, marcharon a favor de Yaku Pérez",0,0.006873179582676789
https://maldita.es/malditobulo/20220313/desabastecimiento-piquetes-gasolinera-patronal/,gases lacrimogenos contra transportistas españa,Piquetes y desabastecimiento en las gasolineras por la huelga de transportistas del 14 de marzo de 2022,0,0.010100600500786634
https://factual.afp.com/la-imagen-de-un-peaje-en-llamas-no-fue-tomada-recientemente-en-peru-es-al-menos-de-2016,gases lacrimogenos contra transportistas españa,Esta foto corresponde a un peaje en Perú incendiado durante el paro de transportistas,0,0.015609594732782416
https://verificado.com.mx/enganoso-que-detencion-de-el-marro-disminuya-homicidios-en-guanajuato/,gases lacrimogenos contra transportistas españa,"“No tenemos reporte de robo a transporte, al contrario, hemos bajado ese robo, el robo de transporte, en todo el país, hay una comunicación constante, permanente con los transportistas y ha disminuido el robo de camiones de carga y de trenes, esa es la información que tenemos”.",0,0.0033333333333333335
https://maldita.es/malditobulo/20220325/adriana-lastra-transportistas-estudiar-abc/,gases lacrimogenos contra transportistas españa,Tuit de ABC con mensaje de Adriana Lastra para los transportistas: &quot;Si no querían ser camioneros que hubiesen estudiado. Ahora a tragar&quot;,0,0.02636883131879551
https://verifica.efe.com/desabastecimiento-harina-supermercado-2020-no-huelga/,gases lacrimogenos contra transportistas españa,"Un vídeo muestra cómo, ante la huelga de transportistas y la guerra de Ucrania, clientes de un supermercado español acaparan de forma compulsiva todos los paquetes de harina puestos a la venta.",0,0.046766351118760756
https://www.newtral.es/errejon-tamano-deposito-camiones-tuit/20220330/,gases lacrimogenos contra transportistas españa,"Íñigo Errejón ha propuesto que los fabricantes de camiones reduzcan a un tercio los depósitos para reducir el consumo de los transportistas, según un tuit suyo",0,0.0188164498714409
https://poligrafo.sapo.pt/fact-check/e-permitido-transportar-bilhas-de-gas-de-espanha-para-portugal,gases lacrimogenos contra transportistas españa,É permitido transportar bilhas de gás de Espanha para Portugal?,0,0.2
https://maldita.es/malditobulo/20220325/tuit-inigo-errejon-costes-consumo-transportistas/,gases lacrimogenos contra transportistas españa,Tuit Íñigo Errejón: Hoy reunidos con el Gobierno. Le hemos propuesto que los fabricantes de camiones reduzcan a 1/3 los depósitos para así reducir los costes de consumo de los transportistas,0,0.020165656220647254
https://www.standardmedia.co.ke/fact-check/article/2001423680/false-transporting-gas-cylinder-on-motorbike-will-not-cause-explosion,gases lacrimogenos contra transportistas españa,Transporting gas cylinder on motorbike will not cause explosion,0,0.0003772084742233996
https://www.factrakers.org/post/photo-of-medical-workers-in-manila-misused-to-depict-bicol-doctors,gases lacrimogenos contra transportistas españa,Photo shows Bicol medical workers transporting a body,0,0.0033659066232356134
https://poligrafo.sapo.pt/fact-check/transportes-gratuitos-em-lisboa-sao-pagos-pelos-contribuintes-de-todo-o-pais,gases lacrimogenos contra transportistas españa,Transportes gratuitos em Lisboa são pagos pelos contribuintes de todo o país?,0,0.04114585605964916
https://correctiv.org/faktencheck/2021/10/14/ja-diese-plakate-der-gruenen-wurden-in-berlin-mit-einem-porsche-transportiert/,gases lacrimogenos contra transportistas españa,Die Grünen hätten Wahlplakate mit einem Porsche transportiert.,0,0.0033659066232356134
https://verifica.efe.com/huelga-transportistas-agricultores-no-gases-lacrimogenos/,se han echado gases lacrimogenos manifestacion transportistas españa,Un transportista de Jaén se graba en plena protesta contando que la policía usó gases lacrimógenos y petardos para dispersar a los manifestantes. Podrían usar la misma fuerza para Melilla. ,1,0.68
https://maldita.es/malditobulo/20220325/manifestante-gases-lacrimogenos-transportistas/,se han echado gases lacrimogenos manifestacion transportistas españa,Vídeo de la Guardia Civil echando gases lacrimógenos a los camioneros,1,0.8
https://factual.afp.com/el-hombre-abatido-por-el-disparo-de-una-granada-lacrimogena-la-cabeza-fue-victima-de-la-represion-de,se han echado gases lacrimogenos manifestacion transportistas españa,Así reprimen en Bolivia granada gas lacrimógeno a la cabeza,0,0.02960701075719689
https://maldita.es/malditobulo/20220718/policia-francesa-gas-lacrimogeno-sin-hogar/,se han echado gases lacrimogenos manifestacion transportistas españa,La policía usa gas lacrimógeno contra una persona sin hogar en Bourget (Francia),0,0.01507273393247256
https://factual.afp.com/transportistas-protestaron-en-ecuador-por-el-precio-del-combustible-y-condiciones-crediticias,se han echado gases lacrimogenos manifestacion transportistas españa,"Transportistas de Esmeraldas, Ecuador, marcharon a favor de Yaku Pérez",0,0.013539846249343457
https://www.newtral.es/el-transportista-que-dice-llevar-material-sanitario-a-francia-porque-espana-no-lo-quiere-y-prefiere-lo-barato-muestra-en-el-video-paquetes-de-folios/20200331/,se han echado gases lacrimogenos manifestacion transportistas españa,El transportista que dice llevar material sanitario a Francia porque “España no lo quiere”,0,0.028373493975903614
https://factual.afp.com/doc.afp.com.327Y3EU,se han echado gases lacrimogenos manifestacion transportistas españa,Bus fue quemado durante las protestas de transportistas en 2022,0,0.007110290142367993
https://factual.afp.com/las-fotos-que-senalan-un-policia-infiltrado-en-las-manifestaciones-por-hasel-circulan-desde-2018,se han echado gases lacrimogenos manifestacion transportistas españa,Policía infiltrado en las manifestaciones tras el encarcelamiento de Pablo Hasél en España,0,0.0034989895539805876
https://maldita.es/malditobulo/20220313/desabastecimiento-piquetes-gasolinera-patronal/,se han echado gases lacrimogenos manifestacion transportistas españa,Piquetes y desabastecimiento en las gasolineras por la huelga de transportistas del 14 de marzo de 2022,0,0.03787837827856441
https://maldita.es/malditobulo/20210920/foto-manifestante-saludo-policia/,se han echado gases lacrimogenos manifestacion transportistas españa,Imagen de un policía y un manifestante con la bandera de España saludándose en la manifestación neonazi en Chueca,0,0.013333333333333334
https://maldita.es/malditobulo/20220323/cuentas-trol-gobierno-paro-transportistas/,se han echado gases lacrimogenos manifestacion transportistas españa,Cuentas de Twitter que apoyan al Gobierno y van en contra del paro de transportistas,0,0.020140761143356913
https://factual.afp.com/la-imagen-de-un-peaje-en-llamas-no-fue-tomada-recientemente-en-peru-es-al-menos-de-2016,se han echado gases lacrimogenos manifestacion transportistas españa,Esta foto corresponde a un peaje en Perú incendiado durante el paro de transportistas,0,0.026961320608317817
https://factual.afp.com/la-foto-de-la-multitud-es-de-una-protesta-contra-las-armas-de-fuego-en-2018-no-en-apoyo-trump,se han echado gases lacrimogenos manifestacion transportistas españa,Manifestación a favor de Trump en enero de 2021,0,3.257328990228013e-05
https://colombiacheck.com/chequeos/no-es-cierto-que-las-protestas-en-cuba-se-terminaron-porque-el-gobierno-dialogo-con-los,se han echado gases lacrimogenos manifestacion transportistas españa,Manifestaciones en Cuba terminaron por diálogo con manifestantes,0,0.00015873015873015873
https://colombiacheck.com/index.php/chequeos/no-es-cierto-que-las-protestas-en-cuba-se-terminaron-porque-el-gobierno-dialogo-con-los,se han echado gases lacrimogenos manifestacion transportistas españa,Manifestaciones en Cuba terminaron por diálogo con manifestantes,0,0.0033333333333333335
https://factual.afp.com/el-acto-de-filadelfia-en-1918-no-fue-una-protesta-contra-medidas-de-cuarentena-y-esta-foto-fue,se han echado gases lacrimogenos manifestacion transportistas españa,Una manifestación contra el confinamiento en 1918 provocó un brote de la gripa española,0,0.021640502499819726
https://factual.afp.com/ninguna-de-estas-24-fotografias-fue-tomada-en-las-protestas-de-octubre-de-2019-en-chile,se han echado gases lacrimogenos manifestacion transportistas españa,Fotos de manifestaciones en Chile en octubre de 2019 no tienen desperdicio en ESPANTO,0,0.01562798727498448
https://factual.afp.com/doc.afp.com.32CH7EE,se han echado gases lacrimogenos manifestacion transportistas españa,Video de manifestantes en Quito saboteando el transporte público es de 2019,0,0.01690917756314474
https://factual.afp.com/esta-imagen-no-se-tomo-cerca-del-recorrido-de-la-manifestacion-por-el-clima-en-sevilla,se han echado gases lacrimogenos manifestacion transportistas españa,Así quedó Sevilla tras la manifestación por el cambio climático,0,0.006867074576571782
https://maldita.es/malditobulo/20220315/rusia-anuncia-orden-detencion-george-soros/,moscú ordena detener a soros,Rusia anuncia una orden de detención contra George Soros,1,0.9133333333333333
https://factual.afp.com/doc.afp.com.326D6QN,moscú ordena detener a soros,El gobierno de Rusia anunció una orden de detención contra George Soros,1,0.92
https://www.newtral.es/rusia-george-soros-detencion/20220325/,moscú ordena detener a soros,El Gobierno de Rusia ordenó la detención de George Soros por ser el principal promotor del conflicto en Ucrania.,1,0.91
https://factual.afp.com/no-george-soros-no-fue-detenido-en-suiza-el-3-de-febrero,moscú ordena detener a soros,George Soros fue detenido en Suiza el 3 de febrero,0,0.017110290142367996
https://maldita.es/malditobulo/20201120/orden-detencion-joe-biden/,moscú ordena detener a soros,Orden de detención de Biden,0,0.06605555555555555
https://www.newtral.es/bulo-soros-detenido-filadelfia-interferencia-electoral/20201124/,moscú ordena detener a soros,George Soros ha sido detenido por interferir en las elecciones de Estados Unidos,0,0.04666666666666667
https://www.univision.com/noticias/trump-repite-las-comparaciones-inexactas-de-covid-19-con-europa,moscú ordena detener a soros,Tanto en contagios como en detener las muertes EEUU lo ha hecho mejor que Europa.,0,0.0
https://colombiacheck.com/chequeos/los-estetoscopios-no-envian-ondas-con-chip-5g-ni-detienen-corazones,moscú ordena detener a soros,Estetoscopio puede detener el corazón de los pacientes con ondas 5G,0,0.0
https://leadstories.com/hoax-alert/2017/12/fake-news-belgium-did-not-issue-international-arrest-warrant-for-mariano-rajoy.html,moscú ordena detener a soros,BÉLGICA dicta una Orden Europea de detención para Mariano Rajoy,0,0.12705131673881673
https://factual.afp.com/la-noticia-de-una-donacion-de-vehiculos-blindados-de-eeuu-colombia-es-de-julio-de-2020,moscú ordena detener a soros,Estados Unidos donó vehículos blindados a Colombia luego de que se pidiera detener el apoyo militar,0,0.01
https://www.bufale.net/la-foto-di-george-soros-con-la-divisa-da-ss-e-decontestualizzata-ancora-bufale-dai-complottisti/,moscú ordena detener a soros,Una foto mostra George Soros con la divisa da SS.,0,0.008022280630971386
https://www.aosfatos.org/noticias/el-video-de-militares-corriendo-por-la-playa-es-viejo-y-no-tiene-relacion-con-el-aislamiento-social/,moscú ordena detener a soros,Militares de reserva forman pelotones y corren por la playa donde Witzel dijo que iba a detener a quien fuera allí.,0,0.13666666666666666
https://checamos.afp.com/foto-e-uma-montagem-feita-partir-de-um-registro-de-greta-com-al-gore,moscú ordena detener a soros,Esta foto mostra Greta Thunberg ao lado de George Soros,0,0.014443471433842135
https://verifica.efe.com/moscu-no-ordeno-detener-soros-por-conflicto-ucrania-rusia/,moscú ordena detener a soros,El Gobierno de Vladímir Putin emite una orden de arresto contra George Soros por promover en Ucrania actividades contra Rusia.,1,0.9533333333333334
https://www.newtral.es/fotos-volcan-chillan-bulo-chile-movil/20210309/,moscú ordena detener a soros,"Van a subir unas fotos del volcán de Chillán por Whatsapp, no las abras ni las veas, te hackea el teléfono en 10 segundos y no se puede detener",0,0.006666666666666667
https://maldita.es/malditobulo/20200908/no-la-persona-que-aparece-en-esta-foto-con-el-hijo-de-george-soros-no-es-fernando-simon-se-trata-de-sergio-fajardo-politico-colombiano/,moscú ordena detener a soros,"Foto de Fernando Simón dando la mano al hijo de George Soros, Alexander Soros",0,0.024444444444444442
https://www.aosfatos.org/noticias/barroso-2012-sobrevoo-avioes-stf/,moscú ordena detener a soros,"Barroso acusa Bolsonaro de ordenar sobrevoo de caças no STF, mas caso é de 2012",0,0.0004878385848535101
https://www.bbc.co.uk/news/53826816,moscú ordena detener a soros,George Soros gave the order to nominate Kamala Harris for the role of vice president,0,0.0002754820936639119
https://vistinomer.mk/shpekulacija-e-deka-polska-kje-isprakja-vojnici-vo-ukraina/,zelenski ha huido de ucrania,"Еве ја првата членка на НАТО што директно и официјално влегува во конфликтот во Украина. Ова е првото домино, сега на ред се другите и не може да се спречи. Северџани и соороспии спремајте се, мобилизацијата е блиску. Ќе имате шанса да гинете за вашите НАТО идеали",0,0.01003257328990228
https://factuel.afp.com/ar/This-photo-shows-a-German-Student-during-a-social-experiment,zelenski ha huido de ucrania,تخيل ان دي بتشحت في اوكرانيا,0,0.023408100716062617
https://oko.press/debunking/czy-zachod-zdradzi-ukraine/,zelenski ha huido de ucrania,"""Scholz, Macron i Draghi za zamkniętymi drzwiami namawiali Zełenskiego do rozpoczęcia w najbliższych miesiącach - po spodziewanym upadku Donbasu - negocjacji z Rosją i do porozumienia pokojowego""",0,0.003466916724245714
https://newschecker.in/fact-check/us-paratroopers-not-in-ukraine/,zelenski ha huido de ucrania,US Paratroopers sighted in Ukraine Skies,0,0.020288983546312533
https://factuel.afp.com/ar/doc.afp.com.324P7JW,zelenski ha huido de ucrania,برنار ليفي في أوكرانيا,0,0.006666666666666667
https://facta.news/fuori-contesto/2022/07/19/questo-video-di-un-campo-in-fiamme-non-mostra-la-mietitura-in-ucraina-durante-linvasione-russa/,zelenski ha huido de ucrania,"Ucraina, la mietitura durante l'invasione russa",0,0.05015873015873016
https://demagog.org.pl/wypowiedzi/kryzys-ukrainski-oczami-polskiego-stronnictwa-ludowego/,zelenski ha huido de ucrania,"Wielokrotnie zabieraliśmy głos w sprawie sytuacji w polityce zagranicznej, różniliśmy się tutaj zdaniem od naszego koalicjanta, my nie pielgrzymowaliśmy, powtarzam już kolejny raz, na Majdan, bo mieliśmy trochę wyobraźnie, co się może wkrótce zadziać.",0,0.007057448911792827
https://factual.afp.com/ar/doc.afp.com.32CX38Y,zelenski ha huido de ucrania,سقوط صاروخ روسيّ هائل القوّة في أوكرانيا,0,0.0
https://factuel.afp.com/ar/doc.afp.com.32CX38Y,zelenski ha huido de ucrania,سقوط صاروخ روسيّ هائل القوّة في أوكرانيا,0,0.0
https://verify-sy.com/ar/details/9703,zelenski ha huido de ucrania,"مقتل ""برنارد ليفي"" في أوكرانيا",0,0.0066915422885572146
https://www.dogrula.org/dogrulamalar/gorseldeki-kisinin-ukrayna-devlet-baskani-volodimir-zelenski-oldugu-iddiasi/,zelenski ha huido de ucrania,Görseldeki kişinin Ukrayna Devlet Başkanı Volodimir Zelenski olduğu iddiası,0,0.023434343434343433
https://kallxo.com/krypometer/ilustrimi-i-rreme-i-lajmit-rreth-luftes-ne-ukraine/,zelenski ha huido de ucrania,"Kryepeshkopi i Kishës Fashiste Ruse i drejtohet ushtarëve: Mos kini frikë, është lavdi të vdesësh për Atdheun",0,0.00013358339091238113
https://fatabyyano.net/%d9%87%d8%b0%d8%a7-%d8%a7%d9%84%d9%85%d9%82%d8%b7%d8%b9-%d9%85%d9%86-%d9%83%d8%a7%d8%b2%d8%a7%d8%ae%d8%b3%d8%aa%d8%a7%d9%86/,zelenski ha huido de ucrania,جندي روسي يبكي تحت القصف الاوكراني,0,0.006666666666666667
https://faktantarkistus.afp.com/http%253A%252F%252Fdoc.afp.com%252F9MK2L9-1,zelenski ha huido de ucrania,Australiassa on pakko ladata kasvojentunnistussovellus,0,0.030057448911792826
https://kallxo.com/krypometer/deklarimi-i-rreme-se-ukraina-nuk-ka-kufij/,zelenski ha huido de ucrania,"Generalni sekretar Ujedinjenih nacija je izjavio da Ukrajina nije podnela zahtev za registraciju granice od 1991. godine, tako da država Ukrajina ne postoji!",0,3.257328990228013e-05
https://faktantarkistus.afp.com/doc.afp.com.32HA328,zelenski ha huido de ucrania,Suurin osa Ukrainan pakolaisista menee Venäjälle,0,0.017829594647776465
https://verifica.efe.com/feministas-barcelona-bogota-video-falso/,iglesia de barcelona quemada por feministas,Un vídeo muestra cómo un grupo de feministas quema una iglesia en Barcelona.,1,0.9733333333333334
https://www.newtral.es/video-feminista-queman-iglesia/20220323/,iglesia de barcelona quemada por feministas,"Este vídeo muestra a feministas marxistas de Cataluña quemando una iglesia en Sarriá, Barcelona",1,0.97
https://factual.afp.com/doc.afp.com.327V88B,iglesia de barcelona quemada por feministas,"Feministas marxistas protestan contra la moral católica quemando una iglesia en Sarriá, Barcelona",1,0.9533333333333334
https://maldita.es/migracion/20220920/acto-mujeres-velo-barcelona/,iglesia de barcelona quemada por feministas,Feministas organizan un evento en Barcelona para promover el velo,0,0.016752136752136753
https://maldita.es/malditobulo/20220920/acto-mujeres-velo-barcelona/,iglesia de barcelona quemada por feministas,Feministas organizan un evento en Barcelona para promover el velo,0,0.013418803418803419
https://factual.afp.com/doc.afp.com.32GF4LF,iglesia de barcelona quemada por feministas,Esta iglesia es quemada en Nicaragua por el gobierno de Daniel Ortega,0,0.030454376163873368
https://maldita.es/malditobulo/20210308/campana-feminista-ajedrez-fomenta-feminicidio-matar-reina/,iglesia de barcelona quemada por feministas,Feministas aseguran que el ajedrez fomenta el feminicidio porque se mata a la reina,0,0.006739400599139228
https://www.newtral.es/la-imagen-de-este-autobus-quemandose-no-esta-hecha-en-barcelona-es-de-chile/20191022/,iglesia de barcelona quemada por feministas,Imagen de un autobús quemándose en Barcelona,0,0.09333333333333334
https://factual.afp.com/no-este-puente-que-colapso-no-fue-construido-por-ingenieras-feministas,iglesia de barcelona quemada por feministas,Este puente que colapsó en Florida fue construido por ingenieras feministas,0,0.020068027210884354
https://checamos.afp.com/na-verdade-obra-desta-ponte-foi-conduzida-por-um-engenheiro,iglesia de barcelona quemada por feministas,Ponte desabada nos Estados Unidos foi construída por engenheiras feministas.,0,0.04783108269230842
https://www.fastcheck.cl/2020/10/19/consecuencia-del-incendio-en-la-iglesia-la-asuncion-al-menos-100-gatitos-murieron-quemados-fake/,iglesia de barcelona quemada por feministas,“CONSECUENCIA DEL INCENDIO EN LA IGLESIA LA ASUNCIÓN: AL MENOS 100 GATITOS MURIERON QUEMADOS”,0,0.004453048416739845
https://www.bol.uol.com.br/noticias/2022/09/24/padre-kelmon-erra-sobre-feminismo-e-situacao-juridica-de-lula.htm,iglesia de barcelona quemada por feministas,"Só existe um conceito de feminista.""",0,0.008716608958044547
https://noticias.uol.com.br/confere/ultimas-noticias/2022/09/24/padre-kelmon-erra-sobre-feminismo-e-situacao-juridica-de-lula.htm,iglesia de barcelona quemada por feministas,"Só existe um conceito de feminista.""",0,0.018438764567441642
https://factual.afp.com/esta-policia-no-fue-golpeada-por-feministas-quedo-afectada-por-quimicos-durante-una-marcha-en-mexico,iglesia de barcelona quemada por feministas,"La mujer policía que fue pateada, apaleada y escupida por mujeres de la marcha de Feministas en México",0,0.01018907004142439
https://factual.afp.com/la-foto-de-una-catedral-en-mexico-con-pintadas-feministas-es-un-montaje,iglesia de barcelona quemada por feministas,"Feministas pintaron la catedral de Tepic, en México, durante protesta",0,0.27
https://www.newtral.es/tren-barcelona-mataro-manresa-velocidad/20220514/,iglesia de barcelona quemada por feministas,El tren Mataró-Barcelona iba más rápido en 1849 que ahora y el tren de Manresa a Barcelona tarda lo mismo que hace 150 años.,0,0.0
https://verifica.efe.com/feministas-barcelona-bogota-video-falso/,feministas queman una iglesia en barcelona,Un vídeo muestra cómo un grupo de feministas quema una iglesia en Barcelona.,1,0.9466666666666667
https://www.newtral.es/video-feminista-queman-iglesia/20220323/,feministas queman una iglesia en barcelona,"Este vídeo muestra a feministas marxistas de Cataluña quemando una iglesia en Sarriá, Barcelona",1,0.9833333333333333
https://factual.afp.com/doc.afp.com.327V88B,feministas queman una iglesia en barcelona,"Feministas marxistas protestan contra la moral católica quemando una iglesia en Sarriá, Barcelona",1,0.9266666666666666
https://maldita.es/migracion/20220920/acto-mujeres-velo-barcelona/,feministas queman una iglesia en barcelona,Feministas organizan un evento en Barcelona para promover el velo,0,0.03
https://maldita.es/malditobulo/20220920/acto-mujeres-velo-barcelona/,feministas queman una iglesia en barcelona,Feministas organizan un evento en Barcelona para promover el velo,0,0.03666666666666667
https://www.newtral.es/la-imagen-de-este-autobus-quemandose-no-esta-hecha-en-barcelona-es-de-chile/20191022/,feministas queman una iglesia en barcelona,Imagen de un autobús quemándose en Barcelona,0,0.08
https://maldita.es/malditobulo/20210308/campana-feminista-ajedrez-fomenta-feminicidio-matar-reina/,feministas queman una iglesia en barcelona,Feministas aseguran que el ajedrez fomenta el feminicidio porque se mata a la reina,0,0.04003257328990228
https://factual.afp.com/no-este-puente-que-colapso-no-fue-construido-por-ingenieras-feministas,feministas queman una iglesia en barcelona,Este puente que colapsó en Florida fue construido por ingenieras feministas,0,0.0033333333333333335
https://www.bol.uol.com.br/noticias/2022/09/24/padre-kelmon-erra-sobre-feminismo-e-situacao-juridica-de-lula.htm,feministas queman una iglesia en barcelona,"Só existe um conceito de feminista.""",0,0.026314164523661726
https://noticias.uol.com.br/confere/ultimas-noticias/2022/09/24/padre-kelmon-erra-sobre-feminismo-e-situacao-juridica-de-lula.htm,feministas queman una iglesia en barcelona,"Só existe um conceito de feminista.""",0,0.030247566333666723
https://checamos.afp.com/na-verdade-obra-desta-ponte-foi-conduzida-por-um-engenheiro,feministas queman una iglesia en barcelona,Ponte desabada nos Estados Unidos foi construída por engenheiras feministas.,0,0.028433423541459703
https://factual.afp.com/doc.afp.com.32GF4LF,feministas queman una iglesia en barcelona,Esta iglesia es quemada en Nicaragua por el gobierno de Daniel Ortega,0,0.01
https://factual.afp.com/la-foto-de-una-catedral-en-mexico-con-pintadas-feministas-es-un-montaje,feministas queman una iglesia en barcelona,"Feministas pintaron la catedral de Tepic, en México, durante protesta",0,0.0703030303030303
https://www.newtral.es/tren-barcelona-mataro-manresa-velocidad/20220514/,feministas queman una iglesia en barcelona,El tren Mataró-Barcelona iba más rápido en 1849 que ahora y el tren de Manresa a Barcelona tarda lo mismo que hace 150 años.,0,0.0
https://factual.afp.com/esta-policia-no-fue-golpeada-por-feministas-quedo-afectada-por-quimicos-durante-una-marcha-en-mexico,feministas queman una iglesia en barcelona,"La mujer policía que fue pateada, apaleada y escupida por mujeres de la marcha de Feministas en México",0,0.0035356835872411246
https://www.newtral.es/es-falso-que-4500-asociaciones-feministas-controlen-24-000-millones-de-fondos-europeos/20190306/,feministas queman una iglesia en barcelona,4500 asociaciones feministas controlan 24.000 millones de fondos europeos,0,0.010036630036630037
https://factual.afp.com/doc.afp.com.328P6UB,bbc atribuye a ucrania el ataque estacion kramatorsk,"La BBC publicó un video del ataque de una estación de tren en Kramatorsk, Ucrania",1,0.9866666666666667
https://maldita.es/malditobulo/20220413/bbc-ucrania-ataque-estacion-tren-kramatorsk/,bbc atribuye a ucrania el ataque estacion kramatorsk,Video de la BBC asegurando que Ucrania es la autora del ataque a la estación de tren de Kramatorsk (Ucrania),1,0.9633333333333334
https://facta.news/fuori-contesto/2022/10/06/jeremy-bowen-bbc-ucraina/,bbc atribuye a ucrania el ataque estacion kramatorsk,"L'inviato in Ucraina della BBC, Jeremy Bowen, mentre finge di essere sotto attacco davanti allo sguardo perplesso di una donna con le buste della spesa",1,0.6400939157564371
https://factuel.afp.com/doc.afp.com.328D4CN,bbc atribuye a ucrania el ataque estacion kramatorsk,Ce reportage de la BBC impute l'attaque de Kramatorsk à l'Ukraine,1,0.9966666666666667
https://dpa-factchecking.com/belgium/220414-99-920282/,bbc atribuye a ucrania el ataque estacion kramatorsk, La BBC diffuse une vidéo accusant l'Ukraine de l'attaque à Kramatorsk.,1,0.9866666666666667
https://dpa-factchecking.com/belgium/220414-99-920282,bbc atribuye a ucrania el ataque estacion kramatorsk,La BBC diffuse une vidéo accusant l'Ukraine de l'attaque à Kramatorsk.,1,0.9933333333333333
https://www.newsweek.com/fact-check-did-bbc-report-blame-ukraine-kramatorsk-station-bombing-1697697,bbc atribuye a ucrania el ataque estacion kramatorsk,BBC Report Blamed Ukraine for Kramatorsk Station Bombing,1,0.9566666666666667
https://www.newtral.es/bbc-ucrania-estacion-kramatorsk/20220413/,bbc atribuye a ucrania el ataque estacion kramatorsk,La BBC responsabiliza en un vídeo al Ejército de Ucrania del ataque en la estación de Kramatorsk.,1,0.9733333333333334
https://factcheck.kz/claim-checking/verdict/obvinila-li-bbc-news-ukrainu-v-obstrele-vokzala-kramatorska-proverka-reuters-fact-check/,bbc atribuye a ucrania el ataque estacion kramatorsk,"BBC распространило видео, доказывающее вину Украины за Краматорск",1,0.7933333333333333
"https://www.br.de/nachrichten/deutschland-welt/faktenfuchs-angebliches-bbc-video-ueber-kramatorsk-ist-ein-fake,T2zi4xL",bbc atribuye a ucrania el ataque estacion kramatorsk,"Ein Fake-BBC-Video legt nahe, die Ukraine hätte selbst den Bahnhof von Kramatorsk angegriffen.",1,0.9333333333333333
https://verifica.efe.com/ayuntamiento-soria-taller-feminista-pintate-el-toto/,soria gasta 20000 euros en taller feminista,"El Ayuntamiento de Soria gastó 20.000 euros en un taller feminista para enseñar a las mujeres a ""pintarse el 'toto'"" y lo financió con cargo al Plan de Igualdad del Gobierno de España.",1,0.9633333333333334
https://www.newtral.es/borrador-automaticotaller-pintate-toto-ayuntamiento-soria/20220418/,soria gasta 20000 euros en taller feminista,El Ayuntamiento de Soria se gasta 20.000 euros en un taller para enseñar a las mujeres a pintarse el coño,1,0.9433333333333334
https://www.bol.uol.com.br/noticias/2022/09/24/padre-kelmon-erra-sobre-feminismo-e-situacao-juridica-de-lula.htm,soria gasta 20000 euros en taller feminista,"Só existe um conceito de feminista.""",0,0.027421237762313914
https://noticias.uol.com.br/confere/ultimas-noticias/2022/09/24/padre-kelmon-erra-sobre-feminismo-e-situacao-juridica-de-lula.htm,soria gasta 20000 euros en taller feminista,"Só existe um conceito de feminista.""",0,0.003976261685758892
https://www.newtral.es/es-falso-que-4500-asociaciones-feministas-controlen-24-000-millones-de-fondos-europeos/20190306/,soria gasta 20000 euros en taller feminista,4500 asociaciones feministas controlan 24.000 millones de fondos europeos,0,0.09716666666666667
https://www.newtral.es/bulos-que-intentan-atacar-el-feminismo/20200307/,soria gasta 20000 euros en taller feminista,4500 asociaciones feministas controlan 24.000 millones de fondos europeos,0,0.13383333333333333
https://maldita.es/malditobulo/20210308/campana-feminista-ajedrez-fomenta-feminicidio-matar-reina/,soria gasta 20000 euros en taller feminista,Feministas aseguran que el ajedrez fomenta el feminicidio porque se mata a la reina,0,0.0066992399565689465
https://maldita.es/malditobulo/20200505/carrefour-vales-productos-bebes-phishing/,soria gasta 20000 euros en taller feminista,Carrefour sortea vales de 200 euros para gastar en productos para bebés,0,0.01032258064516129
https://verifica.efe.com/embajadora-mision-especial-no-cobra-275-000-euros/,soria gasta 20000 euros en taller feminista,La embajadora en Misión Especial para la Política Exterior Feminista cobra 275.000 euros anuales y ocupa un puesto que hasta ahora no existía.,0,0.02696988493756854
https://factual.afp.com/el-cartel-de-la-joven-manifestante-esta-editado,soria gasta 20000 euros en taller feminista,Una feminista sujeta una pancarta con un mensaje pro-aborto,0,0.0
https://checamos.afp.com/o-video-de-padre-marcelo-rossi-sendo-empurrado-virou-alvo-de-desinformacao-internacional,soria gasta 20000 euros en taller feminista,Padre Marcelo Rossi foi empurrado por uma feminista,0,0.009703922852128852
https://www.boatos.org/politica/pf-descobre-sara-winter-feminista-petista-disfarcada-ativista-pro-bolsonaro.html,soria gasta 20000 euros en taller feminista,"A VERDADE É QUE ""SARA WINTER"" É UMA ATIVISTA FEMINISTA E GUERRILHEIRA PETISTA DISFARÇADA DE BOLSONARISTA. CAVOU A PRÓPRIA PRISÃO PARA SE TORNAR HEROÍNA FEMINISTA",0,0.03673469387755102
https://maldita.es/malditobulo/20210521/cuenta-trol-chusmariquilla-twitter-feminista/,soria gasta 20000 euros en taller feminista,Cuenta de Twitter feminista y de izquierdas @chusmariquilla,0,0.00010101010101010101
https://maldita.es/malditobulo/20220607/igualdad-dia-diversidad-vaginas-bulo-artista-londinense/,soria gasta 20000 euros en taller feminista,Ensayo agrupación feminista por el día de la diversidad de vaginas,0,9.762900976290097e-05
https://maldita.es/migracion/20220920/acto-mujeres-velo-barcelona/,soria gasta 20000 euros en taller feminista,Feministas organizan un evento en Barcelona para promover el velo,0,0.0
https://www.newtral.es/es-falso-que-4500-asociaciones-feministas-controlen-24-000-millones-de-fondos-europeos/20190306/,plan de igualdad destina millones a feministas,4500 asociaciones feministas controlan 24.000 millones de fondos europeos,1,0.7366666666666667
https://www.newtral.es/bulos-que-intentan-atacar-el-feminismo/20200307/,plan de igualdad destina millones a feministas,4500 asociaciones feministas controlan 24.000 millones de fondos europeos,1,0.77
https://factual.afp.com/doc.afp.com.32CE3QR,plan de igualdad destina millones a feministas,"El ‘día de la diversidad de las vaginas’, la nueva ocurrencia de Igualdad para reforzar el empoderamiento feminista",0,0.030436409555736503
https://www.newtral.es/dia-diversidad-vaginas-ministerio-de-igualdad/20220603/,plan de igualdad destina millones a feministas,"El “día de la diversidad de las vaginas”, la nueva ocurrencia del Ministerio de Igualdad para reforzar el empoderamiento feminista.",0,0.03685573670809105
https://verifica.efe.com/ayuntamiento-soria-taller-feminista-pintate-el-toto/,plan de igualdad destina millones a feministas,"El Ayuntamiento de Soria gastó 20.000 euros en un taller feminista para enseñar a las mujeres a ""pintarse el 'toto'"" y lo financió con cargo al Plan de Igualdad del Gobierno de España.",0,0.09666666666666666
https://maldita.es/feminismo/bulo/20220408/protesta-20.000-millones-plan-igualdad-chile-2019/,plan de igualdad destina millones a feministas,Vídeo de activistas desnudas y masturbandose cantando en un acto pagado con los 20.000 millones del plan de Igualdad,0,0.04676541696462015
https://maldita.es/malditobulo/20220408/protesta-20.000-millones-plan-igualdad-chile-2019/,plan de igualdad destina millones a feministas,Vídeo de activistas desnudas y masturbandose cantando en un acto pagado con los 20.000 millones del plan de Igualdad,0,0.03043208363128682
https://www.newtral.es/igualdad-volcan-abordaje-feminista-montae/20211020/,plan de igualdad destina millones a feministas,"Nieves Sánchez, Ministerio de Igualdad: “El volcán es una expresión de la masculinidad tóxica y exige un abordaje feminista, no uno científico”",0,0.03003257328990228
https://www.newtral.es/manifestacion-personas-desnudas-plan-igualdad/20220412/,plan de igualdad destina millones a feministas,En este vídeo de protestas con personas desnudas se puede ver en qué se gastan los 20.000 millones de euros de Igualdad,0,0.06696969696969697
https://www.newtral.es/fondos-europeos-transicion-ecologica-igualdad/20210915/,plan de igualdad destina millones a feministas,"Los primeros 6.500 millones de los fondos europeos van para transición ecológica e igualdad de género, entre otros. ",0,0.08333333333333333
https://maldita.es/malditobulo/20210308/campana-feminista-ajedrez-fomenta-feminicidio-matar-reina/,plan de igualdad destina millones a feministas,Feministas aseguran que el ajedrez fomenta el feminicidio porque se mata a la reina,0,0.0033333333333333335
https://www.newtral.es/20-000-millones-igualdad/20220315/,plan de igualdad destina millones a feministas,"El presupuesto del Ministerio de Igualdad en 2022 es de más de 20.000 millones de euros, tres o cuatro veces más que Sanidad o Educación.",0,0.21666666666666667
https://verifica.efe.com/feministas-barcelona-bogota-video-falso/,plan de igualdad destina millones a feministas,Un vídeo muestra cómo un grupo de feministas quema una iglesia en Barcelona.,0,0.0
https://www.verificat.cat/es/fact-check/los-presupuestos-de-la-generalitat-no-destinan-50-millones-en-financiar-menas-como-dice-una-campana-de-vox,plan de igualdad destina millones a feministas,Los Presupuestos de Cataluña destinan 50 millones en financiar MENAS,0,0.030513605720798774
https://checamos.afp.com/na-verdade-obra-desta-ponte-foi-conduzida-por-um-engenheiro,plan de igualdad destina millones a feministas,Ponte desabada nos Estados Unidos foi construída por engenheiras feministas.,0,0.03363928582217976
https://factual.afp.com/la-foto-de-una-catedral-en-mexico-con-pintadas-feministas-es-un-montaje,plan de igualdad destina millones a feministas,"Feministas pintaron la catedral de Tepic, en México, durante protesta",0,0.0100132802124834
https://maldita.es/malditaciencia/20220419/vacuna-covid-culpable-hepatitis-infantil/,vacuna covid causa hepatitis infantil,La vacuna covid-19 es culpable del aumento de la hepatitis infantil,1,0.9833333333333333
https://maldita.es/malditaciencia/20220718/pfizer-no-publicado-estudio-vacuna-hepatitis/,vacuna covid causa hepatitis infantil,La vacuna covid-19 es culpable del aumento de la hepatitis infantil,1,0.8966666666666666
https://checamos.afp.com/doc.afp.com.329W7H7,vacuna covid causa hepatitis infantil,A vacinação contra covid-19 causa hepatite infantil,1,0.98
https://www.newtral.es/hepatitis-vacuna-covid-infantil/20220427/,vacuna covid causa hepatitis infantil,Las vacunas contra la COVID-19 son responsables del brote de hepatitis infantil. ,1,0.9933333333333333
https://www.newsweek.com/fact-check-are-child-hepatitis-cases-linked-covid-19-vaccines-1701138,vacuna covid causa hepatitis infantil,Are child hepatitis cases linked to COVID-19 vaccines?,1,0.99
https://www.thip.media/health-news-fact-check/fact-check-are-children-getting-hepatitis-due-to-covid-vaccines/30861/,vacuna covid causa hepatitis infantil,Children are getting hepatitis due to Covid Vaccines,1,0.9466666666666667
https://www.thip.media/health-news-fact-check/fact-check-are-kids-getting-hepatitis-because-of-the-jj-covid-vaccine/30760/,vacuna covid causa hepatitis infantil,kids getting hepatitis because of the J&J Covid vaccine,1,0.8933333333333333
https://www.boatos.org/saude/vacina-contra-covid-19-esta-causando-nova-hepatite-criancas.html,vacuna covid causa hepatitis infantil,Vacina contra Covid-19 está causando nova hepatite em crianças,1,0.99
https://www.verificat.cat/es/fact-check/los-casos-de-hepatitis-en-ninos-no-estan-causados-por-la-vacuna-de-pfizer,vacuna covid causa hepatitis infantil,Un estudio de Pfizer sugiere que la vacuna Covid-19 es la culpable del gran aumento de la hepatitis entre los niños,1,0.98
https://www.verificat.cat/fact-check/els-casos-dhepatitis-en-infants-no-estan-causats-per-la-vacuna-de-pfizer,vacuna covid causa hepatitis infantil,Un estudi de Pfizer suggereix que la vacuna Covid-19 és la culpable del gran augment de l'hepatitis entre els nens,1,0.9733333333333334
https://cekfakta.com/focus/10203,vacuna covid causa hepatitis infantil,Hepatitis Misterius disebabkan oleh Vaksin Covid-19,1,0.86
https://cekfakta.com/focus/9767,vacuna covid causa hepatitis infantil,Vaksin Covid-19 Penyebab Hepatitis Akut pada Anak-Anak,1,0.9433333333333334
https://www.europapress.es/verificaciones/noticia-no-the-lancet-no-publicado-estudio-vincule-casos-hepatitis-menores-covid-19-20220523175054.html,vacuna covid causa hepatitis infantil,The Lancet ha vinculado los casos de hepatitis en menores con el COVID,1,0.9166666666666666
https://www.thip.media/health-news-fact-check/fact-check-is-hepatitis-b-100-curable/34222/,vacuna covid causa hepatitis infantil,Hepatitis B is 100% curable,0,0.07079877112135177
https://www.newtral.es/hepatitis-infantil-vacuna-covid-19-antena-3/20220509/,vacuna covid causa hepatitis infantil,Antena 3: alerta internacional por brote de hepatitis en niños y adolescentes provocado por las vacunas de la COVID-19 de Pfizer,1,0.91
https://factcheck.afp.com/hepatitis-b-vaccine-safe-newborns,vacuna covid causa hepatitis infantil,Hepatitis B vaccine is dangerous for newborns,0,0.25666666666666665
http://checkyourfact.com/2022/08/16/fact-check-hepatitis-b-curable/,vacuna covid causa hepatitis infantil,claims that hepatitis B is curable.,0,0.026919879062736202
https://www.vishvasnews.com/english/society/fact-check-post-claiming-pigeons-can-cure-hepatitis-and-cancer-is-misleading/,vacuna covid causa hepatitis infantil,Wild pigeon can cure hepatitis and cancer,0,0.02673469387755102
https://www.thip.media/health-news-fact-check/fact-check-are-children-getting-hepatitis-due-to-covid-vaccines/30861/,vacuna covid es la causa de la hepatitis infantil,Children are getting hepatitis due to Covid Vaccines,1,0.9666666666666667
https://maldita.es/malditaciencia/20220718/pfizer-no-publicado-estudio-vacuna-hepatitis/,vacuna covid es la causa de la hepatitis infantil,La vacuna covid-19 es culpable del aumento de la hepatitis infantil,1,0.8833333333333333
https://www.thip.media/health-news-fact-check/fact-check-are-kids-getting-hepatitis-because-of-the-jj-covid-vaccine/30760/,vacuna covid es la causa de la hepatitis infantil,kids getting hepatitis because of the J&J Covid vaccine,1,0.96
https://www.thip.media/health-news-fact-check/fact-check-can-covid-vaccines-cause-vaids-syndrome/29801/,vacuna covid es la causa de la hepatitis infantil,Covid vaccines cause VAIDS syndrome,0,0.11333333333333333
https://factcheck.afp.com/hepatitis-b-vaccine-safe-newborns,vacuna covid es la causa de la hepatitis infantil,Hepatitis B vaccine is dangerous for newborns,0,0.23666666666666666
https://colombiacheck.com/chequeos/este-video-no-es-de-un-padre-desesperado-porque-su-hijo-murio-tras-ser-vacunado-por-covid,vacuna covid es la causa de la hepatitis infantil,niño muere por vacuna anti covid,0,0.20347826086956522
https://www.bufale.net/no-non-e-vero-che-lepatite-infantile-e-causata-dalla-profilassi-anticovid/,vacuna covid es la causa de la hepatitis infantil,L'epatite infantile è causata dalla profilassi antiCOVID,1,0.96
https://cekfakta.com/focus/9767,vacuna covid es la causa de la hepatitis infantil,Vaksin Covid-19 Penyebab Hepatitis Akut pada Anak-Anak,1,0.93
https://www.boomlive.in/world/posts-falsely-claim-hepatitis-b-vaccine-is-dangerous-for-babies-8801,vacuna covid es la causa de la hepatitis infantil,Hepatitis B vaccine is dangerous for newborn babies.,0,0.23095238095238094
https://www.newtral.es/hepatitis-vacuna-covid-infantil/20220427/,vacuna covid es la causa de la hepatitis infantil,Las vacunas contra la COVID-19 son responsables del brote de hepatitis infantil. ,1,0.96
https://www.thip.media/health-news-fact-check/fact-check-does-covid-vaccine-go-into-the-bloodstream/35519/,vacuna covid es la causa de la hepatitis infantil,covid vaccine goes into the bloodstream,0,0.12113756613756614
https://cekfakta.com/focus/10203,vacuna covid es la causa de la hepatitis infantil,Hepatitis Misterius disebabkan oleh Vaksin Covid-19,1,0.79
https://factuel.afp.com/http%253A%252F%252Fdoc.afp.com%252F9NB3K4,vacuna covid es la causa de la hepatitis infantil,Les vaccins contre le Covid causent l'impuissance,0,0.05893340455840457
https://www.thip.media/health-news-fact-check/fact-check-did-covid-vaccine-cause-monkeypox/31231/,vacuna covid es la causa de la hepatitis infantil,Covid vaccine cause monkeypox,0,0.12
https://www.thip.media/health-news-fact-check/fact-check-is-covid-vaccine-causing-japanese-encephalitis-virus/30429/,vacuna covid es la causa de la hepatitis infantil,Covid vaccine causing Japanese encephalitis virus,0,0.11076923076923076
https://sciencefeedback.co/claimreview/no-causal-association-between-the-dtap-vaccine-and-sudden-infant-death-syndrome-sids/,vacuna covid es la causa de la hepatitis infantil,The DTaP vaccine causes SIDS,0,0.052088250378317845
https://factual.afp.com/en-espana-cada-elector-tiene-un-voto-pero-su-peso-proporcional-difiere-en-el-congreso,en españa es legal cambiarse de genero cada seis meses,Si la ley electoral cambiara a un español = un voto no se tendrían los problemas actuales en España.,0,0.041055555555555553
https://www.newtral.es/fact-check-empleos-crea-espana-andalucia-ines-arrimadas/20210712/,en españa es legal cambiarse de genero cada seis meses,"“Los últimos datos de empleo que hemos conocido, uno de cada tres empleos que se genera en España se generan en Andalucía""",0,0.0033333333333333335
https://maldita.es/malditobulo/20220922/hombre-cambia-genero-denuncia-violencia-machista/,en españa es legal cambiarse de genero cada seis meses,Un hombre cambia de género y evita una denuncia por violencia machista,0,0.2866666666666667
https://factual.afp.com/la-imagen-de-una-drag-queen-leyendo-ninos-no-fue-tomada-en-espana-sino-en-nueva-york-en-2018,en españa es legal cambiarse de genero cada seis meses,Una foto muestra a un educador de género en España.,0,0.040106975461814166
https://maldita.es/malditobulo/20211220/mexico-modificar-acta-nacimiento-edad-registro/,en españa es legal cambiarse de genero cada seis meses,Mexico legaliza la pedofilia y permite cambiar la edad a cualquier ciudadano por capricho,0,0.02716666666666667
https://www.newtral.es/factcheck-espana-mando-unico-estado-alarma/20200811/,en españa es legal cambiarse de genero cada seis meses,"""El Gobierno de España tiene el mando único desde hace exactamente seis meses""",0,0.0033333333333333335
https://www.newtral.es/adriana-lastra-espana-esta-a-la-cabeza-en-desigualdad-y-eso-se-ha-generado-sobre-todo-en-los-siete-anos-de-gobierno-de-la-derecha/20181220/,en españa es legal cambiarse de genero cada seis meses,España lidera en desigualdad y eso se generó sobre todo en los 7 años del PP,0,0.0
https://www.newtral.es/directores-salud-publica-consejeros-sanidad-ayuso/20211229/,en españa es legal cambiarse de genero cada seis meses,“No hay un solo Gobierno autonómico en España que no haya cambiado a toda su Consejería de Sanidad”,0,6.802721088435374e-05
https://maldita.es/malditobulo/20220131/whatsapp-no-va-a-dar-un-euro-porque-reenvies-la-foto-de-esta-nina/,en españa es legal cambiarse de genero cada seis meses,"Niña con cáncer que tienen que cambiarle ""la médula osia, por cada foto que mandes por WhatsApp te dan 1 euro""",0,0.026871250327782502
https://www.verificat.cat/es/fact-check/no-el-director-medico-de-moderna-no-ha-dicho-que-las-vacunas-de-arnm-modifiquen-tu-codigo-geneticorsquo,en españa es legal cambiarse de genero cada seis meses,El director médico de Moderna confirma que la inyección de ARNm para COVID-19 puede cambiar el código genético,0,0.02343096234309623
https://colombiacheck.com/chequeos/vacunas-de-arnm-para-prevenir-covid-19-no-modificarian-nuestra-informacion-genetica,en españa es legal cambiarse de genero cada seis meses,Las vacunas de ARN cambian nuestra información genética,0,0.007212446914435156
https://factual.afp.com/ninguna-ley-establece-que-la-constitucion-deba-cambiarse-tras-un-mes-de-paro-en-colombia,en españa es legal cambiarse de genero cada seis meses,La Constitución de Colombia se debe cambiar si se completa un mes de paro,0,0.013467656376356772
https://colombiacheck.com/chequeos/duque-no-ha-firmado-acuerdo-con-mexico-sobre-criptomonedas-ni-cnn-lo-ha-publicado,en españa es legal cambiarse de genero cada seis meses,Duque firmó acuerdo de Crypto Genius que cambiará la economía completamente,0,3.257328990228013e-05
https://www.newtral.es/bulo-inmigrantes-ilegales-espana-alemania/20200813/,en españa es legal cambiarse de genero cada seis meses,"España se va a hacer cargo, a cambio de una miseria, de todos los inmigrantes ilegales de Alemania",0,0.006666666666666667
https://www.newtral.es/juan-marin-en-cinco-meses-hemos-puesto-en-marcha-en-andalucia-21-unidades-de-violencia-integral-de-genero/20190625/,en españa es legal cambiarse de genero cada seis meses,En cinco meses hemos puesto en marcha en Andalucía 21 unidades de violencia integral de género,0,3.663003663003663e-05
https://www.newtral.es/bulo-cnn-estados-gris/20201114/,en españa es legal cambiarse de genero cada seis meses,La CNN acaba de cambiar en gris los estados donde hubo fraude significativo,0,0.02
https://factual.afp.com/doc.afp.com.32BV3UQ,españa planea prohibir la cerveza y el vino del menu de los bares,El Espectador tuiteó que Rodolfo Hernández planea prohibir el parrillero,0,0.0
https://factual.afp.com/http%253A%252F%252Fdoc.afp.com%252F9W46EV-1,españa planea prohibir la cerveza y el vino del menu de los bares,Los alquileres ya no pueden prohibir tener mascotas en España,0,0.0002564102564102564
https://www.newtral.es/una-cerveza-al-dia-ni-alarga-la-vida-ni-rejuvenece/20190610/,españa planea prohibir la cerveza y el vino del menu de los bares,Una cerveza al día alarga la vida y rejuvenece,0,0.023472222222222224
https://www.newtral.es/prospecciones-litio-espana-exploracion-santiago-abascal-factcheck/20221006/,españa planea prohibir la cerveza y el vino del menu de los bares,"“En España hay litio, pero se prohíben las prospecciones”",0,0.0
https://factual.afp.com/doc.afp.com.32AU9XB,españa planea prohibir la cerveza y el vino del menu de los bares,Nueva medida. España planean una ley que otorga días de licencia al mes por ‘dolores menstruales’,0,0.003506944444444444
https://www.newtral.es/gobierno-no-prohibira-dia-del-padre-y-dia-de-la-madre/20210224/,españa planea prohibir la cerveza y el vino del menu de los bares,El Gobierno prohibirá celebrar el Día del Padre y de la Madre,0,0.023467310365006218
https://factual.afp.com/no-hay-pruebas-de-que-el-inadi-planee-prohibir-las-ceremonias-de-juramento-la-bandera-argentina,españa planea prohibir la cerveza y el vino del menu de los bares,El INADI de Donda quiere prohibir la promesa jura a la bandera,0,0.0
https://www.newtral.es/la-imagen-de-un-cartel-de-la-policia-que-prohibe-las-banderas-espanolas-es-un-montaje/20200515/,españa planea prohibir la cerveza y el vino del menu de los bares,Cartel de la policía que prohíbe las banderas españolas,0,0.0
https://factual.afp.com/estos-soldados-espanoles-hacian-una-parada-cerca-de-barcelona-volviendo-de-mision,españa planea prohibir la cerveza y el vino del menu de los bares,Soldados tomando cerveza con sus armas en Vilafranca,0,0.02018907004142439
https://www.newtral.es/bulo-cerveza-heineken/20220912/,españa planea prohibir la cerveza y el vino del menu de los bares,Heineken y Corona regalan 5.000 neveras llenas de cerveza.,0,0.04675213675213675
https://colombiacheck.com/chequeos/es-falso-que-el-acuerdo-de-escazu-vaya-prohibir-cultivar-en-colombia,españa planea prohibir la cerveza y el vino del menu de los bares,El Acuerdo de Escazú va a prohibir cultivar,0,0.00013432304302343697
https://factual.afp.com/no-hay-registro-de-que-la-onu-ni-la-oms-hayan-planteado-que-los-colegios-eliminen-las-tareas,españa planea prohibir la cerveza y el vino del menu de los bares,La ONU ordena prohibir las tareas escolares,0,0.0
https://maldita.es/malditobulo/20200515/cartel-se-prohibe-bandera-espanola-control-policia-bulo/,españa planea prohibir la cerveza y el vino del menu de los bares,Una señal en un control de policía que pone: Se prohíbe la bandera española,0,0.0
https://factual.afp.com/doc.afp.com.32KX76Z,españa planea prohibir la cerveza y el vino del menu de los bares,"La Procuraduría del Consumidor de México elaboró este listado que califica a 19 cervezas como ""muy malas para la salud""",0,0.024570494048520443
https://factual.afp.com/espana-prohibio-en-2006-usar-tierras-quemadas-por-30-anos-pero-los-incendios-continuaron,españa planea prohibir la cerveza y el vino del menu de los bares,España prohibió por 50 años desarrollos inmobiliarios en tierras incendiadas y se terminaron los incendios,0,0.0
https://verifica.efe.com/boric-cerveza-fuera-de-contexto/,españa planea prohibir la cerveza y el vino del menu de los bares,"Una foto donde se ve al presidente de Chile, Gabriel Boric, en un bar frente a varios vasos de cerveza, como si estuviera bebiendo alcohol.",0,0.013406137355340544
https://www.newtral.es/gobierno-prohibir-carne-2050/20220704/,españa planea prohibir la cerveza y el vino del menu de los bares,El Gobierno planea que los españoles dejen de comer carne de aquí a 2050.,0,0.016666666666666666
https://maldita.es/malditobulo/20220420/jacinta-rebolledo-perdon-musulmanes-procesiones/,podemos pide perdon a musulmanes por la semana santa,Podemos pide perdón a los musulmanes que se hayan ofendido por las procesiones de Semana Santa,1,0.7966666666666666
https://verifica.efe.com/podemos-no-pide-perdon-twitter-musulmanes-ofendidos-por-semana-santa/,podemos pide perdon a musulmanes por la semana santa,Una representante de Unidas Podemos pide en Twitter perdón a todos los musulmanes que se hayan sentido ofendidos por las procesiones de Semana Santa en España.,1,0.9766666666666667
https://www.newtral.es/japon-no-prohibe-el-islam-ni-tiene-politicas-contra-los-musulmanes/20190411/,podemos pide perdon a musulmanes por la semana santa,Japón prohíbe el islam y tiene políticas contra los musulmanes,0,3.257328990228013e-05
https://maldita.es/malditobulo/20211104/video-grabado-metro-paris-policia-deteniendo-magrebies-musulmanes-toser-o-estornudar-cara-viajeros/,podemos pide perdon a musulmanes por la semana santa,Musulmanes escupen a pasajeros en el metro en París,0,0.0
https://www.newtral.es/bulos-internacionales-noticias-falsas-desinformacion/20190830/,podemos pide perdon a musulmanes por la semana santa,La estatua de Cristo fue destruida por refugiados o musulmanes,0,0.0036344954648526075
https://factual.afp.com/no-esta-estatua-de-cristo-fue-derribada-durante-un-saqueo-en-santiago-de-chile,podemos pide perdon a musulmanes por la semana santa,Musulmanes destruyen un cristo en Europa,0,0.00013432304302343697
https://www.newtral.es/terrassa-musulmanes-bocadillos-jamon/20190917/,podemos pide perdon a musulmanes por la semana santa,Un colegio de Terrassa prohíbe comer jamón por petición de los alumnos musulmanes,0,0.007152986471516609
https://maldita.es/malditobulo/20200427/video-manifestacion-personas-musulmanas-valencia-coronavirus/,podemos pide perdon a musulmanes por la semana santa,Musulmanes se manifiestan durante el estado de alarma,0,0.027885965631232412
https://www.newtral.es/los-musulmanes-de-caspe-no-han-exigido-la-aplicacion-de-la-sharia/20190225/,podemos pide perdon a musulmanes por la semana santa,Los musulmanes de Caspe han exigido la aplicación de la sharia,0,0.02335483870967742
https://factual.afp.com/la-imagen-de-musulmanes-rezando-en-los-tejados-se-tomo-en-dubai,podemos pide perdon a musulmanes por la semana santa,Musulmanes rezando en los tejados durante el estado de alarma en España,0,0.006909177563144739
https://www.newtral.es/la-imagen-de-musulmanes-rezando-en-azoteas-no-esta-hecha-en-espana/20200416/,podemos pide perdon a musulmanes por la semana santa,Imágenes de musulmanes que se congregan para rezar en azoteas en España,0,0.019319476661536987
https://factual.afp.com/no-la-fifa-no-ha-prohibido-el-champan-para-no-ofender-los-musulmanes,podemos pide perdon a musulmanes por la semana santa,La FIFA prohíbe el champán en celebraciones para no ofender a los musulmanes,0,0.004756029963223023
https://www.newtral.es/fake-musulmanes-mislata-en-contra-del-pueblo-espanol/20191113/,podemos pide perdon a musulmanes por la semana santa,Un grupo de musulmanes se ha manifestado en Mislata «en contra del pueblo español»,0,0.03602040816326531
https://factual.afp.com/las-ninas-no-estan-embarazadas-padecen-enfermedades-que-provocan-hinchazon-en-la-zona-abdominal,podemos pide perdon a musulmanes por la semana santa,"Las tres niñas de las fotografías fueron casadas y embarazadas por ""hombres musulmanes""",0,0.00015873015873015873
https://www.newtral.es/no-los-manifestantes-del-video-no-son-musulmanes-reclamando-pisos-gratis-y-ayudas-economicas/20190826/,podemos pide perdon a musulmanes por la semana santa,Manifestantes musulmanes reclamando pisos gratis y ayudas económicas,0,0.00673469387755102
https://factuel.afp.com/non-cette-photo-ne-montre-pas-une-femme-arretee-en-autriche-parce-quelle-portait-le-voile,podemos pide perdon a musulmanes por la semana santa,Une femme musulmane arrêtée pour avoir porté le hijab en Autriche,0,0.010057448911792827
https://www.newtral.es/la-imagen-que-comparte-hernando-de-varios-musulmanes-en-la-calle-no-es-actual-es-de-un-video-de-2018/20200427/,podemos pide perdon a musulmanes por la semana santa,Varios musulmanes se manifiestan en la calle durante la cuarentena,0,0.06010818785345463
https://www.newtral.es/no-son-refugiados-ni-musulmanes-destrozando-una-estatua-de-cristo-y-tampoco-es-europa/20190806/,podemos pide perdon a musulmanes por la semana santa,Refugiados y musulmanes destrozando una estatua de Cristo,0,0.010153497296354438
https://maldita.es/malditobulo/20200924/alcalde-almogia-malaga-rehusado-suprimir-cerdo/,podemos pide perdon a musulmanes por la semana santa,El alcalde de Almogía ha rehusado quitar la carne de cerdo del comedor escolar por los musulmanes,0,0.006860324605591386
https://www.lemonde.fr/les-decodeurs/article/2020/01/16/non-l-etat-ne-va-pas-instaurer-des-jours-feries-pour-les-fetes-musulmanes-et-juives_6026262_4355770.html,podemos pide perdon a musulmanes por la semana santa,L’État français va-t-il instaurer des jours fériés pour les fêtes musulmanes et juives ?,0,0.030277777777777775
https://maldita.es/malditobulo/20211104/video-grabado-metro-paris-policia-deteniendo-magrebies-musulmanes-toser-o-estornudar-cara-viajeros/,musulmanes escupen a pasajeros en el metro de paris,Musulmanes escupen a pasajeros en el metro en París,1,0.8733333333333333
https://www.newtral.es/bulo-metro-paris-bucarest-policia-musulmanes-mascarillas/20201111/,musulmanes escupen a pasajeros en el metro de paris,"En el metro de París, musulmanes sin mascarillas han estado escupiendo a los otros pasajeros. Mirad cómo se las gastan los policías, a ver si aprendemos de ellos.",1,0.9433333333333334
https://factual.afp.com/el-video-de-policias-desalojando-un-metro-muestra-un-arresto-de-hinchas-en-rumania-no-en-paris,musulmanes escupen a pasajeros en el metro de paris,Policías detienen a pasajeros del metro de París por no llevar mascarilla,0,0.067
https://factual.afp.com/no-esta-estatua-de-cristo-fue-derribada-durante-un-saqueo-en-santiago-de-chile,musulmanes escupen a pasajeros en el metro de paris,Musulmanes destruyen un cristo en Europa,0,0.010134323043023436
https://www.newtral.es/la-imagen-de-musulmanes-rezando-en-azoteas-no-esta-hecha-en-espana/20200416/,musulmanes escupen a pasajeros en el metro de paris,Imágenes de musulmanes que se congregan para rezar en azoteas en España,0,0.0004516777937381238
https://www.lemonde.fr/les-decodeurs/article/2017/11/07/paris-a-t-il-vraiment-interdit-le-marche-de-noel-pour-ne-pas-deranger-les-musulmans_5211457_4355770.html,musulmanes escupen a pasajeros en el metro de paris,La ville de Paris a-t-elle interdit le marché de Noël « pour ne pas déranger les musulmans » ?,0,0.00768421052631579
https://maldita.es/malditobulo/20200427/video-manifestacion-personas-musulmanas-valencia-coronavirus/,musulmanes escupen a pasajeros en el metro de paris,Musulmanes se manifiestan durante el estado de alarma,0,0.010303207800903652
https://factual.afp.com/la-supuesta-carta-padres-musulmanes-sobre-la-carne-de-cerdo-en-escuelas-circula-desde-2013,musulmanes escupen a pasajeros en el metro de paris,"Carta del alcalde de Dorval, en Quebec, a padres musulmanes que pedían retirar la carne de cerdo de las escuelas",0,0.003467656376356771
https://factual.afp.com/no-la-fifa-no-ha-prohibido-el-champan-para-no-ofender-los-musulmanes,musulmanes escupen a pasajeros en el metro de paris,La FIFA prohíbe el champán en celebraciones para no ofender a los musulmanes,0,0.0
https://colombiacheck.com/chequeos/multa-por-pasajeros-traseros-que-no-lleven-cinturon-de-seguridad-no-es-nueva,musulmanes escupen a pasajeros en el metro de paris,Mañana comienza la multa de 15 salarios mínimos para pasajeros traseros,0,0.0033333333333333335
https://colombiacheck.com/index.php/chequeos/multa-por-pasajeros-traseros-que-no-lleven-cinturon-de-seguridad-no-es-nueva,musulmanes escupen a pasajeros en el metro de paris,Mañana comienza la multa de 15 salarios mínimos para pasajeros traseros,0,0.0
https://www.newtral.es/japon-no-prohibe-el-islam-ni-tiene-politicas-contra-los-musulmanes/20190411/,musulmanes escupen a pasajeros en el metro de paris,Japón prohíbe el islam y tiene políticas contra los musulmanes,0,0.0033333333333333335
https://chequeado.com/ultimas-noticias/cfk-invertimos-mas-de-us1-200-en-trenes-para-pasajeros-en-todo-el-amba/,musulmanes escupen a pasajeros en el metro de paris,[Invertimos] más de US$1.200 millones en trenes para pasajeros en todo el AMBA,0,0.023333333333333334
https://factual.afp.com/la-imagen-de-musulmanes-rezando-en-los-tejados-se-tomo-en-dubai,musulmanes escupen a pasajeros en el metro de paris,Musulmanes rezando en los tejados durante el estado de alarma en España,0,0.016787709497206704
https://www.newtral.es/bulos-internacionales-noticias-falsas-desinformacion/20190830/,musulmanes escupen a pasajeros en el metro de paris,La estatua de Cristo fue destruida por refugiados o musulmanes,0,0.00023313492063492064
https://chequeado.com/ultimas-noticias/pianelli-desde-el-aumento-del-subte-bajaron-300-mil-pasajeros-diariosq/,musulmanes escupen a pasajeros en el metro de paris,[Desde el aumento del subte bajaron] 300 mil pasajeros diarios,0,0.0033333333333333335
https://factual.afp.com/la-foto-del-herido-circula-desde-2019-y-no-es-del-ladron-de-la-combi-que-se-hizo-viral-en-mexico,musulmanes escupen a pasajeros en el metro de paris,Así quedó el asaltante de la combi golpeado por pasajeros,0,0.003454376163873371
https://www.newtral.es/los-musulmanes-de-caspe-no-han-exigido-la-aplicacion-de-la-sharia/20190225/,musulmanes escupen a pasajeros en el metro de paris,Los musulmanes de Caspe han exigido la aplicación de la sharia,0,0.006666666666666667
https://www.newtral.es/no-son-refugiados-ni-musulmanes-destrozando-una-estatua-de-cristo-y-tampoco-es-europa/20190806/,musulmanes escupen a pasajeros en el metro de paris,Refugiados y musulmanes destrozando una estatua de Cristo,0,0.02675213675213675
https://www.newtral.es/bulo-vuelo-oim-no-soldados-isis-boko-haram/20190823/,musulmanes escupen a pasajeros en el metro de paris,Los pasajeros de este vuelo son soldados de ISIS de Boko Haram,0,0.01
https://observers.france24.com/fr/europe/20220517-intox-eurovision-ukraine-kalush-orchestra-salut-nazi-fake-video,ganadores ucranianos eurovision hacen saludo nazi,Le chanteur du groupe ukrainien Kalush Orchestra vainqueur de l’Eurovision 2022 a fait un salut nazi,1,0.9833333333333333
https://poligrafo.sapo.pt/fact-check/e-falso-estas-imagens-nao-mostram-um-ucraniano-e-uma-polaca-a-fazerem-saudacoes-nazis-na-eurovisao,ganadores ucranianos eurovision hacen saludo nazi,Imagens mostram um ucraniano e uma polaca a fazerem saudações nazis na Eurovisão,1,0.9633333333333334
https://observador.pt/factchecks/fact-check-banda-ucraniana-que-venceu-o-festival-da-cancao-fez-a-saudacao-nazi-quando-saia-do-palco/,ganadores ucranianos eurovision hacen saludo nazi,"""Nada para ver aqui... somente os vencedores ucranianos a celebrar a sua vitória na Eurovisão com uma saudação nazi.""",1,0.9966666666666667
https://verifica.efe.com/ucrania-eurovision-ganadores-no-saludo-nazi/,ganadores ucranianos eurovision hacen saludo nazi,"El líder de la banda ucraniana Kalush Orchestra, que ganó Eurovisión 2022, hizo el saludo nazi durante la gala televisada.",1,0.99
https://www.bufale.net/no-non-e-vero-che-la-vittoria-delleurovision-e-stata-riassegnata-alla-svezia-e-putin-invadera-la-finlandia-bonus-piccimni-e-juvenal-sono-lo-stesso-account/,ganadores ucranianos eurovision hacen saludo nazi,La vittoria dell'Eurovision è stata riassegnata alla Svezia e Putin invaderà la Finlandia,0,0.04439311504858167
https://maldita.es/malditobulo/20220303/soldados-disparando-trinchera-bandera-nazi-ucrania/,ganadores ucranianos eurovision hacen saludo nazi,Soldados ucranianos disparando con la bandera nazi en Donetsk,0,0.016666666666666666
https://maldita.es/malditobulo/20220812/soldados-disparando-trinchera-bandera-nazi-ucrania/,ganadores ucranianos eurovision hacen saludo nazi,Soldados ucranianos disparando con la bandera nazi en Donetsk,0,0.016666666666666666
https://maldita.es/malditobulo/20220906/boda-nazi-bandera-ucrania/,ganadores ucranianos eurovision hacen saludo nazi,Los asistentes de una boda ucraniana hacen el saludo nazi,0,0.18333333333333332
https://www.aosfatos.org/noticias/despedida-soldados-ucranianos-mulheres/,ganadores ucranianos eurovision hacen saludo nazi,Vídeo mostra soldados ucranianos se despedindo das esposas,0,0.07059995073152968
https://factual.afp.com/doc.afp.com.324H342,ganadores ucranianos eurovision hacen saludo nazi,Soldados Ucranianos rendidos cantan el Himno de la Unión Soviética URSS en Kiev,0,0.06333333333333334
https://www.antena3.com/noticias/mundo/bulo-joven-que-viaja-autobus-cargando-fusil-ametrallador-ucrania_202202256218af34f5e39e0001e304e7.html#hecho-0,ganadores ucranianos eurovision hacen saludo nazi,Los civiles ucranianos se están armando,0,0.030121042830540037
https://www.aosfatos.org/noticias/video-oracao-polonia-ucrania/,ganadores ucranianos eurovision hacen saludo nazi,O povo ucraniano rezando o rosário,0,0.13004624377777374
https://www.newtral.es/soldados-bandera-nazi/20220304/,ganadores ucranianos eurovision hacen saludo nazi,Esto está sucediendo en Donetsk. Soldados ucranianos defendiendo una trinchera con la bandera nazi ondeando.,0,0.056666666666666664
https://factual.afp.com/doc.afp.com.324F2TH,ganadores ucranianos eurovision hacen saludo nazi,Foto de dos niños ucranianos despidiendo a soldados que se dirigen a la guerra contra Rusia,0,0.09
https://www.bufale.net/le-fontirusse-confondono-linno-della-luftwaffe-nazista-con-canto-bretone/,ganadores ucranianos eurovision hacen saludo nazi,"Un video ritrae dei bambini ucraini che cantano ""L'Inno della Luftwaffe Nazista""",0,0.20006802721088437
https://factual.afp.com/doc.afp.com.328Y2TN,amber heard plagia el guion de una pelicula en el juicio con johnny depp,Johnny Depp ganó el juicio contra Amber Heard,0,0.16666666666666666
https://maldita.es/malditobulo/20220512/amber-heard-juicio-johnny-depp-plagio-el-talento-de-mr-ripley/,amber heard plagia el guion de una pelicula en el juicio con johnny depp,mber Heard plagia frases de El talento de Mr. Ripley en el juicio con Johnny Depp,1,0.8933333333333333
https://maldita.es/feminismo/bulo/20220512/amber-heard-juicio-johnny-depp-plagio-el-talento-de-mr-ripley/,amber heard plagia el guion de una pelicula en el juicio con johnny depp,mber Heard plagia frases de El talento de Mr. Ripley en el juicio con Johnny Depp,1,0.9033333333333333
https://www.newtral.es/amber-heard-el-talento-mr-ripley/20220512/,amber heard plagia el guion de una pelicula en el juicio con johnny depp,Amber Heard ha plagiado un fragmento de la película ‘The talented Mr. Ripley’ y lo ha utilizado el 4 de mayo en el juicio frente a Johnny Depp.,1,0.9933333333333333
https://factchequeado.com/verificaciones/20220512/amber-heard-frases-pelicula-sr-ripley-juicio-johnny-depp/,amber heard plagia el guion de una pelicula en el juicio con johnny depp,Amber Heard citó diálogos de la película El Talentoso Mr Ripley en el juicio contra Jonny Deep,1,0.8233333333333334
https://maldita.es/malditobulo/20220606/amber-heard-onlyfans-johnny-depp/,amber heard plagia el guion de una pelicula en el juicio con johnny depp,Vídeo de Amber Heard diciendo que se abrirá OnlyFans para pagar la indemnización a Johnny Depp,0,0.08666666666666667
https://www.newtral.es/amber-heard-onlyfans-indemnizacion-juicio/20220608/,amber heard plagia el guion de una pelicula en el juicio con johnny depp,Amber Heard dice que se abrirá una cuenta en OnlyFans para pagar la indemnización a Johnny Depp,0,0.06
https://maldita.es/malditobulo/20220531/jason-momoa-testigo-amber-heard-juicio-johnny-depp/,amber heard plagia el guion de una pelicula en el juicio con johnny depp,El actor Jason Momoa testifica en contra de Amber Heard en el juicio contra Johnny Deep,0,0.19666666666666666
https://www.newtral.es/johnny-depp-gana-juicio-amber-heard/20220512/,amber heard plagia el guion de una pelicula en el juicio con johnny depp,Johnny Depp ha ganado el juicio (27 de abril). Amber Heard deberá pagar 50 millones de dólares y dar unas disculpas públicas por el daño que le causó.,0,0.18333333333333332
https://www.bufale.net/amber-heard-sniffa-cocaina-durante-il-processo-di-johnny-depp-bufale-da-tifoseria/,amber heard plagia el guion de una pelicula en el juicio con johnny depp,Amber Heard sniffa cocaina durante il processo di Johnny Depp.,0,0.1334782608695652
https://maldita.es/feminismo/bulo/20220527/amber-heard-esnifar-cocaina-juicio-johnny-deep/,amber heard plagia el guion de una pelicula en el juicio con johnny depp,Amber Heard esnifa cocaína en el juicio contra Johnny Deep,0,0.08666666666666667
https://www.newtral.es/amber-heard-cocaina/20220526/,amber heard plagia el guion de una pelicula en el juicio con johnny depp,"Amber Heard esnifando cocaína en sede judicial, en un vídeo viral del segundo día de juicio.",0,0.16
https://www.boomlive.in/was-johnny-depps-jack-sparrow-inspired-by-krishna-news-sites-repeat-mystery-quote/,amber heard plagia el guion de una pelicula en el juicio con johnny depp,Jack Sparrow’s Character In ‘Pirates Of The Caribbean’ Was Inspired By Lord Krishna,0,0.030303030303030307
https://www.logically.ai/factchecks/all/79dc25b6,amber heard plagia el guion de una pelicula en el juicio con johnny depp,Johnny Depp punched Amber Heard in the head multiple times in Los Angeles in March 2015.,0,0.1269811320754717
https://www.dogrula.org/dogrulamalar/johnny-deppin-irandaki-asura-matem-toreninde-goruntulendigi-iddiasi/,amber heard plagia el guion de una pelicula en el juicio con johnny depp,Johnny Depp’in İran’daki Aşura matem töreninde görüntülendiği iddiası,0,0.014718490472729625
https://maldita.es/malditobulo/20220531/jason-momoa-testigo-amber-heard-juicio-johnny-depp/,jason momoa testifico contra amber heard juicio johnny depp,El actor Jason Momoa testifica en contra de Amber Heard en el juicio contra Johnny Deep,1,0.98
https://maldita.es/feminismo/bulo/20220527/amber-heard-esnifar-cocaina-juicio-johnny-deep/,jason momoa testifico contra amber heard juicio johnny depp,Amber Heard esnifa cocaína en el juicio contra Johnny Deep,0,0.03
https://maldita.es/malditobulo/20220527/amber-heard-esnifar-cocaina-juicio-johnny-deep/,jason momoa testifico contra amber heard juicio johnny depp,Amber Heard esnifa cocaína en el juicio contra Johnny Deep,0,0.04666666666666667
https://maldita.es/malditobulo/20220606/amber-heard-onlyfans-johnny-depp/,jason momoa testifico contra amber heard juicio johnny depp,Vídeo de Amber Heard diciendo que se abrirá OnlyFans para pagar la indemnización a Johnny Depp,0,0.016774854520121302
https://www.newtral.es/amber-heard-onlyfans-indemnizacion-juicio/20220608/,jason momoa testifico contra amber heard juicio johnny depp,Amber Heard dice que se abrirá una cuenta en OnlyFans para pagar la indemnización a Johnny Depp,0,0.0033734939759036144
https://www.newtral.es/johnny-depp-gana-juicio-amber-heard/20220512/,jason momoa testifico contra amber heard juicio johnny depp,Johnny Depp ha ganado el juicio (27 de abril). Amber Heard deberá pagar 50 millones de dólares y dar unas disculpas públicas por el daño que le causó.,0,0.03666666666666667
https://www.newtral.es/amber-heard-cocaina/20220526/,jason momoa testifico contra amber heard juicio johnny depp,"Amber Heard esnifando cocaína en sede judicial, en un vídeo viral del segundo día de juicio.",0,0.023333333333333334
https://observador.pt/factchecks/fact-check-elon-musk-testemunhou-no-julgamento-que-opos-johny-depp-a-amber-heard/,jason momoa testifico contra amber heard juicio johnny depp,"""Testemunho de Elon Musk no julgamento de Johnny Depp e da louca varrida...""",1,0.77
https://www.bufale.net/amber-heard-sniffa-cocaina-durante-il-processo-di-johnny-depp-bufale-da-tifoseria/,jason momoa testifico contra amber heard juicio johnny depp,Amber Heard sniffa cocaina durante il processo di Johnny Depp.,0,0.049800576956018534
https://maldita.es/feminismo/bulo/20220512/amber-heard-juicio-johnny-depp-plagio-el-talento-de-mr-ripley/,jason momoa testifico contra amber heard juicio johnny depp,mber Heard plagia frases de El talento de Mr. Ripley en el juicio con Johnny Depp,0,0.08333333333333333
https://www.boomlive.in/was-johnny-depps-jack-sparrow-inspired-by-krishna-news-sites-repeat-mystery-quote/,jason momoa testifico contra amber heard juicio johnny depp,Jack Sparrow’s Character In ‘Pirates Of The Caribbean’ Was Inspired By Lord Krishna,0,0.06252525252525251
https://www.newtral.es/amber-heard-el-talento-mr-ripley/20220512/,jason momoa testifico contra amber heard juicio johnny depp,Amber Heard ha plagiado un fragmento de la película ‘The talented Mr. Ripley’ y lo ha utilizado el 4 de mayo en el juicio frente a Johnny Depp.,0,0.12
https://www.dogrula.org/dogrulamalar/johnny-deppin-irandaki-asura-matem-toreninde-goruntulendigi-iddiasi/,jason momoa testifico contra amber heard juicio johnny depp,Johnny Depp’in İran’daki Aşura matem töreninde görüntülendiği iddiası,0,0.003598862019914651
https://www.logically.ai/factchecks/all/aa6c0bc6,jason momoa testifico contra amber heard juicio johnny depp,Johnny Depp threw 30 bottles on Amber Heard,0,0.03704915928635605
https://factual.afp.com/doc.afp.com.32BJ6CG,gobierno colombiano decreto eliminar testigos electorales,Un decreto de orden público deja por fuera los testigos electorales,1,0.98
https://colombiacheck.com/chequeos/el-decreto-de-esta-imagen-difundida-en-redes-no-deja-por-fuera-los-testigos-electorales,gobierno colombiano decreto eliminar testigos electorales,Decreto elimina a los testigos electorales,1,0.92
https://www.aosfatos.org/noticias/petro-nao-decretou-casas-compartilhadas/,gobierno colombiano decreto eliminar testigos electorales,Gustavo Petro disse que casas com mais de 65m² serão compartilhadas,1,0.027065778744160364
https://www.thequint.com/news/webqoof/no-this-isnt-a-polling-officer-alleging-voter-fraud-in-bihar,gobierno colombiano decreto eliminar testigos electorales,Polling Officer Alleging Voter Fraud in Bihar Assembly Elections,0,0.027343773698117607
https://factcheck.afp.com/doc.afp.com.326P8C2,gobierno colombiano decreto eliminar testigos electorales,Indonesian parliament officially postpones general elections,0,0.0066915422885572146
https://factual.afp.com/el-gobierno-colombiano-no-anuncio-nuevas-medidas-en-el-cobro-de-peajes-en-el-pais,gobierno colombiano decreto eliminar testigos electorales,Colombia cobrará peajes a motos y creará peajes urbanos,0,0.01414174419330173
https://factual.afp.com/doc.afp.com.32BU6HA,gobierno colombiano decreto eliminar testigos electorales,Parlamentaria electa del Pacto Histórico critica con insultos los resultados de las presidenciales en Colombia,0,0.031842167883087115
https://factcheck.afp.com/no-nigerias-supreme-court-has-not-nullified-results-presidential-election-or-called-new-vote,gobierno colombiano decreto eliminar testigos electorales,Nigeria Supreme Court has nullified election results and called new vote,0,0.031161676918843514
https://news.jtbc.joins.com/article/article.aspx?news_id=NB11969587,gobierno colombiano decreto eliminar testigos electorales,정부가 코로나 검사수 숨긴다는 국회의원 주장 검증,0,0.0
https://news.jtbc.joins.com/html/587/NB11969587.html,gobierno colombiano decreto eliminar testigos electorales,정부가 코로나 검사수 숨긴다는 국회의원 주장 검증,0,0.0
https://factuel.afp.com/ar/http%253A%252F%252Fdoc.afp.com%252F9PY4VK-1,gobierno colombiano decreto eliminar testigos electorales,عقيلة صالح يكلف السيد عبدالحفيظ غوقة رئيساً للحكومة الليبية,0,0.03
https://noticias.uol.com.br/confere/ultimas-noticias/2022/09/15/post-falso-diz-que-ursal-quer-fraudar-urnas-na-eleicao-brasileira.htm,gobierno colombiano decreto eliminar testigos electorales,Ursal quer fraudar urnas na eleição brasileira,0,0.0005160760106017664
https://www.bol.uol.com.br/noticias/2022/09/15/post-falso-diz-que-ursal-quer-fraudar-urnas-na-eleicao-brasileira.htm,gobierno colombiano decreto eliminar testigos electorales,Ursal quer fraudar urnas na eleição brasileira,0,0.006800250057579047
https://factual.afp.com/las-cifras-del-gobierno-colombiano-sobre-erradicacion-de-narcocultivos-verificadas,gobierno colombiano decreto eliminar testigos electorales,Cifras sobre erradicación de hoja de coca en Colombia,0,0.013467656376356772
https://colombiacheck.com/chequeos/es-falso-que-el-gobierno-tenga-listo-un-decreto-para-declarar-el-confinamiento-total-como,gobierno colombiano decreto eliminar testigos electorales,Gobierno tiene listo el decreto para declarar confinamiento total,0,0.006666666666666667
https://factual.afp.com/doc.afp.com.32BN2QK,gobierno colombiano decreto eliminar testigos electorales,Testigo electoral fue retirado de centro de votación en Medellín por llevar votos marcados a favor de Gustavo Petro,0,0.10247863247863247
https://factual.afp.com/doc.afp.com.9XD82K,gobierno colombiano decreto eliminar testigos electorales,Cédulas suplantan a un colombiano fallecido para las elecciones de 2022,0,0.007196899020142944
https://chequeado.com/ultimas-noticias/vidal-bajamos-un-20-los-homicidios-en-dos-anos/,la tasa de homicidios en colombia en 2021 fue la menor en 20 años duque,Bajamos un 20% los homicidios en dos años,0,0.20333333333333334
https://factual.afp.com/no-petro-no-llamo-protestar-con-mucha-rabia-por-la-muerte-de-un-joven-manos-de-militares,la tasa de homicidios en colombia en 2021 fue la menor en 20 años duque,"Gustavo Petro invitó en Twitter a salir a las calles a “protestar con mucha rabia” por el homicidio de un menor de edad en una base del ejército de Colombia""",0,0.0033333333333333335
https://politica.estadao.com.br/blogs/estadao-verifica/texto-engana-ao-comparar-aumento-na-venda-de-armas-com-queda-dos-assassinatos-por-arma-de-fogo/,la tasa de homicidios en colombia en 2021 fue la menor en 20 años duque,Número de homicídios por arma de fogo está no menor patamar em 21 anos,0,0.23675213675213674
https://politica.estadao.com.br/blogs/estadao-verifica/texto-usa-dados-preliminares-para-ligar-queda-de-homicidios-a-aumento-de-armas-de-fogo/,la tasa de homicidios en colombia en 2021 fue la menor en 20 años duque,Brasil tem menor índice de homicídios por arma de fogo desde 1999,0,0.0033888076386437375
https://colombiacheck.com/chequeos/la-tasa-de-secuestros-mas-baja-en-mas-de-cuatro-decadas,la tasa de homicidios en colombia en 2021 fue la menor en 20 años duque,Colombia con la tasa de secuestros más baja en más de cuatro décadas: Duque,0,0.3566666666666667
https://colombiacheck.com/chequeos/reduccion-de-homicidios-de-excombatientes-que-presento-la-canciller-blum-en-la-onu-es,la tasa de homicidios en colombia en 2021 fue la menor en 20 años duque,"Homicidios de ex-FARC se redujeron 10,8 % en 2020 frente a 2019",0,0.18333333333333332
https://projetocomprova.com.br/publica%C3%A7%C3%B5es/texto-engana-ao-comparar-aumento-na-venda-de-armas-com-queda-dos-assassinatos-por-arma-de-fogo/,la tasa de homicidios en colombia en 2021 fue la menor en 20 años duque,Número de homicídios por arma de fogo estaria no “menor patamar em 21 anos” e isso se deu mesmo diante de um aumento de 200% na venda de armas de fogo,0,0.08185946564033914
https://piaui.folha.uol.com.br/lupa/2019/01/29/witzel-homicidios-balanco-twitter/,la tasa de homicidios en colombia en 2021 fue la menor en 20 años duque,"No ano de 2018, foram mais de 600 homicídios [nos primeiros 20 dias de governo]. No ano de 2017, também",0,0.01021847831549324
https://lupa.uol.com.br/jornalismo/2019/01/29/witzel-homicidios-balanco-twitter,la tasa de homicidios en colombia en 2021 fue la menor en 20 años duque,"No ano de 2018, foram mais de 600 homicídios [nos primeiros 20 dias de governo]. No ano de 2017, também",0,0.01011746821448314
https://factual.afp.com/no-ni-la-oms-ni-la-onu-utilizan-la-expresion-epidemia-de-homicidios,la tasa de homicidios en colombia en 2021 fue la menor en 20 años duque,La OMS declara epidemia de homicidios a partir de una tasa de 10 cada 100.000 habitantes,0,0.013629378836571898
https://piaui.folha.uol.com.br/lupa/2019/02/05/moro-pacote-anticrime/,la tasa de homicidios en colombia en 2021 fue la menor en 20 años duque,O recorde em 2016 [foi] de mais de 60 mil homicídios no Brasil,0,0.013450801547816473
https://lupa.uol.com.br/jornalismo/2019/02/05/moro-pacote-anticrime,la tasa de homicidios en colombia en 2021 fue la menor en 20 años duque,O recorde em 2016 [foi] de mais de 60 mil homicídios no Brasil,0,0.016784134881149805
https://piaui.folha.uol.com.br/lupa/2020/10/30/vitoria-lorenzo-pazolini-seguranca-publica/,la tasa de homicidios en colombia en 2021 fue la menor en 20 años duque,Hoje Vitória tem 20 homicídios por 100 mil habitantes,0,0.0313708873456927
https://lupa.uol.com.br/jornalismo/2020/10/30/vitoria-lorenzo-pazolini-seguranca-publica,la tasa de homicidios en colombia en 2021 fue la menor en 20 años duque,“Hoje Vitória tem 20 homicídios por 100 mil habitantes”,0,0.011114771118445691
https://chequeado.com/ultimas-noticias/scioli-en-la-provincia-de-buenos-aires-han-bajado-al-50-los-homicidios-en-ocasion-de-robo-desde-2014/,la tasa de homicidios en colombia en 2021 fue la menor en 20 años duque,En la Provincia han bajado 50% los homicidios en ocasión de robo desde 2014,0,0.02684166933936519
https://colombiacheck.com/chequeos/foto-de-duque-y-la-seleccion-colombia-con-bandera-y-mensaje-petro-nunca-sera-presidente-es,la tasa de homicidios en colombia en 2021 fue la menor en 20 años duque,Foto de Duque y la Selección Colombia sosteniendo bandera de Colombia.,0,0.003401360544217687
https://chequeado.com/ultimas-noticias/macri-un-ejemplo-es-el-programa-barrios-seguros-gracias-al-cual-la-tasa-de-homicidios-en-el-barrio-31-ex-villa-31-se-redujo-en-un-72-en-2016/,la tasa de homicidios en colombia en 2021 fue la menor en 20 años duque,"Un ejemplo es el Programa Barrios Seguros, gracias al cual la tasa de homicidios en el Barrio 31, ex Villa 31, se redujo en un 72% en 2016",0,0.01673469387755102
https://piaui.folha.uol.com.br/lupa/2019/02/19/stf-homofobia-crime/,la tasa de homicidios en colombia en 2021 fue la menor en 20 años duque,"Neste país aqui, hoje, nós temos mais de 60 mil homicídios por ano (...)",0,0.010247925102269018
https://lupa.uol.com.br/jornalismo/2019/02/19/stf-homofobia-crime,la tasa de homicidios en colombia en 2021 fue la menor en 20 años duque,"Neste país aqui, hoje, nós temos mais de 60 mil homicídios por ano (...)",0,0.0033907822451261604
https://factual.afp.com/doc.afp.com.32C66MQ,hernandez implantara jornada de 10 horas laborales en colombia,Rodolfo Hernández propuso en este video una jornada laboral de 10 horas para los colombianos,1,0.9833333333333333
https://colombiacheck.com/chequeos/hernandez-no-propuso-ampliar-la-jornada-laboral-sino-que-el-y-su-vice-trabajarian-10-horas,hernandez implantara jornada de 10 horas laborales en colombia,Rodolfo Hernández propone jornada laboral de 10 horas y sin ir al baño,1,0.9233333333333333
https://www.newtral.es/suecia-no-ha-implementado-jornada-laboral-de-seis-horas/20190510/,hernandez implantara jornada de 10 horas laborales en colombia,Suecia ha implementado jornada laboral de seis horas,0,0.09666666666666666
https://comprovem.afp.com/la-nova-primera-ministra-va-plantejar-la-mesura-en-el-passat-pero-no-esta-lagenda-del-govern,hernandez implantara jornada de 10 horas laborales en colombia,Finlàndia planteja la jornada laboral de sis hores i quatre dies,0,0.016787709497206704
https://factual.afp.com/la-foto-del-senador-colombiano-petro-con-una-bolsa-de-la-marca-mario-hernandez-es-una-manipulacion,hernandez implantara jornada de 10 horas laborales en colombia,Gustavo Petro lleva una bolsa de compras de la marca colombiana Mario Hernández,0,3.257328990228013e-05
https://factual.afp.com/doc.afp.com.32CA3UZ,hernandez implantara jornada de 10 horas laborales en colombia,Video de Rodolfo Hernández en el que propone eliminar subsidios a la pobreza en Colombia,0,0.12333333333333334
https://factual.afp.com/doc.afp.com.32CA4HH,hernandez implantara jornada de 10 horas laborales en colombia,Rodolfo Hernández está inhabilitado para ser candidato presidencial en Colombia,0,0.010098750297953485
https://www.newtral.es/henry-ford-no-es-el-padre-de-la-jornada-de-8-horas/20190604/,hernandez implantara jornada de 10 horas laborales en colombia,Henry Ford es el padre de la jornada de 8 horas,0,0.013401360544217686
https://factual.afp.com/doc.afp.com.32CT92D,hernandez implantara jornada de 10 horas laborales en colombia,La Registaduría dividió la votación de la segunda vuelta en Colombia en dos jornadas,0,0.0033333333333333335
https://factual.afp.com/la-primera-ministra-finlandesa-planteo-cuatro-dias-de-trabajo-semanales-en-el-pasado-pero-no-esta-en,hernandez implantara jornada de 10 horas laborales en colombia,Finlandia plantea la jornada de cuatro días y seis horas,0,0.04
https://colombiacheck.com/chequeos/con-la-vacuna-obligatoria-para-la-covid-19-no-se-implantara-un-chip-creado-por-bill-gates,hernandez implantara jornada de 10 horas laborales en colombia,Con la vacuna para el coronavirus se implantará el microchip ID2020,0,0.023333333333333334
https://checamos.afp.com/no-passado-primeira-ministra-finlandesa-propos-quatro-dias-de-trabalho-por-semana-mas-isso-nao-esta,hernandez implantara jornada de 10 horas laborales en colombia,"Finlândia terá jornada de trabalho de seis horas, quatro dias por semana",0,0.0736231884057971
https://colombiacheck.com/index.php/chequeos/valla-de-rodolfo-hernandez-con-uribe-y-la-frase-menos-impuestos-mas-salario-minimo-es-un,hernandez implantara jornada de 10 horas laborales en colombia,"Valla de Rodolfo Hernández con Uribe dice ""menos impuestos, más salario""",0,0.003660560564886762
https://colombiacheck.com/chequeos/valla-de-rodolfo-hernandez-con-uribe-y-la-frase-menos-impuestos-mas-salario-minimo-es-un,hernandez implantara jornada de 10 horas laborales en colombia,"Valla de Rodolfo Hernández con Uribe dice ""menos impuestos, más salario""",0,0.0003272272315534285
https://colombiacheck.com/chequeos/victor-lopez-si-trabajo-en-la-campana-de-rodolfo-hernandez-pero-hasta-enero-de-2022,hernandez implantara jornada de 10 horas laborales en colombia,Víctor López es asesor de la campaña de Rodolfo Hernández,0,0.0
https://colombiacheck.com/chequeos/jp-hernandez-no-plagio-el-proyecto-que-bolivar-radico-en-2020-para-reducir-el-salario,hernandez implantara jornada de 10 horas laborales en colombia,Jotapé Hernández copió la propuesta presentada por Bolívar en 2020,0,0.0
https://efectococuyo.com/cocuyo-chequea/machismo-corrupcion-candidato-rodolfo-hernandez/,hernandez implantara jornada de 10 horas laborales en colombia,Rodolfo Hernández dijo que era seguidor de Hitler,0,0.01
https://misbar.com/factcheck/2021/06/13/no-significance-to-tebow-wearing-85,hernandez implantara jornada de 10 horas laborales en colombia,Tim Tebow wears the #85 jersey in memory of Aaron Hernandez.,0,0.07
https://colombiacheck.com/chequeos/duque-nunca-trino-que-lamentaba-el-asesinato-del-nene-hernandez,hernandez implantara jornada de 10 horas laborales en colombia,Duque lamentó en Twitter el asesinato del Ñeñe Hernández,0,0.006666666666666667
https://factual.afp.com/doc.afp.com.328C4UU,hernandez implantara jornada de 10 horas laborales en colombia,Se acabó la alianza entre Álvaro Uribe y Rodolfo Hernández,0,0.010158730158730159
https://factual.afp.com/la-primera-ministra-finlandesa-planteo-cuatro-dias-de-trabajo-semanales-en-el-pasado-pero-no-esta-en,finlandia propone cuatro dias de trabajo y seis horas laborales,Finlandia plantea la jornada de cuatro días y seis horas,1,0.9766666666666667
https://checamos.afp.com/no-passado-primeira-ministra-finlandesa-propos-quatro-dias-de-trabalho-por-semana-mas-isso-nao-esta,finlandia propone cuatro dias de trabajo y seis horas laborales,"Finlândia terá jornada de trabalho de seis horas, quatro dias por semana",1,1.0
https://comprovem.afp.com/la-nova-primera-ministra-va-plantejar-la-mesura-en-el-passat-pero-no-esta-lagenda-del-govern,finlandia propone cuatro dias de trabajo y seis horas laborales,Finlàndia planteja la jornada laboral de sis hores i quatre dies,1,0.97
https://colombiacheck.com/chequeos/hernandez-no-propuso-ampliar-la-jornada-laboral-sino-que-el-y-su-vice-trabajarian-10-horas,finlandia propone cuatro dias de trabajo y seis horas laborales,Rodolfo Hernández propone jornada laboral de 10 horas y sin ir al baño,0,0.01689589735066134
https://www.verificat.cat/es/fact-check/los-agentes-sociales-habian-pactado-otras-reformas-laborales-antes-aunque-edmundo-bal-afirma-que-la-de-2021-es-la-primera,finlandia propone cuatro dias de trabajo y seis horas laborales,La reforma laboral la habían pactado los agentes sociales por primera vez en la historia de las reformas laborales del Estatuto de los Trabajadores,0,0.0033333333333333335
https://www.newtral.es/pacto-reforma-laboral-factcheck/20220214/,finlandia propone cuatro dias de trabajo y seis horas laborales,"""[La reforma laboral la] habían pactado los agentes sociales por primera vez en la historia de las reformas laborales del Estatuto de los Trabajadores""",0,0.0034989895539805876
https://www.newtral.es/suecia-no-ha-implementado-jornada-laboral-de-seis-horas/20190510/,finlandia propone cuatro dias de trabajo y seis horas laborales,Suecia ha implementado jornada laboral de seis horas,0,0.12666666666666668
https://factual.afp.com/doc.afp.com.327Y3D7,finlandia propone cuatro dias de trabajo y seis horas laborales,"La reforma laboral en España pone en riesgo la Feria de Abril ya que limita la contratación temporal, los horarios de trabajo y de descanso.",0,0.020085470085470084
https://chequeado.com/ultimas-noticias/recalde-tenemos-cuatro-millones-de-trabajadores-en-negro/,finlandia propone cuatro dias de trabajo y seis horas laborales,Tenemos cuatro millones de trabajadores en negro,0,0.023512100820801213
https://factual.afp.com/http%253A%252F%252Fdoc.afp.com%252F9PB4UA-1,finlandia propone cuatro dias de trabajo y seis horas laborales,Fotografía de un reno tomada en Finlandia,0,0.003368118922160819
https://factual.afp.com/doc.afp.com.32C66MQ,finlandia propone cuatro dias de trabajo y seis horas laborales,Rodolfo Hernández propuso en este video una jornada laboral de 10 horas para los colombianos,0,0.15
https://maldita.es/malditobulo/20220817/tribunal-finlandia-sexo-ninos-permitido/,finlandia propone cuatro dias de trabajo y seis horas laborales,En Finlandia está permitido tener sexo con niños,0,0.016752136752136753
https://poligrafo.sapo.pt/fact-check/multas-por-excesso-de-velocidade-na-finlandia-sao-proporcionais-aos-salarios-dos-infratores-enaltece-se-no-facebook,finlandia propone cuatro dias de trabajo y seis horas laborales,Multas por excesso de velocidade na Finlândia são proporcionais aos salários do infratores.,0,0.09615261703595133
https://www.aosfatos.org/noticias/como-de-fato-funcionara-nova-lei-trabalhista-francesa/,finlandia propone cuatro dias de trabajo y seis horas laborales,"A França, que tem 36 [horas], passou para a possibilidade de até 60 horas* de trabalho semanal e até 12 horas diárias de trabalho.",0,0.12359959037378393
https://factual.afp.com/en-finlandia-no-esta-prohibida-la-educacion-privada,finlandia propone cuatro dias de trabajo y seis horas laborales,Finlandia prohibió la enseñanza privada y colegios privados,0,0.04
https://colombiacheck.com/chequeos/trino-de-uribe-proponiendo-suprimir-pago-de-cesantias-es-falso,finlandia propone cuatro dias de trabajo y seis horas laborales,Proponemos suprimir el pago de cesantías y pago de horas extra,0,0.003474164566224896
https://www.bufale.net/no-non-e-vero-che-la-finlandia-ha-gia-votato-a-favore-della-nato/,finlandia propone cuatro dias de trabajo y seis horas laborales,La Finlandia ha già votato per l'ingresso nella NATO,0,0.007317555547871257
https://www.newtral.es/foto-sanna-marin-heavy-metal/20220419/,finlandia propone cuatro dias de trabajo y seis horas laborales,"La primera ministra de Finlandia, Sanna Marin, viste como una 'heavy metal'",0,0.010143194742397929
https://factual.afp.com/doc.afp.com.329433F,finlandia propone cuatro dias de trabajo y seis horas laborales,Federico Gutiérrez propuso pagar $6.000 por hora de trabajo en Colombia,0,0.006666666666666667
https://www.newtral.es/finlandia-violacion-sexo-ninos/20220421/,finlandia propone cuatro dias de trabajo y seis horas laborales,El Tribunal Supremo de Finlandia dictamina que el sexo con niños de diez años está permitido,0,0.010206512916010123
https://maldita.es/malditobulo/20201212/movil-cifrado-12500-16000-euros-incautado-inmigrante-patera-espana/,el sueldo medio en españa es de 16000 euros,Móvil cifrado que cuesta entre 12500 y 16000 euros incautado a un inmigrante llegado en patera a España.,0,0.01019365793892472
https://factual.afp.com/http%253A%252F%252Fdoc.afp.com%252F9RP8YX-1,el sueldo medio en españa es de 16000 euros,El sueldo de la nueva embajadora española María Jesús Conde es de 275.135 euros anuales,0,0.0036738232810163405
https://www.newtral.es/fact-check-salvador-illa-salario-presidente-generalitat/20210210/,el sueldo medio en españa es de 16000 euros,"""El sueldo del presidente de Cataluña es tres veces el sueldo del primer ministro italiano. Casi dos veces el sueldo del presidente de Portugal y del presidente de España. Es superior al sueldo del primer ministro del Reino Unido""",0,0.0038153086217048685
https://factual.afp.com/este-es-el-rango-de-precios-de-las-pruebas-pcr-en-varios-paises,el sueldo medio en españa es de 16000 euros,"Las PCR son gratis en Francia, cuestan de media 80 euros en España y en Italia 15",0,8.547008547008547e-05
https://maldita.es/migracion/bulo/20220608/gobierno-espana-1700-millones-euros-nigeria/,el sueldo medio en españa es de 16000 euros,España da 1.700 millones de euros a Nigeria,0,0.0
https://maldita.es/malditobulo/20220608/gobierno-espana-1700-millones-euros-nigeria/,el sueldo medio en españa es de 16000 euros,España da 1.700 millones de euros a Nigeria,0,0.0
https://www.newtral.es/pablo-iglesias-no-va-a-ganar-200-000-euros-anuales-ni-tendra-un-sueldo-vitalicio/20200119/,el sueldo medio en españa es de 16000 euros,Pablo Iglesias va a ganar 200.000 euros anuales y tendrá un sueldo vitalicio,0,6.802721088435374e-05
https://www.newtral.es/montero-recorte-sueldos-populismo/20200527/,el sueldo medio en españa es de 16000 euros,María Jesús Montero dice que no sería ético recortar su sueldo y que España debe prepararse para los recortes,0,6.802721088435374e-05
https://www.newtral.es/foto-precio-gasolina-holanda/20220704/,el sueldo medio en españa es de 16000 euros,"Esta foto muestra los precios de la gasolina y gasoil hoy en Holanda, donde nos triplican el sueldo, y son mucho más bajos que en España.",0,0.003346613545816733
https://factual.afp.com/doc.afp.com.326Q3N2,el sueldo medio en españa es de 16000 euros,La multa por fugarse de gasolinera sin pagar es de 156 euros en España,0,0.020021505376344086
https://factual.afp.com/http%253A%252F%252Fdoc.afp.com%252F9RR87V-1,el sueldo medio en españa es de 16000 euros,"Medios españoles, los menos creíbles de Europa según Universidad de Oxford",0,0.01
https://www.newtral.es/espana-europa-pobreza-espinosa-de-los-monteros-vox-factcheck/20221006/,el sueldo medio en españa es de 16000 euros,"“En 2021, España fue el país donde más aumentó la pobreza en toda Europa, según Eurostat”",0,0.006886459795160189
https://factual.afp.com/si-la-ong-open-arms-puede-ser-sancionada-con-multas-de-hasta-901000-euros-en-espana,el sueldo medio en españa es de 16000 euros,España puede multar con hasta 901.000 euros al barco de Open Arms,0,0.006666666666666667
https://www.newtral.es/factcheck-maria-jesus-montero-fiscalidad-medioambiental/20201103/,el sueldo medio en españa es de 16000 euros,"""España tiene cuatro puntos de diferencial con el resto de la Unión Europea en la fiscalidad medioambiental""",0,0.0033333333333333335
https://www.newtral.es/100-millones-guerra-rif-espana-marruecos/20220913/,el sueldo medio en españa es de 16000 euros,España va a indemnizar a Marruecos con 100 millones de euros por la guerra del Rif.,0,0.0
https://www.newtral.es/bulo-medios-espanoles-confianza-oxford/20210113/,el sueldo medio en españa es de 16000 euros,Los medios de comunicación españoles son los menos fiables de Europa según la Universidad de Oxford,0,0.006666666666666667
https://factual.afp.com/http%253A%252F%252Fdoc.afp.com%252F9TL8YP-1,el sueldo medio en españa es de 16000 euros,Los menores extranjeros tutelados cobran entre 400 y 1.125 euros mensuales en España,0,0.0036129583677970774
https://observador.pt/factchecks/fact-check-espanha-tem-salario-minimo-de-1-050-euros-e-reforma-de-900/,el sueldo medio en españa es de 16000 euros,"""Espanha tem salário mínimo de 1.050 euros e reforma de 900?""",0,0.17677419354838708
https://www.newtral.es/albert-rivera-la-natalidad-de-espana-es-la-mas-baja-de-europa/20190404/,el sueldo medio en españa es de 16000 euros,“La natalidad de España es la más baja de Europa”,0,0.0
https://www.newtral.es/bulo-medios-espanoles-confianza-oxford/20210113/,los medios de comunicacion españoles son los menos fiables universidad de oxford,Los medios de comunicación españoles son los menos fiables de Europa según la Universidad de Oxford,1,0.9933333333333333
https://maldita.es/malditobulo/20210112/no-universidad-oxford-no-ha-dicho-medios-espanoles-en-2020-ni-durante-la-pandemia-los-menos-fiables-de-europa/,los medios de comunicacion españoles son los menos fiables universidad de oxford,Informe de Universidad de Oxford e Instituto Reuters dice que en 2020 los medios de comunicación españoles son los menos fiables de Europa.,1,0.85
https://factual.afp.com/http%253A%252F%252Fdoc.afp.com%252F9RR87V-1,los medios de comunicacion españoles son los menos fiables universidad de oxford,"Medios españoles, los menos creíbles de Europa según Universidad de Oxford",1,0.97
https://maldita.es/malditobulo/20201101/montaje-medios-comunicacion-hospital-berlin-alemania-pandemia-covid-19/,los medios de comunicacion españoles son los menos fiables universidad de oxford,Vídeo de montaje para los medios de comunicación por la Covid-19 en Alemania.,0,0.02
https://colombiacheck.com/chequeos/vuelve-y-juega-petro-no-trino-que-que-si-llega-al-poder-continuara-el-legado-de-chavez-y,los medios de comunicacion españoles son los menos fiables universidad de oxford,Petro trinó que si llega al poder cerrará medios de comunicación,0,0.0
https://www.newtral.es/bulos-video-hospital-alemania-coronavirus/20201009/,los medios de comunicacion españoles son los menos fiables universidad de oxford,La pandemia no existe. Este vídeo es un montaje de COVID-19 para los medios de comunicación. ,0,0.00013432304302343697
https://www.newtral.es/pedro-sanchez-la-universidad-de-oxford-otorga-a-espana-la-puntuacion-mas-alta-de-los-paises-occidentales-90-sobre-100-en-cuanto-al-rigor-en-la-respuesta-a-la-pandemia/20200410/,los medios de comunicacion españoles son los menos fiables universidad de oxford,"""La Universidad de Oxford otorga a España la puntuación más alta de los países occidentales, 90 sobre 100, en cuanto al rigor en la respuesta a la pandemia""",0,0.023333333333333334
https://noticias.uol.com.br/confere/ultimas-noticias/2021/07/08/ao-defender-ivermectina-bolsonaro-omite-que-artigo-recomenda-mais-estudos.htm,los medios de comunicacion españoles son los menos fiables universidad de oxford,"Ivermectina reduz mortes por covid em 56%, mostra estudo da universidade de Oxford",0,0.09440071707833461
https://www.bol.uol.com.br/noticias/2021/07/08/ao-defender-ivermectina-bolsonaro-omite-que-artigo-recomenda-mais-estudos.htm,los medios de comunicacion españoles son los menos fiables universidad de oxford,"Ivermectina reduz mortes por covid em 56%, mostra estudo da universidade de Oxford",0,0.16627257923534602
https://piaui.folha.uol.com.br/lupa/2021/06/28/verificamos-universidade-oxford-ivermectina-eficaz/,los medios de comunicacion españoles son los menos fiables universidad de oxford,"Ivermectina reduz replicação do vírus da Covid, afirma Universidade de Oxford",0,0.016611602203707467
https://lupa.uol.com.br/jornalismo/2021/06/28/verificamos-universidade-oxford-ivermectina-eficaz,los medios de comunicacion españoles son los menos fiables universidad de oxford,"“Ivermectina reduz replicação do vírus da Covid, afirma Universidade de Oxford”",0,0.052469028681789355
https://checamos.afp.com/oxford-nao-confirmou-eficacia-da-ivermectina-contra-covid-19-apenas-comecou-um-estudo,los medios de comunicacion españoles son los menos fiables universidad de oxford,"Ivermectina reduz replicação do vírus da covid-19, afirma Universidade de Oxford",0,0.10087197522125221
https://www.newtral.es/mujer-explosion-gas-2018-ataque-rusia-2022/20220309/,los medios de comunicacion españoles son los menos fiables universidad de oxford,Varios medios de comunicación han usado la foto de una mujer que sobrevivió a una explosión de gas en Rusia en 2018 como si fuera víctima de Putin en 2022,0,0.0
https://poligrafo.sapo.pt/fact-check/universidade-de-oxford-pondera-excluir-obras-musicais-do-periodo-colonial-devido-a-preocupacoes-raciais,los medios de comunicacion españoles son los menos fiables universidad de oxford,"Universidade de Oxford pondera ""excluir obras musicais do período colonial"" devido a ""preocupações raciais""?",0,0.004544299297964987
https://www.newtral.es/factcheck-ines-arrimadadas-prestacion-hijo-a-cargo/20210529/,pedro sanchez elimina prestacion por hijo a cargo,"""¿Y qué hace el Gobierno de Sánchez? Pues eliminar prestación por hijo a cargo""",1,0.9066666666666666
https://www.newtral.es/pedro-sanchez-no-tiene-que-cumplir-un-ano-en-el-cargo-para-cobrar-indemnizacion/20190226/,pedro sanchez elimina prestacion por hijo a cargo,Pedro Sánchez tiene que cumplir un año en el cargo para cobrar indemnización,0,0.0002859118949448259
https://maldita.es/malditobulo/20210205/foto-formulario-prestacion-desempleo-nacionalidad-espanola/,pedro sanchez elimina prestacion por hijo a cargo,Si eres español te deniegan la prestación por desempleo,0,0.006679946879150066
https://www.newtral.es/carlos-herrera-prefiere-franco-sanchez/20211214/,pedro sanchez elimina prestacion por hijo a cargo,Carlos Herrera: ‘Prefiero mil veces a Franco que a Pedro Sánchez’,0,0.0
https://www.newtral.es/teodoro-garcia-egea-porque-pedro-sanchez-no-ha-sido-capaz-de-sacar-unos-presupuestos-por-primera-vez-en-la-historia/20190816/,pedro sanchez elimina prestacion por hijo a cargo,"""Porque [Pedro Sánchez] no ha sido capaz de sacar unos presupuestos por primera vez en la historia""",0,3.257328990228013e-05
https://www.newtral.es/bulo-desempleo-denegado-espanol/20200615/,pedro sanchez elimina prestacion por hijo a cargo,Se deniega la prestación por desempleo por ser de nacionalidad española,0,0.017544144410014263
https://www.verificat.cat/fact-check/el-govern-de-pedro-sanchez-no-ha-apujat-ledat-de-jubilacio-als-66-anys-com-diu-toni-canto,pedro sanchez elimina prestacion por hijo a cargo,El govern de Pedro Sánchez ha congelat el SMI,0,0.003467656376356771
https://factual.afp.com/la-ayuda-aprobada-en-cataluna-para-todos-los-jovenes-extutelados-lo-fue-por-unanimidad-en-2019,pedro sanchez elimina prestacion por hijo a cargo,"El Parlamento de Cataluña ha aprobado una prestación económica solo para ""menas""",0,0.006787709497206703
https://www.newtral.es/el-supuesto-tuit-de-pedro-sanchez-sobre-la-semana-santa-es-de-una-cuenta-parodia/20190417/,pedro sanchez elimina prestacion por hijo a cargo,El tuit de Pedro Sánchez sobre la Semana Santa,0,0.0033333333333333335
https://maldita.es/malditobulo/20200708/pedro-sanchez-nunca-pactar-pp/,pedro sanchez elimina prestacion por hijo a cargo,Pedro Sánchez: &quot;No he pensado nunca en pactar con el PP&quot;,0,0.0
https://www.newtral.es/bulo-pedro-sanchez-vacaciones-donana-marismillas/20200821/,pedro sanchez elimina prestacion por hijo a cargo,Pedro Sánchez es el único presidente europeo que se ha ido de vacaciones,0,0.0066992399565689465
https://www.newtral.es/es-falso-que-un-cabo-de-la-legion-negara-el-saludo-a-pedro-sanchez-en-fitur/20200128/,pedro sanchez elimina prestacion por hijo a cargo,Un cabo de la Legión niega el saludo a Pedro Sánchez en FITUR,0,0.006666666666666667
https://www.newtral.es/renovacion-consejo-de-estado-pablo-casado-factcheck/20220218/,pedro sanchez elimina prestacion por hijo a cargo,[A Pedro Sánchez] “Renovó el Consejo de Estado sin acuerdo por primera vez en la historia”,0,0.0033333333333333335
https://www.newtral.es/bulo-pedro-sanchez-copas-restaurante-presidente-guatemala/20210422/,pedro sanchez elimina prestacion por hijo a cargo,Cortan una calle para que Pedro Sánchez se vaya de copas,0,0.0066992399565689465
https://www.europapress.es/verificaciones/noticia-no-pedro-sanchez-no-autorizado-uso-chemtrails-existe-procedimiento-conocido-nombre-20220517133120.html,pedro sanchez elimina prestacion por hijo a cargo,Pedro Sánchez ha autorizado el uso de 'chemtrails',0,0.0033333333333333335
https://factual.afp.com/doc.afp.com.327T6G9,pedro sanchez elimina prestacion por hijo a cargo,"De cada 100 euros de gasolina, 57 son para Pedro Sánchez",0,0.0
https://www.newtral.es/la-foto-de-pedro-sanchez-gozando-mientras-arde-gran-canaria-es-de-2014-en-mojacar/20190821/,pedro sanchez elimina prestacion por hijo a cargo,Pedro Sánchez está «gozando mientras arde Gran Canaria»,0,0.0
https://factual.afp.com/el-legionario-si-saludo-al-presidente-del-gobierno-de-espana-en-una-feria-de-turismo,pedro sanchez elimina prestacion por hijo a cargo,Un legionario niega el saludo a Pedro Sánchez en España,0,0.0
https://maldita.es/malditobulo/20201012/pedro-sanchez-puente-donana/,pedro sanchez elimina prestacion por hijo a cargo,Pedro Sánchez ha pasado el puente del 12 de octubre en Doñana,0,0.00459397679867421
https://factual.afp.com/doc.afp.com.32F43Z6,pedro sanchez elimina prestacion por hijo a cargo,"Pedro Sánchez posa delante de tierra quemada, simbología",0,0.00013432304302343697
https://maldita.es/malditobulo/20210205/foto-formulario-prestacion-desempleo-nacionalidad-espanola/,Se deniega prestacion por desempleo por ser español,Si eres español te deniegan la prestación por desempleo,1,0.9666666666666667
https://www.newtral.es/bulo-desempleo-denegado-espanol/20200615/,Se deniega prestacion por desempleo por ser español,Se deniega la prestación por desempleo por ser de nacionalidad española,1,0.99
https://www.newtral.es/fact-check-mayor-momento-paro-espinosa-monteros/20210521/,Se deniega prestacion por desempleo por ser español,“Tiene una Ministra de Trabajo que preside el mayor momento de desempleo de la historia de España”,0,0.00033114349563173644
https://www.newtral.es/factcheck-ines-arrimadadas-prestacion-hijo-a-cargo/20210529/,Se deniega prestacion por desempleo por ser español,"""¿Y qué hace el Gobierno de Sánchez? Pues eliminar prestación por hijo a cargo""",0,0.018602406039530214
https://www.newtral.es/diaz-ayuso-el-desempleo-en-la-comunidad-de-madrid-se-situa-en-el-999-que-es-la-cifra-mas-baja-de-espana/20200131/,Se deniega prestacion por desempleo por ser español,"El desempleo [en la Comunidad de Madrid] se sitúa en el 9,99, que es la cifra más baja de España",0,0.01683232288731392
https://www.newtral.es/la-razon-no-ha-publicado-que-las-prestaciones-sociales-seran-suspendidas-3-meses-segun-pablo-iglesias/20200323/,Se deniega prestacion por desempleo por ser español,La Razón publica que las prestaciones sociales serán suspendidas 3 meses según Pablo Iglesias,0,0.11785701075719691
https://factual.afp.com/la-ayuda-aprobada-en-cataluna-para-todos-los-jovenes-extutelados-lo-fue-por-unanimidad-en-2019,Se deniega prestacion por desempleo por ser español,"El Parlamento de Cataluña ha aprobado una prestación económica solo para ""menas""",0,0.030409148030779126
https://www.newtral.es/factcheck-tasa-paro-juvenil-rajoy-pp/20200811/,Se deniega prestacion por desempleo por ser español,“El Partido Popular bajó a la mitad la tasa de desempleo juvenil”,0,0.0
https://chequeado.com/ultimas-noticias/larreta-se-bajo-la-tasa-de-desempleo-femenino-del-134-al-95/,Se deniega prestacion por desempleo por ser español,"Se bajó la tasa de desempleo femenino del 13,4% al 9,5% ",0,0.006666666666666667
https://www.newtral.es/el-coronavirus-de-wuhan-epidemia-mundial-de-bulos-xii/20200403/,Se deniega prestacion por desempleo por ser español,La Razón publica que Pablo Iglesias va a suspender las prestaciones sociales durante 3 meses ,0,0.03697156063369452
https://colombiacheck.com/chequeos/desempleo-femenino-si-es-superior-al-masculino-pero-cifra-de-mabel-lara-esta,Se deniega prestacion por desempleo por ser español,El desempleo femenino es de 8% más que el masculino,0,0.03
https://chequeado.com/ultimas-noticias/cfk-en-plaza-de-mayo-chequeos-a-sus-dichos-sobre-desempleo-y-salario-minimo/,Se deniega prestacion por desempleo por ser español,chequeos a sus dichos sobre desempleo y salario mínimo,0,0.00012104283054003725
https://colombiacheck.com/chequeos/no-es-posible-asegurar-que-colombia-es-el-segundo-pais-en-el-mundo-donde-mas-ha-crecido-el,Se deniega prestacion por desempleo por ser español,Colombia es el segundo país en el mundo donde más ha crecido el desempleo,0,0.00016565622064725473
https://chequeado.com/ultimas-noticias/kicillof-tras-las-elecciones-cayo-9-puntos-el-pbi-per-capita-y-se-duplico-el-desempleo-un-chequeo-a-sus-dichos/,Se deniega prestacion por desempleo por ser español,"cayó 9 puntos el PBI per cápita y se duplicó el desempleo, un chequeo a sus dichos",0,0.0068780074440368275
https://www.univision.com/noticias/mandato-la-verdad-sobre-el-pais-que-acaba-de-heredar-el-presidente-biden-datos,Se deniega prestacion por desempleo por ser español,"Biden hereda crisis por covid-19, desempleo, economía y tasas de criminalidad",0,0.0
https://www.univision.com/noticias/enganoso-beneficios-desempleo-por-despido-no-vacunarte-covid-19,Se deniega prestacion por desempleo por ser español,Los trabajadores que no quieran vacunarse que pueden recibir subsidio por desempleo si son despedidos. ,0,0.026809214873550792
https://chequeado.com/ultimas-noticias/la-carta-de-cristina-fernandez-de-kirchner-un-chequeo-a-sus-frases-sobre-desempleo-jubilaciones-inflacion-y-dolar/,Se deniega prestacion por desempleo por ser español,"un chequeo a sus frases sobre desempleo, jubilaciones, inflación y dólar",0,0.0036263865350869297
https://www.newtral.es/teodoro-garcia-egea-en-andalucia-se-esta-consiguiendo-que-una-tierra-que-generaba-desempleo-cree-empleo/20190611/,Se deniega prestacion por desempleo por ser español,En Andalucía se está consiguiendo que una tierra que generaba desempleo cree empleo,0,0.00336996336996337
https://www.newtral.es/factcheck-pablo-casado-eurostat-desempleo-media-europea/20200701/,Se deniega prestacion por desempleo por ser español,"""Eurostat desvela que el desempleo aumentó aquí diez veces más que la media europea""",0,0.010286699051187292
https://www.newtral.es/es-falso-que-colau-haya-dicho-o-ponen-en-libertad-a-nuestros-presos-politicos-o-destrozaremos-a-espana-y-a-los-espanoles/20191008/,Se deniega prestacion por desempleo por ser español,O ponen en libertad a nuestros presos políticos o destrozaremos a España y a los españoles,0,0.028786187242719415
https://www.newtral.es/fact-check-mayor-momento-paro-espinosa-monteros/20210521/,Mayor momento de desempleo de la historia con ministra Yolanda Diaz,“Tiene una Ministra de Trabajo que preside el mayor momento de desempleo de la historia de España”,1,0.9666666666666667
https://www.newtral.es/fact-check-desempleados-parados-espana-garcia-egea/20210416/,Mayor momento de desempleo de la historia con ministra Yolanda Diaz,“Sale usted del Ministerio (a Yolanda Díaz) con seis millones de desempleados”,1,0.67
https://maldita.es/malditobulo/20201205/foto-yolanda-diaz-ministra-trabajo-comprando-mercadona-sin-mascarilla/,Mayor momento de desempleo de la historia con ministra Yolanda Diaz,"Yolanda Díaz, ministra de Trabajo, comprando en Mercadona sin mascarilla",0,0.05366666666666667
https://www.newtral.es/factcheck-pablo-casado-eurostat-desempleo-media-europea/20200701/,Mayor momento de desempleo de la historia con ministra Yolanda Diaz,"""Eurostat desvela que el desempleo aumentó aquí diez veces más que la media europea""",1,0.6087261428478794
https://maldita.es/malditobulo/20210621/yolanda-diaz-tuit-master-cifuentes/,Mayor momento de desempleo de la historia con ministra Yolanda Diaz,Tuit de Yolanda Díaz en el que pide la dimisión de Cristina Cifuentes por falsificar su máster,0,0.01008953258722844
https://www.newtral.es/factcheck-tasa-paro-juvenil-rajoy-pp/20200811/,Mayor momento de desempleo de la historia con ministra Yolanda Diaz,“El Partido Popular bajó a la mitad la tasa de desempleo juvenil”,0,0.013401360544217686
https://factual.afp.com/doc.afp.com.32JQ3HH,españa planea prohibir el consumo de carne,La ciudad holandesa de Haarlem ha prohibido el consumo de carne,0,0.3233333333333333
https://factual.afp.com/doc.afp.com.32BV3UQ,españa planea prohibir el consumo de carne,El Espectador tuiteó que Rodolfo Hernández planea prohibir el parrillero,0,0.0033333333333333335
https://www.newtral.es/gobierno-prohibir-carne-2050/20220704/,españa planea prohibir el consumo de carne,El Gobierno planea que los españoles dejen de comer carne de aquí a 2050.,1,0.9466666666666667
https://factual.afp.com/http%253A%252F%252Fdoc.afp.com%252F9W46EV-1,españa planea prohibir el consumo de carne,Los alquileres ya no pueden prohibir tener mascotas en España,0,0.0033333333333333335
https://verifica.efe.com/pedro-sanchez-carne-2050-no-bill-gates/,españa planea prohibir el consumo de carne,"El presidente del Gobierno español, Pedro Sánchez, plantea la supresión del consumo de carne antes de 2050 para obedecer a Bill Gates. ",1,0.89
https://poligrafo.sapo.pt/fact-check/tailandia-proibiu-o-consumo-de-carne-de-porco-por-esta-causar-cancro,españa planea prohibir el consumo de carne,Tailândia proibiu o consumo de carne de porco por esta causar cancro?,0,0.11400798920719239
https://factual.afp.com/doc.afp.com.32AE4HU,españa planea prohibir el consumo de carne,Una ley en Australia prohíbe el cultivo de alimentos para consumo propio,0,0.004033405375121426
https://factual.afp.com/el-gobierno-argentino-no-ha-impuesto-un-racionamiento-de-carne-en-el-pais,españa planea prohibir el consumo de carne,Argentina raciona consumo de carne: se pueden comprar tres (3) kilos de carne por persona,0,0.016800989709690104
https://www.newtral.es/luis-planas-consumo-carne-factcheck/20210722/,españa planea prohibir el consumo de carne,"Sobre las recomendaciones de Garzón: “Si miramos los datos desde el año 2012, el consumo per cápita de carne en España ha disminuido claramente, salvo en el pico del confinamiento”",0,0.18333333333333332
https://www.newtral.es/prospecciones-litio-espana-exploracion-santiago-abascal-factcheck/20221006/,españa planea prohibir el consumo de carne,"“En España hay litio, pero se prohíben las prospecciones”",0,0.00020044180947474048
https://www.newtral.es/la-imagen-de-un-cartel-de-la-policia-que-prohibe-las-banderas-espanolas-es-un-montaje/20200515/,españa planea prohibir el consumo de carne,Cartel de la policía que prohíbe las banderas españolas,0,0.010134323043023436
https://factual.afp.com/la-alcaldesa-de-hervas-en-espana-no-envio-una-carta-defendiendo-el-jamon-iberico-ante-padres,españa planea prohibir el consumo de carne,La alcaldesa alcalde de Hervás Hervas Cáceres Extremadura rechaza ante padres musulmanes prohibir dejar de servir carne de cerdo en las escuelas,0,0.0034415211867879682
https://factual.afp.com/doc.afp.com.32A298J,españa planea prohibir el consumo de carne,Convención aprueba prohibir el uso de armas de fuego a Carabineros de Chile,0,0.0
https://colombiacheck.com/chequeos/es-falso-que-el-acuerdo-de-escazu-vaya-prohibir-cultivar-en-colombia,españa planea prohibir el consumo de carne,El Acuerdo de Escazú va a prohibir cultivar,0,0.04111111111111111
https://factual.afp.com/el-plan-de-biden-para-frenar-el-cambio-climatico-no-contempla-el-consumo-de-carne-en-estados-unidos,españa planea prohibir el consumo de carne,Biden dijo que los estadounidenses van a tener que reducir en un 90% el consumo de carne,0,0.043333333333333335
https://poligrafo.sapo.pt/fact-check/defende-se-nas-redes-sociais-consumo-de-carne-nao-tem-impacto-no-aquecimento-global,españa planea prohibir el consumo de carne,Consumo de carne não tem impacto no aquecimento global,0,0.21373147326563474
https://factual.afp.com/no-hay-registro-de-que-la-onu-ni-la-oms-hayan-planteado-que-los-colegios-eliminen-las-tareas,españa planea prohibir el consumo de carne,La ONU ordena prohibir las tareas escolares,0,0.007912100820801215
https://factual.afp.com/espana-prohibio-en-2006-usar-tierras-quemadas-por-30-anos-pero-los-incendios-continuaron,españa planea prohibir el consumo de carne,España prohibió por 50 años desarrollos inmobiliarios en tierras incendiadas y se terminaron los incendios,0,0.013532224134633774
https://www.newtral.es/gobierno-no-prohibira-dia-del-padre-y-dia-de-la-madre/20210224/,españa planea prohibir el consumo de carne,El Gobierno prohibirá celebrar el Día del Padre y de la Madre,0,0.05017500267269852
https://www.europapress.es/verificaciones/noticia-cierto-ue-prohibido-productos-plastico-solo-uso-pajitas-20210928123927.html,españa planea prohibir el consumo de carne,La UE no ha prohibido los productos de plástico de un solo uso como la,0,0.04673469387755102
https://www.newtral.es/espana-europa-pobreza-espinosa-de-los-monteros-vox-factcheck/20221006/,españa pais donde mas ha aumentado la pobreza eurostat,"“En 2021, España fue el país donde más aumentó la pobreza en toda Europa, según Eurostat”",1,0.986
https://www.newtral.es/factcheck-pablo-casado-eurostat-desempleo-media-europea/20200701/,españa pais donde mas ha aumentado la pobreza eurostat,"""Eurostat desvela que el desempleo aumentó aquí diez veces más que la media europea""",0,0.15333333333333332
https://www.newtral.es/presupuesto-ayuda-desarrollo-factcheck/20220701/,españa pais donde mas ha aumentado la pobreza eurostat,"“Este es el Gobierno que ha aumentado en estos presupuestos hasta 3.500 millones de euros la ayuda a la cooperación al desarrollo con los países africanos""",0,0.00042020965492419127
https://elsurti.com/laprecisa/chequeo/2022/07/01/es-falso-que-en-paraguay-la-pobreza-total-y-la-pobreza-extrema-no-aumentaron-en-el-ano-2021/,españa pais donde mas ha aumentado la pobreza eurostat,"«Los resultados muestran que Paraguay, gracias a su política de contención, no vio aumentada la pobreza total ni la extrema en el año 2021».",0,0.00673469387755102
https://www.verificat.cat/fact-check/ha-aumentado-el-presupuesto-de-la-monarquia-nl-2021,españa pais donde mas ha aumentado la pobreza eurostat,"El presupuesto de la monarquía ha aumentado un 6,9%",0,0.006666666666666667
https://www.verificat.cat/es/fact-check/ha-aumentado-el-presupuesto-de-la-monarquia-nl-2021,españa pais donde mas ha aumentado la pobreza eurostat,"El presupuesto de la monarquía ha aumentado un 6,9%",0,0.0033333333333333335
https://politica.estadao.com.br/blogs/estadao-verifica/pobreza-pt-jornal-hoje/,españa pais donde mas ha aumentado la pobreza eurostat,Reportagem do Jornal Hoje mostra aumento da pobreza em governos do PT,0,0.09562710437710437
https://politica.estadao.com.br/blogs/estadao-verifica/dilma-6-mil-euros-prato/,españa pais donde mas ha aumentado la pobreza eurostat,Pais dos pobres gastavam 6 mil euros por um prato,0,0.029975896735772996
https://www.aosfatos.org/noticias/marina-silva-erra-dados-sobre-aumento-da-pobreza-e-participacao-do-agronegocio-no-pib/,españa pais donde mas ha aumentado la pobreza eurostat,A gente era o país que tirou 40 milhões da pobreza. Agora já devolvemos todos para a pobreza.,0,0.03796296296296296
https://chequeado.com/ultimas-noticias/pagina12-y-tiempo-argentino-fuerte-reduccion-de-la-pobreza-en-el-pais/,españa pais donde mas ha aumentado la pobreza eurostat,fuerte reducción de la pobreza en el país,0,0.01
https://www.newtral.es/el-fact-checking-de-newtral-en-el-debate-de-rtve/20190423/,españa pais donde mas ha aumentado la pobreza eurostat,"En España hay 1,8 millones de familias monoparentales y la mitad está en el umbral de la pobreza",0,0.0367032967032967
https://verifica.efe.com/las-vacunas-anticovid-no-han-multiplicado-los-abortos-espontaneos-en-el-reino-unido/,españa pais donde mas ha aumentado la pobreza eurostat,Las vacunas anticovid han aumentado los abortos espontáneos en el Reino Unido un 2.000 por cien en poco más de tres meses.,0,0.00011193836926735949
https://www.verificat.cat/es/fact-check/los-casos-de-suicidio-no-aumentaron-en-2020-un-250-sino-un-74,españa pais donde mas ha aumentado la pobreza eurostat,Han aumentado un 250% los suicidios este último año,0,0.011208740120874012
https://www.newtral.es/fact-check-ningun-pais-80-vacunacion-isabel-diaz-ayuso/20210420/,españa pais donde mas ha aumentado la pobreza eurostat,"“Estamos viendo cómo otros muchos países ya han aumentado su vacunación hasta conseguir más de un 80% de la misma y, por tanto, inmunidad para todos los ciudadanos”",0,0.01349898955398059
https://www.newtral.es/cayetana-alvarez-de-toledo-hoy-espana-es-el-pais-europeo-con-mas-exceso-de-muerte/20200519/,españa pais donde mas ha aumentado la pobreza eurostat,"""Hoy España es el país europeo con más exceso de muerte""",0,0.13
https://www.newtral.es/albert-rivera-en-espana-hay-18-millones-de-familias-monoparentales-que-la-mitad-esta-en-el-umbral-de-la-pobreza/20190423/,españa pais donde mas ha aumentado la pobreza eurostat,"""En España hay 1,8 millones de familias monoparentales que la mitad está en el umbral de la pobreza""",0,0.03673469387755102
https://factual.afp.com/http%253A%252F%252Fdoc.afp.com%252F9RC2VC-1,españa pais donde mas ha aumentado la pobreza eurostat,Esta imagen demuestra que el nivel del mar no ha aumentado en un siglo,0,0.0
https://chequeado.com/ultimas-noticias/mauricio-macri-sobre-el-actual-gobierno-practicamente-ha-aumentado-un-50-mas-el-empleo-publico-a-nivel-nacional/,españa pais donde mas ha aumentado la pobreza eurostat,Prácticamente ha aumentado un 50% más el empleo público a nivel nacional,0,0.0
https://observador.pt/factchecks/factcheck-pensao-de-7-500-euros-aumentou-238-euros/,españa pais donde mas ha aumentado la pobreza eurostat,Pensão de 7.500 euros aumentou 238 euros.,0,0.09975237079790697
https://www.newtral.es/paro-juvenil-tasa-minimos-factcheck/20221006/,españa minimos historicos de paro juvenil,“Estamos (en España) en mínimos históricos de paro juvenil” ,1,0.9626666666666667
https://www.newtral.es/paro-juvenil-andalucia-olona/20220608/,españa minimos historicos de paro juvenil,"""(Andalucía tiene) un 36% de paro juvenil de menos de 25 años. El doble que en el resto de España""",0,0.003611111111111111
https://www.newtral.es/carolina-espana-pp-critica-al-gobierno-por-los-datos-de-empleo-temporalidad-y-paro-juvenil/20181106/,españa minimos historicos de paro juvenil,el paro juvenil está subiendo,0,0.05333333333333334
https://piaui.folha.uol.com.br/lupa/2020/11/17/verificamos-votos-nulos-nova-eleicao/,españa minimos historicos de paro juvenil,"Esquecem o histórico destes candidatos, no mínimo terão que anular o voto para ter uma nova eleição",0,0.02987689568899691
https://lupa.uol.com.br/jornalismo/2020/11/17/verificamos-votos-nulos-nova-eleicao,españa minimos historicos de paro juvenil,"Esquecem o histórico destes candidatos, no mínimo terão que anular o voto para ter uma nova eleição",0,0.02007804372036566
https://www.newtral.es/paro-juvenil-prepandemia-nadia-calvino/20210909/,españa minimos historicos de paro juvenil,“El paro juvenil ya está por debajo de los niveles prepandemia”,0,0.043651271753681394
https://www.newtral.es/tasa-paro-juvenil-extremadura-factcheck/20220729/,españa minimos historicos de paro juvenil,"“En este último año la tasa de paro juvenil se ha reducido 13 puntos, (...) ha bajado del 38% al 25%”",0,0.28
https://www.aosfatos.org/noticias/temer-erra-dados-economicos-ao-comentar-rejeicao-de-denuncia/,españa minimos historicos de paro juvenil,Batemos recordes históricos nas exportações.,0,0.004703341013824885
https://www.newtral.es/isabel-diaz-ayuso-espana-milenios-nacion/20220504/,españa minimos historicos de paro juvenil,“[España] una nación con dos milenios de historia”,0,0.0
https://www.newtral.es/tasa-paro-juvenil-yolanda-diaz/20211207/,españa minimos historicos de paro juvenil,"""Tenemos 16.000 jóvenes menos (en paro) que cuando hemos llegado al Ministerio de Trabajo. Llegamos al Ministerio de Trabajo y la cifra de paro juvenil era del 41%. Hoy es del 30%.""",1,0.08666666666666667
https://www.aosfatos.org/noticias/o-que-e-fato-no-pronunciamento-de-temer-pelo-dia-do-trabalho/,españa minimos historicos de paro juvenil,O projeto do salário mínimo já está encaminhado e será o maior salário mínimo da nossa história,0,0.028090950237947443
https://www.newtral.es/factcheck-tasa-paro-juvenil-rajoy-pp/20200811/,españa minimos historicos de paro juvenil,“El Partido Popular bajó a la mitad la tasa de desempleo juvenil”,0,0.01673469387755102
https://www.newtral.es/fact-check-mayor-momento-paro-espinosa-monteros/20210521/,españa minimos historicos de paro juvenil,“Tiene una Ministra de Trabajo que preside el mayor momento de desempleo de la historia de España”,0,0.006764295676429568
https://colombiacheck.com/chequeos/foto-de-karol-g-con-camiseta-del-pacto-historico-es-un-montaje,españa minimos historicos de paro juvenil,Karol G con una camiseta del Pacto Histórico,0,0.013656964613496789
https://www.boomlive.in/fact-check/politics/viral-video-love-jihad-school-going-girl-fake-news-16077,españa minimos historicos de paro juvenil,See how these Muslim men lure juvenile Hindu girls in the name of love jihad,0,0.00335820895522388
https://www.newtral.es/no-hay-datos-que-avalen-que-camela-es-el-segundo-grupo-que-mas-discos-ha-vendido-en-la-historia-de-espana/20190411/,españa minimos historicos de paro juvenil,Camela es el segundo grupo que más discos ha vendido en la historia de España,0,0.01
https://www.newtral.es/prospecciones-litio-espana-exploracion-santiago-abascal-factcheck/20221006/,en españa se prohiben las prospecciones de litio,"“En España hay litio, pero se prohíben las prospecciones”",1,0.9166666666666666
https://poligrafo.sapo.pt/fact-check/existe-relacao-entre-area-ardida-na-serra-da-estrela-e-zonas-de-prospecao-de-litio-acusa-se-nas-redes-sociais,en españa se prohiben las prospecciones de litio,Existe relação entre área ardida na Serra da Estrela e as áreas abrangidas pelo Programa de Pesquisa e Prospeção do Lítio,0,0.3477944862155389
https://www.newtral.es/la-imagen-de-un-cartel-de-la-policia-que-prohibe-las-banderas-espanolas-es-un-montaje/20200515/,en españa se prohiben las prospecciones de litio,Cartel de la policía que prohíbe las banderas españolas,0,0.00041210082080121474
https://maldita.es/malditobulo/20200515/cartel-se-prohibe-bandera-espanola-control-policia-bulo/,en españa se prohiben las prospecciones de litio,Una señal en un control de policía que pone: Se prohíbe la bandera española,0,0.030081307423367752
https://factual.afp.com/http%253A%252F%252Fdoc.afp.com%252F9PB6RF-1,en españa se prohiben las prospecciones de litio,Prohíben las sopas instantáneas en México,0,0.003467656376356771
https://factual.afp.com/la-harina-de-maiz-blanco-pan-fue-retirada-del-mercado-en-argentina-pero-no-otras-harinas-de-esa,en españa se prohiben las prospecciones de litio,Prohìben harina P.A.N. en Argentina,0,0.00013432304302343697
https://factual.afp.com/http%253A%252F%252Fdoc.afp.com%252F9W46EV-1,en españa se prohiben las prospecciones de litio,Los alquileres ya no pueden prohibir tener mascotas en España,0,1.3280212483399734e-05
https://observador.pt/factchecks/fact-check-embalagem-da-vacina-da-janssen-com-bula-em-branco-prova-tentativa-de-esconder-informacoes/,en españa se prohiben las prospecciones de litio,"""Prospecto Janssen. Boa leitura""",0,0.024725676736484768
https://verifica.efe.com/mercadona-no-prohibio-entrar-con-basculas-en-supermercados/,en españa se prohiben las prospecciones de litio,Un cartel de la cadena española de supermercados Mercadona prohíbe entrar con básculas para pesar alimentos.,0,0.04881101262053643
https://maldita.es/malditobulo/20220727/arona-arico-castillos-arena-playa/,en españa se prohiben las prospecciones de litio,El Ayuntamiento de Arona y Villa de Arico prohíben hacer castillos de arena,0,9.762900976290097e-05
https://factual.afp.com/espana-prohibio-en-2006-usar-tierras-quemadas-por-30-anos-pero-los-incendios-continuaron,en españa se prohiben las prospecciones de litio,España prohibió por 50 años desarrollos inmobiliarios en tierras incendiadas y se terminaron los incendios,0,0.043333333333333335
https://colombiacheck.com/chequeos/las-afirmaciones-falsas-sobre-el-codigo-de-nuremberg-y-la-declaracion-de-bioetica-del-2005,en españa se prohiben las prospecciones de litio,Códigos de Nuremberg y de Bioética prohiben vacunación obligatoria,0,0.006800989709690103
https://factual.afp.com/la-venta-de-yerba-mate-en-argentina-no-fue-prohibida-por-decreto,en españa se prohiben las prospecciones de litio,Se prohibe por decreto la veta de yerba mate en Argentina,0,0.0038931882912503876
https://www.butac.it/green-pass-ospedali/,en españa se prohiben las prospecciones de litio,"Italia, le prohíben la entrada a una clínica a señora, por no tener pasaporte sanitario, no es la vacuna estúpido!!! es la libertad, lo que esta en juego.",0,0.01783766125416402
https://chequeado.com/ultimas-noticias/sica-argentina-ya-es-el-tercer-productor-mundial-de-litio/,en españa se prohiben las prospecciones de litio,Argentina ya es el tercer productor mundial de litio,0,0.020411218156484938
https://maldita.es/malditobulo/20210709/eslovaquia-prohibido-partidos-comunistas/,en españa se prohiben las prospecciones de litio,Eslovaquia prohíbe los partidos comunistas,0,0.030013280212483395
https://colombiacheck.com/chequeos/eslovaquia-no-prohibio-los-partidos-comunistas-ni-los-declaro-organizaciones-terroristas,en españa se prohiben las prospecciones de litio,Eslovaquia prohíbe a los partidos comunistas,0,0.0367877094972067
https://maldita.es/malditobulo/20220613/eslovaquia-prohibido-partidos-comunistas/,en españa se prohiben las prospecciones de litio,Eslovaquia prohíbe los partidos comunistas,0,0.030013280212483395
https://maldita.es/malditobulo/20210709/eslovaquia-prohibido-partidos-comunistas/,eslovaquia prohibe partidos comunistas,Eslovaquia prohíbe los partidos comunistas,1,0.99
https://colombiacheck.com/chequeos/eslovaquia-no-prohibio-los-partidos-comunistas-ni-los-declaro-organizaciones-terroristas,eslovaquia prohibe partidos comunistas,Eslovaquia prohíbe a los partidos comunistas,1,0.95
https://maldita.es/malditobulo/20220613/eslovaquia-prohibido-partidos-comunistas/,eslovaquia prohibe partidos comunistas,Eslovaquia prohíbe los partidos comunistas,1,0.9933333333333333
https://factual.afp.com/eslovaquia-no-proscribio-el-partido-comunista-ni-lo-declaro-organizacion-criminal,eslovaquia prohibe partidos comunistas,Eslovaquia declara al Partido Comunista como una organización criminal y lo prohíbe,1,0.9733333333333334
https://www.newtral.es/bulo-eslovaquia-partido-comunista-ilegal/20201224/,eslovaquia prohibe partidos comunistas,Eslovaquia declara al Partido Comunista como una organización criminal y lo prohíbe,1,0.9866666666666667
https://www.newtral.es/factcheck-pablo-casado-constitucion-alemania-comunismo/20200806/,eslovaquia prohibe partidos comunistas,"""En Alemania la Constitución prohíbe a los partidos de extrema izquierda comunista""",0,0.07758082497212931
https://factual.afp.com/el-partido-comunista-no-fue-eliminado-ni-ha-sido-prohibido-en-nueva-zelanda,eslovaquia prohibe partidos comunistas,Nueva Zelanda eliminó y prohibió el Partido Comunista - PC,0,0.10080687830687832
https://colombiacheck.com/chequeos/nueva-zelanda-no-elimino-ni-prohibio-al-partido-comunista-en-1994,eslovaquia prohibe partidos comunistas,Nueva Zelanda eliminó y prohibió al partido comunista en 1994,0,0.14026315789473684
https://factual.afp.com/doc.afp.com.326W4GV,eslovaquia prohibe partidos comunistas,Eslovaquia rechazó a la OTAN,0,0.1837037037037037
https://maldita.es/malditobulo/20211221/partido-comunista-nueva-zelanda-eliminado-prohibido-disolvio-decision-propia/,eslovaquia prohibe partidos comunistas,Nueva Zelanda eliminó y prohibió al Partido Comunista en el año 1994,0,0.12288941631504921
https://noticias.uol.com.br/confere/ultimas-noticias/2022/10/11/e-falso-que-catolicos-que-votam-em-partido-comunista-sao-excomungados.htm,eslovaquia prohibe partidos comunistas,Católicos vão ser excomungados por votar em partidos comunistas,0,0.056666666666666664
https://www.bol.uol.com.br/noticias/2022/10/11/e-falso-que-catolicos-que-votam-em-partido-comunista-sao-excomungados.htm,eslovaquia prohibe partidos comunistas,Católicos vão ser excomungados por votar em partidos comunistas,0,0.09
https://politica.estadao.com.br/blogs/estadao-verifica/lei-que-restringe-imigrantes-comunistas-nos-eua-e-de-1952-e-nao-de-2020/,eslovaquia prohibe partidos comunistas,Estados Unidos proíbem filiados de partidos comunistas de obterem cidadania americana,0,0.09333333333333334
https://www.newtral.es/fact-check-espinosa-de-los-monteros-comunismo/20201201/,eslovaquia prohibe partidos comunistas,"Ya son 7 los países europeos donde el comunismo es ilegal: Chequia, Polonia, Ucrania, Lituania, Georgia, Letonia y, ahora, Eslovaquia. Todos, países que lo sufrieron.",0,0.5434408602150538
https://www.newtral.es/bulo-nueva-zelanda-prohibido-partido-comunista/20210323/,eslovaquia prohibe partidos comunistas,Nueva Zelanda eliminó y prohibió el Partido Comunista el año 1994… hoy es uno de los países con mejor calidad de vida del mundo,0,0.05415803442589156
https://piaui.folha.uol.com.br/lupa/2020/06/26/verificamos-bandeirantes-comunista-chines/,eslovaquia prohibe partidos comunistas,O Partido Comunista Chinês comprou a REDE BAND DE TV,0,0.04130300965824122
https://lupa.uol.com.br/jornalismo/2020/06/26/verificamos-bandeirantes-comunista-chines,eslovaquia prohibe partidos comunistas,O Partido Comunista Chinês comprou a REDE BAND DE TV,0,0.030522931464701693
https://www.aosfatos.org/noticias/em-video-que-motivou-sua-prisao-daniel-silveira-ataca-stf-com-informacoes-falsas/,eslovaquia prohibe partidos comunistas,"Você [ministro do STF Luiz Edson Fachin] era militante lá do PT, partido comunista. Você era da aliança comunista do Brasil.",0,0.010294653941651149
https://factual.afp.com/doc.afp.com.32A32CM,eslovaquia prohibe partidos comunistas,El casco de la periodista baleada en Chile tenía el escudo del Partido Comunista,0,0.013531019288348278
https://factual.afp.com/doc.afp.com.324T32T,eslovaquia prohibe partidos comunistas,"Partido Comunista,organización criminal en Polonia,Ucrania,Lituania y otros",0,0.19337349397590362
https://www.verificat.cat/fact-check/andalusia-no-esta-creant-mes-empreses-que-catalunya-com-diu-alejandro-fernandez,cataluña tiene la mayor creacion de ocupacion en españa,Andalusia [...] avui està creant més ocupació i més empreses que Catalunya,0,0.17192307692307693
https://www.verificat.cat/fact-check/cataluna-no-lidera-la-creacion-de-empleo-es-la-septima-en-terminos-relativos,cataluña tiene la mayor creacion de ocupacion en españa,"""Hoy Cataluña está liderando la creación de puestos de trabajo""",1,0.55
https://www.newtral.es/cataluna-creacion-de-empleo-factcheck/20220221/,cataluña tiene la mayor creacion de ocupacion en españa,"""Hoy Cataluña está liderando la creación de puestos de trabajo""",1,0.81
https://www.verificat.cat/es/fact-check/cataluna-no-lidera-la-creacion-de-empleo-es-la-septima-en-terminos-relativos,cataluña tiene la mayor creacion de ocupacion en españa,"""Hoy Cataluña está liderando la creación de puestos de trabajo""",1,0.8133333333333334
https://www.newtral.es/okupacion-no-aumenta-psoe-podemos/20210927/,cataluña tiene la mayor creacion de ocupacion en españa,"""Desde que Pedro Sánchez es presidente y gobierna con Podemos, las ocupaciones se han incrementado en un 45% (las ocupaciones ilegales)""",0,0.047143083555217444
https://www.newtral.es/privacion-material-severa-catal-una-alicia-romero-factcheck/20211126/,cataluña tiene la mayor creacion de ocupacion en españa,"""[En Cataluña] Privación material severa: 6,2, la más alta de España""",0,0.013346613545816732
https://www.newtral.es/ines-arrimadas-en-cataluna-tenemos-las-peores-listas-de-espera-en-dependencia-de-toda-espana/20190319/,cataluña tiene la mayor creacion de ocupacion en españa,(En Cataluña) Tenemos las peores listas de espera en dependencia de toda España,0,0.016679946879150066
https://www.newtral.es/creacion-empresas-cataluna-madrid-roger-torrent/20211204/,cataluña tiene la mayor creacion de ocupacion en españa,“En Cataluña se han creado más empresas este año que las que se han creado en Madrid”,0,0.02666666666666667
https://www.verificat.cat/es/fact-check/cataluna-esta-por-encima-de-madrid-en-creacion-neta-de-empresas-pero-por-debajo-en-constituciones,cataluña tiene la mayor creacion de ocupacion en españa,En Cataluña se han creado más empresas este año que las que se han creado en Madrid,0,0.2100215053763441
https://www.verificat.cat/fact-check/la-senal-que-diferencia-cataluna-de-espana-no-existe,cataluña tiene la mayor creacion de ocupacion en españa,Las señales de las carreteras de Francia distinguen Cataluña de España,0,0.0033333333333333335
https://www.verificat.cat/es/fact-check/la-senal-que-diferencia-cataluna-de-espana-no-existe,cataluña tiene la mayor creacion de ocupacion en españa,Las señales de las carreteras de Francia distinguen Cataluña de España,0,0.0033333333333333335
https://factual.afp.com/la-policia-catalana-no-detuvo-nadie-por-pasar-el-himno-de-espana-durante-un-acto-pero-si-identifico,cataluña tiene la mayor creacion de ocupacion en españa,Se ha detenido a dos personas por poner el himno de España en Cataluña,0,0.0
https://www.newtral.es/falsos-tuits-ceuta-medios-comunicacion/20210518/,cataluña tiene la mayor creacion de ocupacion en españa,"Tuits atribuidos a La Ser, Vozpópuli y El País sobre “violaciones"", ""asesinatos” y “ocupaciones” en Ceuta",0,0.006666666666666667
https://www.newtral.es/factcheck-andalucia-autonomos-mayor-numero-juanma-moreno/20211005/,cataluña tiene la mayor creacion de ocupacion en españa,"“Andalucía es la comunidad, superando a Cataluña, con más trabajadores autónomos de España”",0,1.3280212483399734e-05
https://www.newtral.es/total-autonomos-andalucia-juan-marin-factcheck/20220503/,andalucia mayor numero de autonomos,“Ha permitido que hoy Andalucía esté liderando a nivel nacional el número de autónomos”,1,0.89
https://www.newtral.es/factcheck-andalucia-autonomos-mayor-numero-juanma-moreno/20211005/,andalucia mayor numero de autonomos,"“Andalucía es la comunidad, superando a Cataluña, con más trabajadores autónomos de España”",1,0.9566666666666667
https://www.newtral.es/andalucia-exportaciones-empleo-autonomos-factcheck/20220823/,andalucia mayor numero de autonomos,"“Andalucía sigue destrozando récords: vuelve a ser líder en exportaciones, creación de empleo y autónomos”",1,0.7733333333333333
https://www.newtral.es/juan-ignacio-zoido-andalucia-es-la-comunidad-autonoma-que-menos-invierte-en-educacion/20181128/,andalucia mayor numero de autonomos,Andalucía es la comunidad autónoma que menos invierte en Educación,0,0.02019822951054953
https://www.verificat.cat/fact-check/la-primera-medida-de-vox-para-andalucia-no-es-suspender-la-autonomia-catalana-se-ha-viralizado-un-documento-de-2018-de-propuestas-a-nivelestatal,andalucia mayor numero de autonomos,La primera medida de Vox para Andalucía es suspender la autonomía catalana,0,0.010249798111135189
https://www.verificat.cat/es/fact-check/la-primera-medida-de-vox-para-andalucia-no-es-suspender-la-autonomia-catalana-se-ha-viralizado-un-documento-de-2018-de-propuestas-a-nivelestatal,andalucia mayor numero de autonomos,La primera medida de Vox para Andalucía es suspender la autonomía catalana,0,0.00031574793192372006
https://www.newtral.es/juanma-moreno-andalucia-es-la-comunidad-autonoma-que-menos-gasta-en-sanidad-por-habitante/20181120/,andalucia mayor numero de autonomos,Andalucía es la Comunidad Autónoma que menos gasta en Sanidad por habitante,0,0.0519609365819534
https://www.newtral.es/autonomia-catalana-vox-elecciones-andalucia/20220601/,andalucia mayor numero de autonomos,La primera medida de Vox para las elecciones de Andalucía 2022 es la suspensión de la autonomía catalana.,0,0.003401360544217687
https://www.newtral.es/gasto-sanitario-andalucia-juan-espadas/20220617/,andalucia mayor numero de autonomos,"“En 2014, por ejemplo, [Andalucía] estuvimos en Sanidad en el puesto sexto del resto de comunidades autónomas”",0,0.015498989553980588
https://www.newtral.es/autonomos-andalucia-cataluna-juan-marin-factcheck/20220608/,andalucia mayor numero de autonomos,"“Hemos superado a Cataluña en nuestros afiliados, con más de 567.000 autónomos en nuestra comunidad autónoma”",1,0.8966666666666666
https://www.newtral.es/exportaciones-andalucia-pp/20220610/,andalucia mayor numero de autonomos,“En 2021 Andalucía ha sido la segunda comunidad autónoma donde más crecieron las exportaciones y  ocupamos la tercera posición en el ‘ranking’ nacional”,0,0.03507041812540916
https://www.newtral.es/contratacion-de-profesores-martina-velarde/20210914/,andalucia mayor numero de autonomos,"“Todas las comunidades autónomas han contratado más profesorado para afrontar el curso escolar. Todas menos tres: Murcia, Madrid y Andalucía.”",0,0.00010060050078663387
https://www.newtral.es/arrimadas-cuotas-autonomos-factcheck-2/20220826/,andalucia mayor numero de autonomos,"""Este decreto es un nuevo ataque a los autónomos. Y la muestra es que cada día que ha pasado desde que se aprobó este decretazo se han dado de baja como autónomos 350 personas en España""",0,0.013531562843882865
https://maldita.es/malditobulo/20220111/lanzarote-fuerteventura-moros-poblacion-autoctona-inmigrantes/,andalucia mayor numero de autonomos,El número de moros en Lanzarote y Fuerteventuras ya es mayor que el de la población autóctona,0,0.0
https://www.newtral.es/bulo-mas-moros-fuerteventura-lanzarote/20201202/,andalucia mayor numero de autonomos,El número de moros ya es mayor que el de la población autóctona en Lanzarote y Fuerteventura,0,0.0
https://www.newtral.es/pablo-casado-desde-que-gobierna-sanchez-hay-21-000-autonomos-menos/20190422/,andalucia mayor numero de autonomos,Desde que gobierna Sánchez hay 21.000 autónomos menos,0,0.03385060050078663
https://www.newtral.es/fact-check-autonomias-pp-vacunas-ritmo-garcia-egea/20210616/,andalucia mayor numero de autonomos,“Las autonomías gobernadas por el PP están vacunando a mayor ritmo que las autonomías gobernadas por el PSOE” ,0,0.00016565622064725473
https://www.verificat.cat/fact-check/la-primera-mesura-de-vox-per-a-andalusia-no-es-suspendre-lautonomia-catalana-sha-viralitzat-un-document-del-2018-de-propostes-a-nivell-estatal,andalucia mayor numero de autonomos,La primera mesura de Vox per a Andalusia és suspendre l'autonomia catalana,0,0.014210811076680931
https://www.newtral.es/crecimiento-economico-andalucia-factcheck/20220316/,andalucia mayor numero de autonomos,“Andalucía crece más que nadie en España”,0,0.06899707674234352
https://www.newtral.es/andalucia-exportaciones-empleo-autonomos-factcheck/20220823/,andalucia mayor exportacion de españa,"“Andalucía sigue destrozando récords: vuelve a ser líder en exportaciones, creación de empleo y autónomos”",1,0.8366666666666667
https://colombiacheck.com/chequeos/las-mayores-exportaciones-agricolas-en-2019-verdadera-pero,andalucia mayor exportacion de españa,Colombia logró las mayores exportaciones agrícolas en 2019,0,0.01
https://colombiacheck.com/chequeos/colombia-logro-las-mayores-exportaciones-de-bienes-y-servicios-en-2019-falsa,andalucia mayor exportacion de españa,Colombia logró las mayores exportaciones de bienes y servicios en 2019,0,0.03666666666666667
https://www.newtral.es/exportaciones-andalucia-pp/20220610/,andalucia mayor exportacion de españa,“En 2021 Andalucía ha sido la segunda comunidad autónoma donde más crecieron las exportaciones y  ocupamos la tercera posición en el ‘ranking’ nacional”,1,0.43666666666666665
https://chequeado.com/ultimas-noticias/alberto-fernandez-tenemos-en-la-actualidad-las-exportaciones-mas-altas-en-8-anos/,andalucia mayor exportacion de españa,"Tenemos, en la actualidad, las exportaciones más altas en 8 años",0,0.05340136054421769
https://www.newtral.es/exportacion-carne-espana/20220118/,andalucia mayor exportacion de españa,“Tenemos una exportación de productos cárnicos anual de 12.200 millones de euros que supone aproximadamente el 21% del total de la exportación agroalimentaria”,0,0.056666666666666664
https://chequeado.com/ultimas-noticias/fernandez-sobre-la-carne-vino-macri-saco-las-retenciones-abrio-todas-las-exportaciones/,andalucia mayor exportacion de españa,"Vino Macri, sacó las retenciones, abrió todas las exportaciones",0,0.0033333333333333335
https://chequeado.com/ultimas-noticias/cristina-fernandez-de-kirchner-en-chaco-chequeos-a-sus-frases-sobre-compra-de-dolares-y-exportaciones/,andalucia mayor exportacion de españa,chequeos a sus frases sobre compra de dólares y exportaciones,0,0.0033333333333333335
https://www.newtral.es/crecimiento-economico-andalucia-factcheck/20220316/,andalucia mayor exportacion de españa,“Andalucía crece más que nadie en España”,0,0.1001605339105339
https://www.newtral.es/el-falso-tuit-de-casado-sobre-los-enemigos-de-espana-en-andalucia/20190320/,andalucia mayor exportacion de españa,El tuit de Casado sobre los “enemigos de España” en Andalucía,0,0.0
https://chequeado.com/ultimas-noticias/espert-sabes-por-que-crecen-las-exportaciones-porque-estan-subiendo-los-precios-internacionales/,andalucia mayor exportacion de españa,¿Sabés por qué crecen las exportaciones? Porque están subiendo los precios internacionales,0,0.016764295676429567
https://www.newtral.es/fact-check-empleo-creado-espana-andalucia-juan-marin/20210928/,andalucia mayor exportacion de españa,“El 40% del empleo creado este verano (en España) ha sido en Andalucía”,0,0.010097629009762901
https://www.newtral.es/diaz-asegura-que-la-junta-de-andalucia-es-la-institucion-mas-transparente-de-espana/20181127/,andalucia mayor exportacion de españa,La Junta de Andalucía es la institución más transparente de España,0,0.016688172043010752
https://www.newtral.es/juanma-moreno-andalucia-es-la-region-con-mas-corrupcion-de-espana/20181120/,andalucia mayor exportacion de españa,Andalucía es la región con más corrupción de España» según la Comisión Europea,0,0.02764148534068853
https://www.newtral.es/factcheck-empresas-exportadoras-cataluna-jaume-giro/20210629/,andalucia mayor exportacion de españa,“El número de empresas exportadoras regulares pasó en 6 años de 1.400 a 17.000. De 1.400 a 17.000. Esto implica que el 25% de todas las exportaciones del estado salen de Cataluña”,0,0.013333333333333334
https://www.newtral.es/paro-juvenil-andalucia-olona/20220608/,andalucia mayor exportacion de españa,"""(Andalucía tiene) un 36% de paro juvenil de menos de 25 años. El doble que en el resto de España""",0,0.020036630036630036
https://chequeado.com/ultimas-noticias/tolosa-paz-desde-el-2012-no-hay-un-registro-de-exportaciones-del-complejo-agroindustrial-tan-importante-como-este-ultimo-mes-de-julio/,andalucia mayor exportacion de españa,Desde el 2012 no hay un registro de exportaciones del complejo agroindustrial tan importante como este último mes de julio,0,0.013333333333333334
https://www.newtral.es/factcheck-andalucia-autonomos-mayor-numero-juanma-moreno/20211005/,andalucia mayor exportacion de españa,"“Andalucía es la comunidad, superando a Cataluña, con más trabajadores autónomos de España”",0,0.05344424255557963
https://www.newtral.es/inversion-sanidad-andalucia-psoe/20220615/,andalucia mayor exportacion de españa,"“Andalucía tiene el menor gasto sanitario público de España por habitante. Esta es la Andalucía real, la que Moreno Bonilla quiere ocultar a base de propaganda”",0,0.0037588652482269504
https://chequeado.com/ultimas-noticias/yahuar-los-mayores-exportadores-de-granos-de-los-ultimos-tiempos-fueron-afa-y-aca/,andalucia mayor exportacion de españa,Los mayores exportadores de granos de los últimos tiempos fueron AFA y ACA,0,0.010676598386095594
https://www.newtral.es/comunidad-valenciana-exporta-poblacion-ximo-puig/20210726/,andalucia mayor exportacion de españa,"""Nosotros somos la Comunidad con respecto a la población más exportadora de España""",0,0.12333333333333334
https://www.newtral.es/catalanes-abandono-estudios-garriga-factcheck/20221001/,gobierno catalan situa a cataluña en el paro exclusion social y pobreza,"""Cada año son más los catalanes que abandonan los estudios de forma prematura en Cataluña, un 15% en 2021""",0,0.05014207345420735
https://www.verificat.cat/fact-check/la-cifra-de-catalanes-que-abandonan-los-estudios-de-forma-prematura-es-la-mas-baja-del-siglo-aunque-ignacio-garriga-afirma-que-aumenta-cada-ano,gobierno catalan situa a cataluña en el paro exclusion social y pobreza,"Cada año son más los catalanes que abandonan los estudios de forma prematura en Cataluña, un 15% en 2021",0,0.02337777777777778
https://maldita.es/malditobulo/20210205/comunicado-gobierno-cataluna-solo-se-votar-una-vez-elecciones-catalanas/,gobierno catalan situa a cataluña en el paro exclusion social y pobreza,Comunicado del Gobierno de la Generalitat de Cataluña en el que aclaran que sólo se puede votar una vez por persona y colegio electoral,0,3.478558882748575e-05
https://www.newtral.es/factcheck-lorena-roldan-jueces-cataluna/20201016/,gobierno catalan situa a cataluña en el paro exclusion social y pobreza,"“¿Piensa tomar el Gobierno alguna acción para acabar con el éxodo masivo de jueces en Cataluña? (...) En los tres últimos años, más de cien jueces y magistrados han abandonado Cataluña. Estamos hablando de una auténtica diáspora""",0,0.03333333333333333
https://colombiacheck.com/chequeos/seguridad-y-soberania-no-son-temas-exclusivos-del-gobierno-nacional-como-dijo-john-milton,gobierno catalan situa a cataluña en el paro exclusion social y pobreza,Seguridad y soberanía son temas exclusivos del gobierno,0,0.0
https://colombiacheck.com/index.php/chequeos/seguridad-y-soberania-no-son-temas-exclusivos-del-gobierno-nacional-como-dijo-john-milton,gobierno catalan situa a cataluña en el paro exclusion social y pobreza,Seguridad y soberanía son temas exclusivos del gobierno,0,0.0033333333333333335
https://maldita.es/malditobulo/20200819/renfe-gobierno-guia-pueblos-bonitos-cataluna/,gobierno catalan situa a cataluña en el paro exclusion social y pobreza,El gobierno del PSOE/PSC y PODEMOS/Comuns hace una guía para hacer turismo de España donde no hay ningún pueblo de Cataluña digno de ser visitado,0,0.0033734939759036144
https://www.verificat.cat/fact-check/garriga-diu-que-cada-any-son-mes-pero-la-xifra-de-catalans-que-abandonen-els-estudis-de-manera-prematura-es-la-mes-baixa-del-segle,gobierno catalan situa a cataluña en el paro exclusion social y pobreza,"Cada any són més els catalans que abandonen els estudis de manera prematura a Catalunya, un 15% el 2021",0,0.0
https://www.newtral.es/fact-check-garriga-vox-paro-cataluna/20210903/,gobierno catalan situa a cataluña en el paro exclusion social y pobreza,"“[Cataluña es] la región con más paro, con más incremento de paro”",1,0.7249786324786324
https://www.newtral.es/abandono-escolar-madrid-ayuso-factcheck/20220930/,madrid tiene la tasa de abandono escolar mas alta,"“Y los resultados están ahí, con la tasa de abandono escolar más baja del país”",1,0.9
https://www.newtral.es/aguado-en-baviera-ile-de-france-y-lombardia-el-paro-es-del-4-y-el-abandono-escolar-es-3-veces-inferior-al-de-madrid/20190503/,madrid tiene la tasa de abandono escolar mas alta,"""En Baviera, Île-de-France y Lombardía el paro es del 4% y el abandono escolar es 3 veces inferior al de Madrid""",0,0.25
https://www.newtral.es/ediciones-gran-hermano-tasa-abandono-escolar/20191222/,madrid tiene la tasa de abandono escolar mas alta,Los datos que relaciona Gran Hermano con tasas de abandono escolar,0,0.07
https://www.newtral.es/fact-check-sanchez-tasa-abandono-escolar-cataluna/20210202/,madrid tiene la tasa de abandono escolar mas alta,"“Ahí está la tasa de abandono escolar, un 20% en Cataluña. Es superior a la media española y Europa nos está diciendo que la tasa tiene que fijarse en un 10%”",0,0.2833333333333333
https://www.newtral.es/abandono-escolar-sanchez-factcheck/20220201/,madrid tiene la tasa de abandono escolar mas alta,"“En épocas de crecimiento económico (...) lo que hemos hecho ha sido, por primera vez en años, reducir la tasa de abandono escolar”",0,0.08
https://www.newtral.es/fact-cataluna-fracaso-abandono-segregacion-escolar-alicia-romero/20210724/,madrid tiene la tasa de abandono escolar mas alta," “Tenemos los mayores índices de abandono escolar, los mayores índices de fracaso escolar y de segregación escolar; somos los campeones en tres datos que también nos tendría que avergonzar”",0,0.49
https://www.verificat.cat/fact-check/catalunya-no-lidera-els-ranquings-de-fracas-abandonament-i-segregacio-escolar-com-diu-alicia-romero,madrid tiene la tasa de abandono escolar mas alta,"“Tenim els majors índexs d'abandonament escolar, els majors índexs de fracàs escolar i de segregació escolar; som els campions en tres dades que també ens hauria d'avergonyir”",0,0.020108187853454636
https://observador.pt/factchecks/fact-check-pan-e-contra-a-criminalizacao-do-abandono-de-idosos-nos-hospitais-como-diz-francisco-rodrigues-dos-santos/,madrid tiene la tasa de abandono escolar mas alta,"""O PAN é contra a criminalização do abandono de idosos nos hospitais mas defende a criminalização do abandono de animais de companhia""",0,0.017318295739348368
https://www.fastcheck.cl/2021/01/26/ximena-rincon-la-region-de-coquimbo-tiene-la-mas-alta-tasa-de-cesantia-del-16-incompleto/,madrid tiene la tasa de abandono escolar mas alta,"“LA REGIÓN DE COQUIMBO TIENE LA MÁS ALTA TASA DE CESANTÍA, DEL 16%”",0,0.043401360544217685
https://www.newtral.es/dieta-mediterranea-alberto-garzon/20210914/,madrid tiene la tasa de abandono escolar mas alta,“La dieta mediterránea se está abandonando. Más del 70% de la población la ha abandonado ya de una manera u otra“.,0,9.762900976290097e-05
https://www.newtral.es/contratacion-de-profesores-martina-velarde/20210914/,madrid tiene la tasa de abandono escolar mas alta,"“Todas las comunidades autónomas han contratado más profesorado para afrontar el curso escolar. Todas menos tres: Murcia, Madrid y Andalucía.”",0,0.003346613545816733
https://factual.afp.com/la-segunda-ola-de-gripe-espanola-fue-mas-letal-pero-no-por-el-abandono-de-las-precauciones-0,madrid tiene la tasa de abandono escolar mas alta,La segunda ola de la gripe española fue la más letal porque la población abandonó las precauciones,0,0.0
https://www.newtral.es/juan-marin-la-herencia-educativa-que-nos-ha-dejado-el-psoe-ha-sido-la-mayor-tasa-de-fracaso-escolar-de-este-pais-y-de-europa/20200124/,madrid tiene la tasa de abandono escolar mas alta,"""La herencia educativa que nos ha dejado [el PSOE] ha sido la mayor tasa de fracaso escolar de este país y de Europa""",0,0.25333333333333335
https://www.verificat.cat/fact-check/no-hi-ha-dades-per-concluir-que-a-catalunya-els-catalanoparlants-tenen-menys-fracas-escolar-que-els-castellanoparlants,madrid tiene la tasa de abandono escolar mas alta,Els alumnes castellanoparlants de Catalunya tenen més fracàs escolar que els catalanoparlants i molt més que els de Madrid,0,0.023752136752136752
https://noticias.uol.com.br/confere/ultimas-noticias/2022/06/27/entrega-voluntaria-de-filho-para-adocao-nao-e-crime.htm,madrid tiene la tasa de abandono escolar mas alta,Entregar criança para adoção é abandono de incapaz,0,0.14945973969076637
https://srilanka.factcrescendo.com/english/abandoned-hotel-complex-costa-del-croco-bulgaria-shared-as-one-from-texas/,madrid tiene la tasa de abandono escolar mas alta,"An Abandoned Mansion In Texas, USA (PHOTO) !!",0,0.026850272447287372
https://projetocomprova.com.br/publica%C3%A7%C3%B5es/greta-thunberg-nao-estuda-na-escola-mais-cara-do-mundo-nem-possui-um-veleiro-verificamos-esses-e-outros-boatos-sobre-ela/,madrid tiene la tasa de abandono escolar mas alta,"Publicações afirmam que a família de Greta Thunberg tem iate e motorista particular, que Greta estuda na escola mais cara do mundo, que o pai é um cientista social gay que abandonou as filhas e acusam a mãe de ser uma lésbica satanista.",0,0.04432539682539682
https://politica.estadao.com.br/blogs/estadao-verifica/foto-de-imigrantes-em-alto-mar-foi-tirada-na-italia-nao-na-grecia/,madrid tiene la tasa de abandono escolar mas alta,Foto mostra imigrantes abandonados em alto-mar pela Grécia,0,0.0035873015873015873
https://factual.afp.com/la-segunda-ola-de-gripe-espanola-fue-mas-letal-pero-no-por-el-abandono-de-las-precauciones,madrid tiene la tasa de abandono escolar mas alta,La segunda ola de gripe española fue más mortífera porque la población abandonó las medidas cautelares tras la primera liberación,0,0.0008333333333333334
https://www.newtral.es/presion-fiscal-pp-sanchez-antonio-sanz-factcheck/20220928/,españa tiene la mayor presion fiscal de toda la ocde,“Tenemos la mayor presión fiscal de toda la OCDE”,1,0.9566666666666667
https://www.newtral.es/gasolineras-sin-impuestos-bulo-maggie-smith-broma-whatsapp/20211027/,españa tiene la mayor presion fiscal de toda la ocde,Las principales gasolineras de España van a vender carburantes sin impuestos en protesta por la presión fiscal,0,0.02675213675213675
https://www.newtral.es/fact-check-mayor-momento-paro-espinosa-monteros/20210521/,españa tiene la mayor presion fiscal de toda la ocde,“Tiene una Ministra de Trabajo que preside el mayor momento de desempleo de la historia de España”,0,3.478558882748575e-05
https://chequeado.com/ultimas-noticias/dujovne-sobre-la-ley-de-emergencia-tarifaria-tiene-un-costo-fiscal-enorme-115-mil-millones-de-pesos/,españa tiene la mayor presion fiscal de toda la ocde,[Tiene] un costo fiscal enorme,0,0.013454376163873372
https://www.newtral.es/factcheck-maria-jesus-montero-fiscalidad-medioambiental/20201103/,españa tiene la mayor presion fiscal de toda la ocde,"""España tiene cuatro puntos de diferencial con el resto de la Unión Europea en la fiscalidad medioambiental""",0,0.08333333333333333
https://poligrafo.sapo.pt/fact-check/psd-portugal-e-o-10o-pais-da-ocde-com-maior-carga-fiscal-sobre-o-trabalho-e-tem-o-6o-menor-salario-medio,españa tiene la mayor presion fiscal de toda la ocde,Portugal é o 10º país da OCDE com maior carga fiscal sobre o trabalho,0,0.68
https://poligrafo.sapo.pt/fact-check/filipe-melo-do-chega-garante-que-portugal-tem-carga-fiscal-muito-superior-a-espanhola,españa tiene la mayor presion fiscal de toda la ocde,"Portugal tem ""carga fiscal muito superior à espanhola"".",0,0.13410256410256408
https://www.newtral.es/hungria-inflacion-espana-jorge-buxade/20220201/,españa tiene la mayor presion fiscal de toda la ocde,"De verdad, este es el presidente de Hungría. El presidente que (...) tiene la mitad de la inflación que España.",0,0.010555555555555556
https://www.newtral.es/inigo-errejon-espana-es-el-pais-de-la-ocde-donde-las-familias-dedican-mas-porcentaje-de-sus-ingresos-a-la-vivienda/20200220/,españa tiene la mayor presion fiscal de toda la ocde,"""España es el país de la OCDE donde las familias dedican más porcentaje de sus ingresos a la vivienda""",0,0.21333333333333335
https://www.newtral.es/inflacion-espana-feijoo-union-europea-factcheck/20220421/,españa tiene la mayor presion fiscal de toda la ocde,“España es el país de la Unión Europea con mayor inflación”,0,0.03666666666666667
https://colombiacheck.com/chequeos/new-york-times-no-publico-que-duque-tiene-cuentas-por-10-billones-de-pesos-en-paraisos,españa tiene la mayor presion fiscal de toda la ocde,Duque tiene 10 billones de pesos en paraísos fiscales,0,0.013548730857431253
https://www.newtral.es/factcheck-espana-tasa-propiedad-vivienda-espinosa-monteros/20211008/,españa tiene la mayor presion fiscal de toda la ocde,“España es el país del mundo con mayor tasa de propiedad de vivienda”,0,0.06
https://factual.afp.com/doc.afp.com.328N9R2,españa tiene la mayor presion fiscal de toda la ocde,El expresidente español José Luis Rodríguez Zapatero y la fiscal general Dolores Delgado han sido imputados por blanqueo de capitales y fraude fiscal,0,9.762900976290097e-05
https://pagellapolitica.it/dichiarazioni/8433/la-pressione-fiscale-aumentera-nel-2020,españa tiene la mayor presion fiscal de toda la ocde,«La pressione fiscale non aumenta neanche di 1 euro»,0,0.01037037037037037
https://www.pagellapolitica.it/dichiarazioni/8433/la-pressione-fiscale-aumentera-nel-2020,españa tiene la mayor presion fiscal de toda la ocde,«La pressione fiscale non aumenta neanche di 1 euro»,0,0.007037037037037037
https://pagellapolitica.it/fact-checking/la-pressione-fiscale-aumentera-nel-2020,españa tiene la mayor presion fiscal de toda la ocde,«La pressione fiscale non aumenta neanche di 1 euro»,0,0.01962962962962963
https://factual.afp.com/doc.afp.com.32FH6J3,españa tiene la mayor presion fiscal de toda la ocde,Petro tuiteó que Iván Duque tiene $10 billones en paraísos fiscales,0,0.0033333333333333335
https://poligrafo.sapo.pt/fact-check/eletricidade-em-portugal-tem-quase-o-triplo-da-carga-fiscal-praticada-em-espanha-alega-se-no-facebook,españa tiene la mayor presion fiscal de toda la ocde,A eletricidade em Portugal tem uma carga fiscal que equivale a quase o triplo da praticada em Espanha.,0,0.27009259259259255
https://chequeado.com/ultimas-noticias/farina-soy-la-unica-persona-que-estuvo-presa-por-el-delito-de-evasion-fiscal/,españa tiene la mayor presion fiscal de toda la ocde,Soy la única persona que estuvo presa por el delito de evasión fiscal,0,0.0002878203393778762
https://observador.pt/factchecks/fact-check-evasao-e-fraude-fiscal-ascendem-a-13-mil-milhoes-em-portugal-como-diz-rui-tavares/,españa tiene la mayor presion fiscal de toda la ocde,"""Temos de fazer o combate que temos de fazer, que é o combate à evasão fiscal, à fuga fiscal, que nos leva 13 mil milhões todos os anos. É todo o Orçamento do SNS e ainda mais. Dava para termos dois SNS de luxo"".",0,0.08623391721677895
https://factual.afp.com/los-supermercados-que-abren-las-07h00-mayores-de-65-anos-estan-en-argentina-no-en-espana,españa tiene la mayor presion fiscal de toda la ocde,Carrefour España abre de 7h a 8h para los mayores de 60 65 años coronavirus,0,0.0
https://www.newtral.es/inflacion-espana-feijoo-union-europea-factcheck/20220421/,españa pais con mayor inflacion de europa,“España es el país de la Unión Europea con mayor inflación”,1,0.97
https://www.newtral.es/inflacion-feijoo-factcheck/20220330/,españa pais con mayor inflacion de europa,“Somos el país con mayor inflación de la Unión Europea”,1,0.8466666666666667
https://www.newtral.es/inflacion-espana-ipc-europa-pablo-casado-factcheck/20211213/,españa pais con mayor inflacion de europa,"“Somos el país con más inflación de la Unión Europea, ya en el 5,5%”",1,0.9366666666666666
https://www.newtral.es/inflacion-espana-zona-euro-factcheck/20220713/,españa pais con mayor inflacion de europa,"""Usted encontró un país donde la inflación española era inferior a la de la zona euro""",0,0.018401360544217687
https://www.newtral.es/pablo-casado-mortalidad-coronavirus-espana-union-europea-factcheck/20210719/,españa pais con mayor inflacion de europa,“No ha habido ningún país de Europa con mayor incidencia de muertes por habitante (que España)”,0,0.0033333333333333335
https://www.newtral.es/espana-inmigracion-irregular-factcheck/20220701/,españa pais con mayor inflacion de europa,“[España es] el segundo país de la Unión Europea con mayor inmigración irregular”,0,7.92300332719302e-05
https://www.newtral.es/hungria-inflacion-espana-jorge-buxade/20220201/,españa pais con mayor inflacion de europa,"De verdad, este es el presidente de Hungría. El presidente que (...) tiene la mitad de la inflación que España.",0,0.06675213675213675
https://www.newtral.es/espana-mayor-creacion-empleo-europa-sanchez/20220310/,españa pais con mayor inflacion de europa,“España fue el país que más empleo creó en Europa en este último año”,0,0.04666666666666667
https://chequeado.com/ultimas-noticias/vidal-en-tan-solo-2-meses-se-lleva-acumulada-mas-inflacion-que-la-de-129-paises-en-2021/,españa pais con mayor inflacion de europa,En tan solo 2 meses se lleva acumulada más inflación que la de 129 países en 2021,0,0.0033333333333333335
https://www.newtral.es/carmen-calvo-el-parlamento-europeo-en-mayo-volvio-a-recordar-a-espana-que-eramos-el-unico-pais-de-europa-que-tenia-al-dictador-en-un-mausoleo-publico/20191004/,españa pais con mayor inflacion de europa,El Parlamento Europeo en mayo volvió a recordar a España que éramos el único país de Europa que tenía al dictador en un mausoleo público,0,0.03333333333333333
https://chequeado.com/ultimas-noticias/sica-sobre-el-salario-no-esta-perdiendo-contra-la-inflacion/,españa pais con mayor inflacion de europa,No está perdiendo contra la inflación,0,0.0034126984126984124
https://chequeado.com/ultimas-noticias/alberto-fernandez-900-de-inflacion-tuvo-estados-unidos/,españa pais con mayor inflacion de europa,900% de inflación tuvo Estados Unidos,0,0.07222222222222222
https://colombiacheck.com/chequeos/video-utiliza-datos-exactos-para-llegar-la-conclusion-errada-de-que-en-venezuela-ya-no,españa pais con mayor inflacion de europa,Venezuela cero inflación,0,0.026869016920574456
https://www.newtral.es/cayetana-alvarez-de-toledo-hoy-espana-es-el-pais-europeo-con-mas-exceso-de-muerte/20200519/,españa pais con mayor inflacion de europa,"""Hoy España es el país europeo con más exceso de muerte""",0,0.0033333333333333335
https://www.newtral.es/espana-europa-pobreza-espinosa-de-los-monteros-vox-factcheck/20221006/,españa pais con mayor inflacion de europa,"“En 2021, España fue el país donde más aumentó la pobreza en toda Europa, según Eurostat”",0,0.05333333333333334
https://chequeado.com/ultimas-noticias/massa-sobre-la-gestion-de-macri-tuvo-la-inflacion-mas-alta-de-los-ultimos-25-anos/,españa pais con mayor inflacion de europa,[Tuvo] la inflación más alta de los últimos 25 años,0,0.02666666666666667
https://efectococuyo.com/cocuyo-chequea/inflacion-de-eeuu-fue-de-68-en-noviembre/,españa pais con mayor inflacion de europa,"Inflación de EE.UU. fue de 6,8 % en noviembre",0,0.05340136054421769
https://chequeado.com/ultimas-noticias/macri-vamos-a-bajar-la-inflacion-a-un-digito/,españa pais con mayor inflacion de europa,[Vamos a] bajar la inflación a un dígito,0,0.004166666666666667
https://chequeado.com/ultimas-noticias/alberto-fernandez-la-inflacion-actual-es-la-mas-alta-de-los-ultimos-28-anos/,españa pais con mayor inflacion de europa,La inflación actual es la más alta de los últimos 28 años,0,0.05
https://chequeado.com/ultimas-noticias/macri-vamos-a-bajar-la-inflacion-a-un-digito-2017/,españa pais con mayor inflacion de europa,[Vamos a] bajar la inflación a un dígito,0,0.0075
https://chequeado.com/ultimas-noticias/macri-vamos-a-bajar-la-inflacion-a-un-digito-2018/,españa pais con mayor inflacion de europa,[Vamos a] bajar la inflación a un dígito,0,0.004166666666666667
https://chequeado.com/ultimas-noticias/macri-vamos-a-bajar-la-inflacion-a-un-digito-2019/,españa pais con mayor inflacion de europa,[Vamos a] bajar la inflación a un dígito,0,0.0175
https://www.newtral.es/hungria-abortos-santiago-abascal-factchec/20220920/,polonia y hungria tasa de abortos mas baja,"“(Sobre el aborto) Hay otros países que han logrado una reducción drástica, como Polonia o Hungría, con políticas de natalidad ayudando a que el aborto prácticamente desaparezca”",1,0.9560000000000001
https://www.newtral.es/hungria-abortos-santiago-abascal-factcheck/20220920/,polonia y hungria tasa de abortos mas baja,"“(Sobre el aborto) Hay otros países que han logrado una reducción drástica, como Polonia o Hungría, con políticas de natalidad ayudando a que el aborto prácticamente desaparezca”",1,0.9026666666666667
https://factual.afp.com/en-uruguay-al-menos-dos-mujeres-murieron-por-abortos-clandestinos-tras-la-aprobacion-de-la-ley,polonia y hungria tasa de abortos mas baja,"Desde que se despenalizó el aborto en Uruguay, las muertes maternas por abortos clandestinos bajaron a 0",0,0.04352240337475772
https://www.newtral.es/el-video-antiguo-usado-para-ilustrar-falsamente-como-ponen-en-cuarentena-a-personas-de-50-anos-en-hungria/20200412/,polonia y hungria tasa de abortos mas baja,"En Hungría, la policía captura a todos los mayores de 50 años por la fuerza",0,0.0034339338341199672
https://www.newtral.es/abascal-en-hungria-el-gobierno-ha-enviado-mascarillas-a-todos-los-hogares/20200428/,polonia y hungria tasa de abortos mas baja,"""En Hungría el Gobierno ha enviado mascarillas a todos los hogares""",0,0.01197278911564626
https://chequeado.com/ultimas-noticias/vilma-ibarra-generalmente-donde-se-ha-legalizado-tienen-tendencia-a-la-baja-de-abortos/,polonia y hungria tasa de abortos mas baja,"Generalmente, donde se ha legalizado tienen tendencia a la baja de abortos",0,0.33
https://factual.afp.com/el-video-de-la-manifestacion-si-fue-grabado-en-polonia-pero-es-de-2017,polonia y hungria tasa de abortos mas baja,Polonia 9 de mayo,0,0.017224908917247626
https://www.europapress.es/verificaciones/noticia-puede-ue-expulsar-hungria-20210902164304.html,polonia y hungria tasa de abortos mas baja,La Unión Europea puede expulsar a Hungría por su ley anti-LGTBI,0,0.054955583555217444
https://www.bufale.net/annessione-dellucraina-occidentale-alla-polonia-unaltra-bufala-dalla-propaganda-russa/,polonia y hungria tasa de abortos mas baja,La Polonia vuole l'annessione della Polonia occidentale,0,0.007777777777777777
https://factual.afp.com/el-video-fue-grabado-en-azerbaiyan-en-octubre-de-2019-y-no-esta-vinculado-al-covid-19,polonia y hungria tasa de abortos mas baja,En Hungría la policía está recogiendo a los de 50 años y más de las calles para ser puestos en cuarentena por COVID-19 coronavirus,0,0.0
https://maldita.es/malditobulo/20210630/senador-partido-popular-javier-maroto-trabajar-hungria-gobierno-comunista/,polonia y hungria tasa de abortos mas baja,Javier Maroto dice que se va a ir a Hungría a trabajar porque no aguanta el gobierno comunista,0,0.013463535632998512
https://www.newtral.es/abandono-escolar-madrid-ayuso-factcheck/20220930/,polonia y hungria tasa de abortos mas baja,"“Y los resultados están ahí, con la tasa de abandono escolar más baja del país”",0,0.0
https://www.newtral.es/hungria-inflacion-espana-jorge-buxade/20220201/,polonia y hungria tasa de abortos mas baja,"De verdad, este es el presidente de Hungría. El presidente que (...) tiene la mitad de la inflación que España.",0,0.05696664593033735
https://factual.afp.com/no-esta-imagen-no-muestra-un-feto-de-siete-meses-en-una-clinica-de-abortos,polonia y hungria tasa de abortos mas baja,Un bebé de 7 meses en una clínica de abortos,0,0.003766939530478634
https://checamos.afp.com/este-video-foi-gravado-no-azerbaijao-em-outubro-de-2019-e-nao-tem-relacao-com-o-coronavirus,polonia y hungria tasa de abortos mas baja,Este vídeo mostra policias colocando pessoas com mais de 50 anos em quarentena na Hungria devido à coronavírus COVID-19,0,0.003523321620336546
https://maldita.es/malditobulo/20200915/viktor-orban-sebastian-kurz-obligado-soros-abandonar-operaciones/,polonia y hungria tasa de abortos mas baja,Viktor Orbán y Sebastina Kurz obligan a Soros a abandonar todas su actividades en Hungría y Austria en menos de 14 días,0,0.0
https://chequeado.com/ultimas-noticias/schiavoni-entre-el-2010-y-el-2014-se-produjeron-en-todo-el-mundo-alrededor-de-25-millones-de-abortos-peligrosos-casi-la-mitad-de-los-abortos-totales/,polonia y hungria tasa de abortos mas baja,"Entre el 2010 y el 2014 se produjeron en todo el mundo alrededor de 25 millones de abortos peligrosos, casi la mitad de los abortos totales",0,0.013401360544217686
https://www.newtral.es/albert-rivera-en-espana-hay-18-millones-de-familias-monoparentales-que-la-mitad-esta-en-el-umbral-de-la-pobreza/20190423/,tenemos la tasa de pobreza mas alta de la historia españa,"""En España hay 1,8 millones de familias monoparentales que la mitad está en el umbral de la pobreza""",1,0.6366881720430108
https://www.newtral.es/pablo-iglesias-jamas-en-la-historia-de-espana-ninguna-formacion-politica-ha-aceptado-un-veto/20190826/,tenemos la tasa de pobreza mas alta de la historia españa,PaJamás en la historia de España ninguna formación política ha aceptado un veto,0,0.0100132802124834
https://www.telemundo.com/noticias/noticias-telemundo/elecciones-eeuu-2020/intenso-pero-mas-respetuoso-asi-fue-el-cara-cara-entre-kamala-harris-y-mike-pence-tmna3838764,españa es el pais que mas ha aumentado los impuestos en 2020,"""Joe Biden aumentará los impuestos, en momentos en que estamos pasando por una pandemia""",0,0.04013432304302343
https://www.univision.com/noticias/el-plan-fiscal-de-biden-aumentara-las-tasas-de-impuestos-para-una-familia-que-gane-75-000-anuales,españa es el pais que mas ha aumentado los impuestos en 2020,"Biden dijo que 'no se aumentarían nuevos impuestos' a quien gane menos de $400,000",0,0.0034309623430962342
https://www.newtral.es/subio-impuestos-feijoo-presion-fiscal-factcheck/20221010/,españa es el pais que mas ha aumentado los impuestos en 2020,"“Somos el país que más ha incrementado los impuestos en el año 2020, según datos de la OCDE”",1,0.9766666666666667
https://www.telemundo.com/noticias/noticias-telemundo/elecciones-eeuu-2020/trump-acusa-biden-de-querer-subir-un-14-los-impuestos-la-clase-media-esto-es-falso-tmna3840344,españa es el pais que mas ha aumentado los impuestos en 2020,"""El plan de Biden es aumentar 14% los impuestos a las familias de clase media. El 82% de los estadounidenses pagaría más, y el plan de Biden da amnistía y atención médica a los inmigrantes ilegales. Joe Biden es un político de carrera que pasó décadas aumentando los impuestos""",0,0.013401360544217686
https://www.newtral.es/precio-gasolina-calvino-factcheck/20220510/,españa es el pais que mas ha aumentado los impuestos en 2020,"“Comparando España con el resto de países europeos, es uno de los países que tiene los precios (de gasolina y gasoil) más bajos, antes y después de impuestos”",0,0.003580006891913737
https://www.univision.com/noticias/falso-acusacion-contra-democratas-subir-impuestos,españa es el pais que mas ha aumentado los impuestos en 2020,"Los demócratas votaron para aumentar los impuestos en $20.000 millones a las ""familias de ingresos bajos y medios"".",0,0.003401360544217687
https://chequeado.com/ultimas-noticias/perfil-en-la-argentina-se-pagan-mas-impuestos-que-en-suiza/,españa es el pais que mas ha aumentado los impuestos en 2020,en la Argentina se pagan más impuestos que en Suiza,0,0.0006278821688014076
https://www.newtral.es/espana-europa-pobreza-espinosa-de-los-monteros-vox-factcheck/20221006/,españa es el pais que mas ha aumentado los impuestos en 2020,"“En 2021, España fue el país donde más aumentó la pobreza en toda Europa, según Eurostat”",0,0.11
https://www.newtral.es/impuestos-propios-cataluna-factcheck/20220405/,españa es el pais que mas ha aumentado los impuestos en 2020,"""Ayer volví a leer que tenemos 18 o 19 impuestos propios. Es falso, tenemos diez impuestos propios""",0,0.013414640756701086
https://chequeado.com/ultimas-noticias/el-peso-del-estado-impuestos-y-empleo/,españa es el pais que mas ha aumentado los impuestos en 2020,impuestos y empleo,0,0.016756199253895106
https://factual.afp.com/http%253A%252F%252Fdoc.afp.com%252F9RC2VC-1,españa es el pais que mas ha aumentado los impuestos en 2020,Esta imagen demuestra que el nivel del mar no ha aumentado en un siglo,0,0.0033333333333333335
https://chequeado.com/ultimas-noticias/cfk-impuestos-y-jubilaciones/,españa es el pais que mas ha aumentado los impuestos en 2020,impuestos y jubilaciones,0,0.020129693229798722
https://www.univision.com/noticias/kamala-harris-trump-pago-750-en-impuestos,españa es el pais que mas ha aumentado los impuestos en 2020,Trump pagó 750 dólares en impuestos,0,0.013333333333333334
https://www.verificat.cat/es/fact-check/los-casos-de-suicidio-no-aumentaron-en-2020-un-250-sino-un-74,españa es el pais que mas ha aumentado los impuestos en 2020,Han aumentado un 250% los suicidios este último año,0,0.015068027210884353
https://www.newtral.es/gasolineras-sin-impuestos-bulo-maggie-smith-broma-whatsapp/20211027/,españa es el pais que mas ha aumentado los impuestos en 2020,Las principales gasolineras de España van a vender carburantes sin impuestos en protesta por la presión fiscal,0,0.01848046943771779
https://chequeado.com/ultimas-noticias/tolosa-paz-escucho-que-hay-que-bajar-impuestos-pero-estan-quienes-gobernaron-hace-4-anos-y-no-se-animaron-a-liberar-la-carga-del-impuesto-a-las-ganancias-para-el-conjunto-de-trabajadores/,españa es el pais que mas ha aumentado los impuestos en 2020,"Escucho que hay que bajar impuestos, pero están quienes gobernaron hace 4 años y no se animaron a liberar la carga del impuesto a las ganancias para el conjunto de trabajadores",0,0.020068027210884354
https://colombiacheck.com/chequeos/video-racista-contra-indigenas-se-basa-en-desinformacion-sobre-sus-tierras-cultivos-y,españa es el pais que mas ha aumentado los impuestos en 2020,"Indígenas ocupan sin impuestos 30% del país, solo cultivan coca, deforestan",0,0.00019130344863243885
https://colombiacheck.com/chequeos/el-trino-de-petro-sobre-las-iglesias-evangelicas-y-los-impuestos-es-un-montaje,españa es el pais que mas ha aumentado los impuestos en 2020,Petor dijo que las iglesias deben tener control y pagar impuestos,0,0.013430962343096233
https://www.verificat.cat/es/fact-check/ha-aumentado-el-presupuesto-de-la-monarquia-nl-2021,españa es el pais que mas ha aumentado los impuestos en 2020,"El presupuesto de la monarquía ha aumentado un 6,9%",0,0.010121042830540036
https://www.verificat.cat/fact-check/ha-aumentado-el-presupuesto-de-la-monarquia-nl-2021,españa es el pais que mas ha aumentado los impuestos en 2020,"El presupuesto de la monarquía ha aumentado un 6,9%",0,0.04694444444444444
https://www.newtral.es/fact-check-enganoso-cataluna-impuesto-sucesiones-santi-rodriguez/20210519/,españa es el pais que mas ha aumentado los impuestos en 2020,“Con el impuesto de sucesiones prácticamente ahora ya el más alto de todas las comunidades españolas”,0,0.21333333333333335
https://www.newtral.es/lista-espera-sanidad-gobierno/20221006/,las listas de espera se han multiplicado por tres en españa,“Hemos visto cómo con ustedes en el Gobierno las listas de espera se han multiplicado por tres”,1,0.99
https://www.newtral.es/juan-marin-tenemos-las-listas-de-espera-mas-largas-de-espana/20181120/,las listas de espera se han multiplicado por tres en españa,Tenemos las listas de espera más largas de España,0,0.22
https://www.newtral.es/ines-arrimadas-en-cataluna-tenemos-las-peores-listas-de-espera-en-dependencia-de-toda-espana/20190319/,las listas de espera se han multiplicado por tres en españa,(En Cataluña) Tenemos las peores listas de espera en dependencia de toda España,0,0.17
https://colombiacheck.com/chequeos/hemos-multiplicado-la-generacion-de-energias-renovables-llegando-con-ellas-217000-familias,las listas de espera se han multiplicado por tres en españa,"Hemos multiplicado las energías renovables, beneficiando a 217.000 familias",0,0.0034988206083178155
https://www.newtral.es/decretos-leyes-sanchez-rajoy-ana-pastor-factcheck/20220210/,las listas de espera se han multiplicado por tres en españa,"“Criticaban al presidente Rajoy y ellos han multiplicado por cinco, yo creo, en número, más de 100 reales decretos leyes desde que está el señor Sánchez”",0,0.00013432304302343697
https://www.newtral.es/factcheck-menores-trans-vox-macarena-olona/20210924/,las listas de espera se han multiplicado por tres en españa,"“En Reino Unido (...) los casos de transexualidad infantil se han multiplicado por 44 en tan solo una década. En Estados Unidos, se cuadruplicaron solo en dos años, 2016 y 2017”",0,0.007160225792444637
https://www.newtral.es/videoo-aldi-avalancha-supermercado-alemania/20200310/,las listas de espera se han multiplicado por tres en españa,El vídeo de una multitud de personas esperando delante de un supermercado Aldi en España,0,0.006877242084435144
https://www.newtral.es/los-siete-datos-de-cosido-sobre-la-inmigracion/20181219/,las listas de espera se han multiplicado por tres en españa,El número de inmigrantes que llegan por mar y por tierra se multiplica por cuatro,0,0.020259081196581197
https://www.aosfatos.org/noticias/medicos-desinformam-ao-recomendar-ivermectina-para-prevenir-e-tratar-covid-19/,las listas de espera se han multiplicado por tres en españa,"Existem três drogas que no início dos sintomas podem impedir a multiplicação viral [...] Anitta, ivermectina e a cloroquina.",0,0.007588923024406894
https://observador.pt/factchecks/fact-check-ha-listas-de-espera-de-cinco-anos-para-consultas-de-urologia-e-cardiologia-no-sns/,las listas de espera se han multiplicado por tres en españa,Há listas de espera de cinco anos para consultas de urologia e cardiologia no SNS?,0,0.15252257320800708
https://piaui.folha.uol.com.br/lupa/2021/10/13/verificamos-imagem-adulterada-multidao/,las listas de espera se han multiplicado por tres en españa,Milagre da multiplicação na caravana Lula Livre. O mesmo gordo aparece em 4 lugares ao mesmo tempo,0,0.0004981817555107458
https://lupa.uol.com.br/jornalismo/2021/10/13/verificamos-imagem-adulterada-multidao,las listas de espera se han multiplicado por tres en españa,Milagre da multiplicação na caravana Lula Livre. O mesmo gordo aparece em 4 lugares ao mesmo tempo,0,0.00040294366027265047
https://politica.estadao.com.br/blogs/estadao-verifica/e-falso-que-montagem-com-milagre-da-multiplicacao-mostre-caravana-de-apoio-a-lula/,las listas de espera se han multiplicado por tres en españa,Milagre da multiplicação na caravana de Lula. O mesmo gordo aparece em 4 lugares ao mesmo tempo!,0,0.003556166056166056
https://observador.pt/factchecks/as-listas-de-espera-aumentaram-para-consultas-e-cirurgias/,las listas de espera se han multiplicado por tres en españa,"Basta olhar para as listas de espera para consultas e para cirurgias, que aumentaram.",0,0.6
https://www.newtral.es/factcheck-cifra-casado-traslado-empresas-cataluna-proces/20210707/,las listas de espera se han multiplicado por tres en españa,"“El problema (de Cataluña) son las listas de espera sanitarias, que van muy mal, el 16% del fracaso escolar, o la marcha de 7.000 empresas por el ‘procés’”",0,0.00336996336996337
https://factuel.afp.com/le-prix-de-la-chloroquine-multiplie-par-4-cette-publication-vient-dun-site-parodique,las listas de espera se han multiplicado por tres en españa,Le prix de la chloroquine multiplié par 4,0,0.03238634982921171
https://www.newtral.es/manifestaciones-austria-confinamiento-vacuna-covid-19-video/20211119/,las listas de espera se han multiplicado por tres en españa,[VÍDEO] Hay esperanza mientras haya pueblos enteros que levanten su voz contra la dictadura. Multitudinaria manifestación en Austria ayer por la noche y se esperan muchas más...,0,0.0033333333333333335
https://chequeado.com/ultimas-noticias/facundo-moyano-se-multiplico-11-veces-desde-el-2006-la-presion-tributaria-sobre-los-trabajadores-y-solo-6-veces-sobre-las-empresas/,las listas de espera se han multiplicado por tres en españa,"Se multiplicó 11 veces, desde el 2006, la presión tributaria sobre los trabajadores y solo 6 veces sobre las empresas",0,0.0038931882912503876
https://factuel.afp.com/taxe-fonciere-multipliee-par-7-un-visuel-errone,las listas de espera se han multiplicado por tres en españa,"Taxe foncière ""multipliée par 7""",0,0.01361371682321403
https://www.newtral.es/fondos-europeos-rafael-hernando-factcheck/20220914/,tribunal de cuentas de la ue españa es el peor pais en ejecutar los fondos de la ue,"""Según el Tribunal de Cuentas de la UE, España es el peor país a la hora de ejecutar los fondos de la UE""",1,0.98
https://www.newtral.es/factcheck-ejecucion-fondos-europeos-arrimadas/20211113/,tribunal de cuentas de la ue españa es el peor pais en ejecutar los fondos de la ue,"Venimos de una trayectoria en la que España ha ejecutado muchos menos fondos europeos de los que podría. Si uno revisa la serie histórica, cada año España ha dejado en un cajón mucho dinero sin ejecutar",0,0.31
https://www.newtral.es/pablo-casado-fondos-europeos-factcheck/20211027/,tribunal de cuentas de la ue españa es el peor pais en ejecutar los fondos de la ue,"“El Gobierno no ha sido capaz de ejecutar mucho, de los fondos que teníamos de cohesión territorial en los últimos siete años han ejecutado un 42%”",0,0.26666666666666666
https://maldita.es/malditobulo/20200831/tribunal-cuentas-investigando-juanma-moreno-corrupcion-17-millones-euros/,tribunal de cuentas de la ue españa es el peor pais en ejecutar los fondos de la ue,"El Tribunal de Cuentas investiga a Moreno Bonilla por presunta corrupción estimada en 1,7 millones",0,0.010068027210884354
https://www.newtral.es/fact-check-espana-tribunales-para-hombres/20201027/,tribunal de cuentas de la ue españa es el peor pais en ejecutar los fondos de la ue,"“En España existen tribunales solo para hombres, algo que no pasa en ningún otro lugar del mundo”",0,0.02700929502867727
https://chequeado.com/ultimas-noticias/solanas-la-ley-de-glaciares-no-se-ejecuta/,tribunal de cuentas de la ue españa es el peor pais en ejecutar los fondos de la ue,La Ley de Glaciares no se ejecuta,0,0.00013432304302343697
https://chequeado.com/ultimas-noticias/fernandez-si-a-usted-le-preocupa-la-igualdad-de-genero-ocupese-de-que-el-presupuesto-se-ejecute-adecuadamente-porque-hasta-aca-solo-ejecutaron-el-10-de-ese-presupuesto/,tribunal de cuentas de la ue españa es el peor pais en ejecutar los fondos de la ue,Si a usted le preocupa la igualdad de género ocúpese de que el presupuesto se ejecute adecuadamente porque hasta acá solo ejecutaron el 10% de ese presupuesto,0,0.00017876748746788144
https://maldita.es/malditobulo/20210330/primer-bombardeo-historia-ejecutado-persona-trans-estados-unidos-montaje/,tribunal de cuentas de la ue españa es el peor pais en ejecutar los fondos de la ue,Primer bombardeo de la historia ejecutado por una persona trans,0,0.0
https://www.newtral.es/alerta-phishing-se-hacen-pasar-por-la-agencia-tributaria-con-falsos-correos-con-el-asunto-bloqueo-judicial/20201014/,tribunal de cuentas de la ue españa es el peor pais en ejecutar los fondos de la ue,"Correo electrónico de la Agencia Tributaria informando de la suspensión de cuentas por un ""bloqueo judicial""",0,0.00020235025390779072
https://www.newtral.es/fact-check-espana-energia-mas-cara-impuestos-junts/20210527/,tribunal de cuentas de la ue españa es el peor pais en ejecutar los fondos de la ue,“España es el país de la UE donde los ciudadanos pagan más cara la energía”,0,0.043333333333333335
https://www.verificat.cat/fact-check/espana-en-los-tribunales-europeos-cuantas-condenas-tiene-y-que-dicen-del-proces,tribunal de cuentas de la ue españa es el peor pais en ejecutar los fondos de la ue,España es condenada siempre que los casos judiciales llegan a los tribunales europeos,0,0.033454376163873374
https://www.verificat.cat/es/fact-check/espana-en-los-tribunales-europeos-cuantas-condenas-tiene-y-que-dicen-del-proces,tribunal de cuentas de la ue españa es el peor pais en ejecutar los fondos de la ue,España es condenada siempre que los casos judiciales llegan a los tribunales europeos,0,0.0367877094972067
https://maldita.es/malditobulo/20200911/gobierno-congelar-cuentas-bancarias-espanoles/,tribunal de cuentas de la ue españa es el peor pais en ejecutar los fondos de la ue,El Gobierno estaría dispuesto a congelas las cuentas bancarias de los españoles,0,0.000251793351898843
https://www.newtral.es/video-hombres-ejecutados-afganistan-siria-bulo/20210825/,tribunal de cuentas de la ue españa es el peor pais en ejecutar los fondos de la ue,[Vídeo de ejecución en Siria] Los talibanes ejecutan a quienes ven como “criminales”,0,0.0
https://www.newtral.es/espana-subida-precios-ue-factcheck/20220819/,tribunal de cuentas de la ue españa es el peor pais en ejecutar los fondos de la ue,“España vuelve a ser en julio el país de la UE donde más suben los precios”,0,0.03335483870967742
https://factual.afp.com/doc.afp.com.32HP9RE,tribunal de cuentas de la ue españa es el peor pais en ejecutar los fondos de la ue,Sondeo de Statista cataloga a España país más corrupto de la UE,0,0.10366666666666667
https://www.newtral.es/fondos-europeos-presupuesto-2021-pablo-casado-factcheck/20220127/,tribunal de cuentas de la ue españa es el peor pais en ejecutar los fondos de la ue,"""[Pedro Sánchez] no ha sido capaz ni de ejecutar 100 millones de 24.000 que tenía presupuestados para el 2021""",0,0.23333333333333334
https://factual.afp.com/la-sentencia-del-tribunal-se-refiere-al-caso-de-cuatro-turistas-no-al-confinamiento-en-portugal,tribunal de cuentas de la ue españa es el peor pais en ejecutar los fondos de la ue,El Tribunal de Apelación de Portugal levanta el confinamiento en el país porque las PCR no son fiables,0,0.000559854957917054
https://www.newtral.es/grifols-ibex-impuestos-bulo/20210901/,tribunal de cuentas de la ue españa es el peor pais en ejecutar los fondos de la ue,Españolazos: de las 35 empresas españolas del IBEX solo 1 tributa en España; Laboratorios Grifols (Catalana). País de hipócritas.,0,0.010291129850959594
https://www.newtral.es/congresos-union-europea-ue-paridad-mujeres/20211130/,tribunal de cuentas de la ue españa es el peor pais en ejecutar los fondos de la ue,"""España hoy cuenta con una Cámara de diputados que es la más paritaria del conjunto de la Unión Europea con 166 mujeres parlamentarias""",0,0.01
https://www.newtral.es/fact-check-espana-energia-mas-cara-impuestos-junts/20210527/,españa pais donde mas cara se paga la energia,“España es el país de la UE donde los ciudadanos pagan más cara la energía”,1,0.9726666666666667
https://www.newtral.es/echenique-tu-pagas-la-energia-mas-cara-de-europa-y-32-expoliticos-de-pp-y-psoe-se-forran-en-las-electricas/20181227/,españa pais donde mas cara se paga la energia,Tú pagas la energía más cara de Europa y 32 expolíticos de PP y PSOE se forran en las eléctricas,1,0.5008333333333334
https://www.newtral.es/espana-subida-precios-ue-factcheck/20220819/,españa pais donde mas cara se paga la energia,“España vuelve a ser en julio el país de la UE donde más suben los precios”,0,0.03
https://poligrafo.sapo.pt/fact-check/portugal-nao-reduziu-iva-sobre-energia-ao-contrario-de-outros-paises-como-espanha-e-alemanha,españa pais donde mas cara se paga la energia,Portugal não reduziu IVA sobre energia ao contrário de outros países como Espanha e Alemanha.,0,0.22666666666666666
https://www.newtral.es/espana-europa-pobreza-espinosa-de-los-monteros-vox-factcheck/20221006/,españa pais donde mas cara se paga la energia,"“En 2021, España fue el país donde más aumentó la pobreza en toda Europa, según Eurostat”",0,0.0034125633666052635
https://www.newtral.es/inigo-errejon-espana-es-el-pais-de-la-ocde-donde-las-familias-dedican-mas-porcentaje-de-sus-ingresos-a-la-vivienda/20200220/,españa pais donde mas cara se paga la energia,"""España es el país de la OCDE donde las familias dedican más porcentaje de sus ingresos a la vivienda""",0,0.0033333333333333335
https://poligrafo.sapo.pt/fact-check/portugal-e-um-dos-paises-da-ue-com-mais-baixo-consumo-de-energia-por-habitante-salienta-se-no-facebook,españa pais donde mas cara se paga la energia,"Portugal é um dos países da União Europeia com ""mais baixo consumo de energia por habitante"".",0,0.11367684557432943
https://factual.afp.com/doc.afp.com.32HP9RE,españa pais donde mas cara se paga la energia,Sondeo de Statista cataloga a España país más corrupto de la UE,0,0.10010697546181417
https://www.verificat.cat/es/fact-check/espana-no-ha-sido-catalogada-como-el-pais-mas-corrupto-de-la-union-europea,españa pais donde mas cara se paga la energia,Catalogan a España como el país más corrupto de la Unión Europea,0,0.003578098447480686
https://www.verificat.cat/fact-check/espana-no-ha-sido-catalogada-como-el-pais-mas-corrupto-de-la-union-europea,españa pais donde mas cara se paga la energia,Catalogan a España como el país más corrupto de la Unión Europea,0,0.01
https://www.verificat.cat/es/fact-check/espana-no-ha-sido-catalogada-como-el-pais-mas-corrupto-de-la-union-europea,españa pais mas corrupto,Catalogan a España como el país más corrupto de la Unión Europea,1,0.8866666666666667
https://www.verificat.cat/fact-check/espana-no-ha-sido-catalogada-como-el-pais-mas-corrupto-de-la-union-europea,españa pais mas corrupto,Catalogan a España como el país más corrupto de la Unión Europea,1,0.92
https://www.newtral.es/espana-corrupcion-union-europea-bulo/20220818/,españa pais mas corrupto,Catalogan a España como el país más corrupto de la Unión Europea.,1,0.86
https://factual.afp.com/doc.afp.com.32HP9RE,españa pais mas corrupto,Sondeo de Statista cataloga a España país más corrupto de la UE,1,0.9366666666666666
https://colombiacheck.com/chequeos/transparencia-no-dijo-que-colombia-es-el-pais-mas-corrupto-del-mundo,españa pais mas corrupto,Colombia es el país más corrupto del mundo,0,0.07333333333333333
https://www.verificat.cat/fact-check/espanya-no-ha-estat-catalogada-com-el-pais-mes-corrupte-de-la-unio-europea,españa pais mas corrupto,Cataloguen Espanya com el país més corrupte de la Unió Europea,1,0.95
https://colombiacheck.com/chequeos/ranking-que-ubica-colombia-en-el-primer-lugar-de-paises-mas-corruptos-es-cuestionable,españa pais mas corrupto,Colombia ocupa el primer puesto en ranking de países más corruptos,0,0.05
https://poligrafo.sapo.pt/fact-check/portugal-e-o-4-o-pais-com-o-governo-mais-corrupto-da-europa-destaca-se-nas-redes-sociais,españa pais mas corrupto,Portugal é o 4.º país com o Governo mais corrupto da Europa.,0,0.24333333333333335
https://factual.afp.com/la-imagen-que-muestra-colombia-como-el-pais-mas-corrupto-fue-un-error-de-un-noticiero,españa pais mas corrupto,"Colombia es el país más corrupto del mundo, según Transparencia Internacional",0,0.07
https://www.newtral.es/juanma-moreno-andalucia-es-la-region-con-mas-corrupcion-de-espana/20181120/,españa pais mas corrupto,Andalucía es la región con más corrupción de España» según la Comisión Europea,1,0.3635897435897436
https://www.newtral.es/cayetana-alvarez-de-toledo-hoy-espana-es-el-pais-europeo-con-mas-exceso-de-muerte/20200519/,españa pais mas corrupto,"""Hoy España es el país europeo con más exceso de muerte""",0,0.07055555555555555
https://www.newtral.es/abascal-espana-es-el-pais-del-mundo-con-mas-velocidad-de-contagios/20200326/,españa pais mas corrupto,«España es el país del mundo con más velocidad de contagios»,0,0.04555555555555555
https://chequeado.com/ultimas-noticias/vidal-sacamos-13-mil-policias-corruptos/,españa pais mas corrupto,Sacamos 13 mil policías corruptos,0,0.023412698412698413
https://www.newtral.es/espana-mayor-creacion-empleo-europa-sanchez/20220310/,españa pais mas corrupto,“España fue el país que más empleo creó en Europa en este último año”,0,0.040514295676429564
https://observador.pt/factchecks/fact-check-carlos-santos-silva-nunca-esteve-no-processo-marques-como-corruptor-ativo/,españa pais mas corrupto,"""O engenheiro Carlos Santos Silva não está em nenhum momento do processo acusado de corruptor ativo. E agora passou a ser corruptor ativo""",0,0.05028976210367187
https://factual.afp.com/no-esta-fotografia-no-muestra-la-ejecucion-de-26-politicos-corruptos-en-china,españa pais mas corrupto,China ejecuta a 26 políticos corruptos,0,0.01350534370454689
https://observador.pt/factchecks/mario-soares-foi-o-maior-corrupto-de-portugal/,españa pais mas corrupto,Mário Soares será para sempre o maior corrupto da história de Portugal.,0,0.51
https://www.newtral.es/pais-mas-desaparecidos/20220907/,españa pais mas corrupto,"“España es, después de Birmania, el país con más desaparecidos del mundo“",0,0.013430962343096233
https://www.newtral.es/escuelas-infantil-gratis-comunidades-alfonso-rueda-factcheck/20220908/,galicia unica comunidad de españa con educacion infantil de cero a tres años gratuita,“Galicia es desde hoy la única comunidad de España en la que la educación infantil de cero a tres años es gratuita para todos los niños” ,1,0.99
https://www.newtral.es/juan-ignacio-zoido-andalucia-es-la-comunidad-autonoma-que-menos-invierte-en-educacion/20181128/,galicia unica comunidad de españa con educacion infantil de cero a tres años gratuita,Andalucía es la comunidad autónoma que menos invierte en Educación,0,0.004702164652128845
https://www.newtral.es/alberto-nunez-feijoo-galicia-paso-a-ser-la-comunidad-autonoma-que-menos-se-endeudo-durante-los-ultimos-11-anos/20200304/,galicia unica comunidad de españa con educacion infantil de cero a tres años gratuita,Galicia pasó a ser la comunidad autónoma que menos se endeudó durante los últimos 11 años,0,0.11008547008547008
https://factual.afp.com/http%253A%252F%252Fdoc.afp.com%252F9TW9JL-1,galicia unica comunidad de españa con educacion infantil de cero a tres años gratuita,"Julio A Roca estableció la educación gratuita y obligatoria, no Perón",0,0.0033333333333333335
https://factual.afp.com/doc.afp.com.32HJ8X3,galicia unica comunidad de españa con educacion infantil de cero a tres años gratuita,"Alejandro Gaviria, ministro de Educación de Colombia, dijo en el Senado que la promesa sobre educación superior gratuita del presidente Petro no será posible",0,0.0
https://maldita.es/malditobulo/20200516/foto-ministra-isabel-celaa-mascarilla-comunidad-de-madrid/,galicia unica comunidad de españa con educacion infantil de cero a tres años gratuita,Fotografía de Isabel Celaá con una de las mascarillas gratuitas que reparte la Comunidad de Madrid,0,0.0034415211867879682
https://piaui.folha.uol.com.br/lupa/2018/09/19/geraldo-alckmin-jornal-da-globo/,galicia unica comunidad de españa con educacion infantil de cero a tres años gratuita,[Há] 440 mil crianças [com idade entre 4 e 5 anos] sem vaga [na educação infantil] no Brasil,0,0.03551007147498376
https://www.newtral.es/el-ministerio-de-educacion-no-ha-acordado-que-todos-los-estudiantes-de-infantil-a-bachiller-queden-aprobados/20200320/,galicia unica comunidad de españa con educacion infantil de cero a tres años gratuita,El Ministerio de Educación acuerda que todos los estudiantes de infantil a bachiller queden aprobados,0,0.03428571428571428
https://www.newtral.es/diaz-dice-que-la-gratuidad-de-libros-de-texto-de-andalucia-no-existe-en-otras-comunidades/20181120/,galicia unica comunidad de españa con educacion infantil de cero a tres años gratuita,"La ""gratuidad de libros de texto"" de Andalucía no existe en otras comunidades",0,0.06993050004418787
https://www.newtral.es/factcheck-feijoo-vox-galicia-concejal-diputado-pp/20210708/,galicia unica comunidad de españa con educacion infantil de cero a tres años gratuita,"“Vox no consiguió ni un solo diputado en la Comunidad Autónoma donde gobierno (Galicia), Vox no tiene un solo concejal en ningún Ayuntamiento de los 313”",0,0.023506944444444445
https://www.newtral.es/isabel-diaz-ayuso-madrid-es-la-comunidad-con-menos-deuda-de-espana/20190926/,galicia unica comunidad de españa con educacion infantil de cero a tres años gratuita,Madrid es la comunidad con menos deuda de España,0,0.0034316293888777363
https://piaui.folha.uol.com.br/lupa/2020/10/29/campo-grande-pedro-kemp-raio-x/,galicia unica comunidad de españa con educacion infantil de cero a tres años gratuita,Hoje faltam 14 mil vagas para gente atender todas as crianças de 0 a 5 anos na Educação Infantil,0,0.05765211640211639
https://lupa.uol.com.br/jornalismo/2020/10/29/campo-grande-pedro-kemp-raio-x,galicia unica comunidad de españa con educacion infantil de cero a tres años gratuita,“Hoje faltam 14 mil vagas para gente atender todas as crianças de 0 a 5 anos na Educação Infantil”,0,0.0382021164021164
https://piaui.folha.uol.com.br/lupa/2020/11/02/porto-alegre-fortunati-escolas-inauguradas/,galicia unica comunidad de españa con educacion infantil de cero a tres años gratuita,Exatamente [45 escolas de educação infantil abertas no meu governo],0,0.01768271256493141
https://www.fastcheck.cl/2021/06/02/estamos-impulsando-la-extension-de-la-educacion-preescolar-a-traves-de-incorporar-el-kinder-obligatorio-gratuito-y-garantizado-para-todos-los-ninos-de-chile-pudiendo-asi-asegurarles-a-todos-13-an/,galicia unica comunidad de españa con educacion infantil de cero a tres años gratuita,"“Estamos impulsando la extensión de la educación preescolar, a través de incorporar el kínder obligatorio, gratuito y garantizado para todos los niños de Chile, pudiendo así asegurarles a todos 13 años de escolaridad”",0,0.08671111111111111
https://maldita.es/malditobulo/20210330/comunidad-madrid-40-contagios-en-espana/,galicia unica comunidad de españa con educacion infantil de cero a tres años gratuita,La Comunidad de Madrid representa el 40% de los contagios en España,0,0.0033333333333333335
https://www.verificat.cat/fact-check/el-castellano-no-dejara-de-ser-la-lengua-oficial-del-estado-espanol-con-la-ley-celaa,galicia unica comunidad de españa con educacion infantil de cero a tres años gratuita,La nueva ley de educación hace que la única lengua franca de Catalunya sea el catalán,0,0.22509734420684652
https://www.verificat.cat/es/fact-check/el-castellano-no-dejara-de-ser-la-lengua-oficial-del-estado-espanol-con-la-ley-celaa,galicia unica comunidad de españa con educacion infantil de cero a tres años gratuita,La nueva ley de educación hace que la única lengua franca de Catalunya sea el catalán,0,0.21611111111111114
https://factual.afp.com/http%253A%252F%252Fdoc.afp.com%252F9E92DB-1,galicia unica comunidad de españa con educacion infantil de cero a tres años gratuita,"La foto muestra el asesino de un joven llamado Samuel en Galicia, en España",0,0.0033333333333333335
https://www.aosfatos.org/noticias/alvaro-dias-erra-ao-falar-de-educacao-infantil-e-teto-de-gastos-no-roda-viva/,galicia unica comunidad de españa con educacion infantil de cero a tres años gratuita,US$ 1 investido na educação infantil significa um retorno de US$ 6 a 7.,0,0.010534345890882393
https://www.newtral.es/pais-mas-desaparecidos/20220907/,españa despues de birmania pais con mas desaparecidos del mundo,"“España es, después de Birmania, el país con más desaparecidos del mundo“",1,0.9833333333333333
https://www.newtral.es/empresas-desaparecidas-creadas-jorge-buxade-factcheck/20220512/,españa despues de birmania pais con mas desaparecidos del mundo,“[Hay] 30.000 empresas desaparecidas en España de enero a marzo de 2022”,0,0.01336996336996337
https://factual.afp.com/estos-graficos-de-la-oms-no-demuestran-que-la-gripe-ya-no-existe-sino-que-bajo-su-incidencia,españa despues de birmania pais con mas desaparecidos del mundo,"La gripe ha desaparecido en el mundo, comenzó a denominarse covid19 coronavirus",0,0.01
https://factual.afp.com/no-estas-fotos-no-son-de-las-ultimas-protestas-en-colombia-y-no-hubo-estudiantes-desaparecidos,españa despues de birmania pais con mas desaparecidos del mundo,Están desaparecidos muchos estudiantes luego de las protestas en Colombia,0,0.020134323043023438
https://factual.afp.com/doc.afp.com.32BV3V4,españa despues de birmania pais con mas desaparecidos del mundo,Los desaparecidos víctimas del Estado uruguayo entre 1968 y 1985 son 32,0,0.016666666666666666
https://factual.afp.com/doc.afp.com.32B46RG,españa despues de birmania pais con mas desaparecidos del mundo,"En mayo de 2022 hay un banco fijo sobre la placa por desaparecidos en Punta del Este, Uruguay",0,0.006787709497206703
https://factual.afp.com/doc.afp.com.32FX37B,españa despues de birmania pais con mas desaparecidos del mundo,El 90% del plancton en el océano Atlántico ha desaparecido,0,0.006666666666666667
https://factual.afp.com/es-un-fotomontaje-la-pancarta-denunciaba-30000-desaparecidos-en-argentina,españa despues de birmania pais con mas desaparecidos del mundo,"En foto, Madres de Plaza de Mayo Argentina reclaman por 9.000 desaparecidos en dictadura",0,0.010824296323346775
https://colombiacheck.com/chequeos/foto-de-cadaver-no-es-de-mujer-desaparecida-y-detenida-por-el-esmad-en-el-paro-nacional,españa despues de birmania pais con mas desaparecidos del mundo,Este cadáver de una mujer es de una desaparecida por el Esmad,0,0.0066992399565689465
https://www.newtral.es/la-alerta-falsa-del-nino-supuestamente-desaparecido-en-godella/20190508/,españa despues de birmania pais con mas desaparecidos del mundo,La alerta del niño supuestamente desaparecido en Godella,0,0.013333333333333334
https://factual.afp.com/doc.afp.com.32G36F2,españa despues de birmania pais con mas desaparecidos del mundo,"Detenidos desaparecidos habilitados a votar en el plebiscito en Chile, posible fraude",0,0.015676598386095593
https://www.newtral.es/publicacion-falsa-desaparicion-granada/20191026/,españa despues de birmania pais con mas desaparecidos del mundo,Un adolescente llamado Jose Tomás ha desaparecido en Granada,0,0.023333333333333334
https://www.newtral.es/no-ha-desaparecido-ni-ha-sido-secuestrado-un-nino-llamado-ariel-en-cadiz/20191210/,españa despues de birmania pais con mas desaparecidos del mundo,Ha desaparecido o ha sido secuestrado un niño llamado Ariel en Cádiz,0,0.0600976290097629
https://colombiacheck.com/chequeos/en-africa-no-desaparecio-el-covid-19-con-el-6-de-vacunacion,españa despues de birmania pais con mas desaparecidos del mundo,África solo está vacunada en un 6% y el COVID prácticamente ha desaparecido,0,0.003492063492063492
https://www.newtral.es/bulo-afirmaciones-coronavirus-imagen-estan-mintiendo/20210213/,españa despues de birmania pais con mas desaparecidos del mundo,Nos dicen que ha desaparecido la gripe y demás enfermedades respiratorias. Ahora todo es COVID-19,0,0.0
https://www.fastcheck.cl/2020/12/29/chile-tercer-pais-del-mundo-despues-de-ee-uu-y-uk-en-comenzar-la-vacunacion-masiva-fake/,españa despues de birmania pais con mas desaparecidos del mundo,"“CHILE TERCER PAÍS DEL MUNDO, DESPUÉS DE EE.UU. Y UK, EN COMENZAR LA VACUNACIÓN MASIVA”",0,0.0
https://www.boatos.org/politica/jean-wyllys-desapareceu-depois-ser-intimado-depor-sobre-caso-adelio.html,españa despues de birmania pais con mas desaparecidos del mundo,"Desaparecido… Desde o dia 02 de Novembro esta pessoa não é mais encontrada no endereço de Barcelona, na Espanha… Quem tiver informações ligue para a Interpol…”.",0,0.057777777777777775
https://colombiacheck.com/chequeos/encontrar-personas-desaparecidas-no-implica-que-denuncias-sean-falsas-como-dice-paloma,españa despues de birmania pais con mas desaparecidos del mundo,"Más de 300 personas desaparecidas han aparecido, eran falsas denuncias",0,0.00016548727498448171
https://factual.afp.com/http%253A%252F%252Fdoc.afp.com%252F9M76UF-1,españa despues de birmania pais con mas desaparecidos del mundo,"Durante el estallido social de Chile se registraron 121 desaparecidos, 12 mujeres violadas, 42 muertos según la CIDH",0,0.006929782951414051
https://www.newtral.es/espana-subida-precios-ue-factcheck/20220819/,españa pais donde mas suben los precios,“España vuelve a ser en julio el país de la UE donde más suben los precios”,1,0.8533333333333334
https://www.newtral.es/foto-precio-gasolina-holanda/20220704/,españa pais donde mas suben los precios,"Esta foto muestra los precios de la gasolina y gasoil hoy en Holanda, donde nos triplican el sueldo, y son mucho más bajos que en España.",0,0.0035758442298114055
https://www.newtral.es/precio-gasolina-calvino-factcheck/20220510/,españa pais donde mas suben los precios,"“Comparando España con el resto de países europeos, es uno de los países que tiene los precios (de gasolina y gasoil) más bajos, antes y después de impuestos”",0,0.0006680428113716889
https://www.newtral.es/fact-check-espana-energia-mas-cara-impuestos-junts/20210527/,españa pais donde mas suben los precios,“España es el país de la UE donde los ciudadanos pagan más cara la energía”,0,0.06666666666666667
https://www.newtral.es/cayetana-alvarez-de-toledo-hoy-espana-es-el-pais-europeo-con-mas-exceso-de-muerte/20200519/,españa pais donde mas suben los precios,"""Hoy España es el país europeo con más exceso de muerte""",0,0.05722222222222222
https://www.newtral.es/abascal-espana-es-el-pais-del-mundo-con-mas-velocidad-de-contagios/20200326/,españa pais donde mas suben los precios,«España es el país del mundo con más velocidad de contagios»,0,0.016997885299498125
https://factual.afp.com/doc.afp.com.32HP9RE,españa pais donde mas suben los precios,Sondeo de Statista cataloga a España país más corrupto de la UE,0,0.020085470085470084
https://www.verificat.cat/es/fact-check/espana-no-ha-sido-catalogada-como-el-pais-mas-corrupto-de-la-union-europea,españa pais donde mas suben los precios,Catalogan a España como el país más corrupto de la Unión Europea,0,0.006894210206344098
https://www.verificat.cat/fact-check/espana-no-ha-sido-catalogada-como-el-pais-mas-corrupto-de-la-union-europea,españa pais donde mas suben los precios,Catalogan a España como el país más corrupto de la Unión Europea,0,0.004575198412698413
https://www.newtral.es/espana-corrupcion-union-europea-bulo/20220818/,españa pais donde mas suben los precios,Catalogan a España como el país más corrupto de la Unión Europea.,0,0.00672439132359451
https://www.newtral.es/factcheck-madrid-inversion-estado-ayuso/20210709/,"En los últimos Presupuestos Generales del Estado, Madrid fue la que menos inversión por habitante recibió","“En los últimos Presupuestos Generales del Estado, Madrid fue la que menos inversión por habitante recibió”",1,0.8233333333333334
https://www.newtral.es/fact-check-presupuestos-partida-memoria-historica/20201130/,"En los últimos Presupuestos Generales del Estado, Madrid fue la que menos inversión por habitante recibió","""Por primera vez los Presupuestos Generales del Estado tendrán una partida para memoria histórica""",0,0.013399283154121866
https://chequeado.com/ultimas-noticias/urtubey-salta-es-la-provincia-que-tiene-menos-presupuesto-por-habitante-y-no-tenemos-problemas-ni-necesidad-de-la-ayuda-de-nadie/,"En los últimos Presupuestos Generales del Estado, Madrid fue la que menos inversión por habitante recibió",[Salta] es la provincia que tiene menos presupuesto por habitante  () y no tenemos problemas ni necesidad de la ayuda de nadie,0,0.0003907332994336934
https://chequeado.com/ultimas-noticias/bullrich-el-presupuesto-para-inversion-social-es-de-los-mas-altos-de-la-democracia-argentina/,"En los últimos Presupuestos Generales del Estado, Madrid fue la que menos inversión por habitante recibió",[El presupuesto para inversión social] es de los más altos de la democracia argentina,0,0.03348916175270085
https://colombiacheck.com/chequeos/chequeo-los-compromisos-cumplidos-de-duque-con-choco-calidad-de-vida,"En los últimos Presupuestos Generales del Estado, Madrid fue la que menos inversión por habitante recibió",Se han realizado inversiones de mejoramiento que llegan a 42.000 habitantes,0,0.004111111111111111
https://chequeado.com/ultimas-noticias/vidal-encontramos-una-provincia-que-solo-tenia-un-3-del-presupuesto-en-inversion-la-mas-baja-entre-todas-las-provincias/,"En los últimos Presupuestos Generales del Estado, Madrid fue la que menos inversión por habitante recibió","Encontramos una provincia que sólo tenía un 3% del presupuesto en (...) inversión, la más baja entre todas las provincias",0,0.08666666666666667
https://verificado.com.mx/falso-que-en-gobierno-de-amlo-no-se-realice-obra-con-esquema-apps/,"En los últimos Presupuestos Generales del Estado, Madrid fue la que menos inversión por habitante recibió","“Eso ya no existe (APPs), ahora es inversión pública, todas las obras se están haciendo con presupuesto público”,",0,0.05393393383411997
https://chequeado.com/ultimas-noticias/tiempo-argentino-en-los-ultimos-tres-anos-ypf-duplico-la-inversion-y-la-actividad/,"En los últimos Presupuestos Generales del Estado, Madrid fue la que menos inversión por habitante recibió",En los últimos tres años YPF duplicó la inversión y la actividad,0,0.0
https://colombiacheck.com/chequeos/presupuesto-2020-y-2021-vs-avianca-una-comparacion-con-datos-reales,"En los últimos Presupuestos Generales del Estado, Madrid fue la que menos inversión por habitante recibió",Comparación entre Presupuesto General de la Nación y préstamo a Avianca,0,0.0304533841003813
https://www.newtral.es/alvarez-de-toledo-madrid-esta-destinando-el-mayor-presupuesto-de-su-historia-a-sanidad/20200327/,"En los últimos Presupuestos Generales del Estado, Madrid fue la que menos inversión por habitante recibió",Madrid está destinando el mayor presupuesto de su historia a Sanidad,0,0.16
https://chequeado.com/ultimas-noticias/trotta-el-presupuesto-educativo-2021-representa-el-crecimiento-de-inversion-educativa-interanual-mas-importante-de-la-historia-argentina/,"En los últimos Presupuestos Generales del Estado, Madrid fue la que menos inversión por habitante recibió",El presupuesto educativo 2021 representa el crecimiento de inversión educativa interanual más importante de la historia argentina,0,0.0033333333333333335
https://chequeado.com/ultimas-noticias/fernandez-si-a-usted-le-preocupa-la-igualdad-de-genero-ocupese-de-que-el-presupuesto-se-ejecute-adecuadamente-porque-hasta-aca-solo-ejecutaron-el-10-de-ese-presupuesto/,"En los últimos Presupuestos Generales del Estado, Madrid fue la que menos inversión por habitante recibió",Si a usted le preocupa la igualdad de género ocúpese de que el presupuesto se ejecute adecuadamente porque hasta acá solo ejecutaron el 10% de ese presupuesto,0,0.004016974309438741
https://chequeado.com/ultimas-noticias/urtubey-salta-esta-entre-las-provincias-que-mas-presupuesto-destina-a-educacion-pero-de-las-que-menos-invierte-por-alumno/,"En los últimos Presupuestos Generales del Estado, Madrid fue la que menos inversión por habitante recibió","Salta está entre las provincias que más presupuesto destina a Educación, pero de las que menos invierte por alumno",0,0.006666666666666667
https://chequeado.com/ultimas-noticias/taiana-los-fondos-para-vivienda-de-2013-alcanzaron-solo-el-307-del-total-del-presupuesto-general/,"En los últimos Presupuestos Generales del Estado, Madrid fue la que menos inversión por habitante recibió","Los fondos para vivienda de 2013 alcanzaron sólo el 3,07% del total del presupuesto general",0,0.03703397703167288
https://maldita.es/malditobulo/20200616/llamadas-aguado-gabilondo-mocion-censura-el-pais/,"En los últimos Presupuestos Generales del Estado, Madrid fue la que menos inversión por habitante recibió",ÚLTIMA HORA | Llamadas entre Ignacio Aguado y Ángel Gabilondo para una posible moción de censura. Ciudadanos ha pedido la Presidencia de la Comunidad de Madrid a cambio de apoyar a Sánchez en los presupuestos del Estado,0,0.0
https://www.newtral.es/factcheck-gobierno-presupuestos-congreso-2022-tiempo-forma/20211019/,"En los últimos Presupuestos Generales del Estado, Madrid fue la que menos inversión por habitante recibió","“El Gobierno ha hecho un esfuerzo muy importante por traer a la cámara en tiempo y forma unos Presupuestos. No venía siendo habitual en los últimos ejercicios del anterior ejecutivo. Este gobierno lo hizo el pasado año, lo hemos vuelto a hacer ahora”",0,0.006745896699938596
https://www.verificat.cat/fact-check/el-gobierno-no-presento-los-presupuestos-al-congreso-en-tiempo-y-forma-como-asegura-la-ministra-isabel-rodriguez,"En los últimos Presupuestos Generales del Estado, Madrid fue la que menos inversión por habitante recibió","El Gobierno ha hecho un esfuerzo muy importante por traer a la cámara en tiempo y forma unos Presupuestos. No venía siendo habitual en los últimos ejercicios del anterior ejecutivo. Este gobierno lo hizo el pasado año, lo hemos vuelto a hacer ahora",0,0.003535450644947852
https://www.newtral.es/dolors-montserrat-pretende-traernos-unos-presupuestos-rechazados-por-la-ue/20181220/,"En los últimos Presupuestos Generales del Estado, Madrid fue la que menos inversión por habitante recibió",Pretende traernos unos presupuestos rechazados por la UE,0,0.00685494955184859
https://www.newtral.es/incremento-cesta-compra-factcheck/20220727/,la cesta de la compra subio un 25% en españa y un 5% en francia,“La cesta de la compra aquí en España se ha incrementado casi un 25% y en Francia un 5%”,1,0.9833333333333333
https://www.newtral.es/factcheck-ipc-subida-espinosa-monteros/20211029/,la cesta de la compra subio un 25% en españa y un 5% en francia,“Una cesta de compra que se ha encarecido un 15% en lo que va de año”,1,0.84
https://www.newtral.es/espana-nacion-mas-antigua-feijoo/20220316/,la cesta de la compra subio un 25% en españa y un 5% en francia,"[España] “es la nación más antigua del mundo, junto con Francia”",0,0.008333333333333333
https://www.verificat.cat/fact-check/la-senal-que-diferencia-cataluna-de-espana-no-existe,la cesta de la compra subio un 25% en españa y un 5% en francia,Las señales de las carreteras de Francia distinguen Cataluña de España,0,0.0
https://www.verificat.cat/es/fact-check/la-senal-que-diferencia-cataluna-de-espana-no-existe,la cesta de la compra subio un 25% en españa y un 5% en francia,Las señales de las carreteras de Francia distinguen Cataluña de España,0,0.0
https://www.newtral.es/cuota-autonomos-francia-garcia-egea-factcheck/20220208/,la cesta de la compra subio un 25% en españa y un 5% en francia,“Un autónomo paga el doble por trabajar en España que en Francia”,0,0.010595716198125838
https://factual.afp.com/este-es-el-rango-de-precios-de-las-pruebas-pcr-en-varios-paises,la cesta de la compra subio un 25% en españa y un 5% en francia,"Las PCR son gratis en Francia, cuestan de media 80 euros en España y en Italia 15",0,0.003666666666666667
https://www.newtral.es/protestas-francia-combustible-precio-gasolina/20220318/,la cesta de la compra subio un 25% en españa y un 5% en francia,Esta foto es del tercer día de protestas por la subida del combustible en Francia en 2022,0,0.056666666666666664
https://www.lemonde.fr/les-decodeurs/article/2020/04/29/pourquoi-ces-comparaisons-entre-les-prix-des-masques-francais-et-espagnols-n-ont-aucun-sens_6038152_4355770.html,la cesta de la compra subio un 25% en españa y un 5% en francia,Ces comparaisons entre les prix des masques français et espagnols ont-elles un sens ?,0,0.10246618438067262
https://www.newtral.es/el-transportista-que-dice-llevar-material-sanitario-a-francia-porque-espana-no-lo-quiere-y-prefiere-lo-barato-muestra-en-el-video-paquetes-de-folios/20200331/,la cesta de la compra subio un 25% en españa y un 5% en francia,El transportista que dice llevar material sanitario a Francia porque “España no lo quiere”,0,0.006666666666666667
https://www.newtral.es/gasto-militar-europa-factcheck/20220721/,la cesta de la compra subio un 25% en españa y un 5% en francia,"""El gasto militar de los países europeos es 20 veces más que el de Rusia. Si coge España, Italia, Francia, Alemania, cuatro veces más""",0,0.024430875619440507
https://www.aosfatos.org/noticias/e-falso-que-policia-espancou-mulher-por-entrar-em-shopping-na-franca-sem-passaporte-da-vacina/,la cesta de la compra subio un 25% en españa y un 5% en francia,"Polícia francesa espanca mulheres que foram fazer compras no shopping sem o ""passaporte de vacina""",0,0.025548576781339538
https://verifica.efe.com/gasoducto-cerrado-argelia-no-franco-para-50-anos/,la cesta de la compra subio un 25% en españa y un 5% en francia,El gasoducto Argelia-Marruecos-España fue un logro del dictador Francisco Franco y ahora se ha cerrado porque ha expirado el plazo de 50 años previsto en aquel acuerdo.,0,0.0008333333333333334
https://www.lavoce.info/archives/96533/no-litalia-non-e-lunico-paese-senza-nucleare/,la cesta de la compra subio un 25% en españa y un 5% en francia,Perché dobbiamo comprare energia dalla Francia? Ci serve energia a basso costo. L'Italia non può essere l'unico paese a non avere il nucleare.,0,0.003475168019551366
https://factual.afp.com/http%253A%252F%252Fdoc.afp.com%252F9V84L6-1,la cesta de la compra subio un 25% en españa y un 5% en francia,España fijó su hora actual en 1942 como gesto de gracia de Franco a Hitler,0,0.0
https://www.verificat.cat/fact-check/el-gasto-militar-de-los-paises-europeos-fue-534-veces-mayor-que-el-de-rusia-en-2021-aunque-pisarello-asegura-que-fue-20-veces-mas,la cesta de la compra subio un 25% en españa y un 5% en francia,"El gasto militar de los países europeos es 20 veces más que el de Rusia. Si coge España, Italia, Francia, Alemania, cuatro veces más. Es decir, no tenemos un problema, Europa no es un continente desarmado",0,0.003506944444444444
https://www.verificat.cat/es/fact-check/el-gasto-militar-de-los-paises-europeos-fue-534-veces-mayor-que-el-de-rusia-en-2021-aunque-pisarello-asegura-que-fue-20-veces-mas,la cesta de la compra subio un 25% en españa y un 5% en francia,"El gasto militar de los países europeos es 20 veces más que el de Rusia. Si coge España, Italia, Francia, Alemania, cuatro veces más. Es decir, no tenemos un problema, Europa no es un continente desarmado",0,0.006720107521720348
https://www.verificat.cat/es/fact-check/interior-no-ha-dicho-que-haya-1.000-robos-cada-semana-en-las-ramblas-como-afirma-lorena-roldan,en barcelona se realizan 1000 robos a la semana,"Según datos de su departamento [Interior], solo en Las Ramblas se producen 1.000 robos cada semana",1,0.9266666666666666
https://www.verificat.cat/fact-check/interior-no-ha-dicho-que-haya-1.000-robos-cada-semana-en-las-ramblas-como-afirma-lorena-roldan,en barcelona se realizan 1000 robos a la semana,"“Según datos de su departamento [Interior], solo en Las Ramblas se producen 1.000 robos cada semana”",1,0.95
https://www.newtral.es/robos-ramblas-interior-factcheck/20220715/,en barcelona se realizan 1000 robos a la semana,"“Según datos de su departamento [Interior], solo en Las Ramblas se producen 1.000 robos cada semana”",1,0.9933333333333333
https://www.newtral.es/fact-check-barcelona-cierre-comercio-sabados-domingos-ayuso/20210423/,en barcelona se realizan 1000 robos a la semana,"“En Barcelona, en Cataluña, los sábados y los domingos tienen toda la actividad comercial cerrada”",0,0.00034319094560058416
https://maldita.es/malditobulo/20200622/menas-espana-robando-ancianos-barcelona-colau/,en barcelona se realizan 1000 robos a la semana,Menas roban a unos ancianos en Barcelona,0,0.03341880341880342
https://www.verificat.cat/fact-check/barcelona-es-la-gran-ciutat-que-inverteix-mes-en-neteja-per-persona-pero-no-lidera-la-despesa-entre-els-municipis-de-mes-de-50.000-habitants,en barcelona se realizan 1000 robos a la semana,"Som, crec, la ciutat de l'Estat que destina més diners per habitant a neteja",0,0.20333333333333334
https://maldita.es/malditobulo/20201102/no-la-imagen-no-es-del-detenido-robo-bicicleta-barcelona/,en barcelona se realizan 1000 robos a la semana,El chico saharaui de la foto no ha sido detenido por robar una bicicleta en Barcelona,0,0.02
https://www.newtral.es/bulo-ladron-bicicleta-decathlon-barcelona/20201103/,en barcelona se realizan 1000 robos a la semana,Foto del ladrón que robó una bicicleta en el Decathlon durante los disturbios de Barcelona,0,0.006666666666666667
https://www.verificat.cat/es/fact-check/los-trenes-de-mataro-y-manresa-a-barcelona-van-mas-rapido-ahora-que-en-el-siglo-xix-a-diferencia-de-lo-que-afirma-una-campana-viral,en barcelona se realizan 1000 robos a la semana,El tren entre Barcelona y Mataró iba más rápido en 1849 que ahora,0,0.006666666666666667
https://www.verificat.cat/fact-check/los-trenes-de-mataro-y-manresa-a-barcelona-van-mas-rapido-ahora-que-en-el-siglo-xix-a-diferencia-de-lo-que-afirma-una-campana-viral,en barcelona se realizan 1000 robos a la semana,El tren entre Barcelona y Mataró iba más rápido en 1849 que ahora,0,0.0
https://www.verificat.cat/fact-check/la-historia-de-las-fotos-falsas-del-supuesto-ladron-de-la-bicicleta-del-decathlon,en barcelona se realizan 1000 robos a la semana,El autor del robo en una tienda del Decathlon durante las manifestaciones del 30 de octubre de 2020 en Barcelona es el mismo que el de las explosiones de Beirut,0,0.006785801052773654
https://www.verificat.cat/es/fact-check/la-historia-de-las-fotos-falsas-del-supuesto-ladron-de-la-bicicleta-del-decathlon,en barcelona se realizan 1000 robos a la semana,El autor del robo en una tienda del Decathlon durante las manifestaciones del 30 de octubre de 2020 en Barcelona es el mismo que el de las explosiones de Beirut,0,0.004414006180978781
https://dpa-factchecking.com/germany/220317-99-558195,en barcelona se realizan 1000 robos a la semana,Dieses Video zeigt aktuelle Demonstrationen in Barcelona.,0,0.006666666666666667
https://www.newtral.es/ada-colau-en-madrid-han-aumentado-muchisimo-los-robos-eran-mas-de-63-000-infracciones-penales-en-lo-que-llevamos-de-ano-y-en-barcelona-estabamos-por-debajo-de-las-50-000/20190906/,en barcelona se realizan 1000 robos a la semana,"""En Madrid han aumentado muchísimo los robos… Eran más de 63.000 infracciones penales en lo que llevamos de año y en Barcelona estábamos por debajo de las 50.000""",0,0.2
https://www.20minutes.fr/monde/2634991-20191023-barcelone-dockers-rendant-hommage-gilets-jaunes-non-tenue-travail,en barcelona se realizan 1000 robos a la semana,Barcelone annonce un soutien total aux Gilets Jaunes de France,0,0.011011147590449619
https://faktencheck.afp.com/dieses-video-entstand-bei-katalanischen-separatismus-protesten-2019,en barcelona se realizan 1000 robos a la semana,Diese Aufnahme zeigt aktuelle Proteste in Barcelona,0,0.003709825528007346
https://www.newtral.es/tren-barcelona-mataro-manresa-velocidad/20220514/,en barcelona se realizan 1000 robos a la semana,El tren Mataró-Barcelona iba más rápido en 1849 que ahora y el tren de Manresa a Barcelona tarda lo mismo que hace 150 años.,0,0.0
https://verifica.efe.com/falso-barcelona-proyecte-convertir-plaza-toros-monumental-mezquita/,en barcelona se realizan 1000 robos a la semana,"La alcaldesa de Barcelona, Ada Colau, promueve la transformación de la antigua Plaza de Toros Monumental de Barcelona en una mezquita.",0,0.0033333333333333335
https://sprawdzam.afp.com/ten-mezczyzna-zostal-zatrzymany-w-barcelonie-poniewaz-byl-podejrzany-o-kradziez,en barcelona se realizan 1000 robos a la semana,Mężczyzna został zatrzymany za brak maseczki,0,0.009318287575616565
https://www.newtral.es/empleo-privado-espana-publico-abascal-factcheck/20220715/,desde 2019 no se crea empleo privado en españa,"“Desde el año 2019 no se ha creado empleo privado; solo se ha creado empleo público, destruyéndose empleo privado en España”",1,0.93
https://chequeado.com/ultimas-noticias/alberto-fernandez-se-destruyeron-mas-de-240-mil-empleos-privados-entre-2015-y-2019/,desde 2019 no se crea empleo privado en españa,[Se destruyeron] más de 240 mil empleos privados entre 2015 y 2019,0,0.15012104283054004
https://chequeado.com/ultimas-noticias/martin-tetaz-hace-11-anos-que-en-la-argentina-no-se-crea-empleo-privado/,desde 2019 no se crea empleo privado en españa,Hace 11 años que en la Argentina no se crea empleo privado,0,0.12333333333333334
https://www.newtral.es/fact-check-paro-empleo-andalucia-arrimadas/20210420/,desde 2019 no se crea empleo privado en españa,"""Andalucía ha pasado de ser la región con más paro de España a la región que más empleo crea y es Cs quien lleva la Consejería de Empleo""",0,0.04666666666666667
https://www.newtral.es/espana-mayor-creacion-empleo-europa-sanchez/20220310/,desde 2019 no se crea empleo privado en españa,“España fue el país que más empleo creó en Europa en este último año”,0,0.023333333333333334
https://maldita.es/malditobulo/20210916/mercadona-empleate-espana-ofertas/,desde 2019 no se crea empleo privado en españa,"Ofertas de empleo en la página de Facebook ""Empleate España""",0,5.813541297412266e-05
https://maldita.es/timo/bulo/20210916/mercadona-empleate-espana-ofertas/,desde 2019 no se crea empleo privado en españa,"Ofertas de empleo en la página de Facebook ""Empleate España""",0,0.0033914687463074563
https://maldita.es/timo/20210916/mercadona-empleate-espana-ofertas/,desde 2019 no se crea empleo privado en españa,"Ofertas de empleo en la página de Facebook ""Empleate España""",0,0.0033914687463074563
https://maldita.es/timo/20220930/mercadona-empleate-espana-ofertas/,desde 2019 no se crea empleo privado en españa,Ofertas de empleo en la página de Facebook &quot;Empleate España&quot;,0,0.0033914687463074554
https://chequeado.com/ultimas-noticias/alperovich-entre-2003-y-2011-creamos-300-mil-empleos/,desde 2019 no se crea empleo privado en españa,[Entre 2003 y 2011] creamos 300 mil empleos,0,0.008611340777370162
https://www.newtral.es/fact-check-empleos-crea-espana-andalucia-ines-arrimadas/20210712/,desde 2019 no se crea empleo privado en españa,"“Los últimos datos de empleo que hemos conocido, uno de cada tres empleos que se genera en España se generan en Andalucía""",0,0.023333333333333334
https://chequeado.com/ultimas-noticias/scioli-creamos-el-mejor-nivel-de-empleo-de-los-ultimos-25-anos/,desde 2019 no se crea empleo privado en españa,Creamos el mejor nivel de empleo de los últimos 25 años,0,0.0
https://chequeado.com/ultimas-noticias/maria-eugenia-vidal-al-comparar-la-gestion-de-cambiemos-y-del-frente-de-todos-en-junio-de-2019-el-salario-privado-era-de-us-930-hoy-es-de-520/,desde 2019 no se crea empleo privado en españa,"En junio de 2019 el salario privado era de US$ 930, hoy es de 520",0,0.03039882060831781
https://chequeado.com/ultimas-noticias/alberto-fernandez-en-el-empleo-formal-la-industria-ya-recupero-todos-los-empleos-perdidos-por-la-pandemia-y-ya-estamos-por-encima-de-diciembre-de-2019/,desde 2019 no se crea empleo privado en españa,[En el empleo formal] la industria ya recuperó todos los empleos perdidos por la pandemia y ya estamos por encima de diciembre de 2019,0,0.00025345742913042397
https://www.telemundo.com/noticias/noticias-telemundo/economia/hemos-creado-mas-de-3-millones-de-puestos-de-trabajo-biden-presume-de-cifras-de-empleo-tmna3896442,desde 2019 no se crea empleo privado en españa,"""Hemos creado más de 3 millones de empleos desde que asumí el cargo, más puestos de trabajo de los que se han creado en los primeros cinco meses de cualquier presidencia en la historia moderna""",0,0.0
https://www.newtral.es/casado-el-pp-en-toda-su-historia-de-gobierno-ha-creado-8-millones-de-empleos/20190219/,desde 2019 no se crea empleo privado en españa,“El PP en toda su historia de gobierno ha creado 8 millones de empleos”,0,0.013531562843882865
https://www.univision.com/noticias/falta-contexto-creacion-empleo-eeuu-ultimos-meses-plan-rescate-biden,desde 2019 no se crea empleo privado en españa,La creación de empleo reciente en EEUU se debe solo al Plan de Rescate,0,0.006961320608317814
https://www.verificat.cat/es/fact-check/andalucia-no-esta-creando-mas-empresas-que-catalunya-como-dice-alejandro-fernandez,desde 2019 no se crea empleo privado en españa,Andalucía hoy está creando más empleo y más empresas que Catalunya,0,0.0034320836312868182
https://www.newtral.es/personal-sanitario-madrid-factcheck/20220713/,madrid tiene 5000 sanitarios mas que antes de la pandemia,“Madrid tiene 5.000 sanitarios más que antes de la pandemia: hemos pasado de 80.000 a 85.000”,1,0.98
https://maldita.es/malditobulo/20210317/video-baile-medicos-monica-garcia-sanitarios-mas-madrid-2012/,madrid tiene 5000 sanitarios mas que antes de la pandemia,Sanitarios bailando en plena pandemia,0,0.09666666666666666
https://www.verificat.cat/es/fact-check/en-catalunya-no-ha-habido-mas-muertes-por-covid-que-en-madrid-como-dice-un-mensaje-viral,madrid tiene 5000 sanitarios mas que antes de la pandemia,"Tras un año de pandemia, Catalunya tiene 920 muertos por millón más que Madrid",0,0.09033333333333333
https://www.verificat.cat/fact-check/en-catalunya-no-ha-habido-mas-muertes-por-covid-que-en-madrid-como-dice-un-mensaje-viral,madrid tiene 5000 sanitarios mas que antes de la pandemia,"Tras un año de pandemia, Catalunya tiene 920 muertos por millón más que Madrid",0,0.060333333333333336
https://factual.afp.com/http%253A%252F%252Fdoc.afp.com%252F9U78YN-1,madrid tiene 5000 sanitarios mas que antes de la pandemia,El pasaporte sanitario nazi es lo mismo que el pase sanitario por covid,0,0.05097784981956587
https://maldita.es/malditobulo/2020/09/25/hospitales-madrid-12-octubre-la-paz-princesa-ofertas-trabajo-empleo-no-reales/,madrid tiene 5000 sanitarios mas que antes de la pandemia,"Contratación sanitarios, enfermeras, celadores, médicos auxiliares en hospitales de Madrid por el coronavirus",0,0.12666666666666668
https://www.fastcheck.cl/2021/09/28/imagen-marcha-en-argelia-contra-las-restricciones-sanitarias-por-la-pandemia-del-coronavirus-enganoso/,madrid tiene 5000 sanitarios mas que antes de la pandemia,(Imagen) Marcha en Argelia contra las restricciones sanitarias por la pandemia del coronavirus,0,0.04013432304302343
https://maldita.es/malditobulo/20210110/video-test-antigenos-agua-resultado/,madrid tiene 5000 sanitarios mas que antes de la pandemia,Vídeo de sanitarios que dice que con 5 gotas de aguas puedes falsear un test de antígenos,0,0.020068027210884354
https://www.newtral.es/bulo-oms-video-guia-uso-mascarillas/20201118/,madrid tiene 5000 sanitarios mas que antes de la pandemia,La OMS no recomienda el uso de la mascarilla excepto a sanitarios y positivos,0,0.043333333333333335
https://poligrafo.sapo.pt/fact-check/e-cobrada-taxa-de-50-centimos-para-utilizar-sanitarios-da-estacao-de-sao-bento-no-porto,madrid tiene 5000 sanitarios mas que antes de la pandemia,É cobrada taxa de 50 cêntimos para utilizar sanitários da estação de São Bento no Porto?,0,0.030092592592592594
https://www.newtral.es/video-sanitarios-espalda-illa-oms-belgica-bulo/20200608/,madrid tiene 5000 sanitarios mas que antes de la pandemia,Los sanitarios belgas dan la espalda al director de la OMS,0,0.006774854520121301
https://www.newtral.es/sareb-estado-control-inigo-errejon-factcheck/20220121/,madrid tiene 5000 sanitarios mas que antes de la pandemia,“El Gobierno acaba de adquirir por 1€ un agujero de 35.000 millones del banco Sareb. El 43% del gasto público sanitario en España en 2021 en plena pandemia”,0,0.026679946879150065
https://factual.afp.com/doc.afp.com.32KX6BZ,madrid tiene 5000 sanitarios mas que antes de la pandemia,Médica en Colombia habla de la llegada de sanitarios cubanos,0,0.0036211536727112094
https://www.newtral.es/cierre-hospital-isabel-zendal-mas-madrid/20210324/,madrid tiene 5000 sanitarios mas que antes de la pandemia,Más Madrid pretende cerrar el Hospital de Pandemias Isabel Zendal si gana las elecciones,0,0.06017361111111111
https://maldita.es/malditobulo/20200608/sanitarios-protestan-espalda-director-oms-tedros-adhanom-belgica/,madrid tiene 5000 sanitarios mas que antes de la pandemia,"Vídeo en el que sanitarios le dan la espalda al coche del director de la OMS, Tedros Adhanom",0,0.010108187853454634
https://www.newtral.es/foto-sanitarios-cadaver-imagen-stock/20201130/,madrid tiene 5000 sanitarios mas que antes de la pandemia,La foto de sanitarios trasladando un cadáver ultraligero,0,0.0034415211867879682
https://www.newtral.es/consultorio-monumenta-fernandez-manueco-factcheck/20220211/,madrid tiene 5000 sanitarios mas que antes de la pandemia,"“Decir también que en Monumenta han tenido asistencia sanitaria –es un pueblo de Zamora–, asistencia sanitaria todo el tiempo”",0,0.01356175480945066
https://www.newtral.es/el-transportista-que-dice-llevar-material-sanitario-a-francia-porque-espana-no-lo-quiere-y-prefiere-lo-barato-muestra-en-el-video-paquetes-de-folios/20200331/,madrid tiene 5000 sanitarios mas que antes de la pandemia,El transportista que dice llevar material sanitario a Francia porque “España no lo quiere”,0,0.010068027210884354
https://facta.news/fuori-contesto/2020/05/29/il-41-dei-deceduti-per-covid-19-non-presentavano-patologie-pregresse-ma-questi-dati-non-smentiscono-la-pandemia/,madrid tiene 5000 sanitarios mas que antes de la pandemia,I dati di Istat e Istituto superiore di sanità smentiscono la pandemia,0,0.05423469387755102
https://verificat.afp.com/nu-videoclipul-nu-arata-protestele-actuale-impotriva-restrictiilor-covid-din-spania-ci-o,madrid tiene 5000 sanitarios mas que antes de la pandemia,Protest la Madrid împotriva restricțiilor pandemiei,0,0.008117587356821806
https://www.newtral.es/inmigrantes-marruecos-ana-vazquez/20220622/,mas del 50% de inmigracion que llega a españa es de marruecos,“Más del 50% de la inmigración que llega a España sigue siendo de Marruecos”,1,0.9433333333333334
https://www.newtral.es/espana-inmigracion-irregular-factcheck/20220701/,mas del 50% de inmigracion que llega a españa es de marruecos,“[España es] el segundo país de la Unión Europea con mayor inmigración irregular”,0,0.006666666666666667
https://maldita.es/malditobulo/20201124/barcas-canarias-imagenes-hoy-marruecos-preparandose-salir/,mas del 50% de inmigracion que llega a españa es de marruecos,Inmigrantes preparándose para salir desde la costa de Marruecos,0,0.03
https://maldita.es/malditobulo/20200903/fotos-hombres-cargando-moviles-inmigrantes-llegar-espana/,mas del 50% de inmigracion que llega a españa es de marruecos,Estos son inmigrantes con móviles al llegar a España,0,0.010098296055544404
https://maldita.es/malditobulo/20210111/gobierno-tratado-marruecos-regularizar-traer-inmigrantes-audio/,mas del 50% de inmigracion que llega a españa es de marruecos,El Gobierno tiene un acuerdo con Marruecos para regularizar a inmigrantes,0,0.0334589640613737
https://www.newtral.es/factcheck-espana-principal-inversor-marruecos-pedro-sanchez/20210716/,mas del 50% de inmigracion que llega a españa es de marruecos,“Nunca hay que olvidar que España es el principal inversor extranjero en Marruecos”,0,0.006724802079640789
https://www.telemundo.com/noticias/noticias-telemundo/inmigracion/con-datos-enganosos-promueven-que-la-inmigracion-legal-se-reduzca-la-mitad-tmna3836089,mas del 50% de inmigracion que llega a españa es de marruecos,"“Casi dos de cada tres estadounidenses quieren reducir la inmigración legal de un millón al año a 500,000 o menos”",0,0.0
https://www.newtral.es/100-millones-guerra-rif-espana-marruecos/20220913/,mas del 50% de inmigracion que llega a españa es de marruecos,España va a indemnizar a Marruecos con 100 millones de euros por la guerra del Rif.,0,0.013333333333333334
https://www.newtral.es/viaje-oficial-marruecos-presidentes-espana/20210826/,mas del 50% de inmigracion que llega a españa es de marruecos,“Todos los presidentes del Gobierno de España lo primero que hacen es visitar Marruecos. Todos menos Sánchez”,0,0.003528449820788531
https://maldita.es/malditobulo/20201212/movil-cifrado-12500-16000-euros-incautado-inmigrante-patera-espana/,mas del 50% de inmigracion que llega a españa es de marruecos,Móvil cifrado que cuesta entre 12500 y 16000 euros incautado a un inmigrante llegado en patera a España.,0,0.003502377968553756
https://www.rtve.es/noticias/20220905/ley-no-preve-indemnizar-marruecos-guerra-del-rif/2400801.shtml,mas del 50% de inmigracion que llega a españa es de marruecos,El Gobierno de España ha aprobado una indemnización de 100 millones a Marruecos por la guerra del Rif,0,0.03333333333333333
https://www.newtral.es/bulo-pateras-argelia-espana-frontex/20200804/,mas del 50% de inmigracion que llega a españa es de marruecos,"""Avistan 500 pateras en Argelia a punto de zarpar rumbo a España: podrían llegar 5.000 inmigrantes ilegales en breve""",0,0.05031793842034806
https://www.fastcheck.cl/2021/09/28/twitter-felipe-kast-le-responde-a-jose-antonio-kast-por-inmigracion-ilegal-enganoso/,mas del 50% de inmigracion que llega a españa es de marruecos,Felipe Kast le responde a José Antonio Kast por inmigración ilegal,0,3.257328990228013e-05
https://www.newtral.es/los-siete-datos-de-cosido-sobre-la-inmigracion/20181219/,mas del 50% de inmigracion que llega a españa es de marruecos,El número de inmigrantes que llegan por mar y por tierra se multiplica por cuatro,0,0.003499656599762091
https://www.verificat.cat/es/fact-check/andalucia-no-acumula-el-75-de-las-violaciones-de-espana-ni-la-mayoria-son-cometidos-por-extranjeros,mas del 50% de inmigracion que llega a españa es de marruecos,"""[Espadas] diciéndole a Macarena Olona que no habla de la ‘realidad’ por citar los problemas de la inmigración cuando el 75% de las violaciones en el último mes han sido en Andalucía”.",0,0.0033333333333333335
https://www.newtral.es/bulo-audio-migrantes-hoteles-canarias-marruecos/20201125/,mas del 50% de inmigracion que llega a españa es de marruecos,Los migrantes alojados en hoteles de Canarias reciben los papeles por un acuerdo entre España y Marruecos,0,0.010125630728040368
https://www.newtral.es/casado-el-pp-en-toda-su-historia-de-gobierno-ha-creado-8-millones-de-empleos/20190219/,el pp ha creado 8 millones de empleos,“El PP en toda su historia de gobierno ha creado 8 millones de empleos”,1,0.9733333333333334
https://chequeado.com/ultimas-noticias/pinedo-tenemos-4-millones-de-empleos-menos-que-hace-un-ano/,el pp ha creado 8 millones de empleos,Tenemos 4 millones de empleos menos que hace un año,0,0.03333333333333333
https://www.telemundo.com/noticias/noticias-telemundo/economia/hemos-creado-mas-de-3-millones-de-puestos-de-trabajo-biden-presume-de-cifras-de-empleo-tmna3896442,el pp ha creado 8 millones de empleos,"""Hemos creado más de 3 millones de empleos desde que asumí el cargo, más puestos de trabajo de los que se han creado en los primeros cinco meses de cualquier presidencia en la historia moderna""",0,0.02
https://colombiacheck.com/chequeos/efrain-cepeda-acerto-en-cifra-de-empleos-salvados-por-el-paef-pero-no-en-cuando-vence,el pp ha creado 8 millones de empleos,El PAEF salvó 4 millones de empleos y vence en junio de 2022,0,0.0002878203393778762
https://www.newtral.es/empleo-privado-espana-publico-abascal-factcheck/20220715/,el pp ha creado 8 millones de empleos,"“Desde el año 2019 no se ha creado empleo privado; solo se ha creado empleo público, destruyéndose empleo privado en España”",0,0.01009968445209409
https://colombiacheck.com/chequeos/resguardamos-mas-de-4-millones-de-empleos-formales-ayudando-mas-de-194000-empresas-por,el pp ha creado 8 millones de empleos,"Resguardamos más de 4 millones de empleos, ayudando más de 194.000 empresas",0,0.03334661354581673
https://www.newtral.es/fact-check-elvira-rodriguez-rajoy-empleos/20201116/,el pp ha creado 8 millones de empleos,"""El esfuerzo en creación de empleo del gobierno de Rajoy, en donde se crearon más de tres millones y medio de puestos de trabajo...""",1,0.9266666666666666
https://www.newtral.es/fact-check-empleo-creado-espana-andalucia-juan-marin/20210928/,el pp ha creado 8 millones de empleos,“El 40% del empleo creado este verano (en España) ha sido en Andalucía”,0,0.01050006360016909
https://www.newtral.es/susana-diaz-asegura-que-andalucia-es-la-region-que-mas-empleo-ha-creado-en-los-ultimos-anos/20181127/,el pp ha creado 8 millones de empleos,Andalucía es la región que más empleo ha creado en los últimos años,0,0.10754016064257027
https://chequeado.com/ultimas-noticias/alperovich-entre-2003-y-2011-creamos-300-mil-empleos/,el pp ha creado 8 millones de empleos,[Entre 2003 y 2011] creamos 300 mil empleos,0,0.0368009897096901
https://www.newtral.es/fact-check-empleo-publico-pedro-sanchez/20210422/,el pp ha creado 8 millones de empleos,“Ha creado usted (a Pedro Sánchez) 300.000 puestos de empleo público”,0,0.04
https://www.newtral.es/empleo-femenino-en-andalucia/20220603/,el pp ha creado 8 millones de empleos,"""El 63,5% del empleo creado en Andalucía en el último año es femenino, 17 puntos por encima de la media nacional""",0,0.06
https://www.newtral.es/pedro-sanchez-en-estos-12-ultimos-meses-se-estan-creando-1-483-empleos-diariamente/20190422/,el pp ha creado 8 millones de empleos,En estos 12 últimos meses se están creando 1.483 empleos diariamente,0,0.17333333333333334
https://factual.afp.com/el-presidente-de-mexico-dijo-que-hay-4000-empleos-para-integrantes-de-la-caravana-migrante,el pp ha creado 8 millones de empleos,AMLO ofrece empleos 4.000 empleos a caravana migrante,0,0.007226521624583721
https://www.newtral.es/creacion-empresas-cataluna-madrid-roger-torrent/20211204/,el pp ha creado 8 millones de empleos,“En Cataluña se han creado más empresas este año que las que se han creado en Madrid”,0,0.0016666666666666668
https://www.verificat.cat/es/fact-check/cataluna-esta-por-encima-de-madrid-en-creacion-neta-de-empresas-pero-por-debajo-en-constituciones,el pp ha creado 8 millones de empleos,En Cataluña se han creado más empresas este año que las que se han creado en Madrid,0,0.0
https://colombiacheck.com/chequeos/vicepresidenta-acierta-en-mujeres-beneficiadas-con-subsidio-al-salario-pero-los-hombres,el pp ha creado 8 millones de empleos,"PAEF ha apoyado a 1,5 millones de mujeres (para crear equidad): Ramírez",0,0.013523809523809523
https://www.newtral.es/pablo-bustinduy-up-la-deuda-de-los-bancos-nos-cuesta-hoy-31-000-millones-de-euros-al-ano-85-millones-al-dia/20190228/,el pp ha creado 8 millones de empleos,"""La deuda de los bancos nos cuesta hoy 31.000 millones de euros al año. 85 millones al día""",0,0.0
https://efectococuyo.com/cocuyo-chequea/vacunas-covid-19-enfermos-cronicos-falso/,el pp ha creado 8 millones de empleos,Las vacunas contra el COVID-19 crean millones de “enfermos crónicos”,0,0.006666666666666667
https://www.newtral.es/sector-textil-trabajadores-factcheck/20220624/,el pp ha creado 8 millones de empleos,“El sector textil ha perdido más de 800.000 empleos”,0,0.003821885235575712
https://www.newtral.es/prima-de-riesgo-feijoo-factcheck/20220608/,"pagamos la prima de riesgo a 250 puntos, la mas alta desde 2014","“Ya estamos pagando la prima de riesgo a 250 puntos, la prima de riesgo más alta desde verano de 2014”",1,0.9933333333333333
https://www.newtral.es/casado-la-prima-de-riesgo-ya-no-esta-en-70-puntos-sino-en-130/20181212/,"pagamos la prima de riesgo a 250 puntos, la mas alta desde 2014",La prima de riesgo “ya no está en 70 (puntos) sino en 130”,1,0.6633333333333333
https://factual.afp.com/doc.afp.com.32E39QG,"pagamos la prima de riesgo a 250 puntos, la mas alta desde 2014",El 4 de julio de 2022 el riesgo país de Ucrania era de 1818 puntos y el de Argentina 2500,0,0.010097629009762901
https://www.newtral.es/fact-check-tasa-pobreza-exclusion-social-arope-murcia/20210319/,"pagamos la prima de riesgo a 250 puntos, la mas alta desde 2014",“Somos la región (Murcia) con las tasas más altas de pobreza y riesgo de exclusión social”,0,0.0033333333333333335
https://www.newtral.es/lorena-roldan-los-catalanes-somos-los-que-pagamos-mas-irpf-en-el-tramo-autonomico/20190904/,"pagamos la prima de riesgo a 250 puntos, la mas alta desde 2014",LLos catalanes somos los que pagamos más IRPF en el tramo autonómico,0,0.030294653941651147
https://www.newtral.es/tasa-paro-juvenil-extremadura-factcheck/20220729/,"pagamos la prima de riesgo a 250 puntos, la mas alta desde 2014","“En este último año la tasa de paro juvenil se ha reducido 13 puntos, (...) ha bajado del 38% al 25%”",0,0.0
https://www.newtral.es/fact-check-angel-gabilondo-riesgo-morir-madrid-54-covid/20210413/,"pagamos la prima de riesgo a 250 puntos, la mas alta desde 2014","El riesgo de fallecer por COVID es en Madrid, hoy, un 54% mayor que el riesgo medio de España",0,0.006666666666666667
https://observador.pt/factchecks/fact-check-maior-parte-dos-paises-da-ue-nao-pagam-eletricidade-durante-a-pandemia/,"pagamos la prima de riesgo a 250 puntos, la mas alta desde 2014",“Maior parte dos países da U.E não vão pagar electricidade durante a pandemia. Nós pagamos.”,0,0.024803156611343025
https://www.newtral.es/dana-temporal-lluvias-valencia-murcia/20190913/,"pagamos la prima de riesgo a 250 puntos, la mas alta desde 2014",Riesgo de desbordamiento en el embalse de Puentes,0,0.0033333333333333335
https://chequeado.com/ultimas-noticias/bloqueo-a-clarin-los-puntos-claves/,"pagamos la prima de riesgo a 250 puntos, la mas alta desde 2014",los puntos clave,0,0.013333333333333334
https://www.newtral.es/mascarilla-riesgo-contagio-juanma-moreno/20200721/,"pagamos la prima de riesgo a 250 puntos, la mas alta desde 2014","""El uso de la mascarilla reduce el riesgo de contagio al 1%""",0,0.0
https://chequeado.com/ultimas-noticias/vidal-sobre-el-gobierno-de-alberto-fernandez-el-salario-perdio-20-puntos-y-las-jubilaciones-11/,"pagamos la prima de riesgo a 250 puntos, la mas alta desde 2014",El salario perdió 20 puntos y las jubilaciones 11,0,0.027324150634346622
https://chequeado.com/ultimas-noticias/sola-sobre-el-presupuesto-2019-el-ano-que-viene-terminaria-con-seis-puntos-menos-de-pbi-per-capita-que-en-2015/,"pagamos la prima de riesgo a 250 puntos, la mas alta desde 2014",El año que viene terminaría con seis puntos menos de PBI per cápita que en 2015,0,0.040121042830540035
https://chequeado.com/ultimas-noticias/martin-guzman-la-deuda-publica-sobre-el-producto-bajo-casi-30-puntos-porcentuales-en-2021/,"pagamos la prima de riesgo a 250 puntos, la mas alta desde 2014",La deuda pública sobre el producto bajó casi 30 puntos porcentuales en 2021,0,0.02
https://www.newtral.es/es-falso-que-haya-riesgo-de-desbordamiento-en-los-embalses-de-puentes-y-de-santomera/20190913/,"pagamos la prima de riesgo a 250 puntos, la mas alta desde 2014",Existe riesgo de desbordamiento en el embalse de Puentes,0,0.006666666666666667
https://chequeado.com/ultimas-noticias/soledad-acuna-sobre-el-presupuesto-educativo-no-solo-no-cayo-14-puntos-en-los-ultimos-14-anos-sino-que-subio-en-terminos-reales-12-puntos/,"pagamos la prima de riesgo a 250 puntos, la mas alta desde 2014","No sólo no cayó 14 puntos en los últimos 14 años, sino que subió en términos reales 12 puntos",0,0.05015767286717007
https://colombiacheck.com/chequeos/petro-punto-de-ganar-en-primera-vuelta-interpretacion-cuestionable-de-encuesta-poco,"pagamos la prima de riesgo a 250 puntos, la mas alta desde 2014","Petro (en febrero de 2022), a 6 puntos de ganar Presidencia en 1a vuelta",0,0.00029465394165114836
https://www.univision.com/noticias/falso-que-vacuna-para-adolescentes-covid-sea-mas-riesgosa-que-enfermedad-grave,"pagamos la prima de riesgo a 250 puntos, la mas alta desde 2014",La vacuna contra el covid-19 para adolescentes es más riesgosa que la enfermedad grave,0,0.0035238095238095237
https://www.univision.com/noticias/cierto-no-vacunados-11-veces-mas-riesgo-morir-covid-graficos,"pagamos la prima de riesgo a 250 puntos, la mas alta desde 2014",¿Los no vacunados corren 11 veces más riesgo de morir por covid que los que sí se vacunaron?,0,0.013523809523809523
https://www.newtral.es/victimas-eta-andalucia-juanma-moreno-factcheck/20220608/,andalucia es la comunidad con mas victimas del terrorismo de eta,“[Andalucía] es la comunidad con más víctimas del terrorismo de ETA”,1,0.9733333333333334
https://www.newtral.es/paro-juvenil-andalucia-olona/20220608/,andalucia tiene el doble de paro juvenil que el resto de españa,"""(Andalucía tiene) un 36% de paro juvenil de menos de 25 años. El doble que en el resto de España""",1,0.9766666666666667
https://www.newtral.es/paro-juvenil-tasa-minimos-factcheck/20221006/,andalucia tiene el doble de paro juvenil que el resto de españa,“Estamos (en España) en mínimos históricos de paro juvenil” ,0,0.08666666666666667
https://www.newtral.es/crecimiento-economico-andalucia-factcheck/20220316/,andalucia tiene el doble de paro juvenil que el resto de españa,“Andalucía crece más que nadie en España”,0,0.02
https://www.newtral.es/inversion-sanidad-andalucia-psoe/20220615/,andalucia tiene el doble de paro juvenil que el resto de españa,"“Andalucía tiene el menor gasto sanitario público de España por habitante. Esta es la Andalucía real, la que Moreno Bonilla quiere ocultar a base de propaganda”",0,0.12333333333333334
https://www.newtral.es/teresa-rodriguez-en-andalucia-cobramos-210-euros-menos-que-en-el-resto-del-pais/20181120/,andalucia tiene el doble de paro juvenil que el resto de españa,(En Andalucía) cobramos 210 euros menos que en el resto del país,0,0.03666666666666667
https://www.newtral.es/el-falso-tuit-de-casado-sobre-los-enemigos-de-espana-en-andalucia/20190320/,andalucia tiene el doble de paro juvenil que el resto de españa,El tuit de Casado sobre los “enemigos de España” en Andalucía,0,5.344085505368086e-05
https://www.newtral.es/diaz-asegura-que-la-junta-de-andalucia-es-la-institucion-mas-transparente-de-espana/20181127/,andalucia tiene el doble de paro juvenil que el resto de españa,La Junta de Andalucía es la institución más transparente de España,0,0.07
https://www.newtral.es/fact-check-paro-empleo-andalucia-arrimadas/20210420/,andalucia tiene el doble de paro juvenil que el resto de españa,"""Andalucía ha pasado de ser la región con más paro de España a la región que más empleo crea y es Cs quien lleva la Consejería de Empleo""",0,0.04675213675213675
https://www.newtral.es/pablo-casado-la-tasa-de-paro-en-andalucia-es-del-25/20181121/,andalucia tiene el doble de paro juvenil que el resto de españa,La tasa de paro en Andalucía es del 25%,0,0.19
https://www.newtral.es/fact-check-empleo-creado-espana-andalucia-juan-marin/20210928/,andalucia tiene el doble de paro juvenil que el resto de españa,“El 40% del empleo creado este verano (en España) ha sido en Andalucía”,0,0.2
https://www.newtral.es/tasa-paro-juvenil-extremadura-factcheck/20220729/,andalucia tiene el doble de paro juvenil que el resto de españa,"“En este último año la tasa de paro juvenil se ha reducido 13 puntos, (...) ha bajado del 38% al 25%”",1,0.7233333333333334
https://www.newtral.es/fact-check-empleos-crea-espana-andalucia-ines-arrimadas/20210712/,andalucia tiene el doble de paro juvenil que el resto de españa,"“Los últimos datos de empleo que hemos conocido, uno de cada tres empleos que se genera en España se generan en Andalucía""",0,0.14666666666666667
https://www.newtral.es/maria-chivite-sobre-los-menas-desde-que-tiene-nuevo-gobierno-andalucia-ha-dejado-de-acoger-inmigrantes/20190821/,andalucia tiene el doble de paro juvenil que el resto de españa,"Desde que tiene nuevo Gobierno, Andalucía ha dejado de acoger inmigrantes",0,0.026756199253895108
https://www.newtral.es/susana-diaz-y-su-comparacion-enganosa-de-los-datos-del-paro-en-andalucia/20200206/,andalucia tiene el doble de paro juvenil que el resto de españa,Uno de cada tres desempleados nuevos en España es andaluz. Dejamos el gobierno en Andalucía con 789.000 parados y ahora hay 806.090. Un año perdido del gobierno.,0,0.10666666666666667
https://www.newtral.es/empresas-desaparecidas-creadas-jorge-buxade-factcheck/20220512/,30000 empresas desaparecidas de enero a marzo de 2022,“[Hay] 30.000 empresas desaparecidas en España de enero a marzo de 2022”,1,0.9666666666666667
https://colombiacheck.com/chequeos/encontrar-personas-desaparecidas-no-implica-que-denuncias-sean-falsas-como-dice-paloma,30000 empresas desaparecidas de enero a marzo de 2022,"Más de 300 personas desaparecidas han aparecido, eran falsas denuncias",0,0.023401360544217688
https://colombiacheck.com/chequeos/foto-de-cadaver-no-es-de-mujer-desaparecida-y-detenida-por-el-esmad-en-el-paro-nacional,30000 empresas desaparecidas de enero a marzo de 2022,Este cadáver de una mujer es de una desaparecida por el Esmad,0,0.02666666666666667
https://factual.afp.com/doc.afp.com.32B46RG,30000 empresas desaparecidas de enero a marzo de 2022,"En mayo de 2022 hay un banco fijo sobre la placa por desaparecidos en Punta del Este, Uruguay",0,0.00021867184030293824
https://factual.afp.com/quino-dijo-en-1988-que-mafalda-habria-estado-entre-los-desaparecidos-de-la-ultima-dictadura,30000 empresas desaparecidas de enero a marzo de 2022,Quino dijo que Mafalda habría sido una desaparecida de la dictadura militar argentina,0,0.0035246367819657723
https://factual.afp.com/doc.afp.com.32FX37B,30000 empresas desaparecidas de enero a marzo de 2022,El 90% del plancton en el océano Atlántico ha desaparecido,0,0.010850209497206704
https://www.newtral.es/pais-mas-desaparecidos/20220907/,30000 empresas desaparecidas de enero a marzo de 2022,"“España es, después de Birmania, el país con más desaparecidos del mundo“",0,0.010068027210884354
https://www.newtral.es/el-bulo-de-la-nina-desaparecida-al-mismo-tiempo-en-varias-ciudades-de-espana/20191004/,30000 empresas desaparecidas de enero a marzo de 2022,Una niña con una camiseta amarilla desaparecida en los salesianos a la salida del cole,0,3.257328990228013e-05
https://factual.afp.com/doc.afp.com.32BV3V4,30000 empresas desaparecidas de enero a marzo de 2022,Los desaparecidos víctimas del Estado uruguayo entre 1968 y 1985 son 32,0,0.011258745759217495
https://www.newtral.es/la-alerta-falsa-del-nino-supuestamente-desaparecido-en-godella/20190508/,30000 empresas desaparecidas de enero a marzo de 2022,La alerta del niño supuestamente desaparecido en Godella,0,3.257328990228013e-05
https://www.newtral.es/publicacion-falsa-desaparicion-granada/20191026/,30000 empresas desaparecidas de enero a marzo de 2022,Un adolescente llamado Jose Tomás ha desaparecido en Granada,0,0.0280976290097629
https://www.newtral.es/no-ha-desaparecido-ni-ha-sido-secuestrado-un-nino-llamado-ariel-en-cadiz/20191210/,30000 empresas desaparecidas de enero a marzo de 2022,Ha desaparecido o ha sido secuestrado un niño llamado Ariel en Cádiz,0,0.013463535632998512
https://factual.afp.com/no-estas-fotos-no-son-de-las-ultimas-protestas-en-colombia-y-no-hubo-estudiantes-desaparecidos,30000 empresas desaparecidas de enero a marzo de 2022,Están desaparecidos muchos estudiantes luego de las protestas en Colombia,0,0.0033333333333333335
https://colombiacheck.com/chequeos/en-africa-no-desaparecio-el-covid-19-con-el-6-de-vacunacion,30000 empresas desaparecidas de enero a marzo de 2022,África solo está vacunada en un 6% y el COVID prácticamente ha desaparecido,0,0.00015873015873015873
https://factual.afp.com/es-un-fotomontaje-la-pancarta-denunciaba-30000-desaparecidos-en-argentina,30000 empresas desaparecidas de enero a marzo de 2022,"En foto, Madres de Plaza de Mayo Argentina reclaman por 9.000 desaparecidos en dictadura",0,0.0009329202998181792
https://factual.afp.com/estos-graficos-de-la-oms-no-demuestran-que-la-gripe-ya-no-existe-sino-que-bajo-su-incidencia,30000 empresas desaparecidas de enero a marzo de 2022,"La gripe ha desaparecido en el mundo, comenzó a denominarse covid19 coronavirus",0,0.01
https://factual.afp.com/doc.afp.com.32G36F2,30000 empresas desaparecidas de enero a marzo de 2022,"Detenidos desaparecidos habilitados a votar en el plebiscito en Chile, posible fraude",0,0.01
https://www.newtral.es/bulo-afirmaciones-coronavirus-imagen-estan-mintiendo/20210213/,30000 empresas desaparecidas de enero a marzo de 2022,Nos dicen que ha desaparecido la gripe y demás enfermedades respiratorias. Ahora todo es COVID-19,0,0.013498989553980587
https://www.newtral.es/madrid-reduce-deuda-publica-isabel-diaz-ayuso/20220511/,madrid reduce la deuda publica en mas de 6000 euros por habitante,“Madrid da confianza a los mercados y reduce la deuda pública en más de 6.000 euros por habitante”,1,0.9893333333333334
https://www.newtral.es/pedro-sanchez-estamos-reduciendo-la-deuda-publica/20191010/,madrid reduce la deuda publica en mas de 6000 euros por habitante,"""Estamos reduciendo la deuda pública""",0,0.30083333333333334
https://www.newtral.es/factcheck-madrid-inversion-estado-ayuso/20210709/,madrid reduce la deuda publica en mas de 6000 euros por habitante,"“En los últimos Presupuestos Generales del Estado, Madrid fue la que menos inversión por habitante recibió”",0,0.06
https://lupa.uol.com.br/jornalismo/2016/07/22/paes-rio-fez-150-quilometros-de-brt-e-um-vlt-de-26-quilometros-sera,madrid reduce la deuda publica en mas de 6000 euros por habitante,"O índice de homicídio por 100 mil habitantes reduziu, de 2009 para cá, pela metade. De 40 para 20 por 100 mil habitantes",0,0.043333333333333335
https://maldita.es/malditobulo/20200929/municipios-cataluna-limite-incidencia-sanidad/,madrid reduce la deuda publica en mas de 6000 euros por habitante,Más del 60% de los municipios de Cataluña tienen más de 500 casos por cada 100.000 habitantes,0,0.03333333333333333
https://www.newtral.es/pablo-casado-mortalidad-coronavirus-espana-union-europea-factcheck/20210719/,madrid reduce la deuda publica en mas de 6000 euros por habitante,“No ha habido ningún país de Europa con mayor incidencia de muertes por habitante (que España)”,0,0.0
https://www.newtral.es/sede-ugt-gobierno-millones-bulo/20210918/,madrid reduce la deuda publica en mas de 6000 euros por habitante,El Gobierno regala 5 millones de euros públicos a UGT para que reformen su sede de Madrid,0,0.0
https://efectococuyo.com/cocuyo-chequea/fmi-sugirio-expropiar-falso/,madrid reduce la deuda publica en mas de 6000 euros por habitante,FMI sugirió expropiar 10% de las riquezas de las familias para reducir la deuda pública,0,0.0069210428305400366
https://poligrafo.sapo.pt/fact-check/portugal-e-um-dos-paises-da-ue-com-mais-baixo-consumo-de-energia-por-habitante-salienta-se-no-facebook,madrid reduce la deuda publica en mas de 6000 euros por habitante,"Portugal é um dos países da União Europeia com ""mais baixo consumo de energia por habitante"".",0,0.011383759733036706
https://chequeado.com/ultimas-noticias/scioli-macri-triplico-la-deuda-publica-de-la-ciudad/,madrid reduce la deuda publica en mas de 6000 euros por habitante,Macri triplicó la deuda pública de la Ciudad,0,1.3280212483399734e-05
https://chequeado.com/ultimas-noticias/cfk-somos-el-pais-que-mas-celulares-por-habitante-tiene-de-toda-america/,madrid reduce la deuda publica en mas de 6000 euros por habitante,Somos el país que más celulares por habitante tiene de toda América,0,0.0
https://chequeado.com/ultimas-noticias/waldo-wolff-la-argentina-esta-entre-los-10-paises-con-mas-muertos-por-millon-de-habitantes-en-el-mundo/,madrid reduce la deuda publica en mas de 6000 euros por habitante,La Argentina está entre los 10 países con más muertos por millón de habitantes en el mundo,0,0.006666666666666667
https://www.newtral.es/factcheck-espana-ritmo-vacunacion-covid-dosis-administradas-sanchez/20210706/,madrid reduce la deuda publica en mas de 6000 euros por habitante,“España es el país que más dosis ha administrado por cada 100 habitantes”,0,0.006666666666666667
https://www.newtral.es/limpieza-barcelona-ada-colau-factcheck/20220912/,madrid reduce la deuda publica en mas de 6000 euros por habitante,"""Somos, creo, la ciudad del Estado que destina más dinero por habitante a limpieza""",0,6.802721088435374e-05
https://www.verificat.cat/fact-check/barcelona-es-la-gran-ciudad-que-mas-invierte-en-limpieza-por-persona-pero-no-lidera-el-gasto-entre-los-municipios-de-mas-de-50.000-habitantes,madrid reduce la deuda publica en mas de 6000 euros por habitante,"Somos, creo, la ciudad del Estado que destina más dinero por habitante a limpieza",0,0.21
https://www.newtral.es/poblacion-andalucia-juanma-moreno/20220606/,madrid reduce la deuda publica en mas de 6000 euros por habitante,"“[...] Andalucía, que perdía entre 1.000 y 2.000 habitantes al año, ahora haya ganado 80.000 habitantes”",0,0.0033333333333333335
https://piaui.folha.uol.com.br/lupa/2019/01/25/doria-davos-artigo/,madrid reduce la deuda publica en mas de 6000 euros por habitante,"São Paulo já tem (...) 6,4 homicídios por 100 mil habitantes (...)",0,0.00922473449045647
https://lupa.uol.com.br/jornalismo/2019/01/25/doria-davos-artigo,madrid reduce la deuda publica en mas de 6000 euros por habitante,"São Paulo já tem (...) 6,4 homicídios por 100 mil habitantes (...)",0,0.005086727435782748
https://www.newtral.es/pablo-casado-muertos-habitante-coronavirus/20200613/,madrid reduce la deuda publica en mas de 6000 euros por habitante,[España tiene] la peor cifra de muertos por habitante del mundo,0,0.0033333333333333335
https://www.boatos.org/politica/mortos-votaram-em-lula-em-diversas-cidades-no-nordeste-do-brasil.html,madrid reduce la deuda publica en mas de 6000 euros por habitante,CIDADES QUE ATÉ OS MORTOS VOTARAM EM LULA. N.S. da Glória (Se) 3.053 habitantes. 4.615 votaram em Lula. Porto da Pedra: (Pe) 6.122 habitantes: 8.090 votaram em Lula. Poço das Antas(Pe) ,0,0.031928194525209445
https://factual.afp.com/doc.afp.com.327T6G9,de cada 100 euros de gasolina 57 son de pedro sanchez,"De cada 100 euros de gasolina, 57 son para Pedro Sánchez",1,0.9166666666666666
https://www.newtral.es/impuestos-gasolina-sanchez/20220401/,de cada 100 euros de gasolina 57 son de pedro sanchez,"De 100 euros que gastas en gasolina, 56 se los lleva Pedro Sánchez.",1,0.74
https://maldita.es/malditodato/20220328/afirmaciones-falsas-pp-impuestos-gasolina/,de cada 100 euros de gasolina 57 son de pedro sanchez,"De cada 100 euros que echas en gasolina, 57 se los lleva Sánchez",1,0.8966666666666666
https://www.newtral.es/impuestos-gasolina-gobierno-factcheck/20220325/,de cada 100 euros de gasolina 57 son de pedro sanchez,"“De cada 100€ que echas de gasolina, 57€ se los lleva Sánchez”",1,0.8766666666666667
https://maldita.es/malditobulo/20220309/subida-impuestos-pedro-sanchez-gasolina/,de cada 100 euros de gasolina 57 son de pedro sanchez,Sánchez anuncia una subida de impuestos a la gasolina y el gas de un 8%,0,0.0033333333333333335
https://poligrafo.sapo.pt/fact-check/e-verdade-que-por-cada-90-euros-de-gasolina-os-portugueses-pagam-56-euros-de-impostos,de cada 100 euros de gasolina 57 son de pedro sanchez,"É verdade que por cada 90 euros de gasolina, os portugueses pagam 56 euros de impostos?",0,0.09025132275132275
https://poligrafo.sapo.pt/fact-check/e-verdade-que-por-cada-10-euros-de-gasolina-95-que-abastece-62-euros-61-dizem-respeito-ao-isp,de cada 100 euros de gasolina 57 son de pedro sanchez,"É verdade que ""por cada 10 euros de Gasolina 95 que abastece 6,2 euros (61%) dizem respeito ao ISP""? (COM VÍDEO)",0,0.13
https://factual.afp.com/el-gobierno-espanol-no-preve-entregar-argentina-4500-millones-de-euros,de cada 100 euros de gasolina 57 son de pedro sanchez,El gobierno español de Pedro Sánchez promete al presidente de Argentina 4.500 millones de euros,0,0.0
https://www.aosfatos.org/noticias/imagem-falseia-dados-ao-comparar-preco-de-combustivel-sob-lula-dilma-e-bolsonaro/,de cada 100 euros de gasolina 57 son de pedro sanchez,"Lula: Gasolina R$ 2,08, Álcool R$ 1,28, Diesel R$ 1,57. Dilma: Gasolina R$ 2,49, Álcool R$ 1,35, Diesel R$ 1,99. Bolsonaro: Gasolina R$ 4,58, Álcool R$ 3,10, Diesel R$ 3,77.",0,0.04133333333333333
https://www.newtral.es/el-supuesto-tuit-de-pedro-sanchez-sobre-la-semana-santa-es-de-una-cuenta-parodia/20190417/,de cada 100 euros de gasolina 57 son de pedro sanchez,El tuit de Pedro Sánchez sobre la Semana Santa,0,0.0
https://www.newtral.es/terremoto-lorca-machista/20220624/,de cada 100 euros de gasolina 57 son de pedro sanchez,El Gobierno de Pedro Sánchez destina 60.500 euros para concluir que el terremoto de Lorca de 2011 fue machista.,0,0.0033333333333333335
https://www.newtral.es/bulo-pedro-sanchez-vacaciones-donana-marismillas/20200821/,de cada 100 euros de gasolina 57 son de pedro sanchez,Pedro Sánchez es el único presidente europeo que se ha ido de vacaciones,0,0.0033333333333333335
https://www.verificat.cat/fact-check/el-govern-de-pedro-sanchez-no-ha-apujat-ledat-de-jubilacio-als-66-anys-com-diu-toni-canto,de cada 100 euros de gasolina 57 son de pedro sanchez,El govern de Pedro Sánchez ha congelat el SMI,0,0.006666666666666667
https://factual.afp.com/el-tuit-viral-sobre-los-autonomos-no-fue-publicado-por-pedro-sanchez,de cada 100 euros de gasolina 57 son de pedro sanchez,"Pedro Sánchez tuiteó que subirá la cuota de autónomos de 288 euros a 433 y que el Gobierno español no dejará ""a nadie atrás""",0,0.006666666666666667
https://www.newtral.es/es-falso-que-un-cabo-de-la-legion-negara-el-saludo-a-pedro-sanchez-en-fitur/20200128/,de cada 100 euros de gasolina 57 son de pedro sanchez,Un cabo de la Legión niega el saludo a Pedro Sánchez en FITUR,0,0.0033333333333333335
https://www.newtral.es/bulo-pedro-sanchez-copas-restaurante-presidente-guatemala/20210422/,de cada 100 euros de gasolina 57 son de pedro sanchez,Cortan una calle para que Pedro Sánchez se vaya de copas,0,0.05
https://factual.afp.com/no-esta-fotografia-de-pedro-sanchez-no-fue-tomada-durante-el-incendio-de-gran-canaria,de cada 100 euros de gasolina 57 son de pedro sanchez,La foto de Pedro Sánchez durante los incendios de Gran Canaria,0,0.003467656376356771
https://maldita.es/malditobulo/20200425/pedro-sanchez-agradecido-aplausos-estado-alarma-coronavirus/,de cada 100 euros de gasolina 57 son de pedro sanchez,"Pedro Sánchez ha agradecido en su último discurso los aplausos ""que los españoles le dan cada día a las 20:00",0,0.01336996336996337
https://factual.afp.com/doc.afp.com.326Q3N2,de cada 100 euros de gasolina 57 son de pedro sanchez,La multa por fugarse de gasolinera sin pagar es de 156 euros en España,0,0.003586790762463757
https://www.newtral.es/pablo-casado-el-indice-de-produccion-industrial-ha-caido-un-10-durante-el-gobierno-de-pedro-sanchez/20190318/,de cada 100 euros de gasolina 57 son de pedro sanchez,El Índice de Producción Industrial ha caído un 10% durante el Gobierno de Pedro Sánchez,0,0.0033333333333333335
https://maldita.es/malditobulo/20201012/pedro-sanchez-puente-donana/,de cada 100 euros de gasolina 57 son de pedro sanchez,Pedro Sánchez ha pasado el puente del 12 de octubre en Doñana,0,0.0033333333333333335
https://www.newtral.es/fondos-europeos-feijoo-factcheck/20220321/,fondos next generation de cada 10 euros 7 se quedan en la administracion general del estado,"“[Sobre los fondos Next Generation] porque de cada diez euros, siete quedan en las manos de la Administración general del Estado”",1,0.9166666666666666
https://www.logically.ai/factchecks/all/331ae258,fondos next generation de cada 10 euros 7 se quedan en la administracion general del estado,The next five years could be a boom for renewable generation in the U.S.,0,0.04878678038379531
http://africacheck.org/fact-checks/reports/do-south-africas-civil-servants-get-r8-out-every-r10-government-spends,fondos next generation de cada 10 euros 7 se quedan en la administracion general del estado,R8 out of every R10 spent by government goes to salaries of civil servants,0,0.09058390544726003
https://chequeado.com/ultimas-noticias/milei-todas-las-empresas-del-estado-tienen-un-deficit-del-07-del-pbi/,fondos next generation de cada 10 euros 7 se quedan en la administracion general del estado,"Todas las empresas (del Estado) tienen un déficit del 0,7% del PBI",0,0.02045338410038131
https://factual.afp.com/la-compra-de-alimentos-para-donaciones-se-grava-con-iva-en-espana,fondos next generation de cada 10 euros 7 se quedan en la administracion general del estado,Lo último que hace el gobierno español: las donaciones al Banco de Alimentos se gravan con un 10% de IVA,0,0.011734047881045087
https://maldita.es/malditobulo/20220112/error-gobierno-entrada-vigor-presupuestos/,fondos next generation de cada 10 euros 7 se quedan en la administracion general del estado,Un error del Gobierno en la ley retrasa 20 días la entrada en vigor de los presupuestos generales del estado,0,0.0475
https://leadstories.com/hoax-alert/2020/07/fact-check-no-full-pension.html,fondos next generation de cada 10 euros 7 se quedan en la administracion general del estado,Members of Congress receive a full-pay retirement after serving one term,0,0.0
https://newsmobile.in/articles/2020/06/12/fact-check-post-about-govt-giving-rs-7500-to-each-citizen-untrue/,fondos next generation de cada 10 euros 7 se quedan en la administracion general del estado,"the Government is giving a ‘free’ relief fund of Rs 7,500 to each citizen",0,0.1033582089552239
https://www.newtral.es/aumento-deuda-publica-cuca-gamarra-factcheck/20220225/,fondos next generation de cada 10 euros 7 se quedan en la administracion general del estado,“Que estemos soportando una deuda que aumenta en nueve millones de euros cada hora que pasa”,0,0.0
https://demagog.org.pl/wypowiedzi/kontrole-podatkowe-w-polsce-jaka-jest-ich-skutecznosc/,fondos next generation de cada 10 euros 7 se quedan en la administracion general del estado,"Żyjemy w państwie, które wysyła 100 000 kontroli podatkowych rocznie, z których tylko ⅕ daje jakieś efekty",0,0.005613004467348383
https://pagellapolitica.it/fact-checking/quanto-guadagnano-i-dipendenti-di-bankitalia,fondos next generation de cada 10 euros 7 se quedan en la administracion general del estado,Bankitalia ha 7.000 dipendenti con uno stipendio medio di 85 mila euro all’anno,0,0.15421327320314526
https://factuel.afp.com/non-les-deputes-ne-beneficient-pas-dune-retraite-taux-plein-apres-six-mois-de-mandat,fondos next generation de cada 10 euros 7 se quedan en la administracion general del estado,Les députés ont droit à une retraite à taux plein après six mois de mandature,0,0.00688922824357216
https://demagog.org.pl/wypowiedzi/ile-wydajemy-na-onkologie/,fondos next generation de cada 10 euros 7 se quedan en la administracion general del estado,"W stosunku do tego, co było wydawane na onkologię, za czasów poprzednich rządów - 7 miliardów, dzisiaj jest 11.",0,0.09135786326488049
https://demagog.org.pl/wypowiedzi/jaka-czesc-budzetu-jest-przeznaczana-na-administracje-publiczna/,fondos next generation de cada 10 euros 7 se quedan en la administracion general del estado,Dzisiaj różnica wydatków na administrację publiczną w stosunku do roku 2015 sięga 1 800 000 000 złotych.,0,0.025214327746826543
https://chequeado.com/ultimas-noticias/werthein-sobre-la-herencia-economica-hoy-el-estado-tiene-la-responsabilidad-de-pagarle-a-diez-millones-de-personas-mas-que-en-el-2002/,fondos next generation de cada 10 euros 7 se quedan en la administracion general del estado,Hoy el Estado tiene la responsabilidad de pagarle a diez millones de personas más que en el 2002,0,0.006666666666666667
http://africacheck.org/fact-checks/reports/south-africas-post-coronavirus-budget-more-half-tax-revenue-goes-public-servant,fondos next generation de cada 10 euros 7 se quedan en la administracion general del estado,"Out of every R1 paid in taxes, 58 cents goes towards paying the salaries of public servants",0,0.01615666279995004
https://www.vishvasnews.com/english/politics/fact-check-government-is-not-giving-rs-7500-as-lockdown-relief-fund-the-viral-post-fake/,fondos next generation de cada 10 euros 7 se quedan en la administracion general del estado,government is providing a free relief fund of Rs 7500 to every citizen. ,0,0.01555325987144169
https://www.newtral.es/espana-nacion-mas-antigua-feijoo/20220316/,españa es la nacion mas antigua junto con francia,"[España] “es la nación más antigua del mundo, junto con Francia”",1,0.996
https://maldita.es/malditobulo/20200731/manifestacion-francia-nueva-normalidad/,españa es la nacion mas antigua junto con francia,Francia se rebela contra la nueva normalidad,0,0.006666666666666667
https://www.newtral.es/isabel-diaz-ayuso-espana-milenios-nacion/20220504/,españa es la nacion mas antigua junto con francia,“[España] una nación con dos milenios de historia”,0,0.08
https://www.newtral.es/fact-check-confinamiento-paises-espana-pp-egea/20210112/,españa es la nacion mas antigua junto con francia,“Fuimos los últimos en decretar el confinamiento en marzo”,0,0.01003257328990228
https://www.newtral.es/espana-mayor-creacion-empleo-europa-sanchez/20220310/,españa es la nacion mas antigua junto con francia,“España fue el país que más empleo creó en Europa en este último año”,0,0.0138476290097629
https://www.verificat.cat/fact-check/los-abortos-que-se-practican-en-la-red-privada-en-cataluna-no-son-el-90-sino-el-50,nueve de cada diez abortos en cataluña se hacen a traves de la privada,Nueve de cada diez abortos en Cataluña se hagan a través de la red privada,1,0.9733333333333334
https://www.newtral.es/aborto-clinicas-privadas-catalunya-factcheck/20220304/,nueve de cada diez abortos en cataluña se hacen a traves de la privada,“Nueve de cada diez abortos en Cataluña se hagan a través de la red privada”,1,0.9133333333333333
https://www.verificat.cat/es/fact-check/los-abortos-que-se-practican-en-la-red-privada-en-cataluna-no-son-el-90-sino-el-50,nueve de cada diez abortos en cataluña se hacen a traves de la privada,Nueve de cada diez abortos en Cataluña se hagan a través de la red privada,1,0.9066666666666666
https://www.verificat.cat/fact-check/els-avortaments-que-es-practiquen-a-la-xarxa-privada-a-catalunya-no-son-el-90-sino-el-50,nueve de cada diez abortos en cataluña se hacen a traves de la privada,Nou de cada deu avortaments a Catalunya es facin a través de la xarxa privada,1,0.92
https://www.verificat.cat/fact-check/el-castellano-no-dejara-de-ser-la-lengua-oficial-del-estado-espanol-con-la-ley-celaa,nueve de cada diez abortos en cataluña se hacen a traves de la privada,La nueva ley de educación hace que la única lengua franca de Catalunya sea el catalán,0,0.11333333333333333
https://www.verificat.cat/es/fact-check/el-castellano-no-dejara-de-ser-la-lengua-oficial-del-estado-espanol-con-la-ley-celaa,nueve de cada diez abortos en cataluña se hacen a traves de la privada,La nueva ley de educación hace que la única lengua franca de Catalunya sea el catalán,0,0.11666666666666667
https://chequeado.com/ultimas-noticias/vidal-en-los-ultimos-diez-anos-cada-vez-mas-familias-eligen-a-la-escuela-privada/,nueve de cada diez abortos en cataluña se hacen a traves de la privada,En los últimos diez años cada vez más familias eligen a la escuela privada,0,0.013466666666666667
https://www.newtral.es/privacion-material-severa-catal-una-alicia-romero-factcheck/20211126/,nueve de cada diez abortos en cataluña se hacen a traves de la privada,"""[En Cataluña] Privación material severa: 6,2, la más alta de España""",0,0.02361111111111111
https://www.newtral.es/catalanes-abandono-estudios-garriga-factcheck/20221001/,nueve de cada diez abortos en cataluña se hacen a traves de la privada,"""Cada año son más los catalanes que abandonan los estudios de forma prematura en Cataluña, un 15% en 2021""",0,0.03666666666666667
https://www.verificat.cat/fact-check/la-cifra-de-catalanes-que-abandonan-los-estudios-de-forma-prematura-es-la-mas-baja-del-siglo-aunque-ignacio-garriga-afirma-que-aumenta-cada-ano,nueve de cada diez abortos en cataluña se hacen a traves de la privada,"Cada año son más los catalanes que abandonan los estudios de forma prematura en Cataluña, un 15% en 2021",0,0.03333333333333333
https://maldita.es/malditobulo/20211125/huelga-metal-cadiz-alcalde-pp-arquillos/,nueve de cada diez abortos en cataluña se hacen a traves de la privada,Un manifestante de la huelga del metal de Cádiz diciendo que lo que los policías no han tenido valor de hacer en Cataluña lo están haciendo aquí,0,0.006679946879150066
https://www.newtral.es/residencias-privadas-tudanca-factcheck/20220211/,nueve de cada diez abortos en cataluña se hacen a traves de la privada,“Dos de cada tres plazas en Castilla y León en las residencias son privadas; se ha hecho negocio con la protección de nuestros mayores”,0,0.001595639294947973
https://maldita.es/malditobulo/20200929/municipios-cataluna-limite-incidencia-sanidad/,nueve de cada diez abortos en cataluña se hacen a traves de la privada,Más del 60% de los municipios de Cataluña tienen más de 500 casos por cada 100.000 habitantes,0,0.05694444444444444
https://maldita.es/malditobulo/20210409/estonia-comercializar-sello-apoyo-cataluna/,nueve de cada diez abortos en cataluña se hacen a traves de la privada,Sello de Estonia en apoyo a Cataluña: I love Catalonia,0,0.0100132802124834
https://www.verificat.cat/fact-check/garriga-diu-que-cada-any-son-mes-pero-la-xifra-de-catalans-que-abandonen-els-estudis-de-manera-prematura-es-la-mes-baixa-del-segle,nueve de cada diez abortos en cataluña se hacen a traves de la privada,"Cada any són més els catalans que abandonen els estudis de manera prematura a Catalunya, un 15% el 2021",0,0.004600272863811967
https://www.verificat.cat/fact-check/cataluna-no-lidera-la-creacion-de-empleo-es-la-septima-en-terminos-relativos,nueve de cada diez abortos en cataluña se hacen a traves de la privada,"""Hoy Cataluña está liderando la creación de puestos de trabajo""",0,0.0
https://www.newtral.es/cataluna-creacion-de-empleo-factcheck/20220221/,nueve de cada diez abortos en cataluña se hacen a traves de la privada,"""Hoy Cataluña está liderando la creación de puestos de trabajo""",0,0.006666666666666667
https://www.verificat.cat/es/fact-check/cataluna-no-lidera-la-creacion-de-empleo-es-la-septima-en-terminos-relativos,nueve de cada diez abortos en cataluña se hacen a traves de la privada,"""Hoy Cataluña está liderando la creación de puestos de trabajo""",0,0.0
https://www.newtral.es/este-video-no-muestra-a-infiltrados-saliendo-de-un-trailer-de-la-policia/20191022/,nueve de cada diez abortos en cataluña se hacen a traves de la privada,Infiltrados saliendo de un trailer de la Policía en Cataluña,0,1.3280212483399734e-05
https://www.newtral.es/cuota-autonomos-francia-garcia-egea-factcheck/20220208/,un autonomo paga el doble por trabajar en españa que en francia,“Un autónomo paga el doble por trabajar en España que en Francia”,1,0.99
https://www.newtral.es/factcheck-andalucia-autonomos-mayor-numero-juanma-moreno/20211005/,un autonomo paga el doble por trabajar en españa que en francia,"“Andalucía es la comunidad, superando a Cataluña, con más trabajadores autónomos de España”",0,0.10260850260850261
https://www.newtral.es/arrimadas-cuotas-autonomos-factcheck-2/20220826/,un autonomo paga el doble por trabajar en españa que en francia,"""Este decreto es un nuevo ataque a los autónomos. Y la muestra es que cada día que ha pasado desde que se aprobó este decretazo se han dado de baja como autónomos 350 personas en España""",0,0.03335483870967742
https://www.newtral.es/albert-rivera-por-primera-vez-en-espana-los-autonomos-van-a-tener-una-tarifa-plana-de-24-meses/20190302/,un autonomo paga el doble por trabajar en españa que en francia,Por primera vez en España los autónomos van a tener una tarifa plana de 24 meses,0,0.05333333333333334
https://factual.afp.com/doc.afp.com.9X37UH,un autonomo paga el doble por trabajar en españa que en francia,UGT y CCOO afirmaron que la subida de la cuota de autónomos en España prevista a partir del 2023 no es para tanto,0,0.03341880341880342
https://www.newtral.es/factcheck-pablo-casado-espanoles-trabajar-no-pueden/20200831/,un autonomo paga el doble por trabajar en españa que en francia,"""Hay siete millones de españoles que quieren trabajar y no pueden """,0,0.023819315538642492
https://factual.afp.com/ninguna-de-las-protestas-de-los-videos-esta-relacionada-la-pandemia-del-covid-19-en-francia,un autonomo paga el doble por trabajar en españa que en francia,Trabajadores se rebelan en Francia contra la plandemia de covid-19,0,0.003346613545816733
https://maldita.es/malditobulo/20221006/autonomo-impuesto-cuota-maria-1200/,un autonomo paga el doble por trabajar en españa que en francia,"María, autónoma en España, cobra 1200€ al mes",0,0.23
https://maldita.es/malditobulo/20220202/ugt-ccoo-subida-cuota-autonomos/,un autonomo paga el doble por trabajar en españa que en francia,UGT y CCOO aseguran que no es para tanto la subida de la cuota de los autónomos y que &quot;hay que pagar el estado del bienestar&quot;,0,0.0034630265631320546
https://www.newtral.es/pobreza-trabajo-cataluna-factcheck/20221008/,un autonomo paga el doble por trabajar en españa que en francia,"“Tenemos un 18% de gente que trabaja y, pese a trabajar, está en situación de pobreza”",0,0.016666666666666666
https://www.verificat.cat/fact-check/el-porcentaje-de-catalanes-que-trabaja-y-esta-en-situacion-de-pobreza-es-el-mas-bajo-de-los-ultimos-nueve-anos-y-no-esta-en-el-18-como-dice-albiach,un autonomo paga el doble por trabajar en españa que en francia,"Tenemos un 18% de gente que trabaja y, pese a trabajar, está en situación de pobreza",0,0.0
https://www.newtral.es/el-transportista-que-dice-llevar-material-sanitario-a-francia-porque-espana-no-lo-quiere-y-prefiere-lo-barato-muestra-en-el-video-paquetes-de-folios/20200331/,un autonomo paga el doble por trabajar en españa que en francia,El transportista que dice llevar material sanitario a Francia porque “España no lo quiere”,0,0.010106110463358811
https://www.newtral.es/lorena-roldan-los-catalanes-somos-los-que-pagamos-mas-irpf-en-el-tramo-autonomico/20190904/,un autonomo paga el doble por trabajar en españa que en francia,LLos catalanes somos los que pagamos más IRPF en el tramo autonómico,0,0.03333333333333333
https://chequeado.com/ultimas-noticias/prat-gay-trabajar-para-que-vivas-mejor/,un autonomo paga el doble por trabajar en españa que en francia,Trabajar para que vivas mejor,0,0.010202117311614517
https://www.newtral.es/tramo-autonomico-irpf-castilla-y-leon-alfonso-fernandez-manueco-2/20211209/,un autonomo paga el doble por trabajar en españa que en francia,"“Somos la segunda comunidad autónoma con el gravamen autonómico de IRPF más bajo de España, detrás de Madrid”",0,0.0034989895539805876
https://www.newtral.es/directores-salud-publica-consejeros-sanidad-ayuso/20211229/,un autonomo paga el doble por trabajar en españa que en francia,“No hay un solo Gobierno autonómico en España que no haya cambiado a toda su Consejería de Sanidad”,0,0.0
https://www.newtral.es/bulo-espana-doble-gasto-funcionarios-eeuu/20200831/,un autonomo paga el doble por trabajar en españa que en francia,España es un país del tamaño de Texas y con el doble de gasto en funcionarios que todo EEUU,0,0.057
https://www.newtral.es/mir-comunidad-madrid-isabel-diaz-ayuso/20211229/,seis de cada diez mir vienen a madrid,“Seis de cada 10 MIR están viniendo a Madrid”,1,0.89
https://www.newtral.es/latinoamerica-vacunas-espana-carolina-darias/20211013/,seis de cada diez mir vienen a madrid,“Nueve de cada 10 vacunas que llegan a Latinoamérica vienen de España”,0,1.3280212483399734e-05
https://chequeado.com/ultimas-noticias/ritondo-sobre-homicidios-vienen-bajando-todos-los-anos-el-indice-cada-100-mil-habitantes-es-casi-la-mitad-de-la-que-habia-en-2015/,seis de cada diez mir vienen a madrid,Vienen bajando todos los años. El índice cada 100 mil habitantes es casi la mitad del que había en 2015,0,0.0034910062005034073
https://www.newtral.es/rivera-hace-seis-meses-que-no-viene-a-una-sesion-de-control/20190911/,seis de cada diez mir vienen a madrid,Hace seis meses que no viene a una sesión de control,0,0.006666666666666667
https://www.newtral.es/bulo-test-pcr-farsa/20210202/,seis de cada diez mir vienen a madrid,Las PCR vienen con el resultado positivo o negativo y los médicos saben cual darle a cada persona,0,0.0033333333333333335
https://colombiacheck.com/chequeos/pruebas-pcr-no-vienen-marcadas-con-resultado-positivo-como-afirma-publicacion,seis de cada diez mir vienen a madrid,pruebas de pcr vienen marcadas,0,0.0
https://www.newtral.es/el-video-de-las-bolsas-de-cadaveres-en-el-suelo-no-esta-grabado-en-el-hospital-ramon-y-cajal-de-madrid/20200402/,seis de cada diez mir vienen a madrid,Bolsas de cadáveres en el suelo grabado en el Hospital Ramón y Cajal de Madrid,0,0.0033333333333333335
https://www.newtral.es/casado-en-los-ultimos-diez-anos-madrid-ha-abierto-12-hospitales-publicos/20200425/,seis de cada diez mir vienen a madrid,"""En los últimos diez años Madrid ha abierto 12 hospitales públicos""",0,0.01006594982078853
https://chequeado.com/ultimas-noticias/sola-sobre-el-presupuesto-2019-el-ano-que-viene-terminaria-con-seis-puntos-menos-de-pbi-per-capita-que-en-2015/,seis de cada diez mir vienen a madrid,El año que viene terminaría con seis puntos menos de PBI per cápita que en 2015,0,0.00017095307965347362
https://www.newtral.es/factcheck-poblacion-espana-ciudades-migue-angel-revilla/20210803/,seis de cada diez mir vienen a madrid,"“En Madrid, Barcelona, Valencia, Sevilla, donde en seis ciudades viven el 80% de los ciudadanos de España, y eso es un desastre”",0,0.02666666666666667
https://chequeado.com/ultimas-noticias/rodriguez-larreta-todos-los-delitos-en-la-ciudad-vienen-bajando/,seis de cada diez mir vienen a madrid,Todos los delitos en la Ciudad vienen bajando,0,0.0
https://poligrafo.sapo.pt/fact-check/video-mostra-luta-por-cadeiras-em-esplanada-de-madrid-no-primeiro-dia-de-desconfinamento,seis de cada diez mir vienen a madrid,Vídeo mostra luta por cadeiras em esplanada de Madrid no primeiro dia de desconfinamento?,0,0.016666666666666666
https://factual.afp.com/messi-estaba-viendo-un-gol-suyo-no-uno-de-suarez-con-el-atletico,seis de cada diez mir vienen a madrid,"Mientras entrena, Messi mira un gol de Suárez con el Atlético de Madrid",0,0.0033333333333333335
https://factual.afp.com/el-escudo-del-real-madrid-fue-anadido-la-foto-del-arbitro-aleman-tobias-stieler,seis de cada diez mir vienen a madrid,El árbitro del Real Madrid-Atalanta Tobias Stieler posa con una camiseta del Real Madrid,0,0.006666666666666667
https://chequeado.com/ultimas-noticias/urtubey-salta-viene-creciendo-facil-un-punto-y-medio-por-arriba-de-la-media-nacional-en-los-ultimos-diez-anos/,seis de cada diez mir vienen a madrid,Salta viene creciendo fácil un punto y medio por arriba de la media nacional en los últimos diez años,0,0.0033333333333333335
https://factual.afp.com/si-es-autentico-este-video-del-opositor-venezolano-juan-guaido-en-su-visita-madrid,seis de cada diez mir vienen a madrid,Video de Juan Guaidó en Madrid,0,0.006679946879150066
https://www.verificat.cat/es/fact-check/cataluna-ha-frenado-la-instalacion-de-molinos-eolicos-pero-no-se-ha-puesto-solo-uno-en-10-anos-como-dice-illa,seis de cada diez mir vienen a madrid,"Llevamos diez años, un único molino de viento",0,0.013506944444444443
https://www.newtral.es/cataluna-energia-eolica-factcheck/20220318/,seis de cada diez mir vienen a madrid,"“Llevamos diez años, un único molino de viento”",0,0.0033333333333333335
https://www.verificat.cat/fact-check/cataluna-ha-frenado-la-instalacion-de-molinos-eolicos-pero-no-se-ha-puesto-solo-uno-en-10-anos-como-dice-illa,seis de cada diez mir vienen a madrid,"Llevamos diez años, un único molino de viento",0,0.00029465394165114836
https://www.newtral.es/este-video-no-es-de-la-tormenta-que-cayo-sobre-arganda-del-rey-madrid/20190830/,seis de cada diez mir vienen a madrid,Vídeo de la tormenta que cayó sobre Arganda del Rey (Madrid),0,0.0
https://www.newtral.es/el-falso-cartel-sobre-ayudas-a-la-vivienda-de-la-comunidad-de-madrid/20190313/,seis de cada diez mir vienen a madrid,El cartel sobre ayudas a la vivienda de la Comunidad de Madrid,0,0.013333333333333334
https://maldita.es/malditobulo/20210510/rey-felipe-vi-madrid-ha-sido-una-liberacion-pedro-sanchez/,seis de cada diez mir vienen a madrid,"El rey Felipe VI dice que ""Madrid ha sido una liberación""",0,0.03015873015873016
https://comprovem.afp.com/les-goteres-van-ser-gravades-en-un-hospital-de-burgos-no-pas-lhospital-zendal-de-madrid,seis de cada diez mir vienen a madrid,"Vídeo de goteres a l'Hospital Zendal de Madrid, després que s'inaugurés per la presidenta de la Comunitat de Madrid, Isabel Díaz Ayuso",0,0.0
https://www.newtral.es/galicia-menor-mortalidad-covid-nunez-feijoo/20211222/,galicia la comunidad con menor tasa de mortalidad,"“Estás en la comunidad autónoma con la menor mortalidad por el virus desde que empezó la pandemia casi hace dos años, con la menor mortalidad por 100.000 habitantes”",1,0.8333333333333334
https://www.newtral.es/alberto-nunez-feijoo-galicia-paso-a-ser-la-comunidad-autonoma-que-menos-se-endeudo-durante-los-ultimos-11-anos/20200304/,galicia la comunidad con menor tasa de mortalidad,Galicia pasó a ser la comunidad autónoma que menos se endeudó durante los últimos 11 años,0,0.06666666666666667
https://chequeado.com/ultimas-noticias/urtubey-la-tasa-de-mortalidad-infantil-que-de-un-15-por-mil-cayo-a-125-por-mil/,galicia la comunidad con menor tasa de mortalidad,"La tasa de mortalidad infantil, de un 15 por mil cayó a 12,5 por mil",0,0.053440308795147495
https://www.fastcheck.cl/2021/03/11/antofagasta-es-la-region-con-la-tasa-de-mortalidad-por-cancer-mas-alta-del-pais-real/,galicia la comunidad con menor tasa de mortalidad,ANTOFAGASTA ES LA REGIÓN CON LA TASA DE MORTALIDAD POR CÁNCER MÁS ALTA DEL PAÍS,0,0.03727272727272727
https://www.newtral.es/escuelas-infantil-gratis-comunidades-alfonso-rueda-factcheck/20220908/,galicia la comunidad con menor tasa de mortalidad,“Galicia es desde hoy la única comunidad de España en la que la educación infantil de cero a tres años es gratuita para todos los niños” ,0,0.03666666666666667
https://chequeado.com/ultimas-noticias/capitanich-washington-dc-tiene-mas-tasa-de-mortalidad-infantil-que-la-argentina/,galicia la comunidad con menor tasa de mortalidad,Washington D.C. tiene más tasa de mortalidad infantil que la Argentina,0,0.0
https://www.newtral.es/factcheck-feijoo-vox-galicia-concejal-diputado-pp/20210708/,galicia la comunidad con menor tasa de mortalidad,"“Vox no consiguió ni un solo diputado en la Comunidad Autónoma donde gobierno (Galicia), Vox no tiene un solo concejal en ningún Ayuntamiento de los 313”",0,0.0033333333333333335
https://observador.pt/factchecks/fact-check-estamos-perante-a-maior-mortalidade-de-sempre-em-portugal/,galicia la comunidad con menor tasa de mortalidad,"Maior mortalidade de sempre, 10000. Maior número mortalidade grávidas!",0,0.02673469387755102
https://chequeado.com/ultimas-noticias/vidal-la-tasa-de-mortalidad-infantil-de-2018-es-la-mas-baja-registrada-en-la-historia-de-la-provincia/,galicia la comunidad con menor tasa de mortalidad,La tasa de mortalidad infantil de 2018 es la más baja registrada en la historia de la Provincia,0,0.06002150537634409
https://www.newtral.es/bulo-exceso-mortalidad-coronavirus/20201027/,galicia la comunidad con menor tasa de mortalidad,La COVID-19 no ha causado exceso de mortalidad,0,0.013333333333333334
https://www.univision.com/noticias/trump-engana-sobre-las-razones-de-la-disminucion-en-la-tasa-de-letalidad-de-la-covid-19,galicia la comunidad con menor tasa de mortalidad,"Mediante terapias innovadoras, redujimos la tasa de mortalidad en un 85% desde abril y estamos cerca de una cura",0,0.050516558323751376
https://www.newtral.es/isabel-diaz-ayuso-madrid-es-la-comunidad-con-menos-deuda-de-espana/20190926/,galicia la comunidad con menor tasa de mortalidad,Madrid es la comunidad con menos deuda de España,0,0.03333333333333333
https://politica.estadao.com.br/blogs/estadao-verifica/vacinacao-taxa-mortalidade-alessandro-loiola/,galicia la comunidad con menor tasa de mortalidad,Vacinação em massa ampliou a taxa de mortalidade por covid,0,0.01
https://www.factcheck.org/es/2021/12/scicheck-publicacion-saca-conclusiones-prematuras-sobre-la-gravedad-de-la-variante-omicron-del-covid-19/,galicia la comunidad con menor tasa de mortalidad,"""Por supuesto, la toxicidad del COVID-ómicron es 5 veces mayor que la de la variante delta y la tasa de mortalidad también es mayor que la de delta"".",0,0.0
https://chequeado.com/ultimas-noticias/scioli-aumento-la-mortalidad-infantil-en-la-ciudad/,galicia la comunidad con menor tasa de mortalidad,Aumentó la mortalidad infantil en la Ciudad,0,0.0033333333333333335
https://chequeado.com/ultimas-noticias/anibal-fernandez-en-la-ciudad-aumento-la-mortalidad-infantil/,galicia la comunidad con menor tasa de mortalidad,[En la Ciudad] aumentó la mortalidad infantil,0,0.0033333333333333335
https://chequeado.com/ultimas-noticias/vizzotti-la-ciudad-es-la-que-tiene-mas-incidencia-de-casos-y-mortalidad/,galicia la comunidad con menor tasa de mortalidad,La Ciudad es la que tiene más incidencia de casos y mortalidad,0,0.0
https://maldita.es/malditaciencia/20210916/manuel-aparicio-cds-dioxido-cloro-covid-19-bolivia/,galicia la comunidad con menor tasa de mortalidad,Bolivia sin casos. El CDS remplazó a la vacuna contra la COVID-19. 900% menos mortalidad que otros países.,0,0.003346613545816733
https://chequeado.com/ultimas-noticias/gerardo-morales-bajamos-el-indice-de-mortalidad-infantil/,galicia la comunidad con menor tasa de mortalidad,Bajamos el índice de mortalidad infantil,0,0.016878299375995227
https://www.newtral.es/factcheck-casado-desahucios-sanchez-vivienda-psoe/20211006/,en el gobierno de sanchez ha habido mas desahucios de la historia,"“La gente está preocupada porque hay más desahucios, cuando prometió Sánchez que iba a haber vivienda para todos”",1,0.89
https://www.newtral.es/lanzamientos-desahucios-escudo-social-gobierno/20201031/,en el gobierno de sanchez ha habido mas desahucios de la historia,“Son ya más de 11.000 desahucios de enero a junio de este año”,0,0.4633333333333333
https://www.newtral.es/tres-anos-mitad-ejecuciones-hipotecarias-72-300-desahucios-sanchez-casado/20210608/,en el gobierno de sanchez ha habido mas desahucios de la historia,"“Solo en tres meses ha habido más de 10.000 (desahucios), un 13% más que el año pasado. 72.300 ejecuciones hipotecarias de viviendas en tres años”",0,0.09033333333333333
https://chequeado.com/ultimas-noticias/cristina-fernandez-somos-el-gobierno-que-mas-viviendas-construyo-en-la-historia-de-la-argentina/,en el gobierno de sanchez ha habido mas desahucios de la historia,Somos el Gobierno que más viviendas construyó en la historia de la Argentina,0,0.02666666666666667
https://www.newtral.es/casado-el-pp-en-toda-su-historia-de-gobierno-ha-creado-8-millones-de-empleos/20190219/,en el gobierno de sanchez ha habido mas desahucios de la historia,“El PP en toda su historia de gobierno ha creado 8 millones de empleos”,0,0.03666666666666667
https://www.newtral.es/fact-check-pedro-sanchez-desahucios-prohibidos/20201126/,en el gobierno de sanchez ha habido mas desahucios de la historia,Los desahucios están prohibidos hasta el 31 de enero del próximo año,0,0.06333333333333334
https://www.newtral.es/rufian-en-espana-se-han-producido-800-000-desahucios-en-los-ultimos-diez-anos/20190723/,en el gobierno de sanchez ha habido mas desahucios de la historia,En España se han producido 800.000 desahucios en los últimos diez años,0,0.18
https://www.newtral.es/pablo-casado-desde-que-gobierna-sanchez-hay-21-000-autonomos-menos/20190422/,en el gobierno de sanchez ha habido mas desahucios de la historia,Desde que gobierna Sánchez hay 21.000 autónomos menos,0,0.07764481789008466
https://www.newtral.es/factcheck-sube-edad-jubilacion-pensiones-66-toni-canto/20210109/,en el gobierno de sanchez ha habido mas desahucios de la historia,"""El Gobierno de Pedro Sánchez ha subido, desde este 1 de enero, la edad de jubilación a los 66 años""",0,0.003504286412986807
https://www.newtral.es/factcheck-ines-arrimadadas-prestacion-hijo-a-cargo/20210529/,en el gobierno de sanchez ha habido mas desahucios de la historia,"""¿Y qué hace el Gobierno de Sánchez? Pues eliminar prestación por hijo a cargo""",0,0.010021505376344086
https://www.newtral.es/fact-check-decreto-fondos-europeos-vox-artadi/20210414/,en el gobierno de sanchez ha habido mas desahucios de la historia,"“Un real decreto ley [de los fondos europeos] que tuvo que pasar el Gobierno español, el Gobierno más progresista de la historia, con el único voto favorable de Vox”",0,0.0
https://www.newtral.es/renovacion-consejo-de-estado-pablo-casado-factcheck/20220218/,en el gobierno de sanchez ha habido mas desahucios de la historia,[A Pedro Sánchez] “Renovó el Consejo de Estado sin acuerdo por primera vez en la historia”,0,1.3280212483399734e-05
https://www.newtral.es/viaje-oficial-marruecos-presidentes-espana/20210826/,en el gobierno de sanchez ha habido mas desahucios de la historia,“Todos los presidentes del Gobierno de España lo primero que hacen es visitar Marruecos. Todos menos Sánchez”,0,0.0
https://maldita.es/malditobulo/20200502/camioneros-protesta-ourense-contra-gobierno-pedro-homenaje-sanitarios/,en el gobierno de sanchez ha habido mas desahucios de la historia,Camioneros en Ourense han pitado y protestado contra el Gobierno de Pedro Sánchez.,0,0.0033832435824467694
https://www.newtral.es/empleo-publico-pp-hector-gomez/20220527/,en el gobierno de sanchez ha habido mas desahucios de la historia,"“Con el anterior Gobierno del PP, las plazas de empleo público se desplomaron. Ahora, con el Gobierno de Pedro Sánchez se consiguen 29.578 plazas nuevas”",0,0.003474164566224896
https://www.newtral.es/pablo-casado-el-indice-de-produccion-industrial-ha-caido-un-10-durante-el-gobierno-de-pedro-sanchez/20190318/,en el gobierno de sanchez ha habido mas desahucios de la historia,El Índice de Producción Industrial ha caído un 10% durante el Gobierno de Pedro Sánchez,0,0.046703296703296704
https://maldita.es/malditobulo/20200426/gobierno-error-3000-euros-tarjeta-solidaria-gitanos-compra-mercadona/,en el gobierno de sanchez ha habido mas desahucios de la historia,VIDEO | Gitanos mercadona,0,0.003492063492063492
https://www.newtral.es/teodoro-garcia-egea-porque-pedro-sanchez-no-ha-sido-capaz-de-sacar-unos-presupuestos-por-primera-vez-en-la-historia/20190816/,en el gobierno de sanchez ha habido mas desahucios de la historia,"""Porque [Pedro Sánchez] no ha sido capaz de sacar unos presupuestos por primera vez en la historia""",0,0.006703296703296703
https://maldita.es/malditobulo/20201104/felipe-gonzalez-gobierno-esta-robando/,en el gobierno de sanchez ha habido mas desahucios de la historia,El Gobierno está robando y hay que pararlo. Felipe González explota contra Pedro Sánchez,0,0.0033333333333333335
https://factual.afp.com/el-informativo-de-la-television-publica-de-polonia-hablo-de-dictadura-lgtb-en-espana,la television publica polaca hablo de dictadura en españa,La televisión pública polaca dice que España vive bajo una dictadura,1,0.9933333333333333
https://chequeado.com/ultimas-noticias/duhalde-solo-la-dictadura-uso-el-canal-del-estado-para-hacer-publicidad-oficial/,la television publica polaca hablo de dictadura en españa,Sólo la dictadura usó el canal del Estado para hacer publicidad oficial,0,0.013418803418803419
https://maldita.es/malditobulo/20210713/video-manifestacion-cuba-celebracion-copa-america-buenos-aires-argentina/,la television publica polaca hablo de dictadura en españa,Vídeo de una manifestación en contra del Gobierno en Cuba,0,0.020036630036630036
https://facta.news/fuori-contesto/2021/07/21/questo-video-non-mostra-manifestazioni-antigovernative-a-cuba-ma-una-protesta-ad-haiti-nel-2019/,la television publica polaca hablo de dictadura en españa,Il video mostra le manifestazioni antigovernative a Cuba,0,0.033783418601600425
https://www.aosfatos.org/noticias/na-tv-bolsonaro-nega-fatos-que-mostram-que-houve-ditadura-no-brasil/,la television publica polaca hablo de dictadura en españa,O período militar não foi ditadura.,0,0.08414772727272728
https://www.boatos.org/mundo/video-mostra-policiais-cuba-atirando-povo-durante-manifestacao.html,la television publica polaca hablo de dictadura en españa,Assassinos em Cuba atirando no povo desarmado. Esse é o governo apoiado por vários partidos do Brasil. Tem muita gente que chama o presidente do Brasil e que apoia a Ditadura Comunista.,0,0.03088616793906429
https://www.aosfatos.org/noticias/checagens-do-debate-da-tv-globo-com-os-candidatos-presidencia-da-republica/,la television publica polaca hablo de dictadura en españa,32 milhões [de pessoas] para viver de bico.,0,0.022318295739348373
https://factcheck.afp.com/doc.afp.com.32E83YC,la television publica polaca hablo de dictadura en españa,Media hid clip of Marcos telling military not to shoot at protesters,0,0.01954698755613637
https://factcheck.afp.com/doc.afp.com.9YD3LP,la television publica polaca hablo de dictadura en españa,Video shows Pakistani politicians brawling on TV,0,0.013979017539243804
https://oko.press/wypowiedzi/kurski-narod-odzyskal-telewizje/,la television publica polaca hablo de dictadura en españa,"Naród, w znaczeniu większościowej wspólnoty politycznej, odzyskał telewizję publiczną",0,0.010389993647322638
https://factual.afp.com/doc.afp.com.327T63K,la television publica polaca hablo de dictadura en españa,Periodista ucraniana interrumpe noticiero en televisión,0,0.03039882060831781
https://facta.news/fuori-contesto/2021/07/22/questo-video-non-mostra-proteste-a-cuba-ma-i-festeggiamenti-in-argentina-per-la-coppa-america/,la television publica polaca hablo de dictadura en españa,Il video mostra le proteste a Cuba,0,0.023972870726536418
https://www.aosfatos.org/noticias/homem-agredido-por-lojistas-em-video-nao-e-eduardo-bolsonaro/,la television publica polaca hablo de dictadura en españa,Vídeo mostra Eduardo Bolsonaro apanhando de população,0,0.016691542288557213
https://oko.press/debunking/czy-kuba-rozpruwacz-byl-polakiem/,la television publica polaca hablo de dictadura en españa,"Czy Kuba Rozpruwacz, tajemniczy brutalny morderca kobiet grasujący w Londynie w 1888 roku, był imigrantem z Polski?",0,0.0033659066232356134
https://colombiacheck.com/index.php/chequeos/este-video-no-es-de-protestas-en-cuba-sino-de-la-celebracion-por-la-copa-america-en,la television publica polaca hablo de dictadura en españa,Video muestra las manifestaciones en Cuba,0,0.004134323043023437
https://colombiacheck.com/chequeos/este-video-no-es-de-protestas-en-cuba-sino-de-la-celebracion-por-la-copa-america-en,la television publica polaca hablo de dictadura en españa,Video muestra las manifestaciones en Cuba,0,0.003467656376356771
https://www.boomlive.in/world/fake-news-protests-in-cuba-argentina-football-fans-copa-america-13983,la television publica polaca hablo de dictadura en españa,Video shows people protesting against the Cuban regime.,0,0.05352380952380952
https://noticias.uol.com.br/confere/ultimas-noticias/2018/10/03/debate-globo-candidatos-governo-sp-erros-acertos-discursos-saude-educacao.htm,la television publica polaca hablo de dictadura en españa,Debate dos candidatos ao governo de SP na TV Globo,0,0.015858441710116578
https://factual.afp.com/la-ministra-de-exteriores-no-ha-afirmado-que-en-espana-existan-presos-politicos,ministra de exteriores afirma que en españa hay presos politicos,"La ministra de Exteriores dijo que en España hay ""presos políticos""",1,0.9733333333333334
https://comprovem.afp.com/la-ministra-dafers-exteriors-no-ha-afirmat-que-espanya-hi-hagi-presos-politics,ministra de exteriores afirma que en españa hay presos politicos,"La ministra d'Afers Exteriors Arancha González Laya va dir que a Espanya hi ha ""presos polítics""",1,0.98
https://factual.afp.com/las-fotos-que-senalan-un-policia-infiltrado-en-las-manifestaciones-por-hasel-circulan-desde-2018,ministra de exteriores afirma que en españa hay presos politicos,Policía infiltrado en las manifestaciones tras el encarcelamiento de Pablo Hasél en España,0,0.003368118922160819
https://www.metropoles.com/distrito-federal/eleicoes-2022-df/e-verdadeiro-que-ministra-mandou-retirar-outdoors-pro-bolsonaro-do-df,ministra de exteriores afirma que en españa hay presos politicos,"afirmação de que a ministra Cármen Lúcia, do Tribunal Superior Eleitoral (TSE), determinou a retirada dos outdoors de apoio ao presidente Jair Bolsonaro (PL) das ruas do Distrito Federal.",0,0.02339968838688515
https://dpa-factchecking.com/netherlands/220322-99-628591/,ministra de exteriores afirma que en españa hay presos politicos,"Amnesty-posters met politieke gevangenen Willem Engel, Huig Plug, Eline van 't N. en fakkelkneus.",0,0.0034917923461362612
https://dpa-factchecking.com/netherlands/220322-99-628591,ministra de exteriores afirma que en españa hay presos politicos,"Amnesty-posters met politieke gevangenen Willem Engel, Huig Plug, Eline van 't N. en fakkelkneus.",0,0.016825396825396823
https://demagog.org.pl/wypowiedzi/interwencje-bylego-ministra-w-sprawie-polskich-obozow-smierci/,ministra de exteriores afirma que en españa hay presos politicos,– Kierował pan MSZ-em. Często musiał pan interweniować w sprawie polskich obozów? – Około tysiąca razy w ciągu moich 7 lat.,0,0.0033907822451261604
https://noticias.uol.com.br/confere/ultimas-noticias/2019/10/09/janot-nao-denunciou-ministros-do-stf-nem-disse-que-eles-seriam-presos.htm,ministra de exteriores afirma que en españa hay presos politicos,Janot disse que denunciaria ministros do STF e que eles seriam presos,0,0.011421297394349852
https://checamos.afp.com/protesto-da-policia-francesa-contra-declaracoes-do-ministro-do-interior-e-tirado-de-contexto,ministra de exteriores afirma que en españa hay presos politicos,"Na França, policiais militares e civis decidem ficar ao lado da população, e não irão fechar comércios e recolher mercadorias de cidadãos em meio à pandemia de covid-19",0,0.007008366565016812
https://factual.afp.com/http%253A%252F%252Fdoc.afp.com%252F9LE9VC-1,ministra de exteriores afirma que en españa hay presos politicos,La ministra Karen Abudinen dijo que la Procuraduría está de su lado,0,0.030173611111111113
https://factual.afp.com/doc.afp.com.32EU2V6,ministra de exteriores afirma que en españa hay presos politicos,La ministra de Igualdad española Irene Montero posó junto a un narcotraficante colombiano,0,0.003454376163873371
https://www.bufale.net/prima-ministra-neozelandese-contro-la-liberta-despressione-serve-censura-globale-ma-e-solo-un-titolo-ad-effetto/,ministra de exteriores afirma que en españa hay presos politicos,"La prima ministra neozelandese Jacinda Ardern vuole imporre una ""censura globale"" contro la libertà di espressione",0,0.00010101010101010101
https://noticias.uol.com.br/confere/ultimas-noticias/2019/03/19/ministra-damares-nao-cancelou-pagamento-a-anistiados-politicos.htm,ministra de exteriores afirma que en españa hay presos politicos,Ministra Damares cancelou pagamento a anistiados políticos,0,0.014195156695156695
https://www.bol.uol.com.br/noticias/2019/03/19/ministra-damares-nao-cancelou-pagamento-a-anistiados-politicos.htm,ministra de exteriores afirma que en españa hay presos politicos,Ministra Damares cancelou pagamento a anistiados políticos,0,0.017613960113960114
https://politica.estadao.com.br/blogs/estadao-verifica/alexandre-moraes-prende-deputado-sanderson/,ministra de exteriores afirma que en españa hay presos politicos,"Alexandre de Moraes manda PF prender Policial Federal deputado, após criticas ao ministro",0,0.00869440527861697
https://www.newtral.es/la-onu-no-ha-pedido-a-espana-la-liberacion-de-los-presos-politicos/20191023/,ministra de exteriores afirma que en españa hay presos politicos,La ONU ha pedido a España la liberación de los presos políticos tras la sentencia,0,0.15366666666666667
https://www.newtral.es/es-falso-que-colau-haya-dicho-o-ponen-en-libertad-a-nuestros-presos-politicos-o-destrozaremos-a-espana-y-a-los-espanoles/20191008/,ministra de exteriores afirma que en españa hay presos politicos,O ponen en libertad a nuestros presos políticos o destrozaremos a España y a los españoles,0,0.15
https://factual.afp.com/http%253A%252F%252Fdoc.afp.com%252F9T778G-1,rodriguez zapatero abucheado en venezuela 2021,Rodríguez Zapatero fue abucheado en noviembre de 2021 en Venezuela,1,1.0
https://www.newtral.es/ana-pastor-jose-luis-rodriguez-zapatero-congelo-las-pensiones/20191108/,rodriguez zapatero abucheado en venezuela 2021,José Luis Rodríguez Zapatero congeló las pensiones,0,0.006703296703296703
https://www.newtral.es/bulo-fiesta-casa-zapatero-fiesta-coronavirus/20201004/,rodriguez zapatero abucheado en venezuela 2021,La casa de José Luis Rodríguez Zapatero ha sido desalojada por una fiesta con 200 personas,0,0.027037970804868684
https://maldita.es/malditobulo/20201005/fiesta-aravaca-200-personas-chalet-zapatero-psoe-desalojada-policia-nacional-madrid/,rodriguez zapatero abucheado en venezuela 2021,El chalet donde se realizó una fiesta de 200 personas en Aravaca es de José Luis Rodríguez Zapatero,0,0.0034989895539805876
https://factual.afp.com/delcy-rodriguez-no-dijo-que-venezuela-firmo-un-convenio-con-el-nuevo-coronavirus-es-un-montaje,rodriguez zapatero abucheado en venezuela 2021,Delcy Rodríguez dijo que Venezuela hizo un convenio con el nuevo coronavirus,0,0.006666666666666667
https://www.newtral.es/bulo-video-manipulado-delcy-rodriguez-coronavirus/20201125/,rodriguez zapatero abucheado en venezuela 2021,"La vicepresidenta de Venezuela, Delcy Rodríguez, ha dicho en un vídeo que se va a ""pausar"" la COVID-19 en su país",0,0.01
https://www.verificat.cat/fact-check/el-juez-inhabilitado-que-acusa-magistrados-de-tener-cuentas-en-paraisos-fiscales-lo-hace-sin-pruebas-y-esta-investigado-por-calumnias,rodriguez zapatero abucheado en venezuela 2021,"“El juzgado de instrucción n.º 1 de Madrid imputa, incoa Diligencias Penales, contra José Luis Rodríguez Zapatero, Dolores Delgado Garcia, el juez Joaquín Elías Gadea Francés, Yolanda Rodríguez Vidales y Emilio Miró Rodríguez, por presunto delito de fraude fiscal y otros”",0,0.0
https://www.verificat.cat/es/fact-check/el-juez-inhabilitado-que-acusa-magistrados-de-tener-cuentas-en-paraisos-fiscales-lo-hace-sin-pruebas-y-esta-investigado-por-calumnias,rodriguez zapatero abucheado en venezuela 2021,"“El juzgado de instrucción n.º 1 de Madrid imputa, incoa Diligencias Penales, contra José Luis Rodríguez Zapatero, Dolores Delgado Garcia, el juez Joaquín Elías Gadea Francés, Yolanda Rodríguez Vidales y Emilio Miró Rodríguez, por presunto delito de fraude fiscal y otros”",0,0.0033659066232356134
https://efectococuyo.com/cocuyo-chequea/nicolas-maduro-abucheado-enganoso/,rodriguez zapatero abucheado en venezuela 2021,Nicolás Maduro fue abucheado recientemente en México,0,0.14333333333333334
https://www.newtral.es/zapatero-abucheado-venezuela-elecciones/20211123/,rodriguez zapatero abucheado en venezuela 2021,"Venezuela #21Nov. Ciudadanos de Chacao (Caracas) corrieron al expresidente de España, Zapatero, a punta de objetos y gritos.",1,0.9033333333333333
https://www.newtral.es/zapatero-imputado-dolores-delgado-audiencia-nacional-acodap-bulo/20220418/,rodriguez zapatero abucheado en venezuela 2021,José Luis Rodríguez Zapatero y Dolores Delgado han sido imputados por la Audiencia Nacional por fraude fiscal y blanqueo de capitales,0,0.013333333333333334
https://checamos.afp.com/delcy-rodriguez-nao-disse-que-venezuela-firmou-um-convenio-com-o-coronavirus-e-uma-montagem,rodriguez zapatero abucheado en venezuela 2021,"A vice-presidente da Venezuela, Delcy Rodríguez, disse que seu governo firmou um ""convênio"" com o novo coronavírus",0,0.020312922812922813
https://www.verificat.cat/fact-check/el-jutge-inhabilitat-que-acusa-magistrats-de-tenir-comptes-en-paradisos-fiscals-ho-fa-sense-proves-i-esta-investigat-per-calumnies,rodriguez zapatero abucheado en venezuela 2021,"“El jutjat d'instrucció núm. 1 de Madrid imputa, incoa Diligències Penals, contra José Luis Rodríguez Zapatero, Dolores Delgado Garcia, el jutge Joaquín Elías Gadea Francés, Yolanda Rodríguez Vidales i Emilio Miró Rodríguez, per presumpte delicte de frau fiscal i altres”",0,0.00030303030303030303
https://factual.afp.com/doc.afp.com.32C63WD,rodriguez zapatero abucheado en venezuela 2021,Candidato de Morena en México llega en helicóptero y es abucheado al votar,0,0.003467656376356771
https://piaui.folha.uol.com.br/lupa/2021/10/21/video-mostra-propriedades-danificadas-colombia/,rodriguez zapatero abucheado en venezuela 2021,Esta é a Venezuela de 2021,0,0.09120755225012894
https://lupa.uol.com.br/jornalismo/2021/10/21/video-mostra-propriedades-danificadas-colombia,rodriguez zapatero abucheado en venezuela 2021,Esta é a Venezuela de 2021,0,0.12791084895342564
https://factual.afp.com/doc.afp.com.328N9R2,rodriguez zapatero abucheado en venezuela 2021,El expresidente español José Luis Rodríguez Zapatero y la fiscal general Dolores Delgado han sido imputados por blanqueo de capitales y fraude fiscal,0,0.0
https://www.boatos.org/mundo/delcy-rodriguez-diz-maduro-fez-acordo-coronavirus-venezuela.html,rodriguez zapatero abucheado en venezuela 2021,"Delcy Rodríguez, vice-presidente da Venezuela, informou que o presidente Nicolás Maduro firmou um decreto pausando o vírus por uma semana",0,0.00027306760625412903
https://observador.pt/factchecks/fact-check-video-mostra-ruas-destruidas-na-venezuela-de-2021/,rodriguez zapatero abucheado en venezuela 2021,"""Esta é a Venezuela de 2021. Fica aí a dica para 2022.""",0,0.016764295676429567
https://verifica.efe.com/zapatero-delgado-no-imputados-audiencia-nacional-evasion-fraude-fiscal/,rodriguez zapatero abucheado en venezuela 2021,"La Audiencia Nacional ha imputado al expresidente del Gobierno español José Luis Rodríguez Zapatero y a la fiscal general del Estado, Dolores Delgado, por blanqueo de capitales, evasión y fraude fiscal.",0,0.0033659066232356134
https://factual.afp.com/http%253A%252F%252Fdoc.afp.com%252F9UE978-1,portada revista time bolsonaro persona del año,Jair Bolsonaro aparece en la portada de la revista Time como persona del año,1,0.9566666666666667
https://noticias.uol.com.br/confere/ultimas-noticias/2018/12/14/bolsonaro-nao-foi-eleito-personalidade-do-ano-pela-revista-time.htm,portada revista time bolsonaro persona del año,"Bolsonaro foi eleito Personalidade do Ano pela revista ""Time""",1,0.94
https://checamos.afp.com/http%253A%252F%252Fdoc.afp.com%252F9UC9L9-1,portada revista time bolsonaro persona del año,Jair Bolsonaro na Times como personalidade do ano,1,0.98
https://politica.estadao.com.br/blogs/estadao-verifica/bolsonaro-personalidade-ano-time/,portada revista time bolsonaro persona del año,"Bolsonaro foi eleito ""Personalidade do Ano"" da revista Time",1,0.9466666666666667
https://www.boatos.org/politica/revista-time-elege-bolsonaro-como-idiota-ano.html,portada revista time bolsonaro persona del año,Não tinha como ser diferente!! Parabéns aos que o ajudaram nessa conquista do IDIOTA DO ANO!,1,0.9266666666666666
https://projetocomprova.com.br/publicações/enquete-popular-nao-oficializa-bolsonaro-como-personalidade-do-ano-da-time/,portada revista time bolsonaro persona del año,Jair Bolsonaro é a personalidade do ano da revista Time,1,0.9666666666666667
https://www.newtral.es/portada-revista-time-bolsonaro-arce-fotomontaje/20211216/,portada revista time bolsonaro persona del año,[Portadas de Time con imágenes de Bolsonaro y Arce],1,0.9433333333333334
https://www.aosfatos.org/noticias/bolsonaro-nao-foi-eleito-personalidade-do-ano-pela-revista-time/,portada revista time bolsonaro persona del año,"Person of the Year Time: Jair Bolsonaro, president of the Federative Republic of Brazil",1,0.9533333333333334
https://www.newtral.es/la-guardia-civil-no-ha-sido-portada-de-la-revista-time/20200222/,portada revista time bolsonaro persona del año,La Guardia Civil portada de la revista Time,0,0.17
https://checamos.afp.com/doc.afp.com.327D86A,portada revista time bolsonaro persona del año,Revista Veja publicou capa descartando a reeleição de Bolsonaro,1,0.7166666666666667
https://factual.afp.com/la-supuesta-portada-de-la-revista-time-con-hitler-y-trump-es-una-obra-artistica,portada revista time bolsonaro persona del año,Esta fue una portada de la revista Time,0,0.2
https://www.aosfatos.org/noticias/post-difunde-fotos-antigas-para-inflar-manifestacao-bolsonarista/,portada revista time bolsonaro persona del año,Fotos mostram carreata realizada em Brasília em 3/5,0,0.05775462962962963
https://www.newtral.es/fake-la-revista-time-no-dedico-su-portada-a-la-policia-nacional/20181113/,portada revista time bolsonaro persona del año,La revista TIME dedica su portada a la Policía Nacional,0,0.06
https://checamos.afp.com/http%253A%252F%252Fdoc.afp.com%252F9UU4WP-1,portada revista time bolsonaro persona del año,"Advogados da Time anunciaram que irão processar Bolsonaro por ""usurpação"" da imagem da revista",0,0.22333333333333333
https://politica.estadao.com.br/blogs/estadao-verifica/video-de-apoio-a-bolsonaro-nao-e-de-diretor-da-revista-veja/,portada revista time bolsonaro persona del año,Diretor da revista Veja fez vídeo de apoio a Bolsonaro,0,0.07399297453887423
https://www.boatos.org/mundo/new-york-times-destaca-dizeres-bolsonaro-foverer-brazil-whants-to-be-free-capa.html,portada revista time bolsonaro persona del año,O Brasil no New York Times Bolsonaro forever,0,0.09
https://www.newtral.es/rivera-durante-40-anos-este-pais-ha-ido-perdiendo-natalidad/20191105/,la natalidad ha caido por culpa de la covid 19,Durante 40 años este país ha ido perdiendo natalidad,0,0.18
https://www.univision.com/noticias/las-vacunas-contra-el-covid-19-no-causan-infertilidad,la natalidad ha caido por culpa de la covid 19,Las vacunas contra el covid-19 causan infertilidad,1,0.8733333333333333
https://dpa-factchecking.com/belgium/211209-99-319551/,la natalidad ha caido por culpa de la covid 19,Le COVID-19 n’aurait fait aucune victime parmi les enfants et le vaccin de Pfizer pourrait en engendrer.,0,0.020101010101010102
https://dpa-factchecking.com/belgium/211209-99-319551,la natalidad ha caido por culpa de la covid 19,Le COVID-19 n’aurait fait aucune victime parmi les enfants et le vaccin de Pfizer pourrait en engendrer.,0,0.01037037037037037
https://politica.estadao.com.br/blogs/estadao-verifica/vacina-pfizer-causa-abortos-82/,la natalidad ha caido por culpa de la covid 19,82% das grávidas vacinadas contra a covid-19 sofreram aborto,1,0.10128781883845175
https://www.fastcheck.cl/2021/06/30/vacunas-contra-el-covid-19-causan-infertilidad-falso/,la natalidad ha caido por culpa de la covid 19,Vacunas contra el Covid-19 causan infertilidad,1,0.8866666666666667
https://tamil.factcrescendo.com/factcheck-woman-gives-birth-to-19-babies-at-a-time/,la natalidad ha caido por culpa de la covid 19,Claim: Woman gives birth to 19 babies at a time,0,0.03874239881790963
https://factcheck.afp.com/doc.afp.com.32CY4Q7,la natalidad ha caido por culpa de la covid 19,"Covid-19 vaccines during pregnancy caused ""baby die-off""",0,0.061614847852352606
https://piaui.folha.uol.com.br/lupa/2020/12/04/verificamos-vacina-covid-19-infertilidade-mulheres/,la natalidad ha caido por culpa de la covid 19,"URGENTE: A Vacina Covid-19 é esterilização feminina, denunciam especialistas (...) Suspensão imediata de todos os estudos da vacina SARS CoV 2, em particular estudo BioNtech/Pfizer sobre BNT162b (número EudraCT 2020-002641-42). A vacina contém uma proteína spike chamada sincitina-1, vital para a formação da placenta humana em mulheres. Se a vacina funcionar de modo a formarmos uma resposta imunológica CONTRA a proteína spike, também estaremos treinando o corpo feminino para atacar a sincitina-1, o que pode levar à infertilidade em mulheres por um período não especificado (...).",1,0.1641843555743788
https://factcheck.afp.com/http%253A%252F%252Fdoc.afp.com%252F9PL3TK-1,la natalidad ha caido por culpa de la covid 19,Covid-19 vaccine causes birth defects,0,0.07740397398419686
https://www.bbc.com/news/55017002,la natalidad ha caido por culpa de la covid 19,There are aborted male fetal cells in the Covid-19 vaccine,0,0.04150498759217582
https://facta.news/notizia-falsa/2020/12/15/non-ci-sono-prove-scientifiche-che-collegano-il-vaccino-contro-la-covid-19-allinfertilita-delle-donne/,la natalidad ha caido por culpa de la covid 19,Il vaccino contro la Covid-19 potrebbe causare infertilità,1,0.3552708576648641
https://fullfact.org/health/express-covid-risk-pregnancy/,la natalidad ha caido por culpa de la covid 19,Pregnant women are 22 times more likely to die from Covid-19 than other women.,0,0.1193358655399197
https://factual.afp.com/la-vacuna-de-astrazeneca-no-contiene-tejido-de-fetos-abortados,la natalidad ha caido por culpa de la covid 19,Vacuna de AstraZeneca contra covid-19 está hecha con tejido de fetos abortados,0,0.03223909838609559
https://fullfact.org/health/expose-covid-vaccine-fertility-depopulation/,la natalidad ha caido por culpa de la covid 19,A new study and Pfizer documents prove that Covid-19 vaccination is going to cause mass depopulation through infertility and death.,1,0.5773015063484378
https://periksafakta.afp.com/anak-laki-laki-ini-berbicara-bahasa-spanyol-videonya-telah-beredar-online-sebelum-italia-melaporkan,la natalidad ha caido por culpa de la covid 19,Anak dari Italia yang kehilangan ibunya karena COVID-19,0,0.013333333333333334
https://sprawdzam.afp.com/doc.afp.com.32JD2TW,la natalidad ha caido por culpa de la covid 19,Wielka Brytania wycofała ostatnio rekomendację szczepień przeciw Covid-19 dla kobiet w ciąży,0,0.11637459621064693
https://factcheck.afp.com/doc.afp.com.32HR6NH,la natalidad ha caido por culpa de la covid 19,The UK stopped recommending Covid-19 vaccines for pregnant people,0,0.03817494494694216
https://leadstories.com/hoax-alert/2018/03/fake-news-101-year-old-woman-gives-birth-to-her-17th-baby-in-italy.html,la natalidad ha caido por culpa de la covid 19,101-Year-Old Woman Gives Birth To Her 17th Baby in Italy,0,0.006794478051807042
https://www.newtral.es/la-falsa-noticia-sobre-una-alumna-expulsada-de-un-instituto-catalan-por-hablar-en-espanol/20190412/,instituto de barcelona terrassa prohibe el castellano,Una alumna expulsada de un instituto catalán por hablar en español,1,0.8933333333333333
https://www.verificat.cat/es/fact-check/nos-preguntais-por-una-foto-de-unos-menores-en-un-acto-con-esteladas-fue-un-taller-de-la-anc-en-2013,instituto de barcelona terrassa prohibe el castellano,Alumnos en un colegio de Cataluña,0,0.02512880232510865
https://www.verificat.cat/fact-check/ens-pregunteu-per-una-foto-duns-menors-en-un-acte-amb-estelades-va-ser-un-taller-de-lanc-el-2013,instituto de barcelona terrassa prohibe el castellano,Alumnes a una escola de Catalunya,0,0.0181806564561078
https://factual.afp.com/esta-foto-no-muestra-disturbios-en-barcelona-en-2019-espana-celebraba-su-victoria-en-el-mundial-2010,instituto de barcelona terrassa prohibe el castellano,Árboles ardiendo junto a Fira de Barcelona por disturbios tras sentencia de independentistas catalanes,0,0.0002159526297457332
https://www.verificat.cat/fact-check/institut-catala-salut-no-enviat-cap-missatge-demanant-rastrejadors,instituto de barcelona terrassa prohibe el castellano,L'Institut Català de la Salut busca gent que vulgui treballar en ambulatoris fent rastrejos,0,0.009591836734693876
https://www.newtral.es/factcheck-barcelona-administracion-unidad-antidesahucios/20210928/,instituto de barcelona terrassa prohibe el castellano,“Como Barcelona [...] somos la única Administración que ha creado una unidad antidesahucios”,0,0.027709617575302894
https://www.verificat.cat/fact-check/no-hi-ha-dades-per-concluir-que-a-catalunya-els-catalanoparlants-tenen-menys-fracas-escolar-que-els-castellanoparlants,instituto de barcelona terrassa prohibe el castellano,Els alumnes castellanoparlants de Catalunya tenen més fracàs escolar que els catalanoparlants i molt més que els de Madrid,0,0.17545557986562005
https://www.newtral.es/limpieza-barcelona-ada-colau-factcheck/20220912/,instituto de barcelona terrassa prohibe el castellano,"""Somos, creo, la ciudad del Estado que destina más dinero por habitante a limpieza""",0,0.0036207102990919206
https://www.verificat.cat/fact-check/el-castellano-no-dejara-de-ser-la-lengua-oficial-del-estado-espanol-con-la-ley-celaa,instituto de barcelona terrassa prohibe el castellano,La nueva ley de educación hace que la única lengua franca de Catalunya sea el catalán,0,0.04675213675213675
https://www.verificat.cat/es/fact-check/el-castellano-no-dejara-de-ser-la-lengua-oficial-del-estado-espanol-con-la-ley-celaa,instituto de barcelona terrassa prohibe el castellano,La nueva ley de educación hace que la única lengua franca de Catalunya sea el catalán,0,0.05008547008547008
https://factual.afp.com/la-maxima-goleada-del-real-madrid-al-barcelona-en-el-clasico-fue-11-1-en-1943,instituto de barcelona terrassa prohibe el castellano,Goleadas del Real Madrid al Barcelona en El Clásico español,0,0.006806484817292846
https://factual.afp.com/la-policia-catalana-confisco-la-ballesta-en-un-desalojo-no-manifestantes-en-barcelona,instituto de barcelona terrassa prohibe el castellano,Ballesta intervenida a los manifestantes de Barcelona en protesta por Pablo Hasél,0,0.05113187472416478
https://www.newtral.es/miquel-iceta-no-ha-pedido-imponer-la-ensenanza-del-catalan-en-toda-espana/20191203/,instituto de barcelona terrassa prohibe el castellano,Miquel Iceta ha pedido «imponer la enseñanza del catalán en toda España»,0,0.09980929537778543
https://dpa-factchecking.com/netherlands/220614-99-658649/,instituto de barcelona terrassa prohibe el castellano,Spanje geeft toe dat het dodelijke chemtrails gebruikte als onderdeel van een geheim COVID-programma van de VN.,0,0.020032573289902277
https://dpa-factchecking.com/netherlands/220614-99-658649,instituto de barcelona terrassa prohibe el castellano,Spanje geeft toe dat het dodelijke chemtrails gebruikte als onderdeel van een geheim COVID-programma van de VN.,0,0.026699239956568945
https://www.newtral.es/los-siete-datos-de-cosido-sobre-la-inmigracion/20181219/,España ha multiplicado por cuatro su dependencia del gas ruso,El número de inmigrantes que llegan por mar y por tierra se multiplica por cuatro,0,0.030173611111111106
https://www.newtral.es/ines-arrimadas-en-cataluna-tenemos-las-peores-listas-de-espera-en-dependencia-de-toda-espana/20190319/,España ha multiplicado por cuatro su dependencia del gas ruso,(En Cataluña) Tenemos las peores listas de espera en dependencia de toda España,0,0.026724802079640793
https://www.newtral.es/lista-espera-sanidad-gobierno/20221006/,España ha multiplicado por cuatro su dependencia del gas ruso,“Hemos visto cómo con ustedes en el Gobierno las listas de espera se han multiplicado por tres”,0,0.013650409460239205
https://colombiacheck.com/chequeos/hemos-multiplicado-la-generacion-de-energias-renovables-llegando-con-ellas-217000-familias,España ha multiplicado por cuatro su dependencia del gas ruso,"Hemos multiplicado las energías renovables, beneficiando a 217.000 familias",0,0.06683761974632015
https://observador.pt/factchecks/fact-check-ana-gomes-acusou-a-populacao-cigana-de-viver-de-subsidio-dependencia/,España ha multiplicado por cuatro su dependencia del gas ruso,"""Acusa a população cigana de viver de subsídio-dependência""",0,0.0034808491519712458
https://www.newtral.es/rocio-monasterio-tenemos-74-000-personas-esperando-a-que-le-den-la-dependencia-en-la-c-de-madrid/20190703/,España ha multiplicado por cuatro su dependencia del gas ruso,Tenemos 74.000 personas esperando a que le den la dependencia (en la C. de Madrid),0,0.008441521186787967
https://www.newtral.es/decretos-leyes-sanchez-rajoy-ana-pastor-factcheck/20220210/,España ha multiplicado por cuatro su dependencia del gas ruso,"“Criticaban al presidente Rajoy y ellos han multiplicado por cinco, yo creo, en número, más de 100 reales decretos leyes desde que está el señor Sánchez”",0,0.006961320608317814
https://www.newtral.es/factcheck-menores-trans-vox-macarena-olona/20210924/,España ha multiplicado por cuatro su dependencia del gas ruso,"“En Reino Unido (...) los casos de transexualidad infantil se han multiplicado por 44 en tan solo una década. En Estados Unidos, se cuadruplicaron solo en dos años, 2016 y 2017”",0,0.0066992399565689465
https://www.nytimes.com/2018/07/11/world/europe/trump-germany-russia-gas.html,España ha multiplicado por cuatro su dependencia del gas ruso,Germany is ‘captive’ to Russia because of energy dependence.,0,0.03691341991341992
https://projetocomprova.com.br/publicações/posts-enganam-ao-sugerir-ataque-a-bolsonaro-em-suposta-producao-da-globo/,España ha multiplicado por cuatro su dependencia del gas ruso,"Já sabem que a encenação da morte do presidente Bolsonaro foi na Globo, nas dependências do Projac",0,0.0
https://www.newtral.es/gasto-militar-europa-factcheck/20220721/,España ha multiplicado por cuatro su dependencia del gas ruso,"""El gasto militar de los países europeos es 20 veces más que el de Rusia. Si coge España, Italia, Francia, Alemania, cuatro veces más""",0,0.043833333333333335
https://www.factcheck.org/2022/06/social-media-posts-falsely-attribute-statement-on-gasoline-prices-to-nonexistent-bp-oil-executive/,España ha multiplicado por cuatro su dependencia del gas ruso,“BP Oil Executive” says high gasoline prices are due to U.S. dependence on foreign oil.,0,0.0001584590128029284
https://www.aosfatos.org/noticias/janot-erra-ao-defender-criminalizacao-das-drogas/,España ha multiplicado por cuatro su dependencia del gas ruso,"Não há dúvida quanto ao vício à maconha. 90% das pessoas expostas a ela se tornam viciadas. (…) O álcool pode, sim, vir a criar dependência química, mas o que causa a dependência química do álcool é o abuso e o excesso continuado da bebida alcoólica.. O mercado de drogas no Brasil movimenta R$ 3,7 bilhões.",0,0.006917989417989417
https://elsurti.com/laprecisa/chequeo/2022/07/01/es-falso-que-todos-los-hospitales-contaron-con-oxigeno-el-ano-pasado/,España ha multiplicado por cuatro su dependencia del gas ruso,"""La provisión (de oxígeno) no se vio interrumpida. Al punto tal que todas las dependencias de salud contaron con este elemento vital""",0,0.03
https://www.verificat.cat/fact-check/el-peso-de-las-pensiones-en-el-gasto-publico-no-se-ha-duplicado-desde-2005-como-dice-ines-arrimadas-ha-pasado-del-32-al-42,España ha multiplicado por cuatro su dependencia del gas ruso,"Uno de cada dos euros del gasto público en España ya va destinado a pagar pensiones. En 2005, era uno de cada cuatro",0,0.00701481572431293
https://maldita.es/malditobulo/20220314/miocarditis-invasion-ucrania-cnn/,"antes de la invasión de Ucrania la inflación ya estaba en el 6,5% en españa",La invasión de Ucrania está causando miocarditis,0,0.22866666666666666
https://www.univision.com/noticias/imagenes-no-autenticas-video-invasion-rusa-ucrania-tercera-guerra-mundial,"antes de la invasión de Ucrania la inflación ya estaba en el 6,5% en españa",¿Estas son imágenes de Ucrania durante la invasión de Rusia?,0,0.0034415211867879682
https://maldita.es/malditobulo/20220204/invasion-militares-rusos-pueblo-ucrania/,"antes de la invasión de Ucrania la inflación ya estaba en el 6,5% en españa",Vídeo de la invasión rusa a un pueblo de Ucrania,0,0.013333333333333334
https://maldita.es/malditobulo/20220323/simpsons-predijeron-rusia-ucrania/,"antes de la invasión de Ucrania la inflación ya estaba en el 6,5% en españa",Los Simpson predijeron la invasión de Rusia a Ucrania,0,0.010153497296354438
https://www.newtral.es/ucrania-miocarditis-cnn/20220318/,"antes de la invasión de Ucrania la inflación ya estaba en el 6,5% en españa",La CNN dice que la invasión de Ucrania causa miocarditis,0,0.02666666666666667
https://www.europapress.es/verificaciones/noticia-no-video-no-muestra-invasion-rusa-ucrania-grabo-antes-comenzara-20220228163257.html,"antes de la invasión de Ucrania la inflación ya estaba en el 6,5% en españa","No, este vídeo no muestra la invasión rusa de Ucrania: se grabó antes de que comenzara",0,0.02666666666666667
https://maldita.es/malditobulo/20220309/putin-amenaza-mexico-invasion-ucrania/,"antes de la invasión de Ucrania la inflación ya estaba en el 6,5% en españa",Putin amenaza a México por condenar la invasión de Ucrania,0,0.0068402777777777785
https://maldita.es/malditobulo/20220314/cnn-explosion-ucrania-siete-anos/,"antes de la invasión de Ucrania la inflación ya estaba en el 6,5% en españa",CNN emite la misma explosión con 7 años de diferencia en la invasión rusa de Ucrania,0,0.01841880341880342
https://maldita.es/malditobulo/20220326/cadaver-fumando-ucrania-videoclip/,"antes de la invasión de Ucrania la inflación ya estaba en el 6,5% en españa",Un supuesto fallecido por la invasión de Rusia a Ucrania aparece fumando en un vídeo,0,0.006841669339365192
https://factual.afp.com/doc.afp.com.32693CW,"antes de la invasión de Ucrania la inflación ya estaba en el 6,5% en españa",Fotos de protesta en Rusia exigiendo renuncia de Putin por la invasión a Ucrania,0,0.023893188291250388
https://fullfact.org/online/queen-missing-children-conspiracy/,reina de inglaterra desaparicion niños indigenas canada,The Queen was found guilty in a missing children case.,1,0.6533333333333333
https://factcheck.afp.com/doc.afp.com.32J9823,reina de inglaterra desaparicion niños indigenas canada,Queen Elizabeth II found guilty in disappearance of Indigenous children,1,0.8101449275362319
https://www.usatoday.com/story/news/factcheck/2021/07/26/fact-check-queen-elizabeth-ii-did-not-visit-kamloops-school-1964/7985688002/,reina de inglaterra desaparicion niños indigenas canada,Queen Elizabeth II and Prince Philip were found guilty for children's disappearance in Canada,1,0.7744306418219461
https://factcheck.afp.com/tale-thwarted-child-abduction-returns-canadian-theme-park-twist,reina de inglaterra desaparicion niños indigenas canada,Child abduction attempt at Canada's Wonderland,0,0.04135778286379983
https://factual.afp.com/doc.afp.com.32F92ML,reina de inglaterra desaparicion niños indigenas canada,Canadá quemó estas iglesias tras hallar restos indígenas en internados,0,0.028589743589743588
https://fullfact.org/online/dutch-royal-golden-carriage/,reina de inglaterra desaparicion niños indigenas canada,One of the British royal family’s carriages has a painting on the side showing black people kneeling before and offering gifts to a white woman on a throne.,0,0.0101010101010101
https://www.altnews.in/no-none-of-the-women-throwing-objects-at-kids-in-viral-video-is-queen-elizabeth-ii/,reina de inglaterra desaparicion niños indigenas canada,Queen Elizabeth II feeding African kids like chicken,0,0.05821022166452368
https://factcheck.afp.com/doc.afp.com.32JX7HP-1,reina de inglaterra desaparicion niños indigenas canada,Image shows Queen Elizabeth wearing badges of Thai kings,0,0.02349179234613626
https://dabegad.com/%d8%ad%d9%82%d9%8a%d9%82%d8%a9-%d8%b9%d9%85%d9%84-%d8%a7%d8%ad%d8%af-%d8%a7%d8%ad%d9%81%d8%a7%d8%af-%d9%85%d9%84%d9%83%d8%a9-%d8%a8%d8%b1%d9%8a%d8%b7%d8%a7%d9%86%d9%8a%d8%a7-%d9%81%d9%8a-%d8%a7%d9%84/,reina de inglaterra desaparicion niños indigenas canada,هل تعلم سر الابتسامة بين الملكة والجندي؟ انه احد احفادها يعمل كجندي في الحرس الملكي .الغريب لم تقوم الملكة بتعيينه في اي منصب عالي كما يفعل البعض,0,0.02339078224512616
https://www.vishvasnews.com/english/viral/fact-check-2009-video-of-children-singing-shlokas-is-being-shared-as-queen-elizabeths-funeral/,reina de inglaterra desaparicion niños indigenas canada,Reciting Sanatani Shloka at the funeral of Queen Elizabeth of Britain,0,0.007883812959323767
http://checkyourfact.com/2020/05/22/fact-check-queen-elizabeth-found-guilty-disappearance-canadian-children/,reina de inglaterra desaparicion niños indigenas canada,Queen Elizabeth II was found guilty in connection to the disappearance of 10 Canadian children.,1,0.808312074829932
https://observers.france24.com/fr/europe/20210413-verification-photos-prince-philip-mountbatten-elizabeth-haile-selassie-garde-nazi,reina de inglaterra desaparicion niños indigenas canada,La reine d’Angleterre et le prince Philip à genoux devant Hailé Sélassié,0,0.0002754820936639119
https://factcheck.afp.com/doc.afp.com.32FN4DE,reina de inglaterra desaparicion niños indigenas canada,Queen Elizabeth dons jacket with Kenyan party logo,0,0.010024875621890549
https://checamos.afp.com/doc.afp.com.32JG32Z,reina de inglaterra desaparicion niños indigenas canada,Rainha Elizabeth II jogando comida para crianças africanas como frango,0,0.36028985507246375
https://leadstories.com/hoax-alert/2020/09/fact-check-the-world-health-organization-and-the-queen-of-england-do-not-want-to-remove-children-from-covid-infected-homes.html,reina de inglaterra desaparicion niños indigenas canada,the Queen of England and the WHO want to remove children from homes with corornavirus,0,0.17409211048801018
https://fatabyyano.net/%d9%87%d8%b0%d8%a7-%d8%a7%d9%84%d9%85%d9%82%d8%b7%d8%b9-%d9%8a%d8%b9%d9%88%d8%af-%d9%84%d8%ac%d9%86%d8%a7%d8%b2%d8%a9-%d9%81%d9%8a-%d9%86%d9%8a%d9%88%d8%b2%d9%8a%d9%84%d9%86%d8%af%d8%a7%d8%8c-%d9%88/,reina de inglaterra desaparicion niños indigenas canada,شباب اسكتلندي عند خروج جنازة الملكة اليزابيث من القصر الملكي في قلعة بالمورال في اسكتلندا,0,0.0066992399565689465
https://www.factcrescendo.com/fact-check-atrocities-on-low-caste-children-in-school/,reina de inglaterra desaparicion niños indigenas canada,Claim atrocities on low caste children in school,0,0.05692640692640693
https://www.malumatfurus.org/kralice-elizabeth-cocuklara-yem,reina de inglaterra desaparicion niños indigenas canada,Videoda Kraliçe İkinci Elizabeth'in Afrika'da Tavuklar Yerine Çocuklara Yem Atarken Görüntülendiği İddiası,0,0.023434343434343433
https://factcheck.kz/claim-checking/verdict/papa-rimskij-celuet-ruku-rotshildu-fejk-rasprostranyaetsya-v-seti/,el papa besa la mano de rockerfeller,Папа Римский целует руку Ротшильду,1,0.8
https://politica.estadao.com.br/blogs/estadao-verifica/boato-espalha-foto-adulterada-do-papa-fazendo-gesto-obsceno/,el papa besa la mano de rockerfeller,Papa mostra o dedo do meio para fiéis,0,0.03775093137050931
https://factual.afp.com/en-2014-el-papa-saludo-supervivientes-del-holocausto-no-rockefeller-rothschild-y-kissinger,el papa besa la mano de rockerfeller,"El papa besa la mano de los amos del mundo Rockefeller, Rothschild y Kissinger",1,0.9
https://factual.afp.com/la-fotografia-del-papa-francisco-lamiendo-un-bebe-esta-manipulada,el papa besa la mano de rockerfeller,El papa Francisco lame pasa lengua cara bebé,0,0.030454376163873368
https://leadstories.com/hoax-alert/2022/09/fact-check-pope-francis-did-not-slap-donald-trumps-hand-it-is-a-clip-from-a-late-night-tv-show.html,el papa besa la mano de rockerfeller,Pope Francis Slapped Donald Trump's Hand,0,0.07269450456950458
https://fakty.afp.com/ar/pope%20not%20with%20rochild%206-20,el papa besa la mano de rockerfeller,البابا فرنسيس يقبّل يد أثرياء من عائلة روتشيلد,1,0.8298231201941727
https://factuel.afp.com/ar/pope%20not%20with%20rochild%206-20,el papa besa la mano de rockerfeller,البابا فرنسيس يقبّل يد أثرياء من عائلة روتشيلد,1,0.8288231201941727
https://factual.afp.com/ar/pope%20not%20with%20rochild%206-20,el papa besa la mano de rockerfeller,البابا فرنسيس يقبّل يد أثرياء من عائلة روتشيلد,1,0.8845476381005088
https://www.newtral.es/bulo-papa-francisco-besa-mano-david-rockefeller/20200820/,el papa besa la mano de rockerfeller,El papa Francisco besa la mano de David Rockefeller,1,0.98
https://factcheck.afp.com/photo-altered-show-pope-francis-licking-baby,el papa besa la mano de rockerfeller,Pope Francis licked a baby,0,0.05724537037037037
https://www.univision.com/noticias/falso-muerte-papa-emerito-benedicto-xvi,el papa besa la mano de rockerfeller,"""Fallece el Papa emérito Benedicto XVI""",0,0.00012104283054003725
https://info-veritas.com/papa-emerito-benedicto-xvi-no-ha-fallecido/,el papa besa la mano de rockerfeller,"el Papa emérito, Benedicto XVI, ha fallecido",0,0.0
https://www.newtral.es/la-foto-del-papa-francisco-lamiendo-a-un-nino-esta-manipulada/20200301/,el papa besa la mano de rockerfeller,Foto del Papa Francisco lamiendo a un niño,0,0.014651360544217687
https://tamil.factcrescendo.com/factcheck-morphed-image-of-pope-francis-kissing-a-lady-breast/,el papa besa la mano de rockerfeller,Pope Francis kissed a lady breast,0,0.04038411081707272
https://www.newtral.es/volcanes-emiten-co2-dioxido-de-carbono-la-palma/20210929/,Los volcanes emiten más CO2 que toda la actividad humana cada año,Los volcanes emiten más CO2 a la atmósfera que las actividades humanas,1,0.9966666666666667
https://www.europapress.es/verificaciones/noticia-volcanes-liberan-mas-co2-humanos-20210927132008.html,Los volcanes emiten más CO2 que toda la actividad humana cada año,Los volcanes liberan más CO2 que los humanos,1,0.9766666666666667
https://factcheck.afp.com/no-volcanoes-do-not-emit-more-carbon-dioxide-human-activity,Los volcanes emiten más CO2 que toda la actividad humana cada año,Volcanoes emit more CO2 than man made emissions,1,0.9633333333333334
https://defacto-observatoire.fr/Medias/20-Minutes/Fact-checks/Rechauffement-climatique-Une-eruption-de-l-Etna-emet-plus-de-CO2-que-toute-l-activite-humaine-Gare-a-ce-post-climatosceptique-relaye-sur-Facebook/,Los volcanes emiten más CO2 que toda la actividad humana cada año,Une éruption de l'Etna émet plus de CO2 que toute l'activité humaine,1,0.89
https://www.presseportal.de/pm/133833/4412099,Los volcanes emiten más CO2 que toda la actividad humana cada año,"Auf einem in sozialen Netzwerken verbreiteten Sharepic wird behauptet, dass beim Ausbruch des Vulkans Merapi am 14. Oktober mehr CO2 in die Atmosphäre gelangt sei, «als wir in 200 Jahren einsparen könnten». Trotzdem habe die Tagesschau nicht über den Ausbruch berichtet, sondern «angestrengt weggesehen». ",1,0.25666666666666665
https://www.snopes.com/fact-check/volcano-carbon-emissions/,Los volcanes emiten más CO2 que toda la actividad humana cada año,"A single eruption from a volcano puts 10,000 times more carbon dioxide into the atmosphere than all of human activity has throughout history.",1,0.9
https://www.usatoday.com/story/news/factcheck/2022/06/21/fact-check-humans-produce-more-co-2-than-volcanoes-including-mt-etna/7586918001/,Los volcanes emiten más CO2 que toda la actividad humana cada año,"Eruption of Mt Etna in Italy released 10,000 times more CO2 than all humans",1,0.9133333333333333
https://correctiv.org/faktencheck/2019/07/17/nein-der-aetna-stoesst-nicht-mehr-co2-aus-als-der-mensch/,Los volcanes emiten más CO2 que toda la actividad humana cada año,Bei einem Ausbruch des Ätna wird mehr CO2 ausgestoßen als der Mensch jemals produziert hat,1,0.8166666666666667
https://sciencefeedback.co/claimreview/volcanic-co2-emissions-are-known-to-be-much-smaller-than-human-caused-emissions-james-edward-kamis/,Los volcanes emiten más CO2 que toda la actividad humana cada año,Discovery Of Massive Volcanic CO2 Emissions Discredits Global Warming Theory,1,0.8933333333333333
https://correctiv.org/faktencheck/2019/10/29/nein-vulkane-verursachen-nicht-mehr-co2-als-menschen/,Los volcanes emiten más CO2 que toda la actividad humana cada año,"Ausbruch des Vulkans Merapi habe mehr CO2 in die Atmosphäre geschossen, als Menschen „in 200 Jahren einsparen könnten“; Tagesschau habe nicht darüber berichtet",1,0.5333333333333333
https://www.20minutes.fr/planete/3314607-20220625-rechauffement-climatique-eruption-etna-emet-plus-co2-toute-activite-humaine-gare-post-climatosceptique-relaye-facebook,Los volcanes emiten más CO2 que toda la actividad humana cada año,"« Ce petit rot de l'Etna a déjà rejeté dans l'atmosphère plus de 10.000 fois plus de CO2 que l'humanité ne l'a fait depuis qu'elle est sur Terre, mais ne vous inquiétez pas, une arnaque est en préparation pour taxer votre minuscule empreinte. »",1,0.86
https://dpa-factchecking.com/germany/211006-99-497009/,Los volcanes emiten más CO2 que toda la actividad humana cada año,"Der Vulkan auf La Palma hat bereits mehr CO2 ausgestoßen als alle Fahrzeuge in Deutschland in 100 Jahren.
",1,0.8366666666666667
https://dpa-factchecking.com/germany/220105-99-599390,Los volcanes emiten más CO2 que toda la actividad humana cada año,Jeder derzeit aktive Vulkan verursacht mehr Klimaschäden als die ganze Menschheit in 10 Jahren.,1,0.65
https://www.newtral.es/falso-onu-cambio-climaticodespoblar-planeta/20210331/,Secretaria ejecutiva de la Convención Marco de la ONU sobre el Cambio Climático ha dicho que hay que pensar en despoblar el planeta,Secretaria ejecutiva de la Convención Marco de la ONU sobre el Cambio Climático ha dicho que hay que pensar en despoblar el planeta.,1,0.86
https://noticias.uol.com.br/confere/ultimas-noticias/2022/08/04/reuniao-onu-escolha-representante-terra-alienigenas.htm,Secretaria ejecutiva de la Convención Marco de la ONU sobre el Cambio Climático ha dicho que hay que pensar en despoblar el planeta,ONU organizou reunião onde foi se definido que organismo representaria o planeta Terra,0,0.06333333333333334
https://www.bol.uol.com.br/noticias/2022/08/04/reuniao-onu-escolha-representante-terra-alienigenas.htm,Secretaria ejecutiva de la Convención Marco de la ONU sobre el Cambio Climático ha dicho que hay que pensar en despoblar el planeta,ONU organizou reunião onde foi se definido que organismo representaria o planeta Terra,0,0.04666666666666667
https://elsurti.com/laprecisa/chequeo/2022/05/27/paraguay-debe-implementar-politicas-de-mitigacion-y-adaptacion-ante-la-crisis-climatica/,Secretaria ejecutiva de la Convención Marco de la ONU sobre el Cambio Climático ha dicho que hay que pensar en despoblar el planeta,“Nuestro país no debe hablar de mitigación del cambio climático (...) Nosotros hablamos de adaptación al cambio climático”,0,0.003486830629687772
https://checamos.afp.com/doc.afp.com.32BB4R8,Secretaria ejecutiva de la Convención Marco de la ONU sobre el Cambio Climático ha dicho que hay que pensar en despoblar el planeta,O Tratado de Pandemias da OMS propõe acabar com a soberania dos países,0,0.003895665866866261
https://factuel.afp.com/la-france-absente-dune-reunion-du-conseil-de-securite-de-lonu-evoquant-le-cameroun-cest-faux,Secretaria ejecutiva de la Convención Marco de la ONU sobre el Cambio Climático ha dicho que hay que pensar en despoblar el planeta,La France absente d'une réunion sur le Cameroun au Conseil de sécurité de l'ONU ?,0,0.0001790450928381963
https://defacto-observatoire.fr/Medias/20-Minutes/Fact-checks/Variole-du-singe-Non-le-directeur-de-l-OMS-n-est-pas-alle-a-l-encontre-du-Conseil-scientifique-en-declarant-l-urgence-internationale/,Secretaria ejecutiva de la Convención Marco de la ONU sobre el Cambio Climático ha dicho que hay que pensar en despoblar el planeta,Le directeur de l’OMS est pas allé à l’encontre du Conseil scientifique en déclarant l’urgence internationale,0,0.0
https://sciencefeedback.co/claimreview/investors-business-daily-editorial-doesnt-support-claims-about-un-statements/,Secretaria ejecutiva de la Convención Marco de la ONU sobre el Cambio Climático ha dicho que hay que pensar en despoblar el planeta,The UN Admits That The Paris Climate Deal Was A Fraud,0,0.08330108137930958
https://climatefeedback.org/claimreview/investors-business-daily-editorial-doesnt-support-claims-about-un-statements/,Secretaria ejecutiva de la Convención Marco de la ONU sobre el Cambio Climático ha dicho que hay que pensar en despoblar el planeta,The UN Admits That The Paris Climate Deal Was A Fraud,0,0.02814911853314406
https://colombiacheck.com/chequeos/onu-pide-cooperacion-entre-paises-no-un-unico-presidente-para-el-mundo,Secretaria ejecutiva de la Convención Marco de la ONU sobre el Cambio Climático ha dicho que hay que pensar en despoblar el planeta,ONU pide un Único Presidente Líder para un ‘Nuevo Gobierno Mundial’,0,0.12666666666666668
https://www.bufale.net/per-un-finto-articolo-complottista-draghi-vuole-le-scie-chimiche/,Secretaria ejecutiva de la Convención Marco de la ONU sobre el Cambio Climático ha dicho que hay que pensar en despoblar el planeta,Secondo un articolo di La Repubblica Mario Draghi avrebbe proposto le scie chimiche come soluzione contro il cambiamento climatico,0,0.013365906623235613
https://www.newtral.es/reino-unido-onu-bucha/20220407/,Secretaria ejecutiva de la Convención Marco de la ONU sobre el Cambio Climático ha dicho que hay que pensar en despoblar el planeta,Reino Unido impide que el Consejo de Seguridad de la ONU se reúna de urgencia por el tema de Bucha ,0,0.013333333333333334
https://politica.estadao.com.br/blogs/estadao-verifica/onu-internacionalizacao-amazonia-russia/,Secretaria ejecutiva de la Convención Marco de la ONU sobre el Cambio Climático ha dicho que hay que pensar en despoblar el planeta,"Vale recordar que, em 2021, a ONU liderou uma verdadeira cruzada contra a soberania do Brasil na Amazônia. Foi colocada em votação uma resolução internacional sobre a região – que seria, na prática, “internacionalizada”. Curiosamente, foi o poder de veto da Rússia no Conselho de Segurança que livrou o Brasil dessa investida globalista. Daí se consegue entender, agora, que o governo federal tenha declarado a “neutralidade” do Brasil no conflito Rússia x Ucrânia"". Brasileiro você sabia dessa votação na ONU sobre a internacionalização da Amazônia, que a Rússia vetou a favor do Brasil?",0,0.014179203714121836
https://factual.afp.com/el-plan-de-biden-para-frenar-el-cambio-climatico-no-contempla-el-consumo-de-carne-en-estados-unidos,Secretaria ejecutiva de la Convención Marco de la ONU sobre el Cambio Climático ha dicho que hay que pensar en despoblar el planeta,Biden dijo que los estadounidenses van a tener que reducir en un 90% el consumo de carne,0,0.0034589640613736992
https://www.stopfake.org/ru/fejk-smysl-programmy-ustojchivogo-razvitiya-oon-poraboshhenie-chelovechestva/,Secretaria ejecutiva de la Convención Marco de la ONU sobre el Cambio Climático ha dicho que hay que pensar en despoblar el planeta,Смысл программы устойчивого развития ООН - порабощение человечества,0,0.0033659066232356134
https://www.newtral.es/coche-pegatina-fuck-you-greta-inundaciones-alemania-falso/20210717/,coche anegado en Alemania con una pegatina que dice ‘fuck you Greta’,"""Inundaciones en Alemania. ¿Puedes leer lo que dice en la pegatina? [Fuck you Greta]""",1,0.97
https://checamos.afp.com/http%253A%252F%252Fdoc.afp.com%252F9FE3XU-1,coche anegado en Alemania con una pegatina que dice ‘fuck you Greta’,"Foto de carro submerso na Alemanha tem adesivo escrito ""Fuck you Greta""",1,0.9766666666666667
https://politica.estadao.com.br/blogs/estadao-verifica/foto-de-carro-em-inundacao-com-adesivo-ofensivo-a-greta-thunberg-e-montagem/,coche anegado en Alemania con una pegatina que dice ‘fuck you Greta’,Foto de carro pego em inundação na Alemanha mostra adesivo fuck you Greta,1,0.9566666666666667
https://factual.afp.com/http%253A%252F%252Fdoc.afp.com%252F9FD3ZQ-1,coche anegado en Alemania con una pegatina que dice ‘fuck you Greta’,Un auto sumergido en Alemania tenía una pegatina anti-Greta Thunberg,1,0.9933333333333333
https://sprawdzam.afp.com/http%253A%252F%252Fdoc.afp.com%252F9FD6TE-1,coche anegado en Alemania con una pegatina que dice ‘fuck you Greta’,"Zdjęcie zalanego samochodu w Niemczech z napisem ""Fuck you Greta""",1,0.9233333333333333
https://www.20minutes.fr/monde/3086587-20210719-inondations-allemagne-photo-voiture-immergee-autocollant-anti-greta-thunberg-truquee,coche anegado en Alemania con una pegatina que dice ‘fuck you Greta’,Une voiture prise dans les inondations en Allemagne porte un autocollant contre Greta Thunberg,1,0.95
https://www.bufale.net/si-la-foto-dellauto-tedesca-con-ladesivo-contro-greta-era-un-falso/,coche anegado en Alemania con una pegatina que dice ‘fuck you Greta’,"In Germania, durante l'alluvione, è stata fotografata una vettura con un adesivo contro Greta Thunberg, l'attivista contro il cambiamento climatico",1,0.94
https://misbar.com/factcheck/2021/07/20/greta-decal-was-photoshopped-onto-sinking-car,coche anegado en Alemania con una pegatina que dice ‘fuck you Greta’,An image of a car with a “Fuck You Greta” window decal ironically struggles through a flooded German street.,1,0.9366666666666666
https://www.politifact.com/factchecks/2021/jul/19/viral-image/image-flooded-car-altered-include-sticker-critical/,coche anegado en Alemania con una pegatina que dice ‘fuck you Greta’,"A car flooded in Germany had a sticker critical of Greta Thunberg.
",1,0.96
https://www.snopes.com/fact-check/greta-sticker-on-flooded-car/,coche anegado en Alemania con una pegatina que dice ‘fuck you Greta’,"A car sinking in a flooded road had a ""Fuck You Greta"" sticker on it.",1,0.9366666666666666
https://demagog.org.pl/fake_news/naklejka-obrazajaca-grete-thunberg-fotomontaz/,coche anegado en Alemania con una pegatina que dice ‘fuck you Greta’,"Zdjęcie przedstawia podtopiony samochód z naklejką ""Fuck you Greta!"".",1,0.9733333333333334
https://correctiv.org/faktencheck/2021/07/19/hochwasser-greta-aufkleber-auf-heckscheibe-ist-eine-faelschung/,coche anegado en Alemania con una pegatina que dice ‘fuck you Greta’,"Ein Foto zeige ein Auto im Hochwasser mit „Fuck you, Greta“-Aufkleber auf der Heckscheibe.",1,0.9833333333333333
https://leadstories.com/hoax-alert/2021/07/fact-check-f-u-greta-bwm.html,coche anegado en Alemania con una pegatina que dice ‘fuck you Greta’,Photo shows semi-submerged BMW with Fuck You Greta sticker,1,0.9866666666666667
https://factuel.afp.com/http%253A%252F%252Fdoc.afp.com%252F9F97QJ-1,coche anegado en Alemania con una pegatina que dice ‘fuck you Greta’,Cette photo a été prise pendant les inondations en Allemagne,1,0.87
https://facta.news/antibufale/2021/07/19/questauto-quasi-sommersa-dallacqua-non-ha-un-adesivo-con-la-scritta-fuk-you-greta/,coche anegado en Alemania con una pegatina que dice ‘fuck you Greta’,La foto dell'auto sommersa dall'acqua con l'adesivo Fuck you Greta!,1,0.92
https://en.youturn.in/factcheck/volkswagens-terrorist-car-ads.html,coche anegado en Alemania con una pegatina que dice ‘fuck you Greta’,"Volkswagen from Germany advertises a new car.

",0,0.015036780383795308
https://maldita.es/malditobulo/20220708/irene-montero-estados-unidos-viaje-oficial/,el viaje de Irene Montero a Nueva York no fue oficial,"El viaje de Irene Montero y su equipo a Nueva York no es oficial, lo confirma Moncloa",1,0.95
https://www.newtral.es/irene-montero-nueva-york-viaje-oficial/20220706/,el viaje de Irene Montero a Nueva York no fue oficial,Desde la Moncloa se confirma que el viaje de Irene Montero a Nueva York no es oficial. Es un delito de malversación de caudales públicos.,1,0.9766666666666667
https://dabegad.com/%d8%ad%d9%82%d9%8a%d9%82%d8%a9-%d8%a7%d9%84%d9%82%d8%a8%d8%b6-%d8%b9%d9%84%d9%89-%d8%b1%d8%a7%d9%83%d8%a8-%d9%84%d8%a7-%d9%8a%d8%ad%d9%85%d9%84-%d8%aa%d8%b0%d9%83%d8%b1%d8%a9-%d9%85%d8%aa%d8%b1%d9%88/,el viaje de Irene Montero a Nueva York no fue oficial,شاهد .. شرطة نيويورك تقتحم عربة مترو للقبض على راكب لا يحمل تذكرة,0,0.017651620908949898
https://factual.afp.com/doc.afp.com.324X4EG,el viaje de Irene Montero a Nueva York no fue oficial,Entrevista a Irene Montero que recuerda que fue a colegio religioso,0,0.020085470085470084
https://factual.afp.com/http%253A%252F%252Fdoc.afp.com%252F9Q49YU-1,el viaje de Irene Montero a Nueva York no fue oficial,Irene Montero con un bolso Louis Vuitton,0,0.12
https://www.newtral.es/irene-montero-no-lleva-un-rolex-durante-una-entrevista-en-la-revista-diez-minutos/20200826/,el viaje de Irene Montero a Nueva York no fue oficial,Irene Montero lleva un Rolex de 7.000 euros en la entrevista de Diez Minutos,0,0.016666666666666666
https://factcheck.afp.com/doc.afp.com.328A3WL,el viaje de Irene Montero a Nueva York no fue oficial,Video shows people running in Times Square after Brooklyn metro attack,0,0.028452380952380948
https://maldita.es/malditobulo/20221007/jovenes-santa-monica-montero/,el viaje de Irene Montero a Nueva York no fue oficial,Irene Montero llamó a las jóvenes del Colegio Mayor Santa Mónica y colgó por no haberse sentido ofendidas,0,0.043333333333333335
https://dabegad.com/%d8%ad%d9%82%d9%8a%d9%82%d8%a9-%d9%85%d8%ae%d8%a7%d9%84%d9%81%d8%a7%d8%aa-%d8%a7%d9%84%d8%b3%d9%8a%d8%b3%d9%8a-%d8%a7%d9%84%d9%85%d8%b1%d9%88%d8%b1%d9%8a%d8%a9-%d9%81%d9%8a-%d9%86%d9%8a%d9%88%d9%8a/,el viaje de Irene Montero a Nueva York no fue oficial,فضيحة: 2 مليون دولار أمريكى مخالفات مرورية للسيسى فى نيويورك,0,0.020032573289902277
https://www.newtral.es/irene-montero-santa-monica-el-espanol-bulo/20221007/,el viaje de Irene Montero a Nueva York no fue oficial,Tuit de ‘El Español’: “Habla una de las jóvenes del Colegio Mayor Santa Mónica: Llamó Irene Montero a interesarse por nosotras pensando que nos sentimos ofendidas por los cánticos. En cuanto le dijimos que para nada que eran todos nuestros amigos y estaba preparado nos colgó de malas formas'”.,0,0.056666666666666664
https://www.newtral.es/el-video-manipulado-de-irene-montero-tosiendo-en-la-manifestacion-del-8-m/20200316/,el viaje de Irene Montero a Nueva York no fue oficial,Vídeo subtitulado de Irene Montero tosiendo en la manifestación del 8-M,0,0.010040160642570281
https://www.aosfatos.org/noticias/video-nao-mostra-recepcao-a-bolsonaro-em-aeroporto-de-nova-york/,el viaje de Irene Montero a Nueva York no fue oficial,Vídeo mostra recepção de Bolsonaro em aeroporto em Nova York,0,0.003401360544217687
https://maldita.es/malditobulo/20200302/irene-montero-aparcamientos-exclusivos-mujeres-ciudad-viscalacant/,el viaje de Irene Montero a Nueva York no fue oficial,Irene Montero aparcamientos exclusivos mujeres,0,4.0160642570281125e-05
https://maldita.es/malditobulo/20220714/montero-montaje-petro-escobar/,el viaje de Irene Montero a Nueva York no fue oficial,Irene Montero en una foto junto al narcotraficante Gustavo Petro,0,0.04670682730923695
https://www.newtral.es/jose-mujica-no-ha-sido-fotografiado-en-nueva-york-con-una-bolsa-de-chanel/20191129/,el viaje de Irene Montero a Nueva York no fue oficial,José Mujica ha sido fotografiado en Nueva York con una bolsa de Chanel,0,0.03337349397590361
https://factuel.afp.com/ar/doc.afp.com.32899NH,el viaje de Irene Montero a Nueva York no fue oficial,إطلاق نار وإصابات في محطة قطارات بنيويورك,0,0.01
https://www.usatoday.com/story/news/factcheck/2021/06/20/fact-check-andrew-cuomo-not-reopening-new-york-daughters-wedding/7736094002/,el viaje de Irene Montero a Nueva York no fue oficial,New York Gov. Andrew Cuomo reopened New York hours before his daughter's wedding,0,0.04113598673300166
https://factual.afp.com/http%253A%252F%252Fdoc.afp.com%252F9Q49YU-1,irene montero lleva un bolso de louis vuitton,Irene Montero con un bolso Louis Vuitton,1,0.9533333333333334
https://www.newtral.es/bolso-irene-montero-louis-vuitton-bulo/20211021/,irene montero lleva un bolso de louis vuitton,Así va ahora Irene Montero (...) con bolsos de Louis Vuitton de 2.000€.,1,0.96
https://maldita.es/malditobulo/20211021/irene-montero-bolso-louis-vuitton/,irene montero lleva un bolso de louis vuitton,Irene Montero lleva un bolso Louis Vuitton en la Comisión de Igualdadhttps://twitter.com/Alvisepf/status/1450887023254966279,1,0.9466666666666667
https://noticias.uol.com.br/confere/ultimas-noticias/2022/02/07/video-de-fila-para-comprar-camiseta-de-bolsonaro-e-antigo.htm,irene montero lleva un bolso de louis vuitton,Fila quilométrica para comprar camisa de Bolsonaro em São Paulo,0,0.00012588572290064828
https://www.newtral.es/jose-mujica-no-ha-sido-fotografiado-en-nueva-york-con-una-bolsa-de-chanel/20191129/,irene montero lleva un bolso de louis vuitton,José Mujica ha sido fotografiado en Nueva York con una bolsa de Chanel,0,0.0644677146772119
https://maldita.es/malditobulo/20220708/irene-montero-estados-unidos-viaje-oficial/,irene montero lleva un bolso de louis vuitton,"El viaje de Irene Montero y su equipo a Nueva York no es oficial, lo confirma Moncloa",0,0.03399502643954134
https://www.aosfatos.org/noticias/capa-do-washington-post-com-motociata-de-bolsonaro-e-montagem/,irene montero lleva un bolso de louis vuitton,Washington Post destaca que Bolsonaro liderou o maior passeio de motocicleta do planeta,0,3.257328990228013e-05
https://factuel.afp.com/ce-photomontage-montrant-brigitte-macron-avec-un-masque-louis-vuitton-provient-dun-site-satirique,irene montero lleva un bolso de louis vuitton,Brigitte Macron en photo avec un masque Louis Vuitton,0,0.07681159420289856
https://www.aosfatos.org/noticias/video-mostra-7-setembro-rj-nao-manifestacao-fortaleza/,irene montero lleva un bolso de louis vuitton,Vídeo mostra ato bolsonarista em Fortaleza em julho de 2022,0,0.0033333333333333335
https://www.aosfatos.org/noticias/e-montagem-foto-em-que-lewis-hamilton-veste-camiseta-com-o-rosto-de-lula/,irene montero lleva un bolso de louis vuitton,Foto mostra Lewis Hamilton com camiseta de Lula,0,0.04703703703703704
https://www.aap.com.au/factcheck/dutton-misleads-with-shorten-robodebt-claim/,irene montero lleva un bolso de louis vuitton,Labor's Bill Shorten set up Robodebt.,0,0.08333333333333333
https://www.aosfatos.org/noticias/video-nao-mostra-recepcao-a-bolsonaro-em-aeroporto-de-nova-york/,irene montero lleva un bolso de louis vuitton,Vídeo mostra recepção de Bolsonaro em aeroporto em Nova York,0,0.0066915422885572146
https://www.aosfatos.org/noticias/e-falso-que-lewis-hamilton-elogiou-bolsonaro-apos-vencer-corrida-em-sao-paulo/,irene montero lleva un bolso de louis vuitton,Lewis Hamilton elogiou Bolsonaro após vencer corrida em São Paulo,0,3.257328990228013e-05
https://noticias.uol.com.br/confere/ultimas-noticias/2022/03/08/video-com-fora-bolsonaro-durante-show-de-gusttavo-lima-e-montagem.htm,irene montero lleva un bolso de louis vuitton,Lisboa grita Fora Bolsonaro durante show de Gustavo Lima,0,0.01
https://maldita.es/malditobulo/20211231/padre-nino-canet-cataluna-lengua-castellana/,el papa lamio a un niño,Este es el padre del niño de Canet,0,0.04666666666666667
https://www.newtral.es/la-foto-del-papa-francisco-lamiendo-a-un-nino-esta-manipulada/20200301/,el papa lamio a un niño,Foto del Papa Francisco lamiendo a un niño,1,0.8533333333333334
https://factual.afp.com/la-fotografia-del-papa-francisco-lamiendo-un-bebe-esta-manipulada,el papa lamio a un niño,El papa Francisco lame pasa lengua cara bebé,1,0.8533333333333334
https://factual.afp.com/un-sacerdote-golpeo-un-bebe-para-que-dejara-de-llorar-durante-su-bautizo-si-es-verdad,el papa lamio a un niño,Un sacerdote abofetea a un bebé,0,0.20666666666666667
https://factcheck.afp.com/photo-altered-show-pope-francis-licking-baby,el papa lamio a un niño,Pope Francis licked a baby,1,0.46410256410256406
https://politica.estadao.com.br/blogs/estadao-verifica/boato-espalha-foto-adulterada-do-papa-fazendo-gesto-obsceno/,el papa lamio a un niño,Papa mostra o dedo do meio para fiéis,1,0.5481600173621053
https://thelogicalindian.com/fact-check/father-married-his-own-daughter-35023,el papa lamio a un niño,A Father Married His Own Daughter,0,0.005580431177446102
https://www.butac.it/papa-e-ologrammi/,el papa lamio a un niño,Pope Francis is a hologram,0,0.0101010101010101
https://www.malumatfurus.org/papanin-tutuklandigi-iddiasi,el papa lamio a un niño,Papa Francis'in uyuşturucu çocuk pornosu insan kaçakçılığı suçlarından tutuklandığı iddiası,0,0.0033333333333333335
https://facta.news/notizia-falsa/2021/07/09/non-e-vero-che-papa-francesco-e-deceduto/,el papa lamio a un niño,«Papa Francesco è morto».,0,0.0069455105425254675
https://info-veritas.com/papa-emerito-benedicto-xvi-no-ha-fallecido/,el papa lamio a un niño,"el Papa emérito, Benedicto XVI, ha fallecido",0,0.0001388888888888889
https://www.bufale.net/il-papa-e-morto-il-nuovo-delirio-dei-qanon/,el papa lamio a un niño,"Il Papa è morto, lo dice l'avvocato Lin Wood.",0,0.0
https://www.newtral.es/bulo-papa-detenido-apagon-vaticano/20210111/,el papa lamio a un niño,El Papa Francisco ha sido detenido durante un apagón en el Vaticano,0,0.003454376163873371
https://piaui.folha.uol.com.br/lupa/2018/06/12/verificamos-papa-terco/,el papa lamio a un niño,Papa envia terço a Lula,0,0.010282093082725994
https://lupa.uol.com.br/jornalismo/2018/06/12/verificamos-papa-terco,el papa lamio a un niño,Papa envia terço a Lula,0,0.003536061336694248
https://dpa-factchecking.com/belgium/220523-99-395758/,el papa lamio a un niño," Des acteurs se présentent comme le père d'une victime de la fusillade à Uvalde, Texas.",0,0.027524875621890547
https://dpa-factchecking.com/belgium/220523-99-395758,el papa lamio a un niño," Des acteurs se présentent comme le père d'une victime de la fusillade à Uvalde, Texas.",0,0.02089078224512616
https://faktograf.hr/2021/12/28/ne-papa-franjo-nije-snimljen-kako-se-moli-sotoni/,el papa lamio a un niño,Papa Franjo je snimljen kako se moli Sotoni.,0,0.006666666666666667
https://chequeado.com/ultimas-noticias/sturzenegger-hace-una-decada-habia-un-millon-de-familias-en-la-argentina-con-deficit-habitacional-ese-numero-hoy-es-dos-millones/,dos millones de familias en las colas de hambre en españa,Hace una década había un millón de familias en la Argentina con déficit habitacional. Ese número hoy es dos millones,0,0.0034910062005034073
https://chequeado.com/ultimas-noticias/spot-fit-tres-millones-de-familias-viven-de-forma-precaria/,dos millones de familias en las colas de hambre en españa,Tres millones de familias viven de forma precaria,0,0.03334661354581673
https://colombiacheck.com/chequeos/las-cifras-de-rodolfo-hernandez-sobre-hambre-y-poblacion-votante-son-cuestionables,dos millones de familias en las colas de hambre en españa,"22 millones con hambre, menos de 4.000 pesos diarios, pondrían presidente",0,0.003467656376356771
https://maldita.es/migracion/bulo/20220608/gobierno-espana-1700-millones-euros-nigeria/,dos millones de familias en las colas de hambre en españa,España da 1.700 millones de euros a Nigeria,0,1.3280212483399734e-05
https://maldita.es/malditobulo/20220608/gobierno-espana-1700-millones-euros-nigeria/,dos millones de familias en las colas de hambre en españa,España da 1.700 millones de euros a Nigeria,0,1.3280212483399734e-05
https://www.univision.com/noticias/falso-acusacion-contra-democratas-subir-impuestos,dos millones de familias en las colas de hambre en españa,"Los demócratas votaron para aumentar los impuestos en $20.000 millones a las ""familias de ingresos bajos y medios"".",0,0.006666666666666667
https://www.newtral.es/inigo-errejon-espana-es-el-pais-de-la-ocde-donde-las-familias-dedican-mas-porcentaje-de-sus-ingresos-a-la-vivienda/20200220/,dos millones de familias en las colas de hambre en españa,"""España es el país de la OCDE donde las familias dedican más porcentaje de sus ingresos a la vivienda""",0,0.010555555555555556
https://www.newtral.es/100-millones-guerra-rif-espana-marruecos/20220913/,dos millones de familias en las colas de hambre en españa,España va a indemnizar a Marruecos con 100 millones de euros por la guerra del Rif.,0,0.0
https://factual.afp.com/http%253A%252F%252Fdoc.afp.com%252F9NE2B8-1,dos millones de familias en las colas de hambre en españa,"Elisa Loncon: ""El aguinaldo de 2 millones no es solo para nosotros es para nuestros asesores ellos también tienen familia""",0,0.0
https://piaui.folha.uol.com.br/lupa/2019/02/08/osmar-terra-bolsa-familia/,dos millones de familias en las colas de hambre en españa,"Nós temos 13,8 milhões de famílias hoje no Bolsa Família",0,0.03357515140730685
https://www.rtve.es/noticias/20220905/ley-no-preve-indemnizar-marruecos-guerra-del-rif/2400801.shtml,dos millones de familias en las colas de hambre en españa,El Gobierno de España ha aprobado una indemnización de 100 millones a Marruecos por la guerra del Rif,0,0.006666666666666667
https://www.newtral.es/santiago-abascal-las-denuncias-falsas-por-violencia-de-genero-afectan-a-millones-de-espanoles/20181210/,dos millones de familias en las colas de hambre en españa,Las denuncias falsas (por violencia de género) afectan a millones de españoles,0,0.006679946879150066
https://www.univision.com/noticias/trump-pague-millones-de-dolares-millones-de-dolares,dos millones de familias en las colas de hambre en españa,"“Pagué millones de dólares. Millones de dólares""",0,0.0
https://www.verificat.cat/fact-check/espana-no-ha-retirado-la-vacuna-de-astrazeneca-al-contrario-de-lo-que-afirma-un-tuit-viral,dos millones de familias en las colas de hambre en españa,En España retiran para siempre la vacuna covid-19 AstraZeneca y envían 20 millones de estos fármacos a Hispanoamérica,0,0.0
https://www.newtral.es/video-politicos-ue-bailan-bulo/20220913/,dos millones de familias en las colas de hambre en españa,"Mientras millones de hogares y empresas europeas mueren de hambre, los políticos de la UE celebran su salario mensual de 10.000 euros con bailes, como se puede ver en este vídeo.",0,0.006666666666666667
https://factual.afp.com/http%253A%252F%252Fdoc.afp.com%252F9JT2L3-1,rey de españa pedro castillo ignorante,Felipe VI dijo que discurso de Pedro Castillo se explica desde la ignorancia y estupidez,1,0.8533333333333334
https://factual.afp.com/foto-de-un-mitin-de-castillo-en-peru-fue-alterada-para-demostrar-una-presunta-manipulacion,rey de españa pedro castillo ignorante,Pedro Castillo manipuló fotografía de un mítin,0,0.016666666666666666
https://factual.afp.com/doc.afp.com.32G92QG,rey de españa pedro castillo ignorante,"La República tuiteó que Torres dijo que Pedro Castillo ""roba por necesidad""",0,0.0
https://www.newtral.es/aragones-happy-birthday-rey-factcheck/20220307/,rey de españa pedro castillo ignorante,“El president de nuestro país canta el «Happy Birthday» al Rey de España”,0,0.00016120347311031837
https://dabegad.com/%d8%ad%d9%82%d9%8a%d9%82%d8%a9-%d8%aa%d8%b5%d8%b1%d9%8a%d8%ad-%d8%a7%d9%84%d9%85%d9%84%d9%83-%d8%b3%d9%84%d9%85%d8%a7%d9%86-%d8%b9%d9%86-%d9%85%d8%b5%d8%b1/,rey de españa pedro castillo ignorante,الملك سلمان : السعودية لعبت دورا في مصر لم أكن راضيا عنه و حان وقت الإعتذار,0,3.257328990228013e-05
https://maldita.es/malditobulo/20220421/rey-emerito-juan-carlos-sanxenxo-pontevedra/,rey de españa pedro castillo ignorante,El rey emérito Juan Carlos I está en Sanxenxo (Pontevedra),0,0.014597941740798885
https://info-veritas.com/desinformacion-foto-leonor-principe-marruecos-montaje/,rey de españa pedro castillo ignorante,Princesa Leonor con el príncipe de Marruecos,0,0.00015216910137228861
https://www.newtral.es/bulo-don-quijote-reyes-piratas-echo-cita-falsa/20200810/,rey de españa pedro castillo ignorante,"Don Quijote, a Sancho: ""País este, donde se destronan a reyes y coronan a piratas""",0,0.007742510896478072
https://www.newtral.es/bulo-pais-no-informado-referendum-corona/20200804/,rey de españa pedro castillo ignorante,Pedro Sánchez ha anunciado un referéndum entre monarquía y república,0,0.07666666666666666
https://verifica.efe.com/princesa-leonor-y-heredero-marruecos-no-posaron-juntos-es-un-montaje/,rey de españa pedro castillo ignorante,"La princesa Leonor posa con la mano en el corazón junto al príncipe heredero de Marruecos, Moulay Hassan, como muestra una fotografía difundida en internet. ",0,0.043333333333333335
https://factual.afp.com/es-falsa-la-encuesta-presidencial-que-muestra-al-candidato-castillo-como-favorito-en-peru,rey de españa pedro castillo ignorante,Encuesta de CPI muestra a Pedro Castillo como favorito,0,0.0
https://maldita.es/malditobulo/20210510/rey-felipe-vi-madrid-ha-sido-una-liberacion-pedro-sanchez/,rey de españa pedro castillo ignorante,"El rey Felipe VI dice que ""Madrid ha sido una liberación""",0,0.00010818785345463486
https://checamos.afp.com/doc.afp.com.327X8Y4,rey de españa pedro castillo ignorante,Pedro Castillo orientou seu povo a comer pombo,0,0.07579545454545455
https://periksafakta.afp.com/foto-ini-menunjukkan-aktris-amerika-kim-kardashian-bukan-putri-raja-salman,rey de españa pedro castillo ignorante,Putri Raja Salman dari Arab Saudi,0,0.026699239956568945
https://factual.afp.com/http%253A%252F%252Fdoc.afp.com%252F9FR8NW-1,rey de españa pedro castillo ignorante,La proclamación de Pedro Castillo como presidente electo de Perú es ilegal,0,0.003346613545816733
https://factual.afp.com/http%253A%252F%252Fdoc.afp.com%252F9PR3T2-1,rey de españa pedro castillo ignorante,Cita del rey Felipe VI de España sobre la conquista de México por carta de AMLO,0,0.06
https://fatabyyano.net/%d9%87%d8%b0%d9%87-%d8%a7%d9%84%d8%b5%d9%88%d8%b1%d8%a9-%d8%aa%d8%b9%d9%88%d8%af-%d8%a5%d9%84%d9%89-%d9%85%d8%b4%d9%87%d8%af-%d9%85%d9%86-%d8%a7%d8%ba%d9%86%d9%8a%d8%a9-%d8%a5%d8%b3%d8%a8%d8%a7%d9%86/,rey de españa pedro castillo ignorante,غارسيا لوركا لحظة اعدامه في زمن الحرب الاهلية الاسبانية,0,0.0
https://www.newtral.es/sede-ugt-gobierno-millones-bulo/20210918/,el gobierno regala cinco millones de euros a ugt para reformar su sede,El Gobierno regala 5 millones de euros públicos a UGT para que reformen su sede de Madrid,1,1.0
https://factual.afp.com/http%253A%252F%252Fdoc.afp.com%252F9P38HC-1,el gobierno regala cinco millones de euros a ugt para reformar su sede,El gobierno español regala cinco millones de euros a UGT para que reforme su sede de Madrid,1,0.9866666666666667
https://factual.afp.com/el-gobierno-espanol-no-preve-entregar-argentina-4500-millones-de-euros,el gobierno regala cinco millones de euros a ugt para reformar su sede,El gobierno español de Pedro Sánchez promete al presidente de Argentina 4.500 millones de euros,0,0.00013432304302343697
https://maldita.es/malditobulo/20210722/gobierno-espana-fianza-proces-dinero-publico-fondos-sanitarios/,el gobierno regala cinco millones de euros a ugt para reformar su sede,"El Gobierno de España va a pagar con dinero público destinado a fondos sanitarios la fianza de 5,4 Millones de euros impuesta a los ex altos cargos de la Generalitat",0,0.00016677750883783895
https://thelogicalindian.com/fact-check/government-5000-relief-funds-limited-time-offer-covid-19-lockdown-21295,el gobierno regala cinco millones de euros a ugt para reformar su sede,"Government is giving ₹5,000 as relief funds as a limited time offer",0,3.257328990228013e-05
https://www.newtral.es/fondos-europeos-feijoo-factcheck/20220321/,el gobierno regala cinco millones de euros a ugt para reformar su sede,"“[Sobre los fondos Next Generation] porque de cada diez euros, siete quedan en las manos de la Administración general del Estado”",0,0.0
https://www.boatos.org/politica/montanha-dinheiro-us-4-bilhoes-governo-recuperou-corrupcao-exposta.html,el gobierno regala cinco millones de euros a ugt para reformar su sede,"Pessoal, esta é uma bolacha da Nestlé, a Nesfit. Vejam bem o que é que nos estamos comendo. Ela entra em combustão.",0,0.014
https://poligrafo.sapo.pt/fact-check/antonio-leitao-amaro-governo-pode-arrecadar-sete-mil-milhoes-de-euros-a-mais-com-receita-fiscal-em-2022,el gobierno regala cinco millones de euros a ugt para reformar su sede,"Governo pode arrecadar ""sete mil milhões de euros a mais"" na receita fiscal em 2022",0,0.014166666666666666
https://newsmobile.in/articles/2020/06/12/fact-check-post-about-govt-giving-rs-7500-to-each-citizen-untrue/,el gobierno regala cinco millones de euros a ugt para reformar su sede,"the Government is giving a ‘free’ relief fund of Rs 7,500 to each citizen",0,0.01224709784411277
https://colombiacheck.com/chequeos/hubo-una-comision-de-reforma-del-das-donde-estuvo-el-doctor-bejarano-verdadero-pero,el gobierno regala cinco millones de euros a ugt para reformar su sede,En el gobierno de Uribe se creó una comisión para reformar al DAS,0,0.016666666666666666
https://www.newtral.es/factcheck-contrato-tanques-rufian-no-adjudicado-2007/20200527/,el gobierno regala cinco millones de euros a ugt para reformar su sede,"""El Gobierno se gasta 2100 millones de euros en tanques""",0,0.0033333333333333335
https://www.newtral.es/miguel-angel-revilla-que-no-haya-un-gobierno-efectivo-sino-uno-en-funciones-cuesta-132-millones-de-euros-a-cantabria/20190701/,el gobierno regala cinco millones de euros a ugt para reformar su sede,"""Que no haya un Gobierno efectivo sino uno en funciones cuesta 132 millones de euros a Cantabria""",0,0.006666666666666667
https://www.newtral.es/bulo-pedro-sanchez-donacion-millones-miley-cyrus/20200715/,el gobierno regala cinco millones de euros a ugt para reformar su sede,Sánchez ha regalado 11 millones de euros a la fundación de Miley Cyrus,0,0.00689589735066134
https://factual.afp.com/un-tuit-satirico-publico-que-el-gobierno-de-espana-habia-destinado-120-millones-de-euros-charlas-de,el gobierno regala cinco millones de euros a ugt para reformar su sede,"Un diario español publicó que el Gobierno dio 120 millones de euros para ""charlas de transexualidad""",0,0.026855736708091053
https://www.newtral.es/covid-19-epidemia-mundial-de-bulos-xx/20200521/,el gobierno regala cinco millones de euros a ugt para reformar su sede,El Gobierno destina 120 millones de euros a charlas online sobre transexualidad para alumnos de primero de ESO,0,0.03680555555555556
https://maldita.es/malditobulo/20201022/gobierno-espana-caritas-regalando-tarjetas-alimentarias-phishing/,el gobierno regala cinco millones de euros a ugt para reformar su sede,"El Gobierno de España junto a Cáritas, anunció la inversión de 800 millones de euros para las Tarjetas Alimentarias",0,0.006666666666666667
https://colombiacheck.com/chequeos/no-hay-una-reforma-tributaria-cada-ano-como-dice-el-candidato-al-senado-luis,el gobierno regala cinco millones de euros a ugt para reformar su sede,"Cada gobierno, cada año, hace reformas tributarias",0,0.00011193836926735949
https://www.newtral.es/fact-check-ministro-justicia-delito-sedicion/20201007/,el gobierno regala cinco millones de euros a ugt para reformar su sede,"""[La reforma de los delitos de rebelión y sedición] está en el debate de investidura del presidente del Gobierno, candidato a la presidencia del Gobierno""",0,0.0033333333333333335
https://www.newtral.es/pastor-cuando-llegamos-al-gobierno-habia-mas-de-ocho-millones-de-mujeres-en-paro/20191107/,el gobierno regala cinco millones de euros a ugt para reformar su sede,"Cuando llegamos al Gobierno, había más de ocho millones de mujeres en paro",0,0.01
https://www.newtral.es/iva-castilla-y-leon-pedro-sanchez-javier-maroto-factcheck/20220119/,el gobierno regala cinco millones de euros a ugt para reformar su sede,“Desde hace ya años el Gobierno de España les debe a los castellanos y leoneses 182 millones de euros del IVA que no le da la gana de pagar a Sánchez”,0,0.006666666666666667
https://www.newtral.es/casado-el-pp-en-toda-su-historia-de-gobierno-ha-creado-8-millones-de-empleos/20190219/,el gobierno regala cinco millones de euros a ugt para reformar su sede,“El PP en toda su historia de gobierno ha creado 8 millones de empleos”,0,0.0044444444444444444
https://www.newtral.es/santiago-abascal-compra-coto-caza/20220426/,el gobierno regala cinco millones de euros a ugt para reformar su sede,Abascal se ha comprado una finca con coto de caza por más de cinco millones de euros ,0,0.0
https://factual.afp.com/http%253A%252F%252Fdoc.afp.com%252F9RW8HC-1,el gobierno regala cinco millones de euros a ugt para reformar su sede,El gobierno de China soltó millones de aves criadas en laboratorio,0,0.0
https://chequeado.com/ultimas-noticias/guzman-se-incremento-en-us-100-mil-millones-la-deuda-durante-el-gobierno-de-cambiemos/,el gobierno regala cinco millones de euros a ugt para reformar su sede,Se incrementó en US$ 100 mil millones la deuda [durante el gobierno de Cambiemos],0,0.0033333333333333335
https://www.newtral.es/presupuesto-ayuda-desarrollo-factcheck/20220701/,el gobierno regala cinco millones de euros a ugt para reformar su sede,"“Este es el Gobierno que ha aumentado en estos presupuestos hasta 3.500 millones de euros la ayuda a la cooperación al desarrollo con los países africanos""",0,0.0037169839161871037
https://www.newtral.es/presupuesto-igualdad-defensa-guillermo-diaz-ciudadanos-fact-check/20220310/,el gobierno regala cinco millones de euros a ugt para reformar su sede,"“¿Ese es el plan del Gobierno, dedicar el doble del presupuesto de Defensa, con la que está cayendo, 20.000 millones de euros, al Ministerio de Irene Montero?”",0,0.0
https://factual.afp.com/http%253A%252F%252Fdoc.afp.com%252F9NX38V-1,referéndum de Berlín para expropiar viviendas,"En Berlín se expropiarán más de 200.000 viviendas a inmobiliarias, luego de un referéndum",1,0.9933333333333333
https://colombiacheck.com/chequeos/la-expropiacion-grandes-inmobiliarias-en-berlin-puede-que-no-ocurra,referéndum de Berlín para expropiar viviendas,En Berlín expropiarán a las grandes inmobiliarias,1,0.9266666666666666
https://colombiacheck.com/chequeos/propuesta-de-uribe-de-intervenir-epm-no-significa-expropiar-como-asegura-quintero,referéndum de Berlín para expropiar viviendas,Uribe quiere expropiar EPM,0,0.0007000720417880934
https://colombiacheck.com/chequeos/petro-no-dijo-hay-que-expropiar-al-rico-para-darle-al-pobre-y-al-pobre-si-se-vuelve-rico,referéndum de Berlín para expropiar viviendas,Petro dijo que hay que expropiar al rico para darle al pobre,0,0.00020235025390779072
https://colombiacheck.com/chequeos/no-es-cierto-que-en-chile-acaban-de-expropiar-las-pensiones,referéndum de Berlín para expropiar viviendas,En Chile acaban de expropiar las pensiones,0,0.006800989709690103
https://colombiacheck.com/chequeos/proyecto-de-ley-de-petro-bolivar-y-avella-sobre-propiedad-rural-no-era-para-expropiar,referéndum de Berlín para expropiar viviendas,"Proyecto de ley de Petro, Bolívar y Avella para expropiar propiedad rural",0,0.04349453680644365
https://cekfakta.tempo.co/fakta/391/fakta-atau-hoaks-benarkah-vatikan-mendukung-referendum-papua,referéndum de Berlín para expropiar viviendas,Vatikan mendukung referendum Papua,0,0.013708058298720622
https://www.newtral.es/carmen-calvo-en-escocia-no-hubo-un-referendum-pactado/20181024/,referéndum de Berlín para expropiar viviendas,En Escocia no hubo un referéndum pactado,0,0.0
https://pesacheck.org/true-the-kenya-government-has-gazetted-the-referendum-bill-6504e4beebbc,referéndum de Berlín para expropiar viviendas,Parliament gazettes Referendum Bill 2020,0,0.0035057247738617928
https://chequeado.com/ultimas-noticias/taiana-desde-2010-el-instituto-de-la-vivienda-no-ha-construido-ni-una-sola-vivienda/,referéndum de Berlín para expropiar viviendas,"Desde 2010, el Instituto de la Vivienda no ha construido ni una sola vivienda",0,0.003467656376356771
https://efectococuyo.com/cocuyo-chequea/fmi-sugirio-expropiar-falso/,referéndum de Berlín para expropiar viviendas,FMI sugirió expropiar 10% de las riquezas de las familias para reducir la deuda pública,0,0.018561351625687544
https://www.newtral.es/fact-check-madrid-no-vivienda-publica-okupada-okupas-rocio-monasterio/20210521/,referéndum de Berlín para expropiar viviendas,“La Comunidad de Madrid tiene que tomar medidas porque tiene sus viviendas públicas okupadas. No puede haber una comunidad que tenga su parque de viviendas okupado”,0,0.003414640756701087
https://factual.afp.com/doc.afp.com.328Z29V,referéndum de Berlín para expropiar viviendas,En Chile se expropiaron los fondos de pensiones en abril de 2022,0,0.01691358024691358
https://chequeado.com/ultimas-noticias/cobos-usaria-las-reservas-para-hacer-viviendas/,referéndum de Berlín para expropiar viviendas,Usaría las reservas para hacer viviendas,0,0.023454376163873372
https://fullfact.org/europe/was-eu-referendum-advisory/,referéndum de Berlín para expropiar viviendas,The EU referendum was “advisory” only.,0,0.02
https://www.verificat.cat/es/fact-check/junqueras-y-el-referendum-de-autodeterminacion-en-irlanda-se-celebro-en-en-el-norte-y-fue-impulsado-por-londres,referéndum de Berlín para expropiar viviendas,Hubo un referéndum de autodeterminación para Irlanda,0,0.0200132802124834
https://factual.afp.com/doc.afp.com.32B48NP,referéndum de Berlín para expropiar viviendas,Con la nueva Constitución las viviendas propias pasarán a ser del Estado,0,0.14747408781694496
https://colombiacheck.com/chequeos/petro-no-dijo-que-viviendas-de-mas-de-65-metros-cuadrados-seran-compartidas-con-otras,referéndum de Berlín para expropiar viviendas,Petro dijo que las viviendas de más de 65 m2 serán compartidas,0,0.010068027210884354
https://fullfact.org/europe/eu-referendum-outcome-knife-edge/,referéndum de Berlín para expropiar viviendas,"The EU referendum outcome is ""on a knife edge"".",0,0.0
https://demagog.org.pl/wypowiedzi/ile-kosztuje-ogolnokrajowe-referendum-fact-check-m-wassermann/,referéndum de Berlín para expropiar viviendas,PBK wydał 100 miliardów na referendum,0,0.03030626916061307
https://www.newtral.es/martinez-almeida-carmena-prometio-4-500-viviendas-y-no-ha-entregado-mas-que-65/20190509/,referéndum de Berlín para expropiar viviendas,Carmena prometió 4.500 viviendas y no ha entregado más que 65,0,0.0
https://factual.afp.com/no-el-diputado-axel-kicillof-no-afirmo-que-se-deben-expropiar-campos-en-argentina,referéndum de Berlín para expropiar viviendas,Kicillof dijo que había que expropiar campos y que Venezuela era un país modelo,0,0.0
https://www.newtral.es/covid-19-epidemia-mundial-de-bulos-xx/20200521/,El Gobierno ha destinado 630 millones de euros de ayudas al desarrollo a asociaciones feministas y LGTBI,El Gobierno destina 120 millones de euros a charlas online sobre transexualidad para alumnos de primero de ESO,1,0.050173611111111106
https://www.newtral.es/presupuesto-ayuda-desarrollo-factcheck/20220701/,El Gobierno ha destinado 630 millones de euros de ayudas al desarrollo a asociaciones feministas y LGTBI,"“Este es el Gobierno que ha aumentado en estos presupuestos hasta 3.500 millones de euros la ayuda a la cooperación al desarrollo con los países africanos""",0,0.21666666666666667
https://maldita.es/malditobulo/20210722/gobierno-espana-fianza-proces-dinero-publico-fondos-sanitarios/,El Gobierno ha destinado 630 millones de euros de ayudas al desarrollo a asociaciones feministas y LGTBI,"El Gobierno de España va a pagar con dinero público destinado a fondos sanitarios la fianza de 5,4 Millones de euros impuesta a los ex altos cargos de la Generalitat",0,0.0033333333333333335
https://www.newtral.es/fact-check-pedro-sanchez-equivocados-sanidad-catalana/20210211/,El Gobierno ha destinado 630 millones de euros de ayudas al desarrollo a asociaciones feministas y LGTBI,"""Los presupuestos catalanes en 2020 destinaron 9.700 millones de euros a la sanidad, cuando en 2010 se habían destinado más de 10.000 millones de euros. El gasto sanitario en Cataluña supone un 3,7% de su PIB (...) Qué es lo que ha hecho el Gobierno independentista en estos últimos 10 años sino recortar, recortar y recortar""",0,0.0033333333333333335
https://www.newtral.es/factcheck-contrato-tanques-rufian-no-adjudicado-2007/20200527/,El Gobierno ha destinado 630 millones de euros de ayudas al desarrollo a asociaciones feministas y LGTBI,"""El Gobierno se gasta 2100 millones de euros en tanques""",0,0.0033333333333333335
https://maldita.es/malditobulo/20210908/asociaciones-musulmanas-valencia-gobierno-fiestas-moros-cristianos/,El Gobierno ha destinado 630 millones de euros de ayudas al desarrollo a asociaciones feministas y LGTBI,Asociaciones Musulmanas en Valencia pedirán al Gobierno Valenciano que NO se celebren la tradicional fiestas de Moros y Cristianos,0,0.02666666666666667
https://factual.afp.com/http%253A%252F%252Fdoc.afp.com%252F9L999P-1,El Gobierno ha destinado 630 millones de euros de ayudas al desarrollo a asociaciones feministas y LGTBI,El Ministerio del Interior del Gobierno de España inscribió en el registro a la Asociación de Abducidos por los Alienígenas,0,0.0
https://www.newtral.es/asociaciones-musulmanas-valencia-moros-cristianos/20210914/,El Gobierno ha destinado 630 millones de euros de ayudas al desarrollo a asociaciones feministas y LGTBI,Urgente: Asociaciones musulmanas de Valencia pedirán al Gobierno valenciano que no se celebre la tradicional fiesta de moros y cristianos. “Nos ofenden”.,0,0.006666666666666667
https://www.newtral.es/fact-check-pedro-sanchez-ayudas-pymes-600-millones/20210323/,El Gobierno ha destinado 630 millones de euros de ayudas al desarrollo a asociaciones feministas y LGTBI,"“Con el adelanto electoral lo que ha hecho ha sido bloquear las ayudas aprobadas por el Gobierno de España para la C. de Madrid (...) Se han bloqueado 600 millones de euros en ayudas a pymes, a autónomos, a comercios, para Madrid, para el tejido productivo”",0,0.0033333333333333335
https://www.newtral.es/miguel-angel-revilla-que-no-haya-un-gobierno-efectivo-sino-uno-en-funciones-cuesta-132-millones-de-euros-a-cantabria/20190701/,El Gobierno ha destinado 630 millones de euros de ayudas al desarrollo a asociaciones feministas y LGTBI,"""Que no haya un Gobierno efectivo sino uno en funciones cuesta 132 millones de euros a Cantabria""",0,0.0
https://factual.afp.com/http%253A%252F%252Fdoc.afp.com%252F9P38HC-1,El Gobierno ha destinado 630 millones de euros de ayudas al desarrollo a asociaciones feministas y LGTBI,El gobierno español regala cinco millones de euros a UGT para que reforme su sede de Madrid,0,0.007208234188564728
https://www.newtral.es/sede-ugt-gobierno-millones-bulo/20210918/,El Gobierno ha destinado 630 millones de euros de ayudas al desarrollo a asociaciones feministas y LGTBI,El Gobierno regala 5 millones de euros públicos a UGT para que reformen su sede de Madrid,0,0.017033977031672885
https://www.newtral.es/iva-castilla-y-leon-pedro-sanchez-javier-maroto-factcheck/20220119/,El Gobierno ha destinado 630 millones de euros de ayudas al desarrollo a asociaciones feministas y LGTBI,“Desde hace ya años el Gobierno de España les debe a los castellanos y leoneses 182 millones de euros del IVA que no le da la gana de pagar a Sánchez”,0,0.0
https://www.verificat.cat/es/fact-check/no-esta-demostrado-que-9-de-cada-10-espanoles-tengan-deficit-de-vitamina-d-como-asegura-un-anuncio-de-actimel,uno de cada tres españoles es pobre,9 de cada 10 españoles tienen déficit de vitamina D,0,0.016666666666666666
https://www.verificat.cat/fact-check/no-esta-demostrado-que-9-de-cada-10-espanoles-tengan-deficit-de-vitamina-d-como-asegura-un-anuncio-de-actimel,uno de cada tres españoles es pobre,9 de cada 10 españoles tienen déficit de vitamina D,0,0.1
https://maldita.es/malditobulo/20201101/alemanes-descojonan-espanoles-video/,uno de cada tres españoles es pobre,Los alemanes se descojonan de los españoles en un vídeo de la cadena FTL,0,0.0033333333333333335
https://www.newtral.es/bulo-odio-catalanes-espanoles/20220422/,uno de cada tres españoles es pobre,Más del 70% de los españoles odia a los catalanes.,0,0.006866939530478635
https://maldita.es/malditobulo/20200425/pedro-sanchez-agradecido-aplausos-estado-alarma-coronavirus/,uno de cada tres españoles es pobre,"Pedro Sánchez ha agradecido en su último discurso los aplausos ""que los españoles le dan cada día a las 20:00",0,0.0044444444444444444
https://maldita.es/malditobulo/20220226/espana-guerra-jovenes-formacion-sanchez/,uno de cada tres españoles es pobre,El gobierno español llamará a jóvenes españoles de 18 a 25 años para formarlos en caso de guerra,0,0.0
https://www.newtral.es/bulo-cadena-television-alemana-humor-espanoles/20200625/,uno de cada tres españoles es pobre,Una cadena de televisión alemana se ríe de los españoles durante la crisis del coronavirus,0,0.01683232288731392
https://www.newtral.es/gobierno-formar-jovenes-guerra-bulo/20220307/,uno de cada tres españoles es pobre,El gobierno español llamará en breve a jóvenes españoles de entre 18 y 25 años para formarlos en caso de guerra. ,0,0.0033333333333333335
https://www.newtral.es/la-periodista-pilar-rahola-no-ha-dicho-los-espanoles-me-repugnan-como-el-olor-a-pescado/20191021/,uno de cada tres españoles es pobre,Los españoles me repugnan como el olor a pescado,0,0.004457724656927844
https://www.newtral.es/no-se-esta-deteniendo-a-espanoles-por-querer-ir-a-misa-en-plena-pandemia-es-un-video-antiguo/20200328/,uno de cada tres españoles es pobre,Detienen a españoles por querer ir a misa en plena pandemia,0,0.0
https://www.newtral.es/es-falso-que-colau-haya-dicho-o-ponen-en-libertad-a-nuestros-presos-politicos-o-destrozaremos-a-espana-y-a-los-espanoles/20191008/,uno de cada tres españoles es pobre,O ponen en libertad a nuestros presos políticos o destrozaremos a España y a los españoles,0,0.0033659066232356134
https://www.newtral.es/factcheck-pablo-casado-espanoles-trabajar-no-pueden/20200831/,uno de cada tres españoles es pobre,"""Hay siete millones de españoles que quieren trabajar y no pueden """,0,0.020210575417768478
https://factual.afp.com/http%253A%252F%252Fdoc.afp.com%252F9RY9H4-1,uno de cada tres españoles es pobre,Los políticos españoles no pagan el IRPF y los jubilados sí,0,0.01740705031575071
https://www.newtral.es/gobierno-prohibir-carne-2050/20220704/,uno de cada tres españoles es pobre,El Gobierno planea que los españoles dejen de comer carne de aquí a 2050.,0,9.762900976290097e-05
https://maldita.es/malditobulo/20210608/mexico-retirado-nombre-calles-conquistadores-espa%C3%B1oles/,uno de cada tres españoles es pobre,México retira el nombre de sus calles a todos los conquistadores españoles,0,0.0
https://maldita.es/malditobulo/20220609/50-euros-comercio-personas-ucranianas/,uno de cada tres españoles es pobre,Los ucranianos tienen tarjetas de 50 euros en los comercios españoles,0,0.006983154680053719
https://maldita.es/malditobulo/20210406/imagen-policias-playa-espana-la-grande-motte-francia/,uno de cada tres españoles es pobre,Foto en la playa con policías: &quot;A los españoles nos tratan como criminales por estar tomando el sol&quot;,0,0.0033659066232356134
https://www.newtral.es/santiago-abascal-sobre-las-ayudas-al-alquiler-han-creado-una-legislacion-que-discrimina-a-los-espanoles-porque-les-dice-que-tienen-arraigo/20191104/,uno de cada tres españoles es pobre,Han creado una legislación que discrimina a los españoles porque les dice que tienen arraigo,0,0.018250287987375106
https://factual.afp.com/http%253A%252F%252Fdoc.afp.com%252F9RY3PK-1,menores extranjeros en valencia cobran 1000 euros al mes,A los menores extranjeros no acompañados MENAS se les da 1.125 euros en la Comunidad Valenciana mientras la pensión media es de 950 euros,1,0.7633333333333333
https://www.newtral.es/menas-paga-menores-extranjeros-no-acompanados-valencia/20211026/,menores extranjeros en valencia cobran 1000 euros al mes,¿Qué a los Menores Extranjeros No Acompañados (MENAS) se les da en la Comunidad Valenciana 1.125€ mensuales?,1,0.66
https://www.newtral.es/el-falso-mensaje-sobre-una-menor-agredida-sexualmente-por-extranjeros-en-burriana/20190529/,menores extranjeros en valencia cobran 1000 euros al mes,El mensaje sobre una menor agredida sexualmente por extranjeros en Burriana,0,0.01032258064516129
https://maldita.es/malditobulo/no-no-se-ofrece-una-paga-de-664e-mensuales-a-todo-extranjero-menor-de-23-anos-que-llegue-a-nuestro-pais-y-no-tenga-trabajo-5,menores extranjeros en valencia cobran 1000 euros al mes,Se ofrece una paga de 664 euros mensuales a todo extranjero menor de 23 años que llegue a nuestro país y no tenga trabajo.,1,0.89
https://maldita.es/malditobulo/20200207/no-no-se-ofrece-una-paga-de-664e-mensuales-a-todo-extranjero-menor-de-23-anos-que-llegue-a-nuestro-pais-y-no-tenga-trabajo-5/,menores extranjeros en valencia cobran 1000 euros al mes,Se ofrece una paga de 664 euros mensuales a todo extranjero menor de 23 años que llegue a nuestro país y no tenga trabajo.,1,0.8733333333333333
https://factual.afp.com/http%253A%252F%252Fdoc.afp.com%252F9T48B4-1,menores extranjeros en valencia cobran 1000 euros al mes,Extranjeros fueron elegidos vocales de mesa en las elecciones de Chile,0,0.0
https://www.newtral.es/mercadona-no-va-a-sustituir-productos-espanoles-por-extranjeros-de-baja-calidad/20190911/,menores extranjeros en valencia cobran 1000 euros al mes,Mercadona elimina más de 1800 productos españoles por otros extranjeros de baja calidad con la marca Hacendado.,0,0.0066992399565689465
https://chequeado.com/ultimas-noticias/zamora-la-argentina-se-extranjerizo-mas-que-en-la-epoca-de-menem-profundizo-la-extranjerizacion/,menores extranjeros en valencia cobran 1000 euros al mes,La Argentina se extranjerizó más que en la época de Menem; profundizó la extranjerización,0,0.0066992399565689465
https://www.newtral.es/santiago-abascal-las-mujeres-asesinadas-en-espana-han-sido-mayoritariamente-a-manos-de-extranjeros/20181205/,menores extranjeros en valencia cobran 1000 euros al mes,"Las mujeres asesinadas en España han sido, mayoritariamente, a manos de extranjeros",0,0.0
https://maldita.es/malditobulo/20220623/declaraciones-asesora-irene-montero-violaciones-inmigrantes/,menores extranjeros en valencia cobran 1000 euros al mes,Una asesora de Irene Montero dice que debemos dar nacionalidad a todos los extranjeros,0,3.257328990228013e-05
https://maldita.es/malditobulo/20220530/declaraciones-asesora-irene-montero-violaciones-inmigrantes/,menores extranjeros en valencia cobran 1000 euros al mes,Una asesora de Irene Montero dice que debemos dar nacionalidad a todos los extranjeros,0,3.257328990228013e-05
https://maldita.es/malditobulo/20220825/declaraciones-asesora-irene-montero-violaciones-inmigrantes/,menores extranjeros en valencia cobran 1000 euros al mes,Una asesora de Irene Montero dice que debemos dar nacionalidad a todos los extranjeros,0,3.257328990228013e-05
https://maldita.es/malditobulo/20200605/no-las-condiciones-para-acceder-al-ingreso-minimo-vital-no-son-distintas-para-espanoles-y-extranjeros-que-residan-legalmente-desde-hace-un-ano/,menores extranjeros en valencia cobran 1000 euros al mes,Si eres extranjero tienes más fácil que te den el ingreso mínimo vital,0,0.08281793842034806
https://factual.afp.com/en-los-principales-programas-sociales-en-argentina-los-beneficiarios-extranjeros-son-menos-del-10,menores extranjeros en valencia cobran 1000 euros al mes,LO QUE NOS DEJO EL PERONISMO 3 MILLONES DE EXTRANJEROS VIVIENDO DEL ANSES DE LOS JUBILADOS Argentina,0,0.017045189953890347
https://efectococuyo.com/cocuyo-chequea/canada-450-000-trabajadores-extranjeros-2022-falso/,menores extranjeros en valencia cobran 1000 euros al mes,Canadá reclutará y cubrirá gastos de 450.000 trabajadores extranjeros en 2022,0,0.00016565622064725473
https://www.newtral.es/el-psoe-no-ha-hecho-trampas-con-el-censo-electoral-en-huelva-dando-de-alta-a-extranjeros-no-empadronados/20191112/,menores extranjeros en valencia cobran 1000 euros al mes,El PSOE ha hecho trampas con el censo electoral en Huelva «dando de alta a extranjeros no empadronados»,0,0.0
https://www.newtral.es/acogida-ninos-ucrania-alicante-bulo/20220320/,menores extranjeros en valencia cobran 1000 euros al mes, En este cartel de la Generalitat Valenciana se hace un llamamiento urgente para acoger a menores ucranianos de 0 a 6 años en Alicante,0,0.04008547008547009
https://comprovem.afp.com/http%253A%252F%252Fdoc.afp.com%252F9UZ8FL-1,miocarditis y pericarditis dolencias incurables e irreversibles,La miocarditis i la percarditis són malalties incurables i irreversibles que poden ser causades per les vacunes contra la covid-19,1,0.9466666666666667
https://factual.afp.com/http%253A%252F%252Fdoc.afp.com%252F9UU874-1,miocarditis y pericarditis dolencias incurables e irreversibles,La miocarditis y la percarditis son enfermedades incurables e irreversibles que pueden ser causadas por las vacunas contra el covid-19,1,0.95
https://leadstories.com/hoax-alert/2021/11/fact-check-myocarditis-is-not-necessarily-irreversible-recovery-is-possible.html,miocarditis y pericarditis dolencias incurables e irreversibles,Myocarditis Is Irreversible,1,0.88
https://repustar.com/fact-briefs/is-myocarditis-irreversible,miocarditis y pericarditis dolencias incurables e irreversibles,Is myocarditis irreversible?,1,0.89
https://www.aosfatos.org/noticias/no-es-verdad-que-la-vacuna-contra-la-covid-19-cause-dano-irreversible-en-el-adn-humano/,miocarditis y pericarditis dolencias incurables e irreversibles,Las vacunas pueden causar daños irreversibles en el material genético de las personas.,0,0.04685573670809105
https://fit.thequint.com/fit-webqoof/coronavirus-vaccine-hesitancy-could-impact-widespread-immunity,miocarditis y pericarditis dolencias incurables e irreversibles,COVID-19 vaccine causes irreversible genetic damage,0,0.007057091289066211
https://www.thequint.com/fit/fit-webqoof/coronavirus-vaccine-hesitancy-could-impact-widespread-immunity,miocarditis y pericarditis dolencias incurables e irreversibles,COVID-19 vaccine causes irreversible genetic damage,0,0.009196944272455081
https://maldita.es/malditobulo/20220314/miocarditis-invasion-ucrania-cnn/,miocarditis y pericarditis dolencias incurables e irreversibles,La invasión de Ucrania está causando miocarditis,0,0.04341880341880342
https://www.aap.com.au/factcheck/u-turn-needed-on-myocarditis-is-irreversible-claim/,miocarditis y pericarditis dolencias incurables e irreversibles,Myocarditis is irreversible and has a 20 per cent fatality rate after two years and 50 per cent rate after five years.,1,0.860994575045208
https://www.newtral.es/ucrania-miocarditis-cnn/20220318/,miocarditis y pericarditis dolencias incurables e irreversibles,La CNN dice que la invasión de Ucrania causa miocarditis,0,0.0036853940917903377
https://www.aap.com.au/factcheck/video-falsely-claims-pfizer-vaccine-causes-widespread-irreversible-effects/,miocarditis y pericarditis dolencias incurables e irreversibles,Three per cent of people receiving the Pfizer COVID-19 vaccine in the US suffer irreversible side effects.,0,0.04176767676767677
https://factual.afp.com/las-mascarillas-no-provocan-enfermedades-neurodegenerativas,miocarditis y pericarditis dolencias incurables e irreversibles,"El uso de mascarilla provoca falta de oxígeno, daño neurológico o cerebral irreversible e hipoxia",0,0.06016689633292572
https://efectococuyo.com/cocuyo-chequea/recibir-dos-dosis-misma-vacuna-riesgo-miocarditis-falso/,miocarditis y pericarditis dolencias incurables e irreversibles,Recibir 2 dosis de la misma vacuna aumenta riesgo de sufrir miocarditis,0,0.029675369075369076
https://factual.afp.com/http%253A%252F%252Fdoc.afp.com%252F9VW7AL-1,miocarditis y pericarditis dolencias incurables e irreversibles,Pfizer admite ensayos clínicos cortos para riesgo de miocarditis,0,0.03006802721088435
https://factual.afp.com/http%253A%252F%252Fdoc.afp.com%252F9W46EV-1,alquileres no pueden prohibir tener mascotas en españa,Los alquileres ya no pueden prohibir tener mascotas en España,1,0.9733333333333334
https://verifica.efe.com/no-ley-obligue-permitir-animales-pisos-alquiler/,alquileres no pueden prohibir tener mascotas en españa,"En España, el propietario de una vivienda en alquiler no puede impedir a sus inquilinos que vivan con mascotas en casa, en virtud de una ley vigente desde el 5 de enero que considera a los animales de compañía parte del núcleo familiar.",1,0.96
https://www.newtral.es/rivera-las-ciudades-donde-gobierna-podemos-es-donde-mas-ha-subido-el-alquiler/20190424/,alquileres no pueden prohibir tener mascotas en españa,Las ciudades donde gobierna Podemos es donde más ha subido el alquiler,0,0.0405172671674533
https://www.newtral.es/palabras-prohibidas-whatsapp/20220822/,alquileres no pueden prohibir tener mascotas en españa,Estas son las palabras prohibidas de WhatsApp que pueden bloquear una cuenta,0,0.0
https://www.newtral.es/abalos-la-reforma-del-alquiler-de-2013-supuso-incrementar-los-desahucios-especialmente-a-partir-de-2016/20190123/,alquileres no pueden prohibir tener mascotas en españa,"""La reforma del alquiler de 2013 supuso incrementar los desahucios especialmente a partir de 2016""",0,0.08396217101378384
https://colombiacheck.com/chequeos/coronavirus-de-wuhan-no-tiene-relacion-con-coronavirus-canino,alquileres no pueden prohibir tener mascotas en españa,El coronavirus ya ha existido en mascotas y ya hay vacuna,0,0.0036960144858688357
https://www.newtral.es/fake-la-falsa-cadena-de-whatsapp-sobre-ayudas-al-alquiler-en-madrid/20190115/,alquileres no pueden prohibir tener mascotas en españa,7.000 personas que han recibido una ayuda para el alquiler en la Comunidad de Madrid son inmigrantes,0,0.03340136054421768
https://www.newtral.es/factcheck-jose-zaragoza-voto-pp-vox-medidas-economicas-pandemia/20200603/,alquileres no pueden prohibir tener mascotas en españa,"""Abascal y Casado votaron en contra de la ayuda a los autónomos, de las moratorias de las hipotecas, de la suspensión de alquileres, luz, agua y gas, contra los ERTE y en contra del ingreso mínimo vital. Contra todo.""",0,0.006666666666666667
https://www.newtral.es/prospecciones-litio-espana-exploracion-santiago-abascal-factcheck/20221006/,alquileres no pueden prohibir tener mascotas en españa,"“En España hay litio, pero se prohíben las prospecciones”",0,0.010068027210884354
https://factual.afp.com/el-presidente-de-mexico-no-propuso-un-impuesto-mascotas-era-una-nota-satirica,alquileres no pueden prohibir tener mascotas en españa,AMLO propuso un impuesto a las mascotas para solventar programas por el COVID-19 coronavirus,0,0.007438383493374527
https://factual.afp.com/un-alquiler-precio-simbolico-por-100-anos-no-detiene-una-ejecucion-hipotecaria-en-espana,alquileres no pueden prohibir tener mascotas en españa,"Para evitar la ejecución hipotecaria o el desahucio, alquiler simbólico a un familiar por un euro a 100 años.",0,0.07060606060606062
https://www.newtral.es/factcheck-pablo-casado-espanoles-trabajar-no-pueden/20200831/,alquileres no pueden prohibir tener mascotas en españa,"""Hay siete millones de españoles que quieren trabajar y no pueden """,0,0.016666666666666666
https://factual.afp.com/no-hay-registro-de-que-la-onu-ni-la-oms-hayan-planteado-que-los-colegios-eliminen-las-tareas,alquileres no pueden prohibir tener mascotas en españa,La ONU ordena prohibir las tareas escolares,0,0.0
https://factual.afp.com/doc.afp.com.32AD8JX,alquileres no pueden prohibir tener mascotas en españa,Tres días de baja al mes por tener la regla en España,0,0.00377214546071035
https://www.newtral.es/fact-check-madrid-no-vivienda-publica-okupada-okupas-rocio-monasterio/20210521/,los okupas pueden empadronarse en la vivienda en la que residan,“La Comunidad de Madrid tiene que tomar medidas porque tiene sus viviendas públicas okupadas. No puede haber una comunidad que tenga su parque de viviendas okupado”,0,0.0067479740900344195
https://factual.afp.com/en-estos-videos-se-explica-en-que-consiste-el-ingreso-minimo-vital-aprobado-en-espana,los okupas pueden empadronarse en la vivienda en la que residan,"Musulmanes han creado una página web donde explican cómo cobrar la renta o ingreso mínimo vital, derecho a ocupar y empadronarse sin papeles",0,0.04019928315412186
https://maldita.es/malditobulo/20200827/no-no-es-cierto-que-solo-una-de-cada-5000-viviendas-okupadas-en-2017-eran-de-pequenos-propietarios-fueron-el-158-en-la-comunidad-de-madrid/,los okupas pueden empadronarse en la vivienda en la que residan,Solo una de cada 5000 viviendas okupadas en 2017 pertenecieron a pequeños propietarios.,0,0.07297143571670249
https://chequeado.com/ultimas-noticias/cobos-usaria-las-reservas-para-hacer-viviendas/,los okupas pueden empadronarse en la vivienda en la que residan,Usaría las reservas para hacer viviendas,0,0.0003438904220536975
https://chequeado.com/ultimas-noticias/taiana-desde-2010-el-instituto-de-la-vivienda-no-ha-construido-ni-una-sola-vivienda/,los okupas pueden empadronarse en la vivienda en la que residan,"Desde 2010, el Instituto de la Vivienda no ha construido ni una sola vivienda",0,0.0
https://www.newtral.es/bono-social-cortar-luz-okupas-pensionistas/20200117/,los okupas pueden empadronarse en la vivienda en la que residan,A un pensionista le pueden “cortar la luz por no abonar 10 euros” mientras que a un okupa no,0,0.06333333333333334
https://www.verificat.cat/fact-check/empadronar-estrangers-amb-visat-de-turista-no-va-contra-la-normativa-de-lajuntament-de-barcelona,los okupas pueden empadronarse en la vivienda en la que residan,L'Ajuntament de Barcelona empadrona immigrants que vénen a la capital catalana amb visat de turista només vàlid durant 3 mesos,0,0.020108187853454636
https://factual.afp.com/doc.afp.com.32AL7MP,los okupas pueden empadronarse en la vivienda en la que residan,"Wado de Pedro: ""Debemos ser Solidarios con los que menos tienen; estamos estudiando a los propietarios de + de 1 vivienda: no puede ser que haya gente sin techo""",0,0.013333333333333334
https://www.verificat.cat/fact-check/empadronar-a-extranjeros-con-visado-de-turista-no-va-en-contra-de-la-normativa-del-ayuntamiento-de-barcelona,los okupas pueden empadronarse en la vivienda en la que residan,El Ayuntamiento de Barcelona empadrona inmigrantes que vienen a la capital catalana con visado de turista solo válido por 3 meses,0,0.06
https://www.verificat.cat/es/fact-check/empadronar-a-extranjeros-con-visado-de-turista-no-va-en-contra-de-la-normativa-del-ayuntamiento-de-barcelona,los okupas pueden empadronarse en la vivienda en la que residan,El Ayuntamiento de Barcelona empadrona inmigrantes que vienen a la capital catalana con visado de turista solo válido por 3 meses,0,0.11333333333333333
https://factual.afp.com/los-beneficiarios-de-las-subvenciones-otorgadas-en-la-region-espanola-de-aragon-deben-ser-residentes,los okupas pueden empadronarse en la vivienda en la que residan,La región española de Aragón aprueba por ley una paga de 522 euros al mes para inmigrantes que se empadronen,0,0.010231952052786339
https://colombiacheck.com/chequeos/petro-no-dijo-que-viviendas-de-mas-de-65-metros-cuadrados-seran-compartidas-con-otras,los okupas pueden empadronarse en la vivienda en la que residan,Petro dijo que las viviendas de más de 65 m2 serán compartidas,0,0.0033333333333333335
https://chequeado.com/ultimas-noticias/chequeoenvivo-debate-porteno-sobre-vivienda/,los okupas pueden empadronarse en la vivienda en la que residan,debate porteño sobre vivienda,0,0.01
https://www.newtral.es/el-psoe-no-ha-hecho-trampas-con-el-censo-electoral-en-huelva-dando-de-alta-a-extranjeros-no-empadronados/20191112/,los okupas pueden empadronarse en la vivienda en la que residan,El PSOE ha hecho trampas con el censo electoral en Huelva «dando de alta a extranjeros no empadronados»,0,0.00019822951054953485
https://chequeado.com/ultimas-noticias/cristina-fernandez-somos-el-gobierno-que-mas-viviendas-construyo-en-la-historia-de-la-argentina/,los okupas pueden empadronarse en la vivienda en la que residan,Somos el Gobierno que más viviendas construyó en la historia de la Argentina,0,0.0
https://www.newtral.es/el-ayuntamiento-de-madrid-no-ha-puesto-como-requisito-estar-empadronado-en-la-capital-para-acceder-al-pabellon-de-ifema-para-personas-sin-hogar/20200420/,los okupas pueden empadronarse en la vivienda en la que residan,El Ayuntamiento de Madrid pone como requisito estar empadronado en la capital para acceder al pabellón de IFEMA para personas sin hogar,0,0.006792297394707034
https://www.newtral.es/martinez-almeida-carmena-prometio-4-500-viviendas-y-no-ha-entregado-mas-que-65/20190509/,los okupas pueden empadronarse en la vivienda en la que residan,Carmena prometió 4.500 viviendas y no ha entregado más que 65,0,0.05456140350877193
https://www.newtral.es/el-falso-cartel-sobre-ayudas-a-la-vivienda-de-la-comunidad-de-madrid/20190313/,los okupas pueden empadronarse en la vivienda en la que residan,El cartel sobre ayudas a la vivienda de la Comunidad de Madrid,0,0.006666666666666667
https://www.newtral.es/jose-luis-abalos-la-vivienda-social-representa-apenas-un-25-del-parque-en-nuestro-pais/20181122/,los okupas pueden empadronarse en la vivienda en la que residan,"La vivienda social representa apenas un 2,5% del parque en nuestro país",0,0.0
https://maldita.es/malditobulo/20220119/fotografia-santiago-abascal-motero-parches-nazis/,santiago abascal foto con un hombre con simbolos nazis,Santiago Abascal con un motero con parches nazis,1,0.84
https://factual.afp.com/doc.afp.com.9WL8NC,santiago abascal foto con un hombre con simbolos nazis,Santiago Abascal posó junto a un hombre que luce emblemas nazis en una concentración motera en Valladolid,1,0.94
https://maldita.es/malditobulo/20210628/foto-santiago-abascal-vox-cuernos-caza/,santiago abascal foto con un hombre con simbolos nazis,Foto de Santiago Abascal con unos cuernos sobre la cabeza,0,0.05
https://maldita.es/malditobulo/20220525/santiago-abascal-vox-botella-vino-franco/,santiago abascal foto con un hombre con simbolos nazis,Santiago Abascal con una botella de vino con la cara de Franco,0,0.016666666666666666
https://maldita.es/malditobulo/20220520/santiago-abascal-vox-botella-vino-franco/,santiago abascal foto con un hombre con simbolos nazis,Santiago Abascal con una botella de vino con la cara de Franco,0,0.03
https://maldita.es/malditobulo/20211126/santiago-abascal-apollo-israel-montaje-tuit-falso/,santiago abascal foto con un hombre con simbolos nazis,"Tuit de Santiago Abascal: ""mi apollo a Israel""",0,6.802721088435374e-05
https://factual.afp.com/la-casa-de-la-fotografia-es-del-futbolista-messi-no-del-lider-de-vox-santiago-abascal,santiago abascal foto con un hombre con simbolos nazis,"Ese es el casoplón de Santiago Abascal, de 1,3M de euros",0,0.0041567692587575
https://www.newtral.es/santiago-abascal-joven-foto-bulo/20220617/,santiago abascal foto con un hombre con simbolos nazis,Esta foto muestra a Santiago Abascal cuando era joven y Vox no quiere que se publique,0,0.02016120347311032
https://factual.afp.com/doc.afp.com.328Z2XL,santiago abascal foto con un hombre con simbolos nazis,Santiago Abascal compra coto de caza por 5 billones de euros,0,0.00020235025390779072
https://www.newtral.es/bulo-santiago-abascal-curriculum-pablo-casado-cotizado-casoplones/20210409/,santiago abascal foto con un hombre con simbolos nazis,Santiago Abascal y Pablo Casado tienen cero días cotizados,0,0.0033333333333333335
https://maldita.es/malditobulo/20200421/santiago-abascal-trabajando-ordenador-apagado-apple-macbook/,santiago abascal foto con un hombre con simbolos nazis,"Santiago Abascal hace como que trabaja, pero tiene el ordenador apagado",0,0.003401360544217687
https://maldita.es/malditobulo/20220120/santiago-abascal-inversion-bitcoin-prime/,santiago abascal foto con un hombre con simbolos nazis,Santiago Abascal anuncia su inversión en Bticoin Prime,0,2.150537634408602e-05
https://maldita.es/timo/20220728/santiago-abascal-inversion-bitcoin-prime/,santiago abascal foto con un hombre con simbolos nazis,Santiago Abascal anuncia su inversión en Bticoin Prime,0,0.015202047481356784
https://maldita.es/timo/bulo/20220728/santiago-abascal-inversion-bitcoin-prime/,santiago abascal foto con un hombre con simbolos nazis,Santiago Abascal anuncia su inversión en Bticoin Prime,0,0.014263574564207477
https://maldita.es/timo/bulo/20220120/santiago-abascal-inversion-bitcoin-prime/,santiago abascal foto con un hombre con simbolos nazis,Santiago Abascal anuncia su inversión en Bticoin Prime,0,0.0035851266852321754
https://maldita.es/timo/20220120/santiago-abascal-inversion-bitcoin-prime/,santiago abascal foto con un hombre con simbolos nazis,Santiago Abascal anuncia su inversión en Bticoin Prime,0,0.0036767017768072684
https://www.newtral.es/el-tuit-falso-de-santiago-abascal-que-le-pide-a-franco-que-vuelva-como-hannah-montana/20190412/,santiago abascal foto con un hombre con simbolos nazis,El tuit de Santiago Abascal que le pide a Franco que vuelva como Hannah Montana,0,0.006774854520121301
https://maldita.es/malditobulo/20201109/tuit-santiago-abascal-stop-the-cunt-paren-el-cono-gilipollas-elecciones-eeuu/,santiago abascal foto con un hombre con simbolos nazis,Tuit de Santiago Abascal que dice Stop the cunt! (paren el coño o paren al gilipollas).,0,0.00010818785345463486
https://www.newtral.es/abascal-botella-franco-olona/20220520/,santiago abascal foto con un hombre con simbolos nazis,Santiago Abascal y Macarena Olona bebiendo vino de una botella con la cara de Franco,0,0.176734693877551
https://www.verificat.cat/fact-check/las-imagenes-virales-de-santiago-abascal-de-joven-con-el-pelo-y-las-cejas-manipuladas,santiago abascal foto con un hombre con simbolos nazis,"Imágenes de Santiago Abascal de joven con las cejas, el rostro y el pelo manipulados",0,0.009536170299709401
https://fatabyyano.net/%d9%84%d9%85-%d8%aa%d9%8f%d8%b9%d9%84%d9%86-%d9%83%d9%88%d8%b1%d9%8a%d8%a7-%d8%a7%d9%84%d8%b4%d9%85%d8%a7%d9%84%d9%8a%d8%a9-%d8%af%d8%ae%d9%88%d9%84%d9%87%d8%a7-%d8%a7%d9%84%d8%ad%d8%b1%d8%a8-%d8%a7/,,خبر يزعم أن رئيس كوريا الشمالية وصل إلى موسكو وأعلن رسميا دخول بلاده الحرب إلى جانب روسيا، كما أعلن أن قواته أطلقت صاروخا نوويا باتجاه أوكرانيا،,0,0.5766666666666667
https://www.factcheck.org/es/2021/04/scicheck-ceo-de-pfizer-si-se-vacuno-aunque-un-video-diga-lo-contrario/,El CEO de Pfizer no se ha vacunado contra la Covid,El presidente y director ejecutivo de Pfizer “rehúsa” vacunarse contra el COVID-19.,0,0.24666666666666667
https://fullfact.org/health/Chris-Preddie-Pfizer-CEO-Covid-vaccine/,El CEO de Pfizer no se ha vacunado contra la Covid,Pfizer CEO Albert Bourla said he doesn’t need the vaccine because he’s healthy.,0,0.25333333333333335
https://colombiacheck.com/chequeos/ceo-de-pfizer-no-se-nego-aplicarse-su-propia-vacuna-dijo-que-lo-haria-cuando-fuera-su,El CEO de Pfizer no se ha vacunado contra la Covid,"Albert Bourla, CEO de Pfizer, no quiso aplicarse su propia vacuna",0,0.8733333333333333
https://piaui.folha.uol.com.br/lupa/2021/02/04/verificamos-ceo-pfizer-vacina/,El CEO de Pfizer no se ha vacunado contra la Covid,CEO da Pfizer diz que não tomará a própria vacina,0,0.8266666666666667
https://lupa.uol.com.br/jornalismo/2021/02/04/verificamos-ceo-pfizer-vacina,El CEO de Pfizer no se ha vacunado contra la Covid,CEO da Pfizer diz que não tomará a própria vacina,0,0.7333333333333333
https://fullfact.org/online/pfizer-ceo-didnt-say-he-doesnt-need-to-be-vaccinated-because-hes-healthy/,El CEO de Pfizer no se ha vacunado contra la Covid,The CEO of Pfizer said he doesn’t need to get vaccinated for Covid-19 because he’s healthy.,0,0.8366666666666667
https://www.aosfatos.org/noticias/nao-e-verdade-que-ceo-da-pfizer-nao-quer-ser-vacinado-contra-covid-19/,El CEO de Pfizer no se ha vacunado contra la Covid,"CEO da Pfizer, Albert Bourla não quer ser vacinado contra Covid-19",0,0.35333333333333333
https://www.usatoday.com/story/news/factcheck/2021/08/09/fact-check-pfizer-ceo-vaccinated-israel-trip-canceled-march/5524692001/,El CEO de Pfizer no se ha vacunado contra la Covid,"Pfizer CEO canceled a trip because he ""hasn't been fully vaccinated""",0,0.8266666666666667
https://efectococuyo.com/cocuyo-chequea/mentira-viruela-del-mono-y-herpes-zoster/,La viruela de mono y el herpes zóster son la misma enfermedad,La viruela del mono y el herpes zoster son lo mismo y son consecuencia de las vacunas,1,0.9633333333333334
https://factual.afp.com/en-la-foto-original-la-nina-que-aparece-junto-los-reyes-lleva-la-actual-bandera-de-espana,la bandera republicana de la niña que saluda a los reyes,Una niña se acerca a los reyes de España con una bandera republicana,1,0.9066666666666666
https://maldita.es/malditobulo/20210830/nina-bandera-republicana-reyes/,la bandera republicana de la niña que saluda a los reyes,Una niña con la bandera republicana junto a los reyes Felipe VI y Letizia,1,0.86
https://maldita.es/malditobulo/20200814/nina-princesa-leonor-chapa-bandera-republicana/,la bandera republicana de la niña que saluda a los reyes,Niña con una chapa de la bandera republicana mira a Leonor,1,0.7666666666666667
https://maldita.es/malditobulo/20200803/reyes-recibidos-bandera-republicana/,la bandera republicana de la niña que saluda a los reyes,Los reyes junto a miembros de la Conferencia Episcopal vestidos con los colores de la bandera republicana,0,0.05416666666666667
https://www.newtral.es/reina-princesa-infanta-vestidas-bandera-republicana/20211103/,la bandera republicana de la niña que saluda a los reyes,[Imagen de la reina Letizia y sus hijas Leonor y Sofía vestidas con los colores de la bandera republicana],0,0.15666666666666668
https://maldita.es/malditobulo/20220623/foto-personas-sujetando-bandera-republicana-escudo-aguila-franquista/,la bandera republicana de la niña que saluda a los reyes,Fotografía de dos personas sujetando una bandera con los colores de la bandera republicana y con el escudo del águila de la bandera franquista.,0,0.04170682730923695
https://maldita.es/malditobulo/20220512/foto-personas-sujetando-bandera-republicana-escudo-aguila-franquista/,la bandera republicana de la niña que saluda a los reyes,Fotografía de dos personas sujetando una bandera con los colores de la bandera republicana y con el escudo del águila de la bandera franquista.,0,0.00010818785345463486
https://maldita.es/malditobulo/20210602/foto-personas-sujetando-bandera-republicana-escudo-aguila-franquista/,la bandera republicana de la niña que saluda a los reyes,Fotografía de dos personas sujetando una bandera con los colores de la bandera republicana y con el escudo del águila de la bandera franquista.,0,0.010108187853454634
https://factual.afp.com/http%253A%252F%252Fdoc.afp.com%252F9R22M8-1,la bandera republicana de la niña que saluda a los reyes,La reina y las princesas de España formaron la bandera republicana con los colores de sus vestidos,0,0.06666666666666667
https://factual.afp.com/la-supuesta-imagen-del-grupo-antifa-fue-tomada-en-una-manifestacion-de-ultraderecha-y-luego-editada,la bandera republicana de la niña que saluda a los reyes,La imagen muestra una bandera Antifa que tiene similtudes con la bandera nazi,0,0.00013432304302343697
https://observador.pt/factchecks/fact-check-a-nova-zelandia-aprovou-a-eutanasia-para-doentes-com-covid-19/,The Obama Foundation stored classified documents in an abandoned furniture warehouse.,"“Nova Zelândia: já não bastando a aplicação das medidas ditatoriais impostas pelo governo para combater a Covid, agora o mesmo governo cria a “Lei da Eutanásia”, que dá autoridade aos médicos para que apliquem injeção letal em pacientes com Covid (se assim for a vontade do paciente).""",1,0.6533333333333333
https://checamos.afp.com/doc.afp.com.328Z9LN,video cocaina mesa presidente zelenski,"Este vídeo mostra cocaína na mesa do presidente da Ucrânia, Volodimir Zelensky",1,0.8966666666666666
https://maldita.es/malditobulo/20220426/video-zelenski-cocaina-mesa/,video cocaina mesa presidente zelenski,Zelenski aparece con cocaína en su mesa,1,0.93
https://www.aosfatos.org/noticias/montagem-video-cocaina-presidente-ucrania/,video cocaina mesa presidente zelenski,Vídeo mostra cocaína em cima da mesa de Volodimir Zelenski,1,0.9766666666666667
https://dpa-factchecking.com/netherlands/220426-99-52418/,video cocaina mesa presidente zelenski,Op deze video is cocaïne te zien op het bureau van president Zelensky.,1,0.9133333333333333
https://www.politifact.com/factchecks/2022/apr/26/facebook-posts/viral-videos-falsely-claiming-ukraines-zelenskyy-u/,video cocaina mesa presidente zelenski,"Videos show that Ukraine President Volodymyr Zelenskyy uses cocaine.
",1,0.7966666666666666
https://www.newtral.es/zelenski-drogado-mesa-cocaina/20220505/,video cocaina mesa presidente zelenski,Zelenski bajo el efecto de drogas muestra en un vídeo rayas de cocaína en su mesa. El vídeo fue borrado.,1,0.8733333333333333
https://factual.afp.com/doc.afp.com.32D46TT,video cocaina mesa presidente zelenski,Este video muestra al presidente de Ucrania Volodimir Zeleneski inhalando cocaína,1,0.9633333333333334
https://maldita.es/malditobulo/20220421/zelenski-ucrania-droga-cocaina/,video cocaina mesa presidente zelenski,Zelenski afirma que consume cocaína,1,0.8733333333333333
https://checamos.afp.com/doc.afp.com.328T7PH,video cocaina mesa presidente zelenski,"O presidente da Ucrânia, Volodimir Zelensky, reconhece nessa entrevista que usa cocaína",1,0.9366666666666666
https://verifica.efe.com/ningun-video-prueba-zelenski-consuma-cocaina/,video cocaina mesa presidente zelenski,"Varios vídeos difundidos en internet prueban que el presidente de Ucrania, Volodímir Zelenski, es adicto a la cocaína o a otras sustancias estupefacientes.",1,0.8
https://facta.news/immagine-modificata/2022/04/26/il-video-di-zelensky-con-la-cocaina-sulla-scrivania-e-un-falso/,video cocaina mesa presidente zelenski,Zelensky fa uso di cocaina,1,0.94
https://www.newtral.es/zelenski-cocaina/20220426/,video cocaina mesa presidente zelenski,Zelenski admite en este vídeo que consume cocaína y que se siente muy bien después de hacerlo,1,0.9433333333333334
https://www.bufale.net/zelensky-e-la-cocaina-un-video-fake-facilmente-riconoscibile/,video cocaina mesa presidente zelenski,Cocaina sul tavolo di Zelensky durante la videochiamata con Elon Musk.,1,0.9333333333333333
https://www.newtral.es/zelenski-cantando-esposa-ucrania/20220315/,video cocaina mesa presidente zelenski,El presidente Volodímir Zelenski y su mujer Olena Zelenska cantando ‘Endless Love’.,0,0.031229663184877302
https://poligrafo.sapo.pt/fact-check/deparou-com-video-que-revela-po-branco-na-secretaria-de-zelensky-sao-imagens-adulteradas-nao-acredite-na-patranha,video cocaina mesa presidente zelenski,Vídeo que mostra pó branco (cocaína) na secretária de Volodymyr Zelensky.,1,0.9633333333333334
https://factual.afp.com/doc.afp.com.324Y2XX,video cocaina mesa presidente zelenski,El presidente Zelenski utilizó en su campaña un video en el que dispara contra políticos,0,0.09022534582775546
https://factual.afp.com/doc.afp.com.324Y8LA,video cocaina mesa presidente zelenski,"Este video muestra al presidente de Ucrania, Volodimir Zelenski, y su esposa cantando",0,0.3718518518518519
https://factuel.afp.com/doc.afp.com.328Y736,video cocaina mesa presidente zelenski,Une vidéo montre Zelensky avec de la cocaine sur son bureau,1,0.9733333333333334
http://checkyourfact.com/2022/04/26/fact-check-zelenskyy-desk-cocaine-video/,video cocaina mesa presidente zelenski,claims to show cocaine on Ukrainian President Volodymyr Zelenskyy’s desk as he conducts a virtual meeting.,1,0.9333333333333333
https://annielab.org/2022/04/26/false-zelenskyy-did-not-say-he-uses-cocaine-in-this-interview/,video cocaina mesa presidente zelenski,Ukrainian President Volodymyr Zelenskyy admitted to using cocaine in this interview.,1,0.7477957459207459
https://factual.afp.com/doc.afp.com.323X89E,video cocaina mesa presidente zelenski,Presidente Zelenski se viste de militar y se alista para luchar contra Rusia,0,0.0781975547561272
https://maldita.es/malditobulo/20220810/feijoo-borracho-fiesta-albarino-ralentizado/,video feijoo borracho,Feijóo borracho en la fiesta del albariño,1,0.8433333333333334
https://maldita.es/malditobulo/20220823/feijoo-borracho-fiesta-albarino-ralentizado/,video feijoo borracho,Feijóo borracho en la fiesta del albariño,1,0.83
https://factual.afp.com/doc.afp.com.32GD66U,video feijoo borracho,Alberto Núñez Feijóo está borracho en la Fiesta del Albariño,1,0.2833333333333333
https://factual.afp.com/el-video-que-muestra-amlo-supuestamente-borracho-fue-editado-en-el-original-habla-con-normalidad,video feijoo borracho,Este video muestra a AMLO borracho,0,0.03666666666666667
https://factual.afp.com/doc.afp.com.327D7YZ,video feijoo borracho,Video muestra a Alberto Fernández borracho o drogado,0,0.00738001892093816
https://factual.afp.com/http%253A%252F%252Fdoc.afp.com%252F9PM696-1,video feijoo borracho,Este video muestra a Felipe Calderón hablando borracho,0,0.023467656376356772
https://colombiacheck.com/chequeos/los-detalles-que-muestran-la-manipulacion-del-video-de-petro-supuestamente-borracho-en,video feijoo borracho,Video de Petro hablando borracho en Nueva York,0,0.007273280859400608
https://factual.afp.com/el-video-en-el-que-el-espanol-albert-rivera-parece-hablar-ebrio-fue-manipulado,video feijoo borracho,Albert Rivera habla ebrio raro borracho drogado en vídeo sobre Cataluña,0,0.010315366725196468
https://maldita.es/malditobulo/20220921/petro-borracho-presidente-colombia-ralentizado/,video feijoo borracho,Gustavo Petro da un discurso borracho en Nueva York,0,0.00673469387755102
https://factual.afp.com/http%253A%252F%252Fdoc.afp.com%252F9NX62Y-1,video feijoo borracho,"López Obrador habla ""borracho"" en la ""mañanera"" del 17 de septiembre",0,0.03698924731182796
https://www.univision.com/noticias/esta-foto-no-muestra-al-presidente-obama-besando-a-nancy-pelosi-borracha,video feijoo borracho,"Obama besa a Pelosi ""borracha"" en una foto",0,0.006925997326183459
https://www.newtral.es/video-feijoo/20220812/,video feijoo borracho,Este vídeo muestra a Núñez Feijóo hablando en estado ebrio en la Fiesta del Albariño.,1,0.6296587315153356
https://factual.afp.com/doc.afp.com.32JT3GT,video feijoo borracho,Gustavo Petro dio un discurso borracho durante su visita a Nueva York para la Asamblea de General de la ONU,0,0.0
https://www.boatos.org/mundo/pneu-nao-fura-vendido-japao-fim-borracheiros.html,video feijoo borracho,"ADEUS BORRACHEIRO. Outra profissão acabando, olha o fim dos borracheiros sendo anunciado. Pneu no Japão já é vendido com esta tecnologia, sem custo adicional.",0,0.04713466604679994
https://info-veritas.com/desinformacion-foto-feijoo-arnaldo-otegi/,video feijoo borracho,Feijóo dando la mano a Arnaldo Otegi,0,0.011068781191980036
https://www.newtral.es/feijoo-otegi-mano-fotomontaje/20220720/,video feijoo borracho,Esta foto muestra a Feijóo y Otegi dándose la mano.,0,0.0066992399565689465
https://factual.afp.com/doc.afp.com.32HK22D,más de 100 países rechazaron en la ONU una resolución contra la guerra en Ucrania,En agosto de 2022 54 países votaron a favor de una resolución contra la guerra en Ucrania y 139 la rechazaron,1,0.99
https://factuel.afp.com/doc.afp.com.32HA8KD,más de 100 países rechazaron en la ONU una resolución contra la guerra en Ucrania,139 pays ont voté contre une résolution de l'Assemblée générale de l'Onu demandant à la Russie de se retirer d'Ukraine,1,0.9466666666666667
https://www.usatoday.com/story/news/factcheck/2022/08/31/fact-check-false-claim-nato-sent-10-000-troops-ukraine/7932368001/,más de 100 países rechazaron en la ONU una resolución contra la guerra en Ucrania,"NATO sent 10,000 troops to Ukraine",0,0.05111068056264224
https://www.rappler.com/newsbreak/fact-check/north-atlantic-treaty-organization-did-not-send-troops-ukraine/,más de 100 países rechazaron en la ONU una resolución contra la guerra en Ucrania,"The North Atlantic Treaty Organization (NATO) deployed 10,000 troops in Ukraine.",0,0.03666666666666667
http://checkyourfact.com/2022/09/08/fact-check-russia-withdrawl-ukraine-september-2022/,más de 100 países rechazaron en la ONU una resolución contra la guerra en Ucrania,"Ukraine has succeeded, Russian troops are withdrawing from Ukraine",0,0.0066992399565689465
https://www.rappler.com/newsbreak/fact-check/north-korea-not-sending-soldiers-aid-russia-august-2022/,más de 100 países rechazaron en la ONU una resolución contra la guerra en Ucrania,"North Korea is sending 100,000 soldiers to aid Russia to 'occupy' Ukraine.",0,0.005869590415891715
https://factual.afp.com/doc.afp.com.326B63M,más de 100 países rechazaron en la ONU una resolución contra la guerra en Ucrania,Ucrania siempre votó en la ONU en contra de Argentina en el reclamo por Malvinas,0,0.043666666666666666
https://factual.afp.com/doc.afp.com.324Y4CH,más de 100 países rechazaron en la ONU una resolución contra la guerra en Ucrania,China anunció apoyo a Rusia si EEUU y la OTAN intervienen en Ucrania,0,0.006688172043010752
https://factual.afp.com/doc.afp.com.32EG97Z,más de 100 países rechazaron en la ONU una resolución contra la guerra en Ucrania,Manifestación contra la cumbre de la OTAN y contra la guerra en Ucrania,0,0.0200132802124834
https://factual.afp.com/doc.afp.com.32668J8,más de 100 países rechazaron en la ONU una resolución contra la guerra en Ucrania,"Ucrania no inscribió sus fronteras en la ONU cuando la URSS se disolvió, por lo que Rusia está legitimado para anexionarla",0,0.06368080808080807
https://www.newsweek.com/fact-check-north-korea-sending-100k-soldiers-fight-against-ukraine-1731723,más de 100 países rechazaron en la ONU una resolución contra la guerra en Ucrania,North Korea Promised Russia 100K Volunteers for Ukraine War,0,0.01
https://factual.afp.com/doc.afp.com.326W4GV,más de 100 países rechazaron en la ONU una resolución contra la guerra en Ucrania,Eslovaquia rechazó a la OTAN,0,0.10346324786324786
https://www.polygraph.info/a/russia-ukraine-security-council-support-churkin/28336505.html,más de 100 países rechazaron en la ONU una resolución contra la guerra en Ucrania,"""I think it's very interesting to note. Even though the Ukrainians convened that meeting [at the UNSC] on the 2nd of February, actually, they didn't get that much support. The only support they received was from UK and from the US.""",0,0.09414141414141414
https://checamos.afp.com/doc.afp.com.326N7FK,más de 100 países rechazaron en la ONU una resolución contra la guerra en Ucrania,China vai apoiar a Rússia se a OTAN intervir no conflito com a Ucrânia,0,0.007058498870818894
https://www.snopes.com/fact-check/ukrainian-ambassador-war-criminals/,más de 100 países rechazaron en la ONU una resolución contra la guerra en Ucrania,"Ukrainian ambassador to the United Nations Sergiy Kyslytsya said war criminals go ""straight to hell"" when confronting his Russian counterpart.",0,0.010668560022903938
https://www.stopfake.org/ru/fejk-putina-vojna-v-ukraine-sootvetstvuet-ustavu-oon/,más de 100 países rechazaron en la ONU una resolución contra la guerra en Ucrania,Война в Украине «соответствует» Уставу ООН,0,0.0033659066232356134
https://www.stopfake.org/ru/fejk-mnogie-strany-uzhe-otdali-ukrainy-vse-imeyushheesya-oruzhie-postpred-ssha-pri-nato/,más de 100 países rechazaron en la ONU una resolución contra la guerra en Ucrania,Многие страны уже отдали Украины все имеющееся оружие - постпред США при НАТО,0,0.006857970115299105
https://factual.afp.com/doc.afp.com.32GX6YG,la agenda 2030 quiere destruir la soberania de las naciones,La Agenda 2030 de la ONU busca destruir la soberanía de las naciones,1,0.9733333333333334
https://factual.afp.com/un-video-sobre-despoblacion-atribuido-la-onu-es-en-realidad-la-publicidad-de-un-libro-de-ficcion,la agenda 2030 quiere destruir la soberania de las naciones,Video de ONU Naciones Unidas sobre Agenda 21 o Agenda 2030 impulsa muerte o eutanasia de ancianos,0,0.09
https://factual.afp.com/doc.afp.com.32HY6ME,la agenda 2030 quiere destruir la soberania de las naciones,"Agenda 2030 de la ONU busca impulsar el aborto, destruir familias, instalar un gobierno único y más",1,0.83
https://factual.afp.com/doc.afp.com.32C28EY,la agenda 2030 quiere destruir la soberania de las naciones,Perú firmó un tratado con la OMS que le entrega la soberanía del país,0,0.013333333333333334
https://factual.afp.com/doc.afp.com.32B84GE,la agenda 2030 quiere destruir la soberania de las naciones,Gobierno argentino cedió toda su soberanía a la OMS,0,0.023609729830564117
https://colombiacheck.com/chequeos/lafaurie-mezcla-fotos-de-tornado-de-2019-en-cuba-con-otras-de-deterioro-de-la-habana,la agenda 2030 quiere destruir la soberania de las naciones,El socialismo nos quiere llevar a la destrucción como a Cuba,0,0.03345437616387337
https://colombiacheck.com/chequeos/seguridad-y-soberania-no-son-temas-exclusivos-del-gobierno-nacional-como-dijo-john-milton,la agenda 2030 quiere destruir la soberania de las naciones,Seguridad y soberanía son temas exclusivos del gobierno,0,0.00357959474562413
https://colombiacheck.com/index.php/chequeos/seguridad-y-soberania-no-son-temas-exclusivos-del-gobierno-nacional-como-dijo-john-milton,la agenda 2030 quiere destruir la soberania de las naciones,Seguridad y soberanía son temas exclusivos del gobierno,0,0.016949558115587498
https://factual.afp.com/http%253A%252F%252Fdoc.afp.com%252F9R268E-1,la agenda 2030 quiere destruir la soberania de las naciones,Acuerdo entre Aerolíneas Argentinas y Aeroflot cede la soberanía,0,0.010412100820801214
https://factual.afp.com/http%253A%252F%252Fdoc.afp.com%252F9Q949X-1,la agenda 2030 quiere destruir la soberania de las naciones,Gobierno de Honduras declara “soberanía total” sobre el Golfo de Fonseca,0,0.006666666666666667
https://poligrafo.sapo.pt/fact-check/nao-a-ue-nao-transferiu-para-a-oms-a-sua-soberania-sanitaria-atraves-de-um-tratado,la agenda 2030 quiere destruir la soberania de las naciones,A União Europeia vai abdicar da sua soberania sanitária para a OMS,0,0.11103664853664853
https://www.verificat.cat/fact-check/los-miembros-del-comite-de-derechos-humanos-actuan-a-titulo-personal-para-garantizar-su-independencia-pero-su-creacion-fue-adoptada-por-la-asamblea-general-de-la-onu,la agenda 2030 quiere destruir la soberania de las naciones,"Aquí no estamos hablando de Naciones Unidas, no se trata de la ONU, es un comité que en ningún caso habla en nombre de Naciones Unidas",0,0.013467656376356772
https://www.newtral.es/lorena-roldan-naciones-unidas-factcheck/20220914/,la agenda 2030 quiere destruir la soberania de las naciones,"""Aquí no estamos hablando de Naciones Unidas, no se trata de la ONU, es un comité que en ningún caso habla en nombre de Naciones Unidas""",0,0.003467656376356771
https://www.faktisk.no/artikler/z4x92/nei-dette-dokumentet-beskriver-ikke-fns-agenda-21-eller-agenda-2030,la agenda 2030 quiere destruir la soberania de las naciones,[Dette dokumentet beskriver] FNs Agenda 21 og Agenda 2030,0,0.039403977395929234
https://factual.afp.com/doc.afp.com.32BU8JM,la agenda 2030 quiere destruir la soberania de las naciones,Asesora Irene Montero quiere dar nacionalidad a todos los inmigrantes,0,0.0038931882912503876
https://factcheck.afp.com/hoax-circulates-about-united-nations-mission-goals,la agenda 2030 quiere destruir la soberania de las naciones,A list of mission goals for UN Agenda 21/2030,0,0.03922613703867881
https://checamos.afp.com/doc.afp.com.32BB4R8,la agenda 2030 quiere destruir la soberania de las naciones,O Tratado de Pandemias da OMS propõe acabar com a soberania dos países,0,0.2633333333333333
https://factual.afp.com/doc.afp.com.32FK22N,Anses va a pagar a colectivo LGBTIQ+ por su orientación sexual,ANSES pagará a intengrantes del LGBTIQ,0,0.29
https://observador.pt/factchecks/fact-check-banco-do-vaticano-e-acionista-da-empresa-de-armas-beretta/,PP Y CS NO HAN APOYADO AMPLIAR UNA PAGA PARA LOS MENAS EN CATALUÑA,"Banco do Vaticano sob o comando do Papa Francisco é o maior acionista da maior indústria de armamento do mundo cujo nome é ""Pietro Beretta"". O Papa Francisco com a cara de pau vem pedindo paz no mundo sendo que o Vaticano vende ""armas"" às Nações!",1,0.656699239956569
https://observador.pt/factchecks/fact-check-diesel-estava-quase-40-centimos-mais-barato-em-espanha-quando-em-portugal-estava-acima-de-dois-euros/,igualdad tiene más presupuesto que sanidad y educación,"""Preços Diesel atual. Espanha: 1,65€/l. Portugal: 2,03 €/l. A culpa é do Putin.""",1,0.633715519972849
https://www.newtral.es/deposito-gasolina-impuestos-cuca-gamarra-factcheck/20220310/,el 50% del deposito de cualquier vehiculo son impuestos,"“Hoy, el 50% del depósito de cualquier vehículo son impuestos”",1,0.9166666666666666
https://www.telemundo.com/noticias/noticias-telemundo/elecciones-eeuu-2020/si-biden-propone-un-40-de-impuestos-las-ganancias-de-las-ventas-de-casas-pero-solo-para-tmna3843463,el 50% del deposito de cualquier vehiculo son impuestos,"""El Impuesto de Ganancias de Capital de Biden significa que cuando usted venda su casa deberá 40% de impuestos de sus ganancias! Deja que eso se asimile""",0,0.0038931882912503876
https://chequeado.com/ultimas-noticias/el-peso-del-estado-impuestos-y-empleo/,el 50% del deposito de cualquier vehiculo son impuestos,impuestos y empleo,0,0.030240177216647027
https://www.newtral.es/impuestos-propios-cataluna-factcheck/20220405/,el 50% del deposito de cualquier vehiculo son impuestos,"""Ayer volví a leer que tenemos 18 o 19 impuestos propios. Es falso, tenemos diez impuestos propios""",0,0.017252847578671945
https://chequeado.com/ultimas-noticias/cfk-impuestos-y-jubilaciones/,el 50% del deposito de cualquier vehiculo son impuestos,impuestos y jubilaciones,0,0.004684621661091468
https://www.univision.com/noticias/kamala-harris-trump-pago-750-en-impuestos,el 50% del deposito de cualquier vehiculo son impuestos,Trump pagó 750 dólares en impuestos,0,0.010097629009762901
https://chequeado.com/ultimas-noticias/anuncios-de-macri-chequeos-sobre-deficit-impuestos-y-comercio-exterior/,el 50% del deposito de cualquier vehiculo son impuestos,"chequeos sobre déficit, impuestos y comercio exterior (I)",0,0.0033333333333333335
https://chequeado.com/ultimas-noticias/macri-a-los-gobernadores-pasamos-de-darle-el-40-de-los-impuestos-nacionales-a-darles-el-50/,el 50% del deposito de cualquier vehiculo son impuestos,"[A los gobernadores] pasamos de darle el 40% de los impuestos nacionales, a darles el 50%",0,0.043475881540217455
https://colombiacheck.com/chequeos/video-racista-contra-indigenas-se-basa-en-desinformacion-sobre-sus-tierras-cultivos-y,el 50% del deposito de cualquier vehiculo son impuestos,"Indígenas ocupan sin impuestos 30% del país, solo cultivan coca, deforestan",0,0.006961320608317814
https://www.verificat.cat/es/fact-check/cataluna-tiene-15-impuestos-propios-y-no-10-como-dice-el-consejero-jaume-giro,el 50% del deposito de cualquier vehiculo son impuestos,Catalunya tiene 10 impuestos propios,0,0.007011501130828082
https://colombiacheck.com/chequeos/meme-compara-mal-y-con-datos-falsos-los-impuestos-pagados-por-bolivar-uribe-duque-cabal-y,el 50% del deposito de cualquier vehiculo son impuestos,Bolívar pagó 1.500.000.000 millones de impuestos y 4 uribistas 37 millones,0,0.0070187274251236696
https://chequeado.com/ultimas-noticias/perfil-en-la-argentina-se-pagan-mas-impuestos-que-en-suiza/,el 50% del deposito de cualquier vehiculo son impuestos,en la Argentina se pagan más impuestos que en Suiza,0,0.000396449618080716
https://www.newtral.es/fact-check-maria-jesus-montero-impuesto-sucesiones-andalucia/20210423/,el 50% del deposito de cualquier vehiculo son impuestos,"“En Andalucía, el impuesto de sucesiones se bajó con un ejecutivo socialista con el acuerdo con Cs. No fue Moreno Bonilla, fue Susana Díaz quien bajó los impuestos”",0,9.762900976290097e-05
https://factual.afp.com/doc.afp.com.32GR9GR,el 50% del deposito de cualquier vehiculo son impuestos,La ley de Biden anti inflación sube impuestos a las clases medias,0,0.0038141873335142845
https://maldita.es/malditobulo/20220309/subida-impuestos-pedro-sanchez-gasolina/,el 50% del deposito de cualquier vehiculo son impuestos,Sánchez anuncia una subida de impuestos a la gasolina y el gas de un 8%,0,0.0
https://factual.afp.com/doc.afp.com.32942X6,el 50% del deposito de cualquier vehiculo son impuestos,"“Mejores salarios, menos impuestos"", dice valla de Gutiérrez",0,0.0
https://factual.afp.com/doc.afp.com.32AZ344,el 50% del deposito de cualquier vehiculo son impuestos,Video muestra el robo de un vehículo en Quito,0,0.0
https://factual.afp.com/http%253A%252F%252Fdoc.afp.com%252F9UD2H3-1,el 50% del deposito de cualquier vehiculo son impuestos,"Si ganas un dólar al año, pagas 60 dólares de impuestos en Ecuador",0,0.00035206075845700495
https://www.newtral.es/subio-impuestos-feijoo-presion-fiscal-factcheck/20221010/,el 50% del deposito de cualquier vehiculo son impuestos,"“Somos el país que más ha incrementado los impuestos en el año 2020, según datos de la OCDE”",0,0.0
https://colombiacheck.com/chequeos/el-trino-de-petro-sobre-las-iglesias-evangelicas-y-los-impuestos-es-un-montaje,el 50% del deposito de cualquier vehiculo son impuestos,Petor dijo que las iglesias deben tener control y pagar impuestos,0,0.006666666666666667
