epoch,steps,Accuracy
0,-1,0.9562171628721541
1,-1,0.9842381786339754
2,-1,0.9877408056042032
3,-1,0.9877408056042032
4,-1,0.989492119089317
5,-1,0.989492119089317
6,-1,0.989492119089317
7,-1,0.989492119089317
8,-1,0.989492119089317
9,-1,0.989492119089317
