,eng,avg
1,0.08831168831168831,0.08831168831168831
3,0.18701298701298702,0.18701298701298702
5,0.24155844155844156,0.24155844155844156
10,0.34285714285714286,0.34285714285714286
