epoch,steps,Accuracy
0,-1,0.9766467065868264
1,-1,0.9808383233532935
2,-1,0.9832335329341317
3,-1,0.9826347305389221
4,-1,0.9844311377245509
5,-1,0.9850299401197605
6,-1,0.98562874251497
7,-1,0.98562874251497
8,-1,0.98562874251497
9,-1,0.9862275449101796
