epoch,steps,Accuracy
0,-1,0.97344
1,-1,0.97856
2,-1,0.9808
3,-1,0.9808
4,-1,0.9824
5,-1,0.98144
6,-1,0.9824
7,-1,0.9824
8,-1,0.98272
9,-1,0.98272
