,eng,fra,deu,por,spa,tha,msa,ara,avg
1,0.3392330383480826,0.7581699346405228,0.3442622950819672,0.4819277108433735,0.642292490118577,0.5957446808510638,0.5204081632653061,0.5538461538461539,0.5294855583743808
3,0.6076696165191741,0.8888888888888888,0.7049180327868853,0.7469879518072289,0.841897233201581,0.9361702127659575,0.8061224489795918,0.8461538461538461,0.7973510288878941
5,0.7109144542772862,0.934640522875817,0.7704918032786885,0.8132530120481928,0.883399209486166,0.9361702127659575,0.8877551020408163,0.8769230769230769,0.8516934242120002
10,0.8230088495575221,0.9477124183006536,0.8360655737704918,0.8493975903614458,0.9090909090909091,0.9787234042553191,0.9489795918367347,0.8923076923076924,0.8981607536850962
