,fra,spa,eng,por,tha,deu,msa,ara,avg
1,0.4444444444444444,0.41106719367588934,0.13864306784660768,0.3192771084337349,0.5106382978723404,0.19672131147540983,0.35714285714285715,0.49230769230769234,0.358780246649872
3,0.6470588235294118,0.5948616600790514,0.2831858407079646,0.4457831325301205,0.5957446808510638,0.3442622950819672,0.5204081632653061,0.6153846153846154,0.5058361514286875
5,0.6797385620915033,0.6343873517786561,0.3392330383480826,0.5180722891566265,0.7446808510638298,0.4262295081967213,0.5306122448979592,0.6461538461538462,0.5648884614609032
10,0.7058823529411765,0.6877470355731226,0.4306784660766962,0.5963855421686747,0.8297872340425532,0.45901639344262296,0.6326530612244898,0.7076923076923077,0.6312302991452056
