epoch,steps,Accuracy
0,-1,0.9441176470588235
1,-1,0.9735294117647059
2,-1,0.9735294117647059
3,-1,0.9764705882352941
4,-1,0.9764705882352941
5,-1,0.9764705882352941
6,-1,0.9764705882352941
7,-1,0.9764705882352941
8,-1,0.9764705882352941
9,-1,0.9764705882352941
