,eng,avg
1,0.44415584415584414,0.44415584415584414
3,0.6727272727272727,0.6727272727272727
5,0.7220779220779221,0.7220779220779221
10,0.787012987012987,0.787012987012987
