epoch,steps,Accuracy
0,-1,0.9694965086365307
1,-1,0.9794193311282616
2,-1,0.9823594266813671
3,-1,0.9827269386255053
4,-1,0.9830944505696435
5,-1,0.9830944505696435
6,-1,0.9834619625137817
7,-1,0.9834619625137817
8,-1,0.9834619625137817
9,-1,0.9834619625137817
