epoch,steps,Accuracy
0,-1,0.9090909090909091
1,-1,0.9772727272727273
2,-1,0.9863636363636363
3,-1,0.9863636363636363
4,-1,0.990909090909091
5,-1,0.990909090909091
6,-1,0.990909090909091
7,-1,0.990909090909091
8,-1,0.990909090909091
9,-1,0.990909090909091
